{"skeleton":{"hash":"IHMH2K+CTOjyeh6wzAX1x39Nsms","spine":"3.6.37","width":1006,"height":669.95,"images":"./images/"},"bones":[{"name":"root"},{"name":"hip","parent":"root"},{"name":"haoli_zhucetext","parent":"hip","x":26.42,"y":175.47},{"name":"haoli_zhucetextlg","parent":"haoli_zhucetext","x":1.13,"y":2.06,"scaleX":2,"scaleY":2},{"name":"rote","parent":"hip","x":22.84,"y":26.99,"scaleX":1.48},{"name":"xuanzhuan","parent":"rote"},{"name":"haoli_zhucexzg","parent":"xuanzhuan"},{"name":"haoli_zhucexzg2","parent":"xuanzhuan","rotation":-30},{"name":"haoli_zhucexzg3","parent":"xuanzhuan","rotation":-60},{"name":"haoli_zhucexzg4","parent":"xuanzhuan","rotation":-90},{"name":"haoli_zhucexzg10","parent":"xuanzhuan","rotation":90},{"name":"haoli_zhucexzg11","parent":"xuanzhuan","rotation":60},{"name":"haoli_zhucexzg12","parent":"xuanzhuan","rotation":30}],"slots":[{"name":"haoli_zhucexzg","bone":"haoli_zhucexzg","attachment":"haoli_zhucexzg"},{"name":"haoli_zhucexzg3","bone":"haoli_zhucexzg2","attachment":"haoli_zhucexzg"},{"name":"haoli_zhucexzg4","bone":"haoli_zhucexzg3","attachment":"haoli_zhucexzg"},{"name":"haoli_zhucexzg5","bone":"haoli_zhucexzg4","attachment":"haoli_zhucexzg"},{"name":"haoli_zhucexzg11","bone":"haoli_zhucexzg10","attachment":"haoli_zhucexzg"},{"name":"haoli_zhucexzg12","bone":"haoli_zhucexzg11","attachment":"haoli_zhucexzg"},{"name":"haoli_zhucexzg13","bone":"haoli_zhucexzg12","attachment":"haoli_zhucexzg"},{"name":"zsb_bdsjdb","bone":"hip","attachment":"zsb_bdsjdb"},{"name":"zsb_bdsjtextdb","bone":"hip","attachment":"zsb_bdsjtextdb"},{"name":"zsb_bdsjtext","bone":"haoli_zhucetext","attachment":"zsb_bdsjtext"},{"name":"haoli_zhucetextlg","bone":"haoli_zhucetextlg","blend":"additive"}],"skins":{"default":{"haoli_zhucetextlg":{"haoli_zhucetextlg0":{"width":161,"height":45},"haoli_zhucetextlg1":{"width":161,"height":45},"haoli_zhucetextlg2":{"width":161,"height":45},"haoli_zhucetextlg3":{"width":161,"height":45},"haoli_zhucetextlg4":{"width":161,"height":45},"haoli_zhucetextlg5":{"width":161,"height":45},"haoli_zhucetextlg6":{"width":161,"height":45},"haoli_zhucetextlg7":{"width":161,"height":45},"haoli_zhucetextlg8":{"width":161,"height":45},"haoli_zhucetextlg9":{"width":161,"height":45},"haoli_zhucetextlg10":{"width":161,"height":45},"haoli_zhucetextlg11":{"width":161,"height":45},"haoli_zhucetextlg12":{"width":161,"height":45},"haoli_zhucetextlg13":{"width":161,"height":45},"haoli_zhucetextlg14":{"width":161,"height":45},"haoli_zhucetextlg15":{"width":161,"height":45},"haoli_zhucetextlg16":{"width":161,"height":45},"haoli_zhucetextlg17":{"width":161,"height":45},"haoli_zhucetextlg18":{"width":161,"height":45},"haoli_zhucetextlg19":{"width":161,"height":45},"haoli_zhucetextlg20":{"width":161,"height":45},"haoli_zhucetextlg21":{"width":161,"height":45},"haoli_zhucetextlg22":{"width":161,"height":45},"haoli_zhucetextlg23":{"width":161,"height":45},"haoli_zhucetextlg24":{"width":161,"height":45},"haoli_zhucetextlg25":{"width":161,"height":45},"haoli_zhucetextlg26":{"width":161,"height":45},"haoli_zhucetextlg27":{"width":161,"height":45},"haoli_zhucetextlg28":{"width":161,"height":45},"haoli_zhucetextlg29":{"width":161,"height":45},"haoli_zhucetextlg30":{"width":161,"height":45},"haoli_zhucetextlg31":{"width":161,"height":45},"haoli_zhucetextlg32":{"width":161,"height":45},"haoli_zhucetextlg33":{"width":161,"height":45},"haoli_zhucetextlg34":{"width":161,"height":45},"haoli_zhucetextlg35":{"width":161,"height":45},"haoli_zhucetextlg36":{"width":161,"height":45}},"haoli_zhucexzg":{"haoli_zhucexzg":{"x":3.75,"y":166,"width":135,"height":332}},"haoli_zhucexzg11":{"haoli_zhucexzg":{"x":3.75,"y":166,"width":135,"height":332}},"haoli_zhucexzg12":{"haoli_zhucexzg":{"x":3.75,"y":166,"width":135,"height":332}},"haoli_zhucexzg13":{"haoli_zhucexzg":{"x":3.75,"y":166,"width":135,"height":332}},"haoli_zhucexzg3":{"haoli_zhucexzg":{"x":3.75,"y":166,"width":135,"height":332}},"haoli_zhucexzg4":{"haoli_zhucexzg":{"x":3.75,"y":166,"width":135,"height":332}},"haoli_zhucexzg5":{"haoli_zhucexzg":{"x":3.75,"y":166,"width":135,"height":332}},"zsb_bdsjdb":{"zsb_bdsjdb":{"x":25.5,"y":13.04,"scaleX":2,"scaleY":2,"width":503,"height":324}},"zsb_bdsjtext":{"zsb_bdsjtext":{"width":336,"height":97}},"zsb_bdsjtextdb":{"zsb_bdsjtextdb":{"x":22.79,"y":123.06,"width":712,"height":292}}}},"animations":{"animation":{"slots":{"haoli_zhucetextlg":{"attachment":[{"time":0,"name":"haoli_zhucetextlg0"},{"time":0.0667,"name":"haoli_zhucetextlg1"},{"time":0.1333,"name":"haoli_zhucetextlg2"},{"time":0.2,"name":"haoli_zhucetextlg3"},{"time":0.2667,"name":"haoli_zhucetextlg4"},{"time":0.3333,"name":"haoli_zhucetextlg5"},{"time":0.4,"name":"haoli_zhucetextlg6"},{"time":0.4667,"name":"haoli_zhucetextlg7"},{"time":0.5333,"name":"haoli_zhucetextlg8"},{"time":0.6,"name":"haoli_zhucetextlg9"},{"time":0.6667,"name":"haoli_zhucetextlg10"},{"time":0.7333,"name":"haoli_zhucetextlg11"},{"time":0.8,"name":"haoli_zhucetextlg12"},{"time":0.8667,"name":"haoli_zhucetextlg13"},{"time":0.9333,"name":"haoli_zhucetextlg14"},{"time":1,"name":"haoli_zhucetextlg15"},{"time":1.0667,"name":"haoli_zhucetextlg16"},{"time":1.1333,"name":"haoli_zhucetextlg17"},{"time":1.2,"name":"haoli_zhucetextlg18"},{"time":1.2667,"name":"haoli_zhucetextlg19"},{"time":1.3333,"name":"haoli_zhucetextlg20"},{"time":1.4,"name":"haoli_zhucetextlg21"},{"time":1.4667,"name":"haoli_zhucetextlg22"},{"time":1.5333,"name":"haoli_zhucetextlg23"},{"time":1.6,"name":"haoli_zhucetextlg24"},{"time":1.6667,"name":"haoli_zhucetextlg25"},{"time":1.7333,"name":"haoli_zhucetextlg26"},{"time":1.8,"name":"haoli_zhucetextlg27"},{"time":1.8667,"name":"haoli_zhucetextlg28"},{"time":1.9333,"name":"haoli_zhucetextlg29"},{"time":2,"name":"haoli_zhucetextlg30"},{"time":2.0667,"name":"haoli_zhucetextlg31"},{"time":2.1333,"name":"haoli_zhucetextlg32"},{"time":2.2,"name":"haoli_zhucetextlg33"},{"time":2.2667,"name":"haoli_zhucetextlg34"},{"time":2.3333,"name":"haoli_zhucetextlg35"},{"time":2.4,"name":"haoli_zhucetextlg36"},{"time":2.4667,"name":null}]},"haoli_zhucexzg":{"color":[{"time":0,"color":"ffffffb8","curve":[0.25,0,0.75,1]},{"time":1.6667,"color":"fffffffe","curve":[0.25,0,0.75,1]},{"time":3.3333,"color":"ffffffb8"}]},"haoli_zhucexzg3":{"color":[{"time":0,"color":"ffffffb8","curve":[0.25,0,0.75,1]},{"time":1.6667,"color":"fffffffe","curve":[0.25,0,0.75,1]},{"time":3.3333,"color":"ffffffb8"}]},"haoli_zhucexzg4":{"color":[{"time":0,"color":"ffffffb8","curve":[0.25,0,0.75,1]},{"time":1.6667,"color":"fffffffe","curve":[0.25,0,0.75,1]},{"time":3.3333,"color":"ffffffb8"}]},"haoli_zhucexzg5":{"color":[{"time":0,"color":"ffffffb8","curve":[0.25,0,0.75,1]},{"time":1.6667,"color":"fffffffe","curve":[0.25,0,0.75,1]},{"time":3.3333,"color":"ffffffb8"}]},"haoli_zhucexzg11":{"color":[{"time":0,"color":"ffffffb8","curve":[0.25,0,0.75,1]},{"time":1.6667,"color":"fffffffe","curve":[0.25,0,0.75,1]},{"time":3.3333,"color":"ffffffb8"}]},"haoli_zhucexzg12":{"color":[{"time":0,"color":"ffffffb8","curve":[0.25,0,0.75,1]},{"time":1.6667,"color":"fffffffe","curve":[0.25,0,0.75,1]},{"time":3.3333,"color":"ffffffb8"}]},"haoli_zhucexzg13":{"color":[{"time":0,"color":"ffffffb8","curve":[0.25,0,0.75,1]},{"time":1.6667,"color":"fffffffe","curve":[0.25,0,0.75,1]},{"time":3.3333,"color":"ffffffb8"}]}},"bones":{"xuanzhuan":{"scale":[{"time":0,"x":1,"y":1,"curve":[0.25,0,0.75,1]},{"time":1.6667,"x":1.05,"y":1.05,"curve":[0.25,0,0.75,1]},{"time":3.3333,"x":1,"y":1}]}}}}}