{"skeleton":{"hash":"DFqSEl+IVDWOKXyBXqhPQoyIt9Q","spine":"3.6.37","width":1336,"height":752,"images":"./images/"},"bones":[{"name":"root"},{"name":"hip","parent":"root"},{"name":"sd_xd3","parent":"hip","x":-19.99,"y":-5.17,"scaleX":0.25,"scaleY":0.25},{"name":"sd_xd4","parent":"hip","x":-19.75,"y":4.89,"scaleX":0.25,"scaleY":0.25},{"name":"sd_xd5","parent":"hip","x":-14.43,"y":14.05,"scaleX":0.25,"scaleY":0.25},{"name":"sd_xd6","parent":"hip","x":-4.87,"y":19.83,"scaleX":0.25,"scaleY":0.25},{"name":"sd_xd7","parent":"hip","x":14.66,"y":-14.29,"scaleX":0.25,"scaleY":0.25},{"name":"sd_xd8","parent":"hip","x":6.1,"y":19.49,"scaleX":0.25,"scaleY":0.25},{"name":"sd_xd9","parent":"hip","x":14.66,"y":14.39,"scaleX":0.25,"scaleY":0.25},{"name":"sd_xd10","parent":"hip","x":19.88,"y":5.49,"scaleX":0.25,"scaleY":0.25},{"name":"sd_xd11","parent":"hip","x":19.92,"y":-5.13,"scaleX":0.25,"scaleY":0.25},{"name":"sd_xd12","parent":"hip","x":5.76,"y":-19.65,"scaleX":0.25,"scaleY":0.25},{"name":"sd_xd13","parent":"hip","x":-5.11,"y":-19.77,"scaleX":0.25,"scaleY":0.25},{"name":"sd_xd14","parent":"hip","x":-14.89,"y":-13.87,"scaleX":0.25,"scaleY":0.25},{"name":"sdzp_zptipsdb","parent":"hip"},{"name":"sdzp_zptipsdd","parent":"hip"},{"name":"sdzp_zptipsjt","parent":"hip","rotation":90,"y":1.5},{"name":"sdzp_zptipswk","parent":"hip","y":-4.32}],"slots":[{"name":"bg.jpg","bone":"root"},{"name":"sdzp_zptipsdb","bone":"sdzp_zptipsdb","attachment":"sdzp_zptipsdb"},{"name":"sdzp_zptipsjt","bone":"sdzp_zptipsjt","attachment":"sdzp_zptipsjt"},{"name":"sdzp_zptipsdd","bone":"sdzp_zptipsdd","attachment":"sdzp_zptipsdd"},{"name":"sdzp_zptipswk","bone":"sdzp_zptipswk","attachment":"sdzp_zptipswk"},{"name":"sd_xd3","bone":"sd_xd3","attachment":"sd_xd1","blend":"additive"},{"name":"sd_xd4","bone":"sd_xd4","attachment":"sd_xd1","blend":"additive"},{"name":"sd_xd5","bone":"sd_xd5","attachment":"sd_xd1","blend":"additive"},{"name":"sd_xd6","bone":"sd_xd6","attachment":"sd_xd1","blend":"additive"},{"name":"sd_xd7","bone":"sd_xd7","attachment":"sd_xd1","blend":"additive"},{"name":"sd_xd12","bone":"sd_xd12","attachment":"sd_xd1","blend":"additive"},{"name":"sd_xd13","bone":"sd_xd13","attachment":"sd_xd1","blend":"additive"},{"name":"sd_xd14","bone":"sd_xd14","attachment":"sd_xd1","blend":"additive"},{"name":"sd_xd11","bone":"sd_xd11","attachment":"sd_xd1","blend":"additive"},{"name":"sd_xd10","bone":"sd_xd10","attachment":"sd_xd1","blend":"additive"},{"name":"sd_xd9","bone":"sd_xd9","attachment":"sd_xd1","blend":"additive"},{"name":"sd_xd8","bone":"sd_xd8","attachment":"sd_xd1","blend":"additive"}],"skins":{"default":{"sd_xd10":{"sd_xd1":{"width":32,"height":32}},"sd_xd11":{"sd_xd1":{"width":32,"height":32}},"sd_xd12":{"sd_xd1":{"width":32,"height":32}},"sd_xd13":{"sd_xd1":{"width":32,"height":32}},"sd_xd14":{"sd_xd1":{"width":32,"height":32}},"sd_xd3":{"sd_xd1":{"width":32,"height":32}},"sd_xd4":{"sd_xd1":{"width":32,"height":32}},"sd_xd5":{"sd_xd1":{"width":32,"height":32}},"sd_xd6":{"sd_xd1":{"width":32,"height":32}},"sd_xd7":{"sd_xd1":{"width":32,"height":32}},"sd_xd8":{"sd_xd1":{"width":32,"height":32}},"sd_xd9":{"sd_xd1":{"width":32,"height":32}},"sdzp_zptipsdb":{"sdzp_zptipsdb":{"width":77,"height":80}},"sdzp_zptipsdd":{"sdzp_zptipsdd":{"width":27,"height":27}},"sdzp_zptipsjt":{"sdzp_zptipsjt":{"x":5.7,"rotation":-90,"width":17,"height":20}},"sdzp_zptipswk":{"sdzp_zptipswk":{"width":63,"height":63}}}},"animations":{"animation":{"slots":{"sd_xd3":{"color":[{"time":0,"color":"ffffff00","curve":[0.311,0.8,0.582,1]},{"time":0.3,"color":"fffffffe"},{"time":1.1333,"color":"ffffff00","curve":[0.311,0.8,0.582,1]},{"time":1.4333,"color":"fffffffe"},{"time":2.2667,"color":"ffffff00","curve":[0.311,0.8,0.582,1]},{"time":2.5667,"color":"fffffffe"},{"time":3.4,"color":"ffffff00","curve":[0.311,0.8,0.582,1]},{"time":3.7,"color":"fffffffe"},{"time":4.5333,"color":"ffffff00"}]},"sd_xd4":{"color":[{"time":0,"color":"fffffffe"},{"time":0.3,"color":"ffffff00","curve":[0.311,0.8,0.582,1]},{"time":1.1333,"color":"fffffffe"},{"time":1.4333,"color":"ffffff00","curve":[0.311,0.8,0.582,1]},{"time":2.2667,"color":"fffffffe"},{"time":2.5667,"color":"ffffff00","curve":[0.311,0.8,0.582,1]},{"time":3.4,"color":"fffffffe"},{"time":3.7,"color":"ffffff00","curve":[0.311,0.8,0.582,1]},{"time":4.5333,"color":"fffffffe"}]},"sd_xd5":{"color":[{"time":0,"color":"ffffff00","curve":[0.311,0.8,0.582,1]},{"time":0.3,"color":"fffffffe"},{"time":1.1333,"color":"ffffff00","curve":[0.311,0.8,0.582,1]},{"time":1.4333,"color":"fffffffe"},{"time":2.2667,"color":"ffffff00","curve":[0.311,0.8,0.582,1]},{"time":2.5667,"color":"fffffffe"},{"time":3.4,"color":"ffffff00","curve":[0.311,0.8,0.582,1]},{"time":3.7,"color":"fffffffe"},{"time":4.5333,"color":"ffffff00"}]},"sd_xd6":{"color":[{"time":0,"color":"fffffffe"},{"time":0.3,"color":"ffffff00","curve":[0.311,0.8,0.582,1]},{"time":1.1333,"color":"fffffffe"},{"time":1.4333,"color":"ffffff00","curve":[0.311,0.8,0.582,1]},{"time":2.2667,"color":"fffffffe"},{"time":2.5667,"color":"ffffff00","curve":[0.311,0.8,0.582,1]},{"time":3.4,"color":"fffffffe"},{"time":3.7,"color":"ffffff00","curve":[0.311,0.8,0.582,1]},{"time":4.5333,"color":"fffffffe"}]},"sd_xd7":{"color":[{"time":0,"color":"ffffff00","curve":[0.311,0.8,0.582,1]},{"time":0.3,"color":"fffffffe"},{"time":1.1333,"color":"ffffff00","curve":[0.311,0.8,0.582,1]},{"time":1.4333,"color":"fffffffe"},{"time":2.2667,"color":"ffffff00","curve":[0.311,0.8,0.582,1]},{"time":2.5667,"color":"fffffffe"},{"time":3.4,"color":"ffffff00","curve":[0.311,0.8,0.582,1]},{"time":3.7,"color":"fffffffe"},{"time":4.5333,"color":"ffffff00"}]},"sd_xd8":{"color":[{"time":0,"color":"ffffff00","curve":[0.311,0.8,0.582,1]},{"time":0.3,"color":"fffffffe"},{"time":1.1333,"color":"ffffff00","curve":[0.311,0.8,0.582,1]},{"time":1.4333,"color":"fffffffe"},{"time":2.2667,"color":"ffffff00","curve":[0.311,0.8,0.582,1]},{"time":2.5667,"color":"fffffffe"},{"time":3.4,"color":"ffffff00","curve":[0.311,0.8,0.582,1]},{"time":3.7,"color":"fffffffe"},{"time":4.5333,"color":"ffffff00"}]},"sd_xd9":{"color":[{"time":0,"color":"fffffffe"},{"time":0.3,"color":"ffffff00","curve":[0.311,0.8,0.582,1]},{"time":1.1333,"color":"fffffffe"},{"time":1.4333,"color":"ffffff00","curve":[0.311,0.8,0.582,1]},{"time":2.2667,"color":"fffffffe"},{"time":2.5667,"color":"ffffff00","curve":[0.311,0.8,0.582,1]},{"time":3.4,"color":"fffffffe"},{"time":3.7,"color":"ffffff00","curve":[0.311,0.8,0.582,1]},{"time":4.5333,"color":"fffffffe"}]},"sd_xd10":{"color":[{"time":0,"color":"ffffff00","curve":[0.311,0.8,0.582,1]},{"time":0.3,"color":"fffffffe"},{"time":1.1333,"color":"ffffff00","curve":[0.311,0.8,0.582,1]},{"time":1.4333,"color":"fffffffe"},{"time":2.2667,"color":"ffffff00","curve":[0.311,0.8,0.582,1]},{"time":2.5667,"color":"fffffffe"},{"time":3.4,"color":"ffffff00","curve":[0.311,0.8,0.582,1]},{"time":3.7,"color":"fffffffe"},{"time":4.5333,"color":"ffffff00"}]},"sd_xd11":{"color":[{"time":0,"color":"fffffffe"},{"time":0.3,"color":"ffffff00","curve":[0.311,0.8,0.582,1]},{"time":1.1333,"color":"fffffffe"},{"time":1.4333,"color":"ffffff00","curve":[0.311,0.8,0.582,1]},{"time":2.2667,"color":"fffffffe"},{"time":2.5667,"color":"ffffff00","curve":[0.311,0.8,0.582,1]},{"time":3.4,"color":"fffffffe"},{"time":3.7,"color":"ffffff00","curve":[0.311,0.8,0.582,1]},{"time":4.5333,"color":"fffffffe"}]},"sd_xd12":{"color":[{"time":0,"color":"fffffffe"},{"time":0.3,"color":"ffffff00","curve":[0.311,0.8,0.582,1]},{"time":1.1333,"color":"fffffffe"},{"time":1.4333,"color":"ffffff00","curve":[0.311,0.8,0.582,1]},{"time":2.2667,"color":"fffffffe"},{"time":2.5667,"color":"ffffff00","curve":[0.311,0.8,0.582,1]},{"time":3.4,"color":"fffffffe"},{"time":3.7,"color":"ffffff00","curve":[0.311,0.8,0.582,1]},{"time":4.5333,"color":"fffffffe"}]},"sd_xd13":{"color":[{"time":0,"color":"ffffff00","curve":[0.311,0.8,0.582,1]},{"time":0.3,"color":"fffffffe"},{"time":1.1333,"color":"ffffff00","curve":[0.311,0.8,0.582,1]},{"time":1.4333,"color":"fffffffe"},{"time":2.2667,"color":"ffffff00","curve":[0.311,0.8,0.582,1]},{"time":2.5667,"color":"fffffffe"},{"time":3.4,"color":"ffffff00","curve":[0.311,0.8,0.582,1]},{"time":3.7,"color":"fffffffe"},{"time":4.5333,"color":"ffffff00"}]},"sd_xd14":{"color":[{"time":0,"color":"fffffffe"},{"time":0.3,"color":"ffffff00","curve":[0.311,0.8,0.582,1]},{"time":1.1333,"color":"fffffffe"},{"time":1.4333,"color":"ffffff00","curve":[0.311,0.8,0.582,1]},{"time":2.2667,"color":"fffffffe"},{"time":2.5667,"color":"ffffff00","curve":[0.311,0.8,0.582,1]},{"time":3.4,"color":"fffffffe"},{"time":3.7,"color":"ffffff00","curve":[0.311,0.8,0.582,1]},{"time":4.5333,"color":"fffffffe"}]},"sdzp_zptipsdb":{"color":[{"time":0,"color":"fffffffe","curve":"stepped"},{"time":1.2667,"color":"fffffffe","curve":"stepped"},{"time":2.2667,"color":"fffffffe","curve":"stepped"},{"time":3.5333,"color":"fffffffe"}]},"sdzp_zptipsdd":{"color":[{"time":0,"color":"fffffffe","curve":"stepped"},{"time":0.2667,"color":"fffffffe","curve":"stepped"},{"time":1.2667,"color":"fffffffe"}]},"sdzp_zptipsjt":{"color":[{"time":0,"color":"fffffffe","curve":"stepped"},{"time":1.2667,"color":"fffffffe"}]},"sdzp_zptipswk":{"color":[{"time":0,"color":"fffffffe","curve":"stepped"},{"time":1.2667,"color":"fffffffe"}]}},"bones":{"sdzp_zptipsdb":{"rotate":[{"time":0,"angle":0},{"time":1.1333,"angle":90},{"time":2.2667,"angle":-180},{"time":3.4,"angle":-90},{"time":4.5333,"angle":0}],"translate":[{"time":0,"x":0,"y":0,"curve":"stepped"},{"time":0.6667,"x":0,"y":0,"curve":"stepped"},{"time":1.2667,"x":0,"y":0,"curve":"stepped"},{"time":2.2667,"x":0,"y":0,"curve":"stepped"},{"time":2.9333,"x":0,"y":0,"curve":"stepped"},{"time":3.5333,"x":0,"y":0,"curve":"stepped"},{"time":4.5333,"x":0,"y":0}],"scale":[{"time":0,"x":1,"y":1,"curve":"stepped"},{"time":0.6667,"x":1,"y":1},{"time":0.7333,"x":1.1,"y":0.9},{"time":0.8667,"x":0.95,"y":1.05},{"time":1,"x":1.04,"y":0.96},{"time":1.1333,"x":1,"y":1,"curve":"stepped"},{"time":1.2667,"x":1,"y":1,"curve":"stepped"},{"time":2.2667,"x":1,"y":1,"curve":"stepped"},{"time":2.9333,"x":1,"y":1},{"time":3,"x":1.1,"y":0.9},{"time":3.1333,"x":0.95,"y":1.05},{"time":3.2667,"x":1.04,"y":0.96},{"time":3.4,"x":1,"y":1,"curve":"stepped"},{"time":3.5333,"x":1,"y":1}],"shear":[{"time":0,"x":0,"y":0,"curve":"stepped"},{"time":0.6667,"x":0,"y":0,"curve":"stepped"},{"time":1.2667,"x":0,"y":0,"curve":"stepped"},{"time":2.2667,"x":0,"y":0,"curve":"stepped"},{"time":2.9333,"x":0,"y":0,"curve":"stepped"},{"time":3.5333,"x":0,"y":0,"curve":"stepped"},{"time":4.5333,"x":0,"y":0}]},"hip":{"rotate":[{"time":0,"angle":0,"curve":"stepped"},{"time":0.6667,"angle":0},{"time":0.7,"angle":2},{"time":0.7667,"angle":-2},{"time":0.8667,"angle":2},{"time":0.9667,"angle":-2},{"time":1.0667,"angle":2},{"time":1.1667,"angle":-2},{"time":1.2667,"angle":0,"curve":"stepped"},{"time":2.2667,"angle":0}],"translate":[{"time":0,"x":0,"y":0,"curve":"stepped"},{"time":0.2667,"x":0,"y":0,"curve":"stepped"},{"time":0.7,"x":0,"y":0,"curve":"stepped"},{"time":1.2667,"x":0,"y":0,"curve":"stepped"},{"time":2.2667,"x":0,"y":0}],"scale":[{"time":0,"x":1,"y":1,"curve":"stepped"},{"time":0.2667,"x":1,"y":1,"curve":"stepped"},{"time":0.7,"x":1,"y":1,"curve":"stepped"},{"time":1.2667,"x":1,"y":1,"curve":"stepped"},{"time":2.2667,"x":1,"y":1}],"shear":[{"time":0,"x":0,"y":0,"curve":"stepped"},{"time":0.2667,"x":0,"y":0,"curve":"stepped"},{"time":0.7,"x":0,"y":0,"curve":"stepped"},{"time":1.2667,"x":0,"y":0,"curve":"stepped"},{"time":2.2667,"x":0,"y":0}]},"root":{"rotate":[{"time":0,"angle":0,"curve":"stepped"},{"time":0.2667,"angle":0,"curve":"stepped"},{"time":1.2667,"angle":0}],"translate":[{"time":0,"x":0,"y":0,"curve":"stepped"},{"time":0.2667,"x":0,"y":0,"curve":"stepped"},{"time":1.2667,"x":0,"y":0}],"scale":[{"time":0,"x":1,"y":1,"curve":"stepped"},{"time":0.2667,"x":1,"y":1,"curve":"stepped"},{"time":1.2667,"x":1,"y":1}],"shear":[{"time":0,"x":0,"y":0,"curve":"stepped"},{"time":0.2667,"x":0,"y":0,"curve":"stepped"},{"time":1.2667,"x":0,"y":0}]},"sdzp_zptipswk":{"rotate":[{"time":0,"angle":0,"curve":"stepped"},{"time":2.2667,"angle":0}],"translate":[{"time":0,"x":0,"y":0,"curve":"stepped"},{"time":0.6667,"x":0,"y":0,"curve":"stepped"},{"time":1.2667,"x":0,"y":0,"curve":"stepped"},{"time":2.2667,"x":0,"y":0}],"scale":[{"time":0,"x":1,"y":1,"curve":"stepped"},{"time":0.6667,"x":1,"y":1,"curve":[0.311,0.8,0.7,1]},{"time":0.7333,"x":1.1,"y":0.9,"curve":[0.311,0.8,0.7,1]},{"time":0.8667,"x":0.95,"y":1.05,"curve":[0.311,0.8,0.7,1]},{"time":1,"x":1.04,"y":0.96,"curve":[0.311,0.8,0.7,1]},{"time":1.1333,"x":1,"y":1,"curve":"stepped"},{"time":1.2667,"x":1,"y":1}],"shear":[{"time":0,"x":0,"y":0,"curve":"stepped"},{"time":0.6667,"x":0,"y":0,"curve":"stepped"},{"time":1.2667,"x":0,"y":0,"curve":"stepped"},{"time":2.2667,"x":0,"y":0}]},"sdzp_zptipsdd":{"rotate":[{"time":0,"angle":0,"curve":"stepped"},{"time":0.2667,"angle":0,"curve":"stepped"},{"time":0.6667,"angle":0,"curve":"stepped"},{"time":1.2667,"angle":0,"curve":"stepped"},{"time":2.2667,"angle":0}],"translate":[{"time":0,"x":0,"y":0,"curve":"stepped"},{"time":0.2667,"x":0,"y":0,"curve":"stepped"},{"time":0.6667,"x":0,"y":0,"curve":"stepped"},{"time":1.2667,"x":0,"y":0,"curve":"stepped"},{"time":2.2667,"x":0,"y":0}],"scale":[{"time":0,"x":1,"y":1,"curve":"stepped"},{"time":0.2667,"x":1,"y":1,"curve":"stepped"},{"time":0.6667,"x":1,"y":1,"curve":[0.311,0.8,0.7,1]},{"time":0.7333,"x":1.1,"y":0.9,"curve":[0.311,0.8,0.7,1]},{"time":0.8667,"x":0.95,"y":1.05,"curve":[0.311,0.8,0.7,1]},{"time":1,"x":1.04,"y":0.96,"curve":[0.311,0.8,0.7,1]},{"time":1.1333,"x":1,"y":1,"curve":"stepped"},{"time":1.2667,"x":1,"y":1}],"shear":[{"time":0,"x":0,"y":0,"curve":"stepped"},{"time":0.2667,"x":0,"y":0,"curve":"stepped"},{"time":0.6667,"x":0,"y":0,"curve":"stepped"},{"time":1.2667,"x":0,"y":0,"curve":"stepped"},{"time":2.2667,"x":0,"y":0}]},"sdzp_zptipsjt":{"rotate":[{"time":0,"angle":0},{"time":0.1667,"angle":-2,"curve":[0.265,0,0.618,0.43]},{"time":0.3333,"angle":2,"curve":[0.325,0.31,0.675,0.69]},{"time":0.5,"angle":-1,"curve":[0.382,0.57,0.735,1]},{"time":0.6667,"angle":0},{"time":0.8333,"angle":-2,"curve":[0.265,0,0.618,0.43]},{"time":1,"angle":2,"curve":[0.325,0.31,0.675,0.69]},{"time":1.1667,"angle":-1,"curve":[0.382,0.57,0.735,1]},{"time":1.2667,"angle":0,"curve":"stepped"},{"time":2.2667,"angle":0}],"translate":[{"time":0,"x":0,"y":0,"curve":"stepped"},{"time":0.6667,"x":0,"y":0,"curve":"stepped"},{"time":1.2667,"x":0,"y":0,"curve":"stepped"},{"time":2.2667,"x":0,"y":0}],"scale":[{"time":0,"x":1,"y":1,"curve":"stepped"},{"time":0.6667,"x":1,"y":1,"curve":[0.311,0.8,0.7,1]},{"time":0.7333,"x":1.1,"y":0.9,"curve":[0.311,0.8,0.7,1]},{"time":0.8667,"x":0.95,"y":1.05,"curve":[0.311,0.8,0.7,1]},{"time":1,"x":1.04,"y":0.96,"curve":[0.311,0.8,0.7,1]},{"time":1.1333,"x":1,"y":1,"curve":"stepped"},{"time":1.2667,"x":1,"y":1}],"shear":[{"time":0,"x":0,"y":0,"curve":"stepped"},{"time":0.6667,"x":0,"y":0,"curve":"stepped"},{"time":1.2667,"x":0,"y":0,"curve":"stepped"},{"time":2.2667,"x":0,"y":0}]}}}}}