{"skeleton":{"hash":"9/etfxUHRaifOe4afnG5ffcBNcc","spine":"3.6.37","width":101,"height":75.02,"images":"./images/"},"bones":[{"name":"root"},{"name":"hip","parent":"root"},{"name":"sdlh","parent":"hip","x":-0.12},{"name":"shuangdan_hdrk_lh","parent":"sdlh","x":0.99,"y":-22.53,"color":"ff0000ff"},{"name":"shuangdan_hdrk_cd2","parent":"shuangdan_hdrk_lh","length":13.03,"rotation":86.26,"x":2.27,"y":36.3},{"name":"bone","parent":"shuangdan_hdrk_cd2","length":8.45,"rotation":16.52,"x":13.03},{"name":"lhsg","parent":"shuangdan_hdrk_lh","x":-3.09,"y":25.75,"scaleX":2,"scaleY":2},{"name":"shuangdan_hdrk_cd1","parent":"shuangdan_hdrk_lh","length":18.42,"rotation":131.63,"x":-5.06,"y":36.68},{"name":"shuangdan_hdrk_cd3","parent":"shuangdan_hdrk_lh","length":15.06,"rotation":41.34,"x":3.71,"y":36.64},{"name":"shuangdan_hdrk_xh","parent":"sdlh","x":-22.83,"y":7.39,"color":"b1ff00ff"},{"name":"shuangdan_hdrk_xh2","parent":"sdlh","x":36.68,"y":16.86,"color":"b1ff00ff"},{"name":"shuangdan_hdrk_xh3","parent":"sdlh","x":27.75,"y":3.66,"color":"b1ff00ff"},{"name":"shuangdan_hdrk_xh5","parent":"sdlh","x":-32.56,"y":21.41,"color":"b1ff00ff"},{"name":"shuangdan_hdrk_xh6","parent":"sdlh","x":-39.84,"y":7.21,"color":"b1ff00ff"},{"name":"shuangdan_hdrk_xh7","parent":"sdlh","x":-18.05,"y":7.07,"color":"b1ff00ff"},{"name":"ztsg","parent":"sdlh","y":-13.75,"scaleX":2,"scaleY":2}],"slots":[{"name":"shuangdan_hdrk_xd","bone":"sdlh","attachment":"shuangdan_hdrk_xd"},{"name":"shuangdan_hdrk_xh7","bone":"shuangdan_hdrk_xh7","attachment":"shuangdan_hdrk_xh"},{"name":"shuangdan_hdrk_xh3","bone":"shuangdan_hdrk_xh3","attachment":"shuangdan_hdrk_xh"},{"name":"shuangdan_hdrk_cd4","bone":"shuangdan_hdrk_lh","attachment":"shuangdan_hdrk_cd4"},{"name":"shuangdan_hdrk_cd3","bone":"shuangdan_hdrk_cd3","attachment":"shuangdan_hdrk_cd3"},{"name":"shuangdan_hdrk_cd2","bone":"shuangdan_hdrk_cd2","attachment":"shuangdan_hdrk_cd2"},{"name":"shuangdan_hdrk_cd1","bone":"shuangdan_hdrk_cd1","attachment":"shuangdan_hdrk_cd1"},{"name":"shuangdan_hdrk_xh5","bone":"shuangdan_hdrk_xh5","attachment":"shuangdan_hdrk_xh"},{"name":"shuangdan_hdrk_xh6","bone":"shuangdan_hdrk_xh6","attachment":"shuangdan_hdrk_xh"},{"name":"shuangdan_hdrk_lh","bone":"shuangdan_hdrk_lh","attachment":"shuangdan_hdrk_lh"},{"name":"shuangdan_hdrk_lhsg0","bone":"lhsg","blend":"additive"},{"name":"shuangdan_hdrk_xh","bone":"shuangdan_hdrk_xh","attachment":"shuangdan_hdrk_xh"},{"name":"shuangdan_hdrk_xh2","bone":"shuangdan_hdrk_xh2","attachment":"shuangdan_hdrk_xh"},{"name":"shuangdan_hdrk_zt2","bone":"sdlh","attachment":"shuangdan_hdrk_zt1"},{"name":"shuangdan_hdrk_ztsg0","bone":"ztsg","blend":"additive"}],"skins":{"default":{"shuangdan_hdrk_cd1":{"shuangdan_hdrk_cd1":{"x":8.99,"y":1.15,"rotation":-131.63,"width":25,"height":23}},"shuangdan_hdrk_cd2":{"shuangdan_hdrk_cd2":{"type":"mesh","uvs":[0,1,1,1,1,0.49117,1,0,0,0,0,0.5044],"triangles":[5,4,2,4,3,2,1,5,2,1,0,5],"vertices":[1,4,-2.71,8.26,1,1,4,-2,-2.72,1,2,4,11.38,-4.6,0.70756,5,-2.89,-3.95,0.29244,1,5,9.56,-6.77,1,1,5,12,3.96,1,2,4,10.32,6.35,0.62053,5,-0.79,6.86,0.37947],"hull":6,"edges":[0,2,2,4,4,6,6,8,8,10,0,10],"width":11,"height":26}},"shuangdan_hdrk_cd3":{"shuangdan_hdrk_cd3":{"x":6.88,"y":1.93,"rotation":-41.34,"width":28,"height":19}},"shuangdan_hdrk_cd4":{"shuangdan_hdrk_cd4":{"x":19.11,"y":37.63,"width":17,"height":11}},"shuangdan_hdrk_lh":{"shuangdan_hdrk_lh":{"x":-2.39,"y":17.13,"width":62,"height":53}},"shuangdan_hdrk_lhsg0":{"shuangdan_hdrk_lhsg0":{"width":31,"height":34},"shuangdan_hdrk_lhsg2":{"width":31,"height":34},"shuangdan_hdrk_lhsg4":{"width":31,"height":34},"shuangdan_hdrk_lhsg6":{"width":31,"height":34},"shuangdan_hdrk_lhsg8":{"width":31,"height":34},"shuangdan_hdrk_lhsg10":{"width":31,"height":34},"shuangdan_hdrk_lhsg12":{"width":31,"height":34},"shuangdan_hdrk_lhsg14":{"width":31,"height":34},"shuangdan_hdrk_lhsg16":{"width":31,"height":34},"shuangdan_hdrk_lhsg18":{"width":31,"height":34},"shuangdan_hdrk_lhsg20":{"width":31,"height":34},"shuangdan_hdrk_lhsg22":{"width":31,"height":34},"shuangdan_hdrk_lhsg24":{"width":31,"height":34},"shuangdan_hdrk_lhsg26":{"width":31,"height":34},"shuangdan_hdrk_lhsg28":{"width":31,"height":34},"shuangdan_hdrk_lhsg30":{"width":31,"height":34},"shuangdan_hdrk_lhsg32":{"width":31,"height":34},"shuangdan_hdrk_lhsg34":{"width":31,"height":34}},"shuangdan_hdrk_xd":{"shuangdan_hdrk_xd":{"x":0.1,"y":-26.9,"width":79,"height":21}},"shuangdan_hdrk_xh":{"shuangdan_hdrk_xh":{"x":0.43,"y":0.21,"width":6,"height":6}},"shuangdan_hdrk_xh2":{"shuangdan_hdrk_xh":{"x":0.43,"y":0.21,"scaleX":0.36,"scaleY":0.36,"width":6,"height":6}},"shuangdan_hdrk_xh3":{"shuangdan_hdrk_xh":{"x":0.43,"y":0.21,"scaleX":0.65,"scaleY":0.65,"width":6,"height":6}},"shuangdan_hdrk_xh5":{"shuangdan_hdrk_xh":{"x":0.43,"y":0.21,"scaleX":0.5,"scaleY":0.5,"width":6,"height":6}},"shuangdan_hdrk_xh6":{"shuangdan_hdrk_xh":{"x":0.43,"y":0.21,"scaleX":0.5,"scaleY":0.5,"width":6,"height":6}},"shuangdan_hdrk_xh7":{"shuangdan_hdrk_xh":{"x":0.43,"y":0.21,"scaleX":0.75,"scaleY":0.75,"width":6,"height":6}},"shuangdan_hdrk_zt2":{"shuangdan_hdrk_zt1":{"x":0.1,"y":-16.92,"width":101,"height":41}},"shuangdan_hdrk_ztsg0":{"shuangdan_hdrk_ztsg0":{"width":50,"height":14},"shuangdan_hdrk_ztsg1":{"width":50,"height":14},"shuangdan_hdrk_ztsg2":{"width":50,"height":14},"shuangdan_hdrk_ztsg3":{"width":50,"height":14},"shuangdan_hdrk_ztsg4":{"width":50,"height":14},"shuangdan_hdrk_ztsg5":{"width":50,"height":14},"shuangdan_hdrk_ztsg6":{"width":50,"height":14},"shuangdan_hdrk_ztsg7":{"width":50,"height":14},"shuangdan_hdrk_ztsg8":{"width":50,"height":14},"shuangdan_hdrk_ztsg9":{"width":50,"height":14},"shuangdan_hdrk_ztsg10":{"width":50,"height":14},"shuangdan_hdrk_ztsg11":{"width":50,"height":14},"shuangdan_hdrk_ztsg12":{"width":50,"height":14},"shuangdan_hdrk_ztsg13":{"width":50,"height":14},"shuangdan_hdrk_ztsg14":{"width":50,"height":14},"shuangdan_hdrk_ztsg15":{"width":50,"height":14},"shuangdan_hdrk_ztsg16":{"width":50,"height":14},"shuangdan_hdrk_ztsg17":{"width":50,"height":14},"shuangdan_hdrk_ztsg18":{"width":50,"height":14},"shuangdan_hdrk_ztsg19":{"width":50,"height":14},"shuangdan_hdrk_ztsg20":{"width":50,"height":14},"shuangdan_hdrk_ztsg21":{"width":50,"height":14},"shuangdan_hdrk_ztsg22":{"width":50,"height":14},"shuangdan_hdrk_ztsg23":{"width":50,"height":14},"shuangdan_hdrk_ztsg24":{"width":50,"height":14},"shuangdan_hdrk_ztsg25":{"width":50,"height":14},"shuangdan_hdrk_ztsg26":{"width":50,"height":14},"shuangdan_hdrk_ztsg27":{"width":50,"height":14},"shuangdan_hdrk_ztsg28":{"width":50,"height":14},"shuangdan_hdrk_ztsg29":{"width":50,"height":14},"shuangdan_hdrk_ztsg30":{"width":50,"height":14},"shuangdan_hdrk_ztsg31":{"width":50,"height":14},"shuangdan_hdrk_ztsg32":{"width":50,"height":14},"shuangdan_hdrk_ztsg33":{"width":50,"height":14},"shuangdan_hdrk_ztsg34":{"width":50,"height":14},"shuangdan_hdrk_ztsg35":{"width":50,"height":14}}}},"animations":{"animation":{"slots":{"shuangdan_hdrk_lhsg0":{"attachment":[{"time":0,"name":"shuangdan_hdrk_lhsg0"},{"time":0.1333,"name":"shuangdan_hdrk_lhsg2"},{"time":0.2667,"name":"shuangdan_hdrk_lhsg4"},{"time":0.4,"name":"shuangdan_hdrk_lhsg6"},{"time":0.5333,"name":"shuangdan_hdrk_lhsg8"},{"time":0.6667,"name":"shuangdan_hdrk_lhsg10"},{"time":0.8,"name":"shuangdan_hdrk_lhsg12"},{"time":0.9333,"name":"shuangdan_hdrk_lhsg14"},{"time":1.0667,"name":"shuangdan_hdrk_lhsg16"},{"time":1.2,"name":"shuangdan_hdrk_lhsg18"},{"time":1.3333,"name":"shuangdan_hdrk_lhsg20"},{"time":1.4667,"name":"shuangdan_hdrk_lhsg22"},{"time":1.6,"name":"shuangdan_hdrk_lhsg24"},{"time":1.7333,"name":"shuangdan_hdrk_lhsg26"},{"time":1.8667,"name":"shuangdan_hdrk_lhsg28"},{"time":2,"name":"shuangdan_hdrk_lhsg30"},{"time":2.1333,"name":"shuangdan_hdrk_lhsg32"},{"time":2.2667,"name":"shuangdan_hdrk_lhsg34"},{"time":2.4,"name":"shuangdan_hdrk_lhsg0"},{"time":2.5333,"name":"shuangdan_hdrk_lhsg2"},{"time":2.6667,"name":"shuangdan_hdrk_lhsg4"},{"time":2.8,"name":"shuangdan_hdrk_lhsg6"},{"time":2.9333,"name":"shuangdan_hdrk_lhsg8"},{"time":3.0667,"name":"shuangdan_hdrk_lhsg10"},{"time":3.2,"name":"shuangdan_hdrk_lhsg12"},{"time":3.3333,"name":"shuangdan_hdrk_lhsg14"},{"time":3.4667,"name":"shuangdan_hdrk_lhsg16"},{"time":3.6,"name":"shuangdan_hdrk_lhsg18"},{"time":3.7333,"name":"shuangdan_hdrk_lhsg20"},{"time":3.8667,"name":"shuangdan_hdrk_lhsg22"},{"time":4,"name":"shuangdan_hdrk_lhsg24"},{"time":4.1333,"name":"shuangdan_hdrk_lhsg26"},{"time":4.2667,"name":"shuangdan_hdrk_lhsg28"},{"time":4.4,"name":"shuangdan_hdrk_lhsg30"},{"time":4.5333,"name":"shuangdan_hdrk_lhsg32"},{"time":4.6667,"name":"shuangdan_hdrk_lhsg34"},{"time":4.8,"name":"shuangdan_hdrk_lhsg0"}]},"shuangdan_hdrk_xh":{"color":[{"time":0,"color":"ffffff00"},{"time":0.2667,"color":"fffffffe","curve":"stepped"},{"time":1.6667,"color":"fffffffe"},{"time":2.3667,"color":"ffffff00","curve":"stepped"},{"time":2.4,"color":"ffffff00"},{"time":2.6667,"color":"fffffffe","curve":"stepped"},{"time":4.0667,"color":"fffffffe"},{"time":4.8,"color":"ffffff00"}]},"shuangdan_hdrk_xh2":{"color":[{"time":0,"color":"ffffff3e"},{"time":0.3333,"color":"ffffff00","curve":"stepped"},{"time":0.3667,"color":"ffffff00"},{"time":1,"color":"ffffffc6","curve":"stepped"},{"time":1.6667,"color":"ffffffc6"},{"time":2.4,"color":"ffffff3e"},{"time":2.7333,"color":"ffffff00","curve":"stepped"},{"time":2.7667,"color":"ffffff00"},{"time":3.4,"color":"ffffffc6","curve":"stepped"},{"time":4.0667,"color":"ffffffc6"},{"time":4.8,"color":"ffffff3e"}]},"shuangdan_hdrk_xh3":{"color":[{"time":0,"color":"ffffff94"},{"time":1.7333,"color":"ffffff00","curve":"stepped"},{"time":1.7667,"color":"ffffff00"},{"time":2.4,"color":"ffffff94"},{"time":4.1333,"color":"ffffff00","curve":"stepped"},{"time":4.1667,"color":"ffffff00"},{"time":4.8,"color":"ffffff94"}]},"shuangdan_hdrk_xh5":{"color":[{"time":0,"color":"ffffff4a","curve":"stepped"},{"time":0.8,"color":"ffffff4a"},{"time":1.5333,"color":"ffffff00","curve":"stepped"},{"time":1.5667,"color":"ffffff00"},{"time":2.0667,"color":"ffffff4a","curve":"stepped"},{"time":2.4,"color":"ffffff4a","curve":"stepped"},{"time":3.2,"color":"ffffff4a"},{"time":3.9333,"color":"ffffff00","curve":"stepped"},{"time":3.9667,"color":"ffffff00"},{"time":4.4667,"color":"ffffff4a","curve":"stepped"},{"time":4.8,"color":"ffffff4a"}]},"shuangdan_hdrk_xh6":{"color":[{"time":0,"color":"ffffff8e","curve":"stepped"},{"time":0.3333,"color":"ffffff8e"},{"time":1.2,"color":"ffffff00","curve":"stepped"},{"time":1.2333,"color":"ffffff00"},{"time":1.7333,"color":"ffffff8e","curve":"stepped"},{"time":2.4,"color":"ffffff8e","curve":"stepped"},{"time":2.7333,"color":"ffffff8e"},{"time":3.6,"color":"ffffff00","curve":"stepped"},{"time":3.6333,"color":"ffffff00"},{"time":4.1333,"color":"ffffff8e","curve":"stepped"},{"time":4.8,"color":"ffffff8e"}]},"shuangdan_hdrk_xh7":{"color":[{"time":0,"color":"ffffff2a"},{"time":0.6667,"color":"ffffff00","curve":"stepped"},{"time":0.7,"color":"ffffff00"},{"time":1.3333,"color":"ffffff6e"},{"time":2.4,"color":"ffffff2a"},{"time":3.0667,"color":"ffffff00","curve":"stepped"},{"time":3.1,"color":"ffffff00"},{"time":3.7333,"color":"ffffff6e"},{"time":4.8,"color":"ffffff2a"}]},"shuangdan_hdrk_ztsg0":{"attachment":[{"time":0,"name":"shuangdan_hdrk_ztsg11"},{"time":0.0667,"name":"shuangdan_hdrk_ztsg12"},{"time":0.1333,"name":"shuangdan_hdrk_ztsg13"},{"time":0.2,"name":"shuangdan_hdrk_ztsg14"},{"time":0.2667,"name":"shuangdan_hdrk_ztsg15"},{"time":0.3333,"name":"shuangdan_hdrk_ztsg16"},{"time":0.4,"name":"shuangdan_hdrk_ztsg17"},{"time":0.4667,"name":"shuangdan_hdrk_ztsg18"},{"time":0.5333,"name":"shuangdan_hdrk_ztsg19"},{"time":0.6,"name":"shuangdan_hdrk_ztsg20"},{"time":0.6667,"name":"shuangdan_hdrk_ztsg21"},{"time":0.7333,"name":"shuangdan_hdrk_ztsg22"},{"time":0.8,"name":"shuangdan_hdrk_ztsg23"},{"time":0.8667,"name":"shuangdan_hdrk_ztsg24"},{"time":0.9333,"name":"shuangdan_hdrk_ztsg25"},{"time":1,"name":"shuangdan_hdrk_ztsg26"},{"time":1.0667,"name":"shuangdan_hdrk_ztsg27"},{"time":1.1333,"name":"shuangdan_hdrk_ztsg28"},{"time":1.2,"name":"shuangdan_hdrk_ztsg29"},{"time":1.2667,"name":"shuangdan_hdrk_ztsg30"},{"time":1.3333,"name":"shuangdan_hdrk_ztsg31"},{"time":1.4,"name":"shuangdan_hdrk_ztsg32"},{"time":1.4667,"name":"shuangdan_hdrk_ztsg33"},{"time":1.5333,"name":"shuangdan_hdrk_ztsg34"},{"time":1.6,"name":"shuangdan_hdrk_ztsg35"},{"time":1.6667,"name":"shuangdan_hdrk_ztsg0"},{"time":1.7333,"name":"shuangdan_hdrk_ztsg1"},{"time":1.8,"name":"shuangdan_hdrk_ztsg2"},{"time":1.8667,"name":"shuangdan_hdrk_ztsg3"},{"time":1.9333,"name":"shuangdan_hdrk_ztsg4"},{"time":2,"name":"shuangdan_hdrk_ztsg5"},{"time":2.0667,"name":"shuangdan_hdrk_ztsg6"},{"time":2.1333,"name":"shuangdan_hdrk_ztsg7"},{"time":2.2,"name":"shuangdan_hdrk_ztsg8"},{"time":2.2667,"name":"shuangdan_hdrk_ztsg9"},{"time":2.3333,"name":"shuangdan_hdrk_ztsg10"},{"time":2.4,"name":"shuangdan_hdrk_ztsg11"},{"time":2.4667,"name":"shuangdan_hdrk_ztsg12"},{"time":2.5333,"name":"shuangdan_hdrk_ztsg13"},{"time":2.6,"name":"shuangdan_hdrk_ztsg14"},{"time":2.6667,"name":"shuangdan_hdrk_ztsg15"},{"time":2.7333,"name":"shuangdan_hdrk_ztsg16"},{"time":2.8,"name":"shuangdan_hdrk_ztsg17"},{"time":2.8667,"name":"shuangdan_hdrk_ztsg18"},{"time":2.9333,"name":"shuangdan_hdrk_ztsg19"},{"time":3,"name":"shuangdan_hdrk_ztsg20"},{"time":3.0667,"name":"shuangdan_hdrk_ztsg21"},{"time":3.1333,"name":"shuangdan_hdrk_ztsg22"},{"time":3.2,"name":"shuangdan_hdrk_ztsg23"},{"time":3.2667,"name":"shuangdan_hdrk_ztsg24"},{"time":3.3333,"name":"shuangdan_hdrk_ztsg25"},{"time":3.4,"name":"shuangdan_hdrk_ztsg26"},{"time":3.4667,"name":"shuangdan_hdrk_ztsg27"},{"time":3.5333,"name":"shuangdan_hdrk_ztsg28"},{"time":3.6,"name":"shuangdan_hdrk_ztsg29"},{"time":3.6667,"name":"shuangdan_hdrk_ztsg30"},{"time":3.7333,"name":"shuangdan_hdrk_ztsg31"},{"time":3.8,"name":"shuangdan_hdrk_ztsg32"},{"time":3.8667,"name":"shuangdan_hdrk_ztsg33"},{"time":3.9333,"name":"shuangdan_hdrk_ztsg34"},{"time":4,"name":"shuangdan_hdrk_ztsg35"},{"time":4.0667,"name":"shuangdan_hdrk_ztsg0"},{"time":4.1333,"name":"shuangdan_hdrk_ztsg1"},{"time":4.2,"name":"shuangdan_hdrk_ztsg2"},{"time":4.2667,"name":"shuangdan_hdrk_ztsg3"},{"time":4.3333,"name":"shuangdan_hdrk_ztsg4"},{"time":4.4,"name":"shuangdan_hdrk_ztsg5"},{"time":4.4667,"name":"shuangdan_hdrk_ztsg6"},{"time":4.5333,"name":"shuangdan_hdrk_ztsg7"},{"time":4.6,"name":"shuangdan_hdrk_ztsg8"},{"time":4.6667,"name":"shuangdan_hdrk_ztsg9"},{"time":4.7333,"name":"shuangdan_hdrk_ztsg10"},{"time":4.8,"name":"shuangdan_hdrk_ztsg11"}]}},"bones":{"sdlh":{"rotate":[{"time":0,"angle":0,"curve":"stepped"},{"time":2.4,"angle":0,"curve":"stepped"},{"time":4.8,"angle":0}],"translate":[{"time":0,"x":0,"y":0,"curve":"stepped"},{"time":2.4,"x":0,"y":0,"curve":"stepped"},{"time":4.8,"x":0,"y":0}],"scale":[{"time":0,"x":1,"y":1,"curve":"stepped"},{"time":2.4,"x":1,"y":1,"curve":"stepped"},{"time":4.8,"x":1,"y":1}]},"shuangdan_hdrk_lh":{"rotate":[{"time":0,"angle":0,"curve":[0.25,0,0.75,1]},{"time":0.0667,"angle":-5,"curve":[0.25,0,0.75,1]},{"time":0.1333,"angle":3,"curve":[0.25,0,0.75,1]},{"time":0.2,"angle":-2,"curve":[0.25,0,0.75,1]},{"time":0.2667,"angle":1,"curve":[0.25,0,0.75,1]},{"time":0.3333,"angle":0,"curve":[0.322,0,0.656,0.34]},{"time":0.7333,"angle":-3,"curve":[0.25,0,0.75,1]},{"time":1.2667,"angle":2,"curve":[0.25,0,0.75,1]},{"time":1.8333,"angle":0,"curve":"stepped"},{"time":2.4,"angle":0,"curve":"stepped"},{"time":4.8,"angle":0}],"translate":[{"time":0,"x":0,"y":0,"curve":"stepped"},{"time":0.3333,"x":0,"y":0,"curve":[0,0.79,0.555,0.99]},{"time":0.4667,"x":0.1,"y":7.24,"curve":[0.25,0,0.75,1]},{"time":0.6667,"x":0,"y":0,"curve":"stepped"},{"time":2.4,"x":0,"y":0,"curve":"stepped"},{"time":4.8,"x":0,"y":0}],"scale":[{"time":0,"x":1,"y":1,"curve":[0.16,0.78,0.542,0.99]},{"time":0.3333,"x":1.15,"y":0.85,"curve":[0.16,0.78,0.542,0.99]},{"time":0.5333,"x":0.9,"y":1.15,"curve":[0.25,0,0.75,1]},{"time":0.8,"x":1.05,"y":0.95,"curve":[0.25,0,0.75,1]},{"time":1.1333,"x":0.97,"y":1.03,"curve":[0.25,0,0.75,1]},{"time":1.5333,"x":1.02,"y":0.98,"curve":[0.25,0,0.75,1]},{"time":2,"x":1,"y":1,"curve":"stepped"},{"time":2.4,"x":1,"y":1,"curve":"stepped"},{"time":4.8,"x":1,"y":1}]},"shuangdan_hdrk_cd1":{"rotate":[{"time":0,"angle":0,"curve":[0.25,0,0.75,1]},{"time":0.1,"angle":-6.17,"curve":[0.25,0,0.75,1]},{"time":0.1667,"angle":2.22,"curve":[0.25,0,0.75,1]},{"time":0.2333,"angle":-3.33,"curve":[0.25,0,0.75,1]},{"time":0.3,"angle":1.18,"curve":[0.25,0,0.75,1]},{"time":0.3667,"angle":12.44,"curve":[0.25,0,0.75,1]},{"time":0.5667,"angle":-6.26,"curve":[0.25,0,0.75,1]},{"time":0.8333,"angle":3.69,"curve":[0.25,0,0.75,1]},{"time":1.1667,"angle":-3.43,"curve":[0.25,0,0.75,1]},{"time":1.5667,"angle":0.25,"curve":[0.25,0,0.75,1]},{"time":2.0333,"angle":-0.76,"curve":[0.25,0,0.75,1]},{"time":2.4,"angle":0,"curve":[0.25,0,0.75,1]},{"time":3.5,"angle":-5.5,"curve":[0.25,0,0.75,1]},{"time":4.8,"angle":0}],"translate":[{"time":0,"x":0,"y":0,"curve":[0.25,0,0.75,1]},{"time":0.1333,"x":0.73,"y":-0.88,"curve":[0.25,0,0.75,1]},{"time":0.2333,"x":0.06,"y":-0.05,"curve":[0.25,0,0.75,1]},{"time":0.3667,"x":1.12,"y":-1.26,"curve":[0.25,0,0.75,1]},{"time":0.5333,"x":0,"y":2.06,"curve":[0.25,0,0.75,1]},{"time":0.8,"x":-0.87,"y":-2.18,"curve":[0.25,0,0.75,1]},{"time":1.1333,"x":-0.24,"y":1.07,"curve":[0.25,0,0.75,1]},{"time":1.5333,"x":0.19,"y":-0.4,"curve":[0.25,0,0.75,1]},{"time":2,"x":0.08,"y":0.31,"curve":[0.25,0,0.75,1]},{"time":2.4,"x":0,"y":0,"curve":[0.25,0,0.75,1]},{"time":3.3333,"x":0.2,"y":0.4,"curve":[0.25,0,0.75,1]},{"time":4.8,"x":0,"y":0}],"scale":[{"time":0,"x":1,"y":1,"curve":"stepped"},{"time":2.4,"x":1,"y":1,"curve":"stepped"},{"time":4.8,"x":1,"y":1}]},"shuangdan_hdrk_cd2":{"rotate":[{"time":0,"angle":0,"curve":[0.25,0,0.625,0.5]},{"time":0.0667,"angle":0.9,"curve":[0.375,0.5,0.75,1]},{"time":0.1333,"angle":-5.88,"curve":[0.25,0,0.75,1]},{"time":0.2,"angle":1.93,"curve":[0.25,0,0.75,1]},{"time":0.2667,"angle":-2.43,"curve":[0.25,0,0.75,1]},{"time":0.3333,"angle":1.25,"curve":[0.25,0,0.75,1]},{"time":0.4,"angle":0,"curve":[0.25,0,0.75,1]},{"time":0.6,"angle":-7.77,"curve":[0.25,0,0.75,1]},{"time":0.8667,"angle":11.57,"curve":[0.25,0,0.75,1]},{"time":1.2,"angle":5.57,"curve":[0.25,0,0.75,1]},{"time":1.7333,"angle":5.72,"curve":[0.25,0,0.75,1]},{"time":2.5667,"angle":-1.27,"curve":[0.25,0,0.75,1]},{"time":3.7667,"angle":5.5,"curve":[0.25,0,0.75,1]},{"time":4.8,"angle":0}],"translate":[{"time":0,"x":0,"y":0,"curve":[0.25,0,0.75,1]},{"time":0.2333,"x":-0.12,"y":-1.75,"curve":[0.25,0,0.75,1]},{"time":0.4,"x":-0.11,"y":-1.68,"curve":[0.25,0,0.75,1]},{"time":0.5667,"x":0,"y":2.06,"curve":[0.25,0,0.75,1]},{"time":0.8333,"x":-0.21,"y":-1.13,"curve":[0.25,0,0.75,1]},{"time":1.1667,"x":-0.02,"y":0.48,"curve":[0.25,0,0.75,1]},{"time":1.5667,"x":0.67,"y":-0.54,"curve":[0.25,0,0.75,1]},{"time":2.4,"x":0,"y":0,"curve":[0.25,0,0.75,1]},{"time":3.6,"x":-0.01,"y":-0.49,"curve":[0.25,0,0.75,1]},{"time":4.8,"x":0,"y":0}],"scale":[{"time":0,"x":1,"y":1,"curve":"stepped"},{"time":2.4,"x":1,"y":1,"curve":"stepped"},{"time":4.8,"x":1,"y":1}]},"bone":{"rotate":[{"time":0,"angle":0,"curve":[0.25,0,0.625,0.5]},{"time":0.1,"angle":11.74,"curve":[0.375,0.5,0.75,1]},{"time":0.2,"angle":-7.41,"curve":[0.25,0,0.75,1]},{"time":0.2667,"angle":3.25,"curve":[0.25,0,0.75,1]},{"time":0.3333,"angle":-5.38,"curve":[0.25,0,0.75,1]},{"time":0.4,"angle":1.16,"curve":[0.25,0,0.75,1]},{"time":0.4667,"angle":0,"curve":[0.25,0,0.75,1]},{"time":0.6667,"angle":-27.5,"curve":[0.25,0,0.75,1]},{"time":0.9333,"angle":4.38,"curve":[0.25,0,0.75,1]},{"time":1.2667,"angle":-13.29,"curve":[0.25,0,0.75,1]},{"time":1.7667,"angle":2.34,"curve":[0.25,0,0.75,1]},{"time":2.8,"angle":-3.98,"curve":[0.25,0,0.75,1]},{"time":4,"angle":6.66,"curve":[0.25,0,0.75,1]},{"time":4.8,"angle":0}],"translate":[{"time":0,"x":0,"y":0,"curve":"stepped"},{"time":0.4667,"x":0,"y":0,"curve":[0.304,0,0.64,0.36]},{"time":0.6333,"x":0.72,"y":-0.14,"curve":[0.25,0,0.75,1]},{"time":0.9,"x":-2.11,"y":-1.17,"curve":[0.25,0,0.75,1]},{"time":1.2333,"x":-0.12,"y":-0.79,"curve":[0.25,0,0.75,1]},{"time":1.6333,"x":-0.93,"y":-0.73,"curve":[0.25,0,0.75,1]},{"time":2.6333,"x":0,"y":0,"curve":[0.25,0,0.75,1]},{"time":3.8333,"x":-0.12,"y":-0.04,"curve":[0.25,0,0.75,1]},{"time":4.8,"x":0,"y":0}],"scale":[{"time":0,"x":1,"y":1,"curve":"stepped"},{"time":2.4,"x":1,"y":1,"curve":"stepped"},{"time":4.8,"x":1,"y":1}]},"shuangdan_hdrk_cd3":{"rotate":[{"time":0,"angle":0,"curve":[0.25,0,0.75,1]},{"time":0.1333,"angle":-3.76,"curve":[0.25,0,0.75,1]},{"time":0.2,"angle":2.33,"curve":[0.25,0,0.75,1]},{"time":0.2667,"angle":-2.56,"curve":[0.25,0,0.75,1]},{"time":0.3333,"angle":1.69,"curve":[0.25,0,0.75,1]},{"time":0.4,"angle":0,"curve":[0.25,0,0.75,1]},{"time":0.6,"angle":8.86,"curve":[0.25,0,0.75,1]},{"time":0.8667,"angle":3.93,"curve":[0.25,0,0.75,1]},{"time":1.2,"angle":7.01,"curve":[0.25,0,0.75,1]},{"time":1.7,"angle":-1.31,"curve":[0.25,0,0.75,1]},{"time":2.4667,"angle":0,"curve":[0.25,0,0.75,1]},{"time":3.6667,"angle":-2.71,"curve":[0.25,0,0.75,1]},{"time":4.8,"angle":0}],"translate":[{"time":0,"x":0,"y":0,"curve":[0.25,0,0.75,1]},{"time":0.3,"x":-0.64,"y":-0.56,"curve":[0.25,0,0.75,1]},{"time":0.4,"x":-1.26,"y":-1.11,"curve":[0.25,0,0.75,1]},{"time":0.5667,"x":0,"y":2.06,"curve":[0.25,0,0.75,1]},{"time":0.8333,"x":0.94,"y":-1.58,"curve":[0.25,0,0.75,1]},{"time":1.1667,"x":-0.13,"y":1.1,"curve":[0.25,0,0.75,1]},{"time":1.5667,"x":0.05,"y":-0.42,"curve":[0.25,0,0.75,1]},{"time":2.4,"x":0,"y":0,"curve":"stepped"},{"time":4.8,"x":0,"y":0}],"scale":[{"time":0,"x":1,"y":1,"curve":"stepped"},{"time":2.4,"x":1,"y":1,"curve":"stepped"},{"time":4.8,"x":1,"y":1}]},"shuangdan_hdrk_xh":{"rotate":[{"time":0,"angle":0,"curve":"stepped"},{"time":2.3667,"angle":0,"curve":"stepped"},{"time":2.4,"angle":0,"curve":"stepped"},{"time":4.8,"angle":0}],"translate":[{"time":0,"x":16.84,"y":39.58},{"time":2.3667,"x":21.27,"y":-18.52},{"time":2.4,"x":31.84,"y":37.75},{"time":4.8,"x":28.77,"y":-18.52}],"scale":[{"time":0,"x":1,"y":1,"curve":"stepped"},{"time":2.3667,"x":1,"y":1,"curve":"stepped"},{"time":2.4,"x":1,"y":1,"curve":"stepped"},{"time":4.8,"x":1,"y":1}]},"shuangdan_hdrk_xh2":{"rotate":[{"time":0,"angle":0,"curve":"stepped"},{"time":0.3333,"angle":0,"curve":"stepped"},{"time":0.3667,"angle":0,"curve":"stepped"},{"time":2.4,"angle":0,"curve":"stepped"},{"time":2.7333,"angle":0,"curve":"stepped"},{"time":2.7667,"angle":0,"curve":"stepped"},{"time":4.8,"angle":0}],"translate":[{"time":0,"x":4.68,"y":-15.34},{"time":0.3333,"x":5.84,"y":-21.64},{"time":0.3667,"x":-3.14,"y":27.21},{"time":2.4,"x":4.68,"y":-15.34},{"time":2.7333,"x":5.84,"y":-21.64},{"time":2.7667,"x":-3.14,"y":27.21},{"time":4.8,"x":4.68,"y":-15.34}],"scale":[{"time":0,"x":1,"y":1,"curve":"stepped"},{"time":0.3333,"x":1,"y":1,"curve":"stepped"},{"time":0.3667,"x":1,"y":1,"curve":"stepped"},{"time":2.4,"x":1,"y":1,"curve":"stepped"},{"time":2.7333,"x":1,"y":1,"curve":"stepped"},{"time":2.7667,"x":1,"y":1,"curve":"stepped"},{"time":4.8,"x":1,"y":1}]},"shuangdan_hdrk_xh3":{"rotate":[{"time":0,"angle":0,"curve":"stepped"},{"time":1.7333,"angle":0,"curve":"stepped"},{"time":1.7667,"angle":0,"curve":"stepped"},{"time":2.4,"angle":0,"curve":"stepped"},{"time":4.1333,"angle":0,"curve":"stepped"},{"time":4.1667,"angle":0,"curve":"stepped"},{"time":4.8,"angle":0}],"translate":[{"time":0,"x":2.96,"y":18.49},{"time":1.7333,"x":0.82,"y":-10.23},{"time":1.7667,"x":3.54,"y":26.34},{"time":2.4,"x":2.96,"y":18.49},{"time":4.1333,"x":0.82,"y":-10.23},{"time":4.1667,"x":3.54,"y":26.34},{"time":4.8,"x":2.96,"y":18.49}],"scale":[{"time":0,"x":1,"y":1,"curve":"stepped"},{"time":1.7333,"x":1,"y":1,"curve":"stepped"},{"time":1.7667,"x":1,"y":1,"curve":"stepped"},{"time":2.4,"x":1,"y":1,"curve":"stepped"},{"time":4.1333,"x":1,"y":1,"curve":"stepped"},{"time":4.1667,"x":1,"y":1,"curve":"stepped"},{"time":4.8,"x":1,"y":1}]},"shuangdan_hdrk_xh5":{"rotate":[{"time":0,"angle":0,"curve":"stepped"},{"time":1.5333,"angle":0,"curve":"stepped"},{"time":1.5667,"angle":0,"curve":"stepped"},{"time":2.4,"angle":0,"curve":"stepped"},{"time":3.9333,"angle":0,"curve":"stepped"},{"time":3.9667,"angle":0,"curve":"stepped"},{"time":4.8,"angle":0}],"translate":[{"time":0,"x":6.42,"y":3.16},{"time":1.5333,"x":-3.67,"y":-21.98},{"time":1.5667,"x":11.13,"y":14.91},{"time":2.4,"x":6.42,"y":3.16},{"time":3.9333,"x":-3.67,"y":-21.98},{"time":3.9667,"x":11.13,"y":14.91},{"time":4.8,"x":6.42,"y":3.16}],"scale":[{"time":0,"x":1,"y":1,"curve":"stepped"},{"time":1.5333,"x":1,"y":1,"curve":"stepped"},{"time":1.5667,"x":1,"y":1,"curve":"stepped"},{"time":2.4,"x":1,"y":1,"curve":"stepped"},{"time":3.9333,"x":1,"y":1,"curve":"stepped"},{"time":3.9667,"x":1,"y":1,"curve":"stepped"},{"time":4.8,"x":1,"y":1}]},"shuangdan_hdrk_xh6":{"rotate":[{"time":0,"angle":0,"curve":"stepped"},{"time":1.2,"angle":0,"curve":"stepped"},{"time":1.2333,"angle":0,"curve":"stepped"},{"time":2.4,"angle":0,"curve":"stepped"},{"time":3.6,"angle":0,"curve":"stepped"},{"time":3.6333,"angle":0,"curve":"stepped"},{"time":4.8,"angle":0}],"translate":[{"time":0,"x":-6.46,"y":1.83},{"time":1.2,"x":-14.77,"y":-22.16},{"time":1.2333,"x":1.84,"y":25.83},{"time":2.4,"x":-6.46,"y":1.83},{"time":3.6,"x":-14.77,"y":-22.16},{"time":3.6333,"x":1.84,"y":25.83},{"time":4.8,"x":-6.46,"y":1.83}],"scale":[{"time":0,"x":1,"y":1,"curve":"stepped"},{"time":1.2,"x":1,"y":1,"curve":"stepped"},{"time":1.2333,"x":1,"y":1,"curve":"stepped"},{"time":2.4,"x":1,"y":1,"curve":"stepped"},{"time":3.6,"x":1,"y":1,"curve":"stepped"},{"time":3.6333,"x":1,"y":1,"curve":"stepped"},{"time":4.8,"x":1,"y":1}]},"shuangdan_hdrk_xh7":{"rotate":[{"time":0,"angle":0,"curve":"stepped"},{"time":0.6667,"angle":0,"curve":"stepped"},{"time":0.7,"angle":0,"curve":"stepped"},{"time":2.4,"angle":0,"curve":"stepped"},{"time":3.0667,"angle":0,"curve":"stepped"},{"time":3.1,"angle":0,"curve":"stepped"},{"time":4.8,"angle":0}],"translate":[{"time":0,"x":0.37,"y":13.49},{"time":0.6667,"x":-2.8,"y":3.78},{"time":0.7,"x":9.46,"y":37.87},{"time":2.4,"x":0.37,"y":13.49},{"time":3.0667,"x":-2.8,"y":3.78},{"time":3.1,"x":9.46,"y":37.87},{"time":4.8,"x":0.37,"y":13.49}],"scale":[{"time":0,"x":1,"y":1,"curve":"stepped"},{"time":0.6667,"x":1,"y":1,"curve":"stepped"},{"time":0.7,"x":1,"y":1,"curve":"stepped"},{"time":2.4,"x":1,"y":1,"curve":"stepped"},{"time":3.0667,"x":1,"y":1,"curve":"stepped"},{"time":3.1,"x":1,"y":1,"curve":"stepped"},{"time":4.8,"x":1,"y":1}]},"lhsg":{"rotate":[{"time":0,"angle":0,"curve":"stepped"},{"time":4.8,"angle":0}],"translate":[{"time":0,"x":0,"y":0,"curve":"stepped"},{"time":4.8,"x":0,"y":0}],"scale":[{"time":0,"x":1,"y":1,"curve":"stepped"},{"time":4.8,"x":1,"y":1}]},"ztsg":{"rotate":[{"time":0,"angle":0,"curve":"stepped"},{"time":4.8,"angle":0}],"translate":[{"time":0,"x":0,"y":0,"curve":"stepped"},{"time":4.8,"x":0,"y":0}],"scale":[{"time":0,"x":1,"y":1,"curve":"stepped"},{"time":4.8,"x":1,"y":1}]}}}}}