{"skeleton":{"hash":"rTMiaJEUYynF0bUtSXVQsk8lYB8","spine":"3.6.37","width":96,"height":86,"images":"./images/"},"bones":[{"name":"root"},{"name":"zsb_qdrkdb","parent":"root"},{"name":"zsb_qdrkzhijiao","parent":"zsb_qdrkdb","length":9.41,"rotation":151.03,"x":18.92,"y":-12.69},{"name":"zsb_qiandaorukou_sg","parent":"zsb_qdrkdb","y":4.21,"scaleX":2,"scaleY":2}],"slots":[{"name":"zsb_qdrkdb","bone":"zsb_qdrkdb","attachment":"zsb_qdrkdb"},{"name":"zsb_qdrktext","bone":"zsb_qdrkdb","attachment":"zsb_qdrktext"},{"name":"zsb_qdrktext2","bone":"zsb_qdrkdb","blend":"additive"},{"name":"zsb_qdrkzhijiao","bone":"zsb_qdrkzhijiao","attachment":"zsb_qdrkzhijiao"},{"name":"zsb_qiandaorukou_sg","bone":"zsb_qiandaorukou_sg","attachment":"zsb_qiandaorukou_sg5","blend":"additive"}],"skins":{"default":{"zsb_qdrkdb":{"zsb_qdrkdb":{"width":96,"height":86}},"zsb_qdrktext":{"zsb_qdrktext":{"y":2.5,"width":58,"height":25}},"zsb_qdrktext2":{"zsb_qdrktext":{"y":2.5,"width":58,"height":25}},"zsb_qdrkzhijiao":{"zsb_qdrkzhijiao":{"x":3.22,"y":-1.86,"rotation":-151.03,"width":32,"height":25}},"zsb_qiandaorukou_sg":{"zsb_qiandaorukou_sg0":{"width":27,"height":10},"zsb_qiandaorukou_sg1":{"width":27,"height":10},"zsb_qiandaorukou_sg2":{"width":27,"height":10},"zsb_qiandaorukou_sg3":{"width":27,"height":10},"zsb_qiandaorukou_sg4":{"width":27,"height":10},"zsb_qiandaorukou_sg5":{"width":27,"height":10},"zsb_qiandaorukou_sg6":{"width":27,"height":10},"zsb_qiandaorukou_sg7":{"width":27,"height":10},"zsb_qiandaorukou_sg8":{"width":27,"height":10},"zsb_qiandaorukou_sg9":{"width":27,"height":10},"zsb_qiandaorukou_sg10":{"width":27,"height":10},"zsb_qiandaorukou_sg11":{"width":27,"height":10},"zsb_qiandaorukou_sg12":{"width":27,"height":10},"zsb_qiandaorukou_sg13":{"width":27,"height":10},"zsb_qiandaorukou_sg14":{"width":27,"height":10},"zsb_qiandaorukou_sg15":{"width":27,"height":10}}}},"animations":{"animation":{"slots":{"zsb_qdrktext2":{"color":[{"time":0,"color":"ffffff00","curve":"stepped"},{"time":0.4,"color":"ffffff00","curve":[0.25,0,0.75,1]},{"time":1.0667,"color":"ffffff22","curve":[0.25,0,0.75,1]},{"time":2.4,"color":"ffffff00"}],"attachment":[{"time":0,"name":"zsb_qdrktext"},{"time":2.4,"name":null}]},"zsb_qiandaorukou_sg":{"attachment":[{"time":0,"name":"zsb_qiandaorukou_sg0"},{"time":0.0667,"name":"zsb_qiandaorukou_sg1"},{"time":0.1333,"name":"zsb_qiandaorukou_sg2"},{"time":0.2,"name":"zsb_qiandaorukou_sg3"},{"time":0.2667,"name":"zsb_qiandaorukou_sg4"},{"time":0.3333,"name":"zsb_qiandaorukou_sg5"},{"time":0.4,"name":"zsb_qiandaorukou_sg6"},{"time":0.4667,"name":"zsb_qiandaorukou_sg7"},{"time":0.5333,"name":"zsb_qiandaorukou_sg8"},{"time":0.6,"name":"zsb_qiandaorukou_sg9"},{"time":0.6667,"name":"zsb_qiandaorukou_sg10"},{"time":0.7333,"name":"zsb_qiandaorukou_sg11"},{"time":0.8,"name":"zsb_qiandaorukou_sg12"},{"time":0.8667,"name":"zsb_qiandaorukou_sg13"},{"time":0.9333,"name":"zsb_qiandaorukou_sg14"},{"time":1,"name":"zsb_qiandaorukou_sg15"},{"time":1.0667,"name":null},{"time":2,"name":null}]}},"bones":{"zsb_qdrkzhijiao":{"rotate":[{"time":0,"angle":2.55,"curve":[0.25,0,0.625,0.5]},{"time":1,"angle":-1.9,"curve":[0.375,0.5,0.75,1]},{"time":2,"angle":2.55}],"translate":[{"time":0,"x":0,"y":0,"curve":[0.25,0,0.75,1]},{"time":1,"x":0.34,"y":-0.19,"curve":[0.25,0,0.75,1]},{"time":2,"x":0,"y":0}],"scale":[{"time":0,"x":1.089,"y":1,"curve":[0.25,0,0.75,1]},{"time":1,"x":0.855,"y":1,"curve":[0.25,0,0.75,1]},{"time":2,"x":1.089,"y":1}],"shear":[{"time":0,"x":0,"y":0,"curve":"stepped"},{"time":2,"x":0,"y":0}]}}}}}