{"skeleton":{"hash":"y+VvDx7VGT6swDFeNwg8b5WJF5o","spine":"3.6.37","width":1624,"height":750,"images":"./images/"},"bones":[{"name":"root"},{"name":"hip","parent":"root"},{"name":"scale","parent":"hip","rotation":-0.3},{"name":"jnhs_hdwp1","parent":"scale","rotation":0.3,"color":"ff0000ff"},{"name":"hj","parent":"jnhs_hdwp1","y":43.56,"color":"ff0000ff"},{"name":"hy","parent":"hj","x":-36.22,"y":118.07,"scaleX":2,"scaleY":2},{"name":"qfyz_shiwueffect","parent":"hip","rotation":-0.35,"x":3.75,"y":79.68,"scaleX":3,"scaleY":3},{"name":"qfyz_shiwulizi","parent":"jnhs_hdwp1","rotation":-0.35,"x":-61.82,"y":104.87,"scaleX":0.548,"scaleY":0.548},{"name":"qfyz_shiwulizi2","parent":"jnhs_hdwp1","rotation":43.18,"x":-3.59,"y":-70.06,"scaleX":0.454,"scaleY":0.454},{"name":"qfyz_shiwulizi3","parent":"jnhs_hdwp1","rotation":90.08,"x":-6.78,"y":91.25,"scaleX":0.518,"scaleY":0.518},{"name":"qfyz_shiwulizi4","parent":"jnhs_hdwp1","rotation":132.03,"x":36.22,"y":89.16,"scaleX":0.427,"scaleY":0.427},{"name":"qfyz_shiwulizi5","parent":"jnhs_hdwp1","rotation":168.39,"x":-26.53,"y":34.59,"scaleX":0.427,"scaleY":0.427},{"name":"qfyz_shiwulizi6","parent":"jnhs_hdwp1","rotation":-134.98,"x":12.15,"y":-37.56,"scaleX":0.427,"scaleY":0.427},{"name":"qfyz_shiwulizi7","parent":"jnhs_hdwp1","rotation":158.67,"x":-7.87,"y":-20.64,"scaleX":0.427,"scaleY":0.427},{"name":"qfyz_shiwulizi8","parent":"jnhs_hdwp1","rotation":-113.2,"x":64.16,"y":63.51,"scaleX":0.427,"scaleY":0.427},{"name":"qfyz_shiwulizi9","parent":"jnhs_hdwp1","rotation":-151.26,"x":18.94,"y":29.24,"scaleX":0.427,"scaleY":0.427},{"name":"qfyz_shiwulizi10","parent":"jnhs_hdwp1","rotation":30.51,"x":-25.08,"y":69.66,"scaleX":0.548,"scaleY":0.548},{"name":"qfyz_shiwunumber","parent":"hip"}],"slots":[{"name":"bg","bone":"hip"},{"name":"rbay_yxhdwp_cs","bone":"qfyz_shiwunumber"},{"name":"rbay_jnhjfire0","bone":"hy","attachment":"rbay_jnhjfire12"},{"name":"rbay_yxhdwp_dhj3","bone":"hj","attachment":"rbay_yxhdwp_dhj1"},{"name":"rbay_yxhdwp_dhj5","bone":"hj","attachment":"rbay_yxhdwp_dhjg1","blend":"additive"},{"name":"rbay_yxhdwp_dhj4","bone":"hj","attachment":"rbay_yxhdwp_dhjgl"},{"name":"qfyz_shiwulizi","bone":"qfyz_shiwulizi","attachment":"qfyz_shiwulizi","blend":"additive"},{"name":"qfyz_shiwulizi10","bone":"qfyz_shiwulizi10","attachment":"qfyz_shiwulizi","blend":"additive"},{"name":"qfyz_shiwulizi2","bone":"qfyz_shiwulizi2","attachment":"qfyz_shiwulizi","blend":"additive"},{"name":"qfyz_shiwulizi3","bone":"qfyz_shiwulizi3","attachment":"qfyz_shiwulizi","blend":"additive"},{"name":"qfyz_shiwulizi4","bone":"qfyz_shiwulizi4","attachment":"qfyz_shiwulizi","blend":"additive"},{"name":"qfyz_shiwulizi7","bone":"qfyz_shiwulizi7","attachment":"qfyz_shiwulizi","blend":"additive"},{"name":"qfyz_shiwulizi5","bone":"qfyz_shiwulizi5","attachment":"qfyz_shiwulizi","blend":"additive"},{"name":"qfyz_shiwulizi9","bone":"qfyz_shiwulizi9","attachment":"qfyz_shiwulizi","blend":"additive"},{"name":"qfyz_shiwulizi6","bone":"qfyz_shiwulizi6","attachment":"qfyz_shiwulizi","blend":"additive"},{"name":"qfyz_shiwulizi8","bone":"qfyz_shiwulizi8","attachment":"qfyz_shiwulizi","blend":"additive"},{"name":"qfyz_shiwueffect","bone":"qfyz_shiwueffect","blend":"additive"}],"skins":{"default":{"qfyz_shiwueffect":{"qfyz_shiwueffect0":{"width":152,"height":153},"qfyz_shiwueffect1":{"width":152,"height":153},"qfyz_shiwueffect2":{"width":152,"height":153},"qfyz_shiwueffect3":{"width":152,"height":153},"qfyz_shiwueffect4":{"width":152,"height":153},"qfyz_shiwueffect5":{"width":152,"height":153},"qfyz_shiwueffect6":{"width":152,"height":153},"qfyz_shiwueffect7":{"width":152,"height":153},"qfyz_shiwueffect8":{"width":152,"height":153},"qfyz_shiwueffect9":{"width":152,"height":153},"qfyz_shiwueffect10":{"width":152,"height":153},"qfyz_shiwueffect11":{"width":152,"height":153},"qfyz_shiwueffect12":{"width":152,"height":153},"qfyz_shiwueffect13":{"width":152,"height":153},"qfyz_shiwueffect14":{"width":152,"height":153},"qfyz_shiwueffect15":{"width":152,"height":153},"qfyz_shiwueffect16":{"width":152,"height":153},"qfyz_shiwueffect17":{"width":152,"height":153},"qfyz_shiwueffect18":{"width":152,"height":153},"qfyz_shiwueffect19":{"width":152,"height":153},"qfyz_shiwueffect20":{"width":152,"height":153},"qfyz_shiwueffect21":{"width":152,"height":153},"qfyz_shiwueffect22":{"width":152,"height":153},"qfyz_shiwueffect23":{"width":152,"height":153}},"qfyz_shiwulizi":{"qfyz_shiwulizi":{"width":9,"height":9}},"qfyz_shiwulizi10":{"qfyz_shiwulizi":{"width":9,"height":9}},"qfyz_shiwulizi2":{"qfyz_shiwulizi":{"width":9,"height":9}},"qfyz_shiwulizi3":{"qfyz_shiwulizi":{"width":9,"height":9}},"qfyz_shiwulizi4":{"qfyz_shiwulizi":{"width":9,"height":9}},"qfyz_shiwulizi5":{"qfyz_shiwulizi":{"width":9,"height":9}},"qfyz_shiwulizi6":{"qfyz_shiwulizi":{"width":9,"height":9}},"qfyz_shiwulizi7":{"qfyz_shiwulizi":{"width":9,"height":9}},"qfyz_shiwulizi8":{"qfyz_shiwulizi":{"width":9,"height":9}},"qfyz_shiwulizi9":{"qfyz_shiwulizi":{"width":9,"height":9}},"rbay_jnhjfire0":{"rbay_jnhjfire0":{"width":157,"height":121},"rbay_jnhjfire2":{"width":157,"height":121},"rbay_jnhjfire4":{"width":157,"height":121},"rbay_jnhjfire6":{"width":157,"height":121},"rbay_jnhjfire8":{"width":157,"height":121},"rbay_jnhjfire10":{"width":157,"height":121},"rbay_jnhjfire12":{"width":157,"height":121},"rbay_jnhjfire14":{"width":157,"height":121},"rbay_jnhjfire16":{"width":157,"height":121},"rbay_jnhjfire18":{"width":157,"height":121},"rbay_jnhjfire20":{"width":157,"height":121},"rbay_jnhjfire22":{"width":157,"height":121},"rbay_jnhjfire24":{"width":157,"height":121},"rbay_jnhjfire26":{"width":157,"height":121},"rbay_jnhjfire28":{"width":157,"height":121}},"rbay_yxhdwp_dhj3":{"rbay_yxhdwp_dhj1":{"x":1.62,"y":-35.88,"width":183,"height":194}},"rbay_yxhdwp_dhj4":{"rbay_yxhdwp_dhjgl":{"x":1.62,"y":42.04,"width":183,"height":3}},"rbay_yxhdwp_dhj5":{"rbay_yxhdwp_dhjg1":{"x":-29.82,"y":10.17,"width":177,"height":102}}}},"animations":{"end":{"slots":{"qfyz_shiwueffect":{"color":[{"time":0,"color":"fffffffe","curve":"stepped"},{"time":0.4,"color":"fffffffe"},{"time":0.8,"color":"ffffff00","curve":"stepped"},{"time":1,"color":"ffffff00"}],"attachment":[{"time":0,"name":"qfyz_shiwueffect0"},{"time":0.0333,"name":"qfyz_shiwueffect1"},{"time":0.0667,"name":"qfyz_shiwueffect2"},{"time":0.1,"name":"qfyz_shiwueffect3"},{"time":0.1333,"name":"qfyz_shiwueffect4"},{"time":0.1667,"name":"qfyz_shiwueffect5"},{"time":0.2,"name":"qfyz_shiwueffect6"},{"time":0.2333,"name":"qfyz_shiwueffect7"},{"time":0.2667,"name":"qfyz_shiwueffect8"},{"time":0.3,"name":"qfyz_shiwueffect9"},{"time":0.3333,"name":"qfyz_shiwueffect10"},{"time":0.3667,"name":"qfyz_shiwueffect11"},{"time":0.4,"name":"qfyz_shiwueffect12"},{"time":0.4333,"name":"qfyz_shiwueffect13"},{"time":0.4667,"name":"qfyz_shiwueffect14"},{"time":0.5,"name":"qfyz_shiwueffect15"},{"time":0.5333,"name":"qfyz_shiwueffect16"},{"time":0.5667,"name":"qfyz_shiwueffect17"},{"time":0.6,"name":"qfyz_shiwueffect18"},{"time":0.6333,"name":"qfyz_shiwueffect19"},{"time":0.6667,"name":"qfyz_shiwueffect20"},{"time":0.7,"name":"qfyz_shiwueffect21"},{"time":0.7333,"name":"qfyz_shiwueffect22"},{"time":0.7667,"name":"qfyz_shiwueffect23"},{"time":0.8,"name":null},{"time":1,"name":null}]},"qfyz_shiwulizi":{"color":[{"time":0,"color":"ffffff00","curve":[0.25,0,0.75,1]},{"time":0.2,"color":"fffffffe","curve":[0.25,0,0.75,1]},{"time":0.4,"color":"ffffff80","curve":[0.25,0,0.75,1]},{"time":0.6,"color":"ffffff22","curve":[0.25,0,0.75,1]},{"time":0.8,"color":"ffffffb2","curve":[0.25,0,0.75,1]},{"time":1,"color":"ffffff00"}]},"qfyz_shiwulizi2":{"color":[{"time":0,"color":"ffffffb2","curve":[0.25,0,0.75,1]},{"time":0.0667,"color":"ffffff4a","curve":[0.25,0,0.75,1]},{"time":0.1333,"color":"ffffff00","curve":[0.25,0,0.75,1]},{"time":0.2,"color":"fffffffe","curve":[0.25,0,0.75,1]},{"time":0.2667,"color":"ffffff80","curve":[0.25,0,0.75,1]},{"time":0.3333,"color":"ffffff00","curve":[0.25,0,0.75,1]},{"time":0.4,"color":"fffffffe","curve":[0.25,0,0.75,1]},{"time":0.4667,"color":"ffffff80","curve":[0.25,0,0.75,1]},{"time":0.5333,"color":"ffffff22","curve":[0.25,0,0.75,1]},{"time":0.6,"color":"ffffffb2","curve":[0.25,0,0.75,1]},{"time":0.6667,"color":"ffffff4a","curve":[0.25,0,0.75,1]},{"time":0.7333,"color":"ffffff00","curve":[0.25,0,0.75,1]},{"time":0.8,"color":"fffffffe","curve":[0.25,0,0.75,1]},{"time":0.8667,"color":"ffffff80","curve":[0.25,0,0.75,1]},{"time":0.9333,"color":"ffffff22","curve":[0.25,0,0.75,1]},{"time":1,"color":"ffffffb2"}]},"qfyz_shiwulizi3":{"color":[{"time":0,"color":"ffffff00","curve":[0.25,0,0.75,1]},{"time":0.0667,"color":"fffffffe","curve":[0.25,0,0.75,1]},{"time":0.1333,"color":"ffffff80","curve":[0.25,0,0.75,1]},{"time":0.2,"color":"ffffff22","curve":[0.25,0,0.75,1]},{"time":0.2667,"color":"ffffffb2","curve":[0.25,0,0.75,1]},{"time":0.3333,"color":"ffffff4a","curve":[0.25,0,0.75,1]},{"time":0.4,"color":"ffffff00","curve":[0.25,0,0.75,1]},{"time":0.4667,"color":"fffffffe","curve":[0.25,0,0.75,1]},{"time":0.5333,"color":"ffffff80","curve":[0.25,0,0.75,1]},{"time":0.6,"color":"ffffff22","curve":[0.25,0,0.75,1]},{"time":0.6667,"color":"ffffffb2","curve":[0.25,0,0.75,1]},{"time":0.7333,"color":"ffffff4a","curve":[0.25,0,0.75,1]},{"time":0.8,"color":"ffffff00","curve":[0.25,0,0.75,1]},{"time":0.8667,"color":"fffffffe","curve":[0.25,0,0.75,1]},{"time":0.9333,"color":"ffffff80","curve":[0.25,0,0.75,1]},{"time":1,"color":"ffffff22"}]},"qfyz_shiwulizi4":{"color":[{"time":0,"color":"fffffffe","curve":[0.25,0,0.75,1]},{"time":0.1667,"color":"ffffff80","curve":[0.25,0,0.75,1]},{"time":0.3333,"color":"ffffff22","curve":[0.25,0,0.75,1]},{"time":0.5,"color":"ffffffb2","curve":[0.25,0,0.75,1]},{"time":0.6667,"color":"ffffff80","curve":[0.25,0,0.75,1]},{"time":0.8333,"color":"ffffff22","curve":[0.25,0,0.75,1]},{"time":1,"color":"fffffffe"}]},"qfyz_shiwulizi5":{"color":[{"time":0,"color":"fffffffe","curve":[0.25,0,0.75,1]},{"time":0.3333,"color":"ffffff80","curve":[0.25,0,0.75,1]},{"time":1,"color":"ffffff22"}]},"qfyz_shiwulizi6":{"color":[{"time":0,"color":"ffffff4a","curve":[0.25,0,0.75,1]},{"time":0.2667,"color":"ffffff00","curve":[0.25,0,0.75,1]},{"time":0.5,"color":"fffffffe","curve":[0.25,0,0.75,1]},{"time":0.7667,"color":"ffffffb2","curve":[0.25,0,0.75,1]},{"time":1,"color":"ffffff4a"}]},"qfyz_shiwulizi7":{"color":[{"time":0,"color":"fffffffe","curve":[0.25,0,0.75,1]},{"time":0.1667,"color":"ffffff80","curve":[0.25,0,0.75,1]},{"time":0.3333,"color":"ffffff22","curve":[0.25,0,0.75,1]},{"time":0.5,"color":"ffffffb2","curve":[0.25,0,0.75,1]},{"time":0.6667,"color":"ffffff80","curve":[0.25,0,0.75,1]},{"time":0.8333,"color":"ffffff22","curve":[0.25,0,0.75,1]},{"time":1,"color":"fffffffe"}]},"qfyz_shiwulizi8":{"color":[{"time":0,"color":"ffffff4a","curve":[0.25,0,0.75,1]},{"time":0.2667,"color":"ffffff00","curve":[0.25,0,0.75,1]},{"time":0.5,"color":"fffffffe","curve":[0.25,0,0.75,1]},{"time":0.7667,"color":"ffffffb2","curve":[0.25,0,0.75,1]},{"time":1,"color":"ffffff4a"}]},"qfyz_shiwulizi9":{"color":[{"time":0,"color":"fffffffe","curve":[0.25,0,0.75,1]},{"time":0.3333,"color":"ffffff80","curve":[0.25,0,0.75,1]},{"time":1,"color":"ffffff22"}]},"qfyz_shiwulizi10":{"color":[{"time":0,"color":"ffffff00","curve":[0.25,0,0.75,1]},{"time":0.2,"color":"fffffffe","curve":[0.25,0,0.75,1]},{"time":0.4,"color":"ffffff80","curve":[0.25,0,0.75,1]},{"time":0.6,"color":"ffffff22","curve":[0.25,0,0.75,1]},{"time":0.8,"color":"ffffffb2","curve":[0.25,0,0.75,1]},{"time":1,"color":"ffffff00"}]},"rbay_jnhjfire0":{"attachment":[{"time":0,"name":null}]},"rbay_yxhdwp_dhj3":{"attachment":[{"time":0,"name":null}]},"rbay_yxhdwp_dhj4":{"attachment":[{"time":0,"name":null}]},"rbay_yxhdwp_dhj5":{"attachment":[{"time":0,"name":null}]}},"bones":{"jnhs_hdwp1":{"rotate":[{"time":0,"angle":0,"curve":"stepped"},{"time":1,"angle":0}],"translate":[{"time":0,"x":0,"y":0,"curve":"stepped"},{"time":1,"x":0,"y":0}],"scale":[{"time":0,"x":1,"y":1,"curve":"stepped"},{"time":1,"x":1,"y":1}]},"scale":{"rotate":[{"time":0,"angle":0,"curve":"stepped"},{"time":1,"angle":0}],"translate":[{"time":0,"x":0,"y":0,"curve":"stepped"},{"time":1,"x":0,"y":0}],"scale":[{"time":0,"x":1,"y":1,"curve":[0.25,0,0.75,1]},{"time":0.0667,"x":1.1,"y":0.9,"curve":[0.25,0,0.75,1]},{"time":0.2,"x":0.95,"y":1.05,"curve":[0.25,0,0.75,1]},{"time":0.3333,"x":1.04,"y":0.96,"curve":[0.25,0,0.75,1]},{"time":0.4667,"x":1,"y":1,"curve":"stepped"},{"time":1,"x":1,"y":1}]},"qfyz_shiwulizi":{"rotate":[{"time":0,"angle":0,"curve":"stepped"},{"time":1,"angle":0}],"translate":[{"time":0,"x":0,"y":0,"curve":"stepped"},{"time":1,"x":0,"y":0}],"scale":[{"time":0,"x":1,"y":1,"curve":"stepped"},{"time":1,"x":1,"y":1}]},"qfyz_shiwulizi2":{"rotate":[{"time":0,"angle":0,"curve":"stepped"},{"time":1,"angle":0}],"translate":[{"time":0,"x":0,"y":0,"curve":"stepped"},{"time":1,"x":0,"y":0}],"scale":[{"time":0,"x":1,"y":1,"curve":"stepped"},{"time":1,"x":1,"y":1}]},"qfyz_shiwulizi3":{"rotate":[{"time":0,"angle":0,"curve":"stepped"},{"time":1,"angle":0}],"translate":[{"time":0,"x":0,"y":0,"curve":"stepped"},{"time":1,"x":0,"y":0}],"scale":[{"time":0,"x":1,"y":1,"curve":"stepped"},{"time":1,"x":1,"y":1}]},"qfyz_shiwulizi4":{"rotate":[{"time":0,"angle":0,"curve":"stepped"},{"time":1,"angle":0}],"translate":[{"time":0,"x":0,"y":0,"curve":"stepped"},{"time":1,"x":0,"y":0}],"scale":[{"time":0,"x":1,"y":1,"curve":"stepped"},{"time":1,"x":1,"y":1}]},"qfyz_shiwulizi5":{"rotate":[{"time":0,"angle":0,"curve":"stepped"},{"time":1,"angle":0}],"translate":[{"time":0,"x":0,"y":0,"curve":"stepped"},{"time":1,"x":0,"y":0}],"scale":[{"time":0,"x":1,"y":1,"curve":"stepped"},{"time":1,"x":1,"y":1}]},"qfyz_shiwulizi6":{"rotate":[{"time":0,"angle":0,"curve":"stepped"},{"time":1,"angle":0}],"translate":[{"time":0,"x":0,"y":0,"curve":"stepped"},{"time":1,"x":0,"y":0}],"scale":[{"time":0,"x":1,"y":1,"curve":"stepped"},{"time":1,"x":1,"y":1}]},"qfyz_shiwulizi7":{"rotate":[{"time":0,"angle":0,"curve":"stepped"},{"time":1,"angle":0}],"translate":[{"time":0,"x":0,"y":0,"curve":"stepped"},{"time":1,"x":0,"y":0}],"scale":[{"time":0,"x":1,"y":1,"curve":"stepped"},{"time":1,"x":1,"y":1}]},"qfyz_shiwulizi8":{"rotate":[{"time":0,"angle":0,"curve":"stepped"},{"time":1,"angle":0}],"translate":[{"time":0,"x":0,"y":0,"curve":"stepped"},{"time":1,"x":0,"y":0}],"scale":[{"time":0,"x":1,"y":1,"curve":"stepped"},{"time":1,"x":1,"y":1}]},"qfyz_shiwulizi9":{"rotate":[{"time":0,"angle":0,"curve":"stepped"},{"time":1,"angle":0}],"translate":[{"time":0,"x":0,"y":0,"curve":"stepped"},{"time":1,"x":0,"y":0}],"scale":[{"time":0,"x":1,"y":1,"curve":"stepped"},{"time":1,"x":1,"y":1}]},"qfyz_shiwulizi10":{"rotate":[{"time":0,"angle":0,"curve":"stepped"},{"time":1,"angle":0}],"translate":[{"time":0,"x":0,"y":0,"curve":"stepped"},{"time":1,"x":0,"y":0}],"scale":[{"time":0,"x":1,"y":1,"curve":"stepped"},{"time":1,"x":1,"y":1}]},"qfyz_shiwueffect":{"rotate":[{"time":0,"angle":0,"curve":"stepped"},{"time":1,"angle":0}],"translate":[{"time":0,"x":0,"y":0,"curve":"stepped"},{"time":1,"x":0,"y":0}],"scale":[{"time":0,"x":1.5,"y":1.5,"curve":[0.25,0,0.75,1]},{"time":1,"x":1,"y":1}]},"qfyz_shiwunumber":{"rotate":[{"time":0,"angle":0,"curve":"stepped"},{"time":1,"angle":0}],"translate":[{"time":0,"x":0,"y":65,"curve":[0.311,0.8,0.582,1]},{"time":1,"x":0,"y":165}],"scale":[{"time":0,"x":1,"y":1,"curve":"stepped"},{"time":1,"x":1,"y":1}]}}},"idle":{"slots":{"qfyz_shiwueffect":{"color":[{"time":0,"color":"ffffff00","curve":"stepped"},{"time":1,"color":"ffffff00"}],"attachment":[{"time":0,"name":null},{"time":1,"name":null}]},"qfyz_shiwulizi":{"color":[{"time":0,"color":"ffffff00","curve":[0.25,0,0.75,1]},{"time":0.2,"color":"fffffffe","curve":[0.25,0,0.75,1]},{"time":0.4,"color":"ffffff80","curve":[0.25,0,0.75,1]},{"time":0.6,"color":"ffffff22","curve":[0.25,0,0.75,1]},{"time":0.8,"color":"ffffffb2","curve":[0.25,0,0.75,1]},{"time":1,"color":"ffffff00"}]},"qfyz_shiwulizi2":{"color":[{"time":0,"color":"ffffffb2","curve":[0.25,0,0.75,1]},{"time":0.0667,"color":"ffffff4a","curve":[0.25,0,0.75,1]},{"time":0.1333,"color":"ffffff00","curve":[0.25,0,0.75,1]},{"time":0.2,"color":"fffffffe","curve":[0.25,0,0.75,1]},{"time":0.2667,"color":"ffffff80","curve":[0.25,0,0.75,1]},{"time":0.3333,"color":"ffffff00","curve":[0.25,0,0.75,1]},{"time":0.4,"color":"fffffffe","curve":[0.25,0,0.75,1]},{"time":0.4667,"color":"ffffff80","curve":[0.25,0,0.75,1]},{"time":0.5333,"color":"ffffff22","curve":[0.25,0,0.75,1]},{"time":0.6,"color":"ffffffb2","curve":[0.25,0,0.75,1]},{"time":0.6667,"color":"ffffff4a","curve":[0.25,0,0.75,1]},{"time":0.7333,"color":"ffffff00","curve":[0.25,0,0.75,1]},{"time":0.8,"color":"fffffffe","curve":[0.25,0,0.75,1]},{"time":0.8667,"color":"ffffff80","curve":[0.25,0,0.75,1]},{"time":0.9333,"color":"ffffff22","curve":[0.25,0,0.75,1]},{"time":1,"color":"ffffffb2"}]},"qfyz_shiwulizi3":{"color":[{"time":0,"color":"ffffff00","curve":[0.25,0,0.75,1]},{"time":0.0667,"color":"fffffffe","curve":[0.25,0,0.75,1]},{"time":0.1333,"color":"ffffff80","curve":[0.25,0,0.75,1]},{"time":0.2,"color":"ffffff22","curve":[0.25,0,0.75,1]},{"time":0.2667,"color":"ffffffb2","curve":[0.25,0,0.75,1]},{"time":0.3333,"color":"ffffff4a","curve":[0.25,0,0.75,1]},{"time":0.4,"color":"ffffff00","curve":[0.25,0,0.75,1]},{"time":0.4667,"color":"fffffffe","curve":[0.25,0,0.75,1]},{"time":0.5333,"color":"ffffff80","curve":[0.25,0,0.75,1]},{"time":0.6,"color":"ffffff22","curve":[0.25,0,0.75,1]},{"time":0.6667,"color":"ffffffb2","curve":[0.25,0,0.75,1]},{"time":0.7333,"color":"ffffff4a","curve":[0.25,0,0.75,1]},{"time":0.8,"color":"ffffff00","curve":[0.25,0,0.75,1]},{"time":0.8667,"color":"fffffffe","curve":[0.25,0,0.75,1]},{"time":0.9333,"color":"ffffff80","curve":[0.25,0,0.75,1]},{"time":1,"color":"ffffff00"}]},"qfyz_shiwulizi4":{"color":[{"time":0,"color":"fffffffe","curve":[0.25,0,0.75,1]},{"time":0.1667,"color":"ffffff80","curve":[0.25,0,0.75,1]},{"time":0.3333,"color":"ffffff22","curve":[0.25,0,0.75,1]},{"time":0.5,"color":"ffffffb2","curve":[0.25,0,0.75,1]},{"time":0.6667,"color":"ffffff80","curve":[0.25,0,0.75,1]},{"time":0.8333,"color":"ffffff22","curve":[0.25,0,0.75,1]},{"time":1,"color":"fffffffe"}]},"qfyz_shiwulizi5":{"color":[{"time":0,"color":"fffffffe","curve":[0.25,0,0.75,1]},{"time":0.3333,"color":"ffffff80","curve":[0.25,0,0.75,1]},{"time":1,"color":"fffffffe"}]},"qfyz_shiwulizi6":{"color":[{"time":0,"color":"ffffff4a","curve":[0.25,0,0.75,1]},{"time":0.2667,"color":"ffffff00","curve":[0.25,0,0.75,1]},{"time":0.5,"color":"fffffffe","curve":[0.25,0,0.75,1]},{"time":0.7667,"color":"ffffffb2","curve":[0.25,0,0.75,1]},{"time":1,"color":"ffffff4a"}]},"qfyz_shiwulizi7":{"color":[{"time":0,"color":"fffffffe","curve":[0.25,0,0.75,1]},{"time":0.1667,"color":"ffffff80","curve":[0.25,0,0.75,1]},{"time":0.3333,"color":"ffffff22","curve":[0.25,0,0.75,1]},{"time":0.5,"color":"ffffffb2","curve":[0.25,0,0.75,1]},{"time":0.6667,"color":"ffffff80","curve":[0.25,0,0.75,1]},{"time":0.8333,"color":"ffffff22","curve":[0.25,0,0.75,1]},{"time":1,"color":"fffffffe"}]},"qfyz_shiwulizi8":{"color":[{"time":0,"color":"ffffff4a","curve":[0.25,0,0.75,1]},{"time":0.2667,"color":"ffffff00","curve":[0.25,0,0.75,1]},{"time":0.5,"color":"fffffffe","curve":[0.25,0,0.75,1]},{"time":0.7667,"color":"ffffffb2","curve":[0.25,0,0.75,1]},{"time":1,"color":"ffffff4a"}]},"qfyz_shiwulizi9":{"color":[{"time":0,"color":"fffffffe","curve":[0.25,0,0.75,1]},{"time":0.3333,"color":"ffffff80","curve":[0.25,0,0.75,1]},{"time":1,"color":"fffffffe"}]},"qfyz_shiwulizi10":{"color":[{"time":0,"color":"ffffff00","curve":[0.25,0,0.75,1]},{"time":0.2,"color":"fffffffe","curve":[0.25,0,0.75,1]},{"time":0.4,"color":"ffffff80","curve":[0.25,0,0.75,1]},{"time":0.6,"color":"ffffff22","curve":[0.25,0,0.75,1]},{"time":0.8,"color":"ffffffb2","curve":[0.25,0,0.75,1]},{"time":1,"color":"ffffff00"}]},"rbay_jnhjfire0":{"attachment":[{"time":0,"name":"rbay_jnhjfire0"},{"time":0.0667,"name":"rbay_jnhjfire2"},{"time":0.1333,"name":"rbay_jnhjfire4"},{"time":0.2,"name":"rbay_jnhjfire6"},{"time":0.2667,"name":"rbay_jnhjfire8"},{"time":0.3333,"name":"rbay_jnhjfire10"},{"time":0.4,"name":"rbay_jnhjfire12"},{"time":0.4667,"name":"rbay_jnhjfire14"},{"time":0.5333,"name":"rbay_jnhjfire16"},{"time":0.6,"name":"rbay_jnhjfire18"},{"time":0.6667,"name":"rbay_jnhjfire20"},{"time":0.7333,"name":"rbay_jnhjfire22"},{"time":0.8,"name":"rbay_jnhjfire24"},{"time":0.8667,"name":"rbay_jnhjfire26"},{"time":0.9333,"name":"rbay_jnhjfire28"},{"time":1,"name":"rbay_jnhjfire0"}]},"rbay_yxhdwp_dhj5":{"color":[{"time":0,"color":"fffffffe"},{"time":0.1,"color":"ffffffe0"},{"time":0.2667,"color":"fffffff0"},{"time":0.4667,"color":"ffffff92"},{"time":0.6333,"color":"ffffffe2"},{"time":0.7667,"color":"ffffffae"},{"time":1,"color":"fffffffe"}]}},"bones":{"jnhs_hdwp1":{"rotate":[{"time":0,"angle":0,"curve":"stepped"},{"time":1,"angle":0}],"translate":[{"time":0,"x":0,"y":0,"curve":"stepped"},{"time":1,"x":0,"y":0}],"scale":[{"time":0,"x":1,"y":1,"curve":"stepped"},{"time":1,"x":1,"y":1}]},"scale":{"rotate":[{"time":0,"angle":0,"curve":"stepped"},{"time":1,"angle":0}],"translate":[{"time":0,"x":0,"y":0,"curve":"stepped"},{"time":1,"x":0,"y":0}],"scale":[{"time":0,"x":1,"y":1,"curve":"stepped"},{"time":1,"x":1,"y":1}]},"qfyz_shiwulizi":{"rotate":[{"time":0,"angle":0,"curve":"stepped"},{"time":1,"angle":0}],"translate":[{"time":0,"x":0,"y":0,"curve":"stepped"},{"time":1,"x":0,"y":0}],"scale":[{"time":0,"x":1,"y":1,"curve":"stepped"},{"time":1,"x":1,"y":1}]},"qfyz_shiwulizi2":{"rotate":[{"time":0,"angle":0,"curve":"stepped"},{"time":1,"angle":0}],"translate":[{"time":0,"x":0,"y":0,"curve":"stepped"},{"time":1,"x":0,"y":0}],"scale":[{"time":0,"x":1,"y":1,"curve":"stepped"},{"time":1,"x":1,"y":1}]},"qfyz_shiwulizi3":{"rotate":[{"time":0,"angle":0,"curve":"stepped"},{"time":1,"angle":0}],"translate":[{"time":0,"x":0,"y":0,"curve":"stepped"},{"time":1,"x":0,"y":0}],"scale":[{"time":0,"x":1,"y":1,"curve":"stepped"},{"time":1,"x":1,"y":1}]},"qfyz_shiwulizi4":{"rotate":[{"time":0,"angle":0,"curve":"stepped"},{"time":1,"angle":0}],"translate":[{"time":0,"x":0,"y":0,"curve":"stepped"},{"time":1,"x":0,"y":0}],"scale":[{"time":0,"x":1,"y":1,"curve":"stepped"},{"time":1,"x":1,"y":1}]},"qfyz_shiwulizi5":{"rotate":[{"time":0,"angle":0,"curve":"stepped"},{"time":1,"angle":0}],"translate":[{"time":0,"x":0,"y":0,"curve":"stepped"},{"time":1,"x":0,"y":0}],"scale":[{"time":0,"x":1,"y":1,"curve":"stepped"},{"time":1,"x":1,"y":1}]},"qfyz_shiwulizi6":{"rotate":[{"time":0,"angle":0,"curve":"stepped"},{"time":1,"angle":0}],"translate":[{"time":0,"x":0,"y":0,"curve":"stepped"},{"time":1,"x":0,"y":0}],"scale":[{"time":0,"x":1,"y":1,"curve":"stepped"},{"time":1,"x":1,"y":1}]},"qfyz_shiwulizi7":{"rotate":[{"time":0,"angle":0,"curve":"stepped"},{"time":1,"angle":0}],"translate":[{"time":0,"x":0,"y":0,"curve":"stepped"},{"time":1,"x":0,"y":0}],"scale":[{"time":0,"x":1,"y":1,"curve":"stepped"},{"time":1,"x":1,"y":1}]},"qfyz_shiwulizi8":{"rotate":[{"time":0,"angle":0,"curve":"stepped"},{"time":1,"angle":0}],"translate":[{"time":0,"x":0,"y":0,"curve":"stepped"},{"time":1,"x":0,"y":0}],"scale":[{"time":0,"x":1,"y":1,"curve":"stepped"},{"time":1,"x":1,"y":1}]},"qfyz_shiwulizi9":{"rotate":[{"time":0,"angle":0,"curve":"stepped"},{"time":1,"angle":0}],"translate":[{"time":0,"x":0,"y":0,"curve":"stepped"},{"time":1,"x":0,"y":0}],"scale":[{"time":0,"x":1,"y":1,"curve":"stepped"},{"time":1,"x":1,"y":1}]},"qfyz_shiwulizi10":{"rotate":[{"time":0,"angle":0,"curve":"stepped"},{"time":1,"angle":0}],"translate":[{"time":0,"x":0,"y":0,"curve":"stepped"},{"time":1,"x":0,"y":0}],"scale":[{"time":0,"x":1,"y":1,"curve":"stepped"},{"time":1,"x":1,"y":1}]},"qfyz_shiwueffect":{"rotate":[{"time":0,"angle":0,"curve":"stepped"},{"time":1,"angle":0}],"translate":[{"time":0,"x":0,"y":0,"curve":"stepped"},{"time":1,"x":0,"y":0}],"scale":[{"time":0,"x":1,"y":1,"curve":"stepped"},{"time":1,"x":1,"y":1}]},"qfyz_shiwunumber":{"rotate":[{"time":0,"angle":0,"curve":"stepped"},{"time":1,"angle":0}],"translate":[{"time":0,"x":0,"y":0,"curve":"stepped"},{"time":1,"x":0,"y":0}],"scale":[{"time":0,"x":1,"y":1,"curve":"stepped"},{"time":1,"x":1,"y":1}]}}},"start":{"slots":{"qfyz_shiwueffect":{"color":[{"time":0,"color":"fffffffe","curve":"stepped"},{"time":0.4,"color":"fffffffe"},{"time":0.8,"color":"ffffff00","curve":"stepped"},{"time":1,"color":"ffffff00"}],"attachment":[{"time":0,"name":"qfyz_shiwueffect0"},{"time":0.0333,"name":"qfyz_shiwueffect1"},{"time":0.0667,"name":"qfyz_shiwueffect2"},{"time":0.1,"name":"qfyz_shiwueffect3"},{"time":0.1333,"name":"qfyz_shiwueffect4"},{"time":0.1667,"name":"qfyz_shiwueffect5"},{"time":0.2,"name":"qfyz_shiwueffect6"},{"time":0.2333,"name":"qfyz_shiwueffect7"},{"time":0.2667,"name":"qfyz_shiwueffect8"},{"time":0.3,"name":"qfyz_shiwueffect9"},{"time":0.3333,"name":"qfyz_shiwueffect10"},{"time":0.3667,"name":"qfyz_shiwueffect11"},{"time":0.4,"name":"qfyz_shiwueffect12"},{"time":0.4333,"name":"qfyz_shiwueffect13"},{"time":0.4667,"name":"qfyz_shiwueffect14"},{"time":0.5,"name":"qfyz_shiwueffect15"},{"time":0.5333,"name":"qfyz_shiwueffect16"},{"time":0.5667,"name":"qfyz_shiwueffect17"},{"time":0.6,"name":"qfyz_shiwueffect18"},{"time":0.6333,"name":"qfyz_shiwueffect19"},{"time":0.6667,"name":"qfyz_shiwueffect20"},{"time":0.7,"name":"qfyz_shiwueffect21"},{"time":0.7333,"name":"qfyz_shiwueffect22"},{"time":0.7667,"name":"qfyz_shiwueffect23"},{"time":0.8,"name":null},{"time":1,"name":null}]},"qfyz_shiwulizi":{"color":[{"time":0,"color":"ffffff00","curve":[0.25,0,0.75,1]},{"time":0.2,"color":"fffffffe","curve":[0.25,0,0.75,1]},{"time":0.4,"color":"ffffff80","curve":[0.25,0,0.75,1]},{"time":0.6,"color":"ffffff22","curve":[0.25,0,0.75,1]},{"time":0.8,"color":"ffffffb2","curve":[0.25,0,0.75,1]},{"time":1,"color":"ffffff00"}]},"qfyz_shiwulizi2":{"color":[{"time":0,"color":"ffffffb2","curve":[0.25,0,0.75,1]},{"time":0.0667,"color":"ffffff4a","curve":[0.25,0,0.75,1]},{"time":0.1333,"color":"ffffff00","curve":[0.25,0,0.75,1]},{"time":0.2,"color":"fffffffe","curve":[0.25,0,0.75,1]},{"time":0.2667,"color":"ffffff80","curve":[0.25,0,0.75,1]},{"time":0.3333,"color":"ffffff00","curve":[0.25,0,0.75,1]},{"time":0.4,"color":"fffffffe","curve":[0.25,0,0.75,1]},{"time":0.4667,"color":"ffffff80","curve":[0.25,0,0.75,1]},{"time":0.5333,"color":"ffffff22","curve":[0.25,0,0.75,1]},{"time":0.6,"color":"ffffffb2","curve":[0.25,0,0.75,1]},{"time":0.6667,"color":"ffffff4a","curve":[0.25,0,0.75,1]},{"time":0.7333,"color":"ffffff00","curve":[0.25,0,0.75,1]},{"time":0.8,"color":"fffffffe","curve":[0.25,0,0.75,1]},{"time":0.8667,"color":"ffffff80","curve":[0.25,0,0.75,1]},{"time":0.9333,"color":"ffffff22","curve":[0.25,0,0.75,1]},{"time":1,"color":"ffffffb2"}]},"qfyz_shiwulizi3":{"color":[{"time":0,"color":"ffffff00","curve":[0.25,0,0.75,1]},{"time":0.0667,"color":"fffffffe","curve":[0.25,0,0.75,1]},{"time":0.1333,"color":"ffffff80","curve":[0.25,0,0.75,1]},{"time":0.2,"color":"ffffff22","curve":[0.25,0,0.75,1]},{"time":0.2667,"color":"ffffffb2","curve":[0.25,0,0.75,1]},{"time":0.3333,"color":"ffffff4a","curve":[0.25,0,0.75,1]},{"time":0.4,"color":"ffffff00","curve":[0.25,0,0.75,1]},{"time":0.4667,"color":"fffffffe","curve":[0.25,0,0.75,1]},{"time":0.5333,"color":"ffffff80","curve":[0.25,0,0.75,1]},{"time":0.6,"color":"ffffff22","curve":[0.25,0,0.75,1]},{"time":0.6667,"color":"ffffffb2","curve":[0.25,0,0.75,1]},{"time":0.7333,"color":"ffffff4a","curve":[0.25,0,0.75,1]},{"time":0.8,"color":"ffffff00","curve":[0.25,0,0.75,1]},{"time":0.8667,"color":"fffffffe","curve":[0.25,0,0.75,1]},{"time":0.9333,"color":"ffffff80","curve":[0.25,0,0.75,1]},{"time":1,"color":"ffffff00"}]},"qfyz_shiwulizi4":{"color":[{"time":0,"color":"fffffffe","curve":[0.25,0,0.75,1]},{"time":0.1667,"color":"ffffff80","curve":[0.25,0,0.75,1]},{"time":0.3333,"color":"ffffff22","curve":[0.25,0,0.75,1]},{"time":0.5,"color":"ffffffb2","curve":[0.25,0,0.75,1]},{"time":0.6667,"color":"ffffff80","curve":[0.25,0,0.75,1]},{"time":0.8333,"color":"ffffff22","curve":[0.25,0,0.75,1]},{"time":1,"color":"fffffffe"}]},"qfyz_shiwulizi5":{"color":[{"time":0,"color":"fffffffe","curve":[0.25,0,0.75,1]},{"time":0.3333,"color":"ffffff80","curve":[0.25,0,0.75,1]},{"time":1,"color":"fffffffe"}]},"qfyz_shiwulizi6":{"color":[{"time":0,"color":"ffffff4a","curve":[0.25,0,0.75,1]},{"time":0.2667,"color":"ffffff00","curve":[0.25,0,0.75,1]},{"time":0.5,"color":"fffffffe","curve":[0.25,0,0.75,1]},{"time":0.7667,"color":"ffffffb2","curve":[0.25,0,0.75,1]},{"time":1,"color":"ffffff4a"}]},"qfyz_shiwulizi7":{"color":[{"time":0,"color":"fffffffe","curve":[0.25,0,0.75,1]},{"time":0.1667,"color":"ffffff80","curve":[0.25,0,0.75,1]},{"time":0.3333,"color":"ffffff22","curve":[0.25,0,0.75,1]},{"time":0.5,"color":"ffffffb2","curve":[0.25,0,0.75,1]},{"time":0.6667,"color":"ffffff80","curve":[0.25,0,0.75,1]},{"time":0.8333,"color":"ffffff22","curve":[0.25,0,0.75,1]},{"time":1,"color":"fffffffe"}]},"qfyz_shiwulizi8":{"color":[{"time":0,"color":"ffffff4a","curve":[0.25,0,0.75,1]},{"time":0.2667,"color":"ffffff00","curve":[0.25,0,0.75,1]},{"time":0.5,"color":"fffffffe","curve":[0.25,0,0.75,1]},{"time":0.7667,"color":"ffffffb2","curve":[0.25,0,0.75,1]},{"time":1,"color":"ffffff4a"}]},"qfyz_shiwulizi9":{"color":[{"time":0,"color":"fffffffe","curve":[0.25,0,0.75,1]},{"time":0.3333,"color":"ffffff80","curve":[0.25,0,0.75,1]},{"time":1,"color":"fffffffe"}]},"qfyz_shiwulizi10":{"color":[{"time":0,"color":"ffffff00","curve":[0.25,0,0.75,1]},{"time":0.2,"color":"fffffffe","curve":[0.25,0,0.75,1]},{"time":0.4,"color":"ffffff80","curve":[0.25,0,0.75,1]},{"time":0.6,"color":"ffffff22","curve":[0.25,0,0.75,1]},{"time":0.8,"color":"ffffffb2","curve":[0.25,0,0.75,1]},{"time":1,"color":"ffffff00"}]},"rbay_jnhjfire0":{"attachment":[{"time":0,"name":"rbay_jnhjfire0"},{"time":0.0667,"name":"rbay_jnhjfire2"},{"time":0.1333,"name":"rbay_jnhjfire4"},{"time":0.2,"name":"rbay_jnhjfire6"},{"time":0.2667,"name":"rbay_jnhjfire8"},{"time":0.3333,"name":"rbay_jnhjfire10"},{"time":0.4,"name":"rbay_jnhjfire12"},{"time":0.4667,"name":"rbay_jnhjfire14"},{"time":0.5333,"name":"rbay_jnhjfire16"},{"time":0.6,"name":"rbay_jnhjfire18"},{"time":0.6667,"name":"rbay_jnhjfire20"},{"time":0.7333,"name":"rbay_jnhjfire22"},{"time":0.8,"name":"rbay_jnhjfire24"},{"time":0.8667,"name":"rbay_jnhjfire26"},{"time":0.9333,"name":"rbay_jnhjfire28"},{"time":1,"name":"rbay_jnhjfire0"}]},"rbay_yxhdwp_dhj5":{"color":[{"time":0,"color":"fffffffe"},{"time":0.1,"color":"ffffffe0"},{"time":0.2667,"color":"fffffff0"},{"time":0.4667,"color":"ffffff92"},{"time":0.6333,"color":"ffffffe2"},{"time":0.7667,"color":"ffffffae"},{"time":1,"color":"fffffffe"}]}},"bones":{"jnhs_hdwp1":{"rotate":[{"time":0,"angle":0,"curve":"stepped"},{"time":0.0667,"angle":0,"curve":[0.332,0.36,0.665,0.69]},{"time":0.1333,"angle":4,"curve":[0.332,0.35,0.665,0.68]},{"time":0.1667,"angle":-4,"curve":[0.33,0.37,0.663,0.7]},{"time":0.2333,"angle":2,"curve":[0.331,0.35,0.664,0.68]},{"time":0.2667,"angle":-2,"curve":[0.328,0.37,0.661,0.71]},{"time":0.3333,"angle":0,"curve":"stepped"},{"time":0.5,"angle":0,"curve":"stepped"},{"time":1,"angle":0}],"translate":[{"time":0,"x":0,"y":0,"curve":"stepped"},{"time":1,"x":0,"y":0}],"scale":[{"time":0,"x":0.5,"y":0.5,"curve":[0.311,0.8,0.582,1]},{"time":0.2,"x":1.1,"y":1.1,"curve":[0.316,0.48,0.646,0.8]},{"time":0.3,"x":0.99,"y":0.99,"curve":[0.308,0.69,0.638,0.97]},{"time":0.4,"x":1.02,"y":1.02,"curve":[0.34,0.4,0.669,0.73]},{"time":0.5,"x":1,"y":1,"curve":"stepped"},{"time":1,"x":1,"y":1}]},"scale":{"rotate":[{"time":0,"angle":0,"curve":"stepped"},{"time":1,"angle":0}],"translate":[{"time":0,"x":0,"y":0,"curve":"stepped"},{"time":1,"x":0,"y":0}],"scale":[{"time":0,"x":1,"y":1,"curve":[0.25,0,0.75,1]},{"time":0.0667,"x":1.1,"y":0.9,"curve":[0.25,0,0.75,1]},{"time":0.2,"x":0.95,"y":1.05,"curve":[0.25,0,0.75,1]},{"time":0.3333,"x":1.04,"y":0.96,"curve":[0.25,0,0.75,1]},{"time":0.4667,"x":1,"y":1,"curve":"stepped"},{"time":1,"x":1,"y":1}]},"qfyz_shiwulizi":{"rotate":[{"time":0,"angle":0,"curve":"stepped"},{"time":1,"angle":0}],"translate":[{"time":0,"x":0,"y":0,"curve":"stepped"},{"time":1,"x":0,"y":0}],"scale":[{"time":0,"x":1,"y":1,"curve":"stepped"},{"time":1,"x":1,"y":1}]},"qfyz_shiwulizi2":{"rotate":[{"time":0,"angle":0,"curve":"stepped"},{"time":1,"angle":0}],"translate":[{"time":0,"x":0,"y":0,"curve":"stepped"},{"time":1,"x":0,"y":0}],"scale":[{"time":0,"x":1,"y":1,"curve":"stepped"},{"time":1,"x":1,"y":1}]},"qfyz_shiwulizi3":{"rotate":[{"time":0,"angle":0,"curve":"stepped"},{"time":1,"angle":0}],"translate":[{"time":0,"x":0,"y":0,"curve":"stepped"},{"time":1,"x":0,"y":0}],"scale":[{"time":0,"x":1,"y":1,"curve":"stepped"},{"time":1,"x":1,"y":1}]},"qfyz_shiwulizi4":{"rotate":[{"time":0,"angle":0,"curve":"stepped"},{"time":1,"angle":0}],"translate":[{"time":0,"x":0,"y":0,"curve":"stepped"},{"time":1,"x":0,"y":0}],"scale":[{"time":0,"x":1,"y":1,"curve":"stepped"},{"time":1,"x":1,"y":1}]},"qfyz_shiwulizi5":{"rotate":[{"time":0,"angle":0,"curve":"stepped"},{"time":1,"angle":0}],"translate":[{"time":0,"x":0,"y":0,"curve":"stepped"},{"time":1,"x":0,"y":0}],"scale":[{"time":0,"x":1,"y":1,"curve":"stepped"},{"time":1,"x":1,"y":1}]},"qfyz_shiwulizi6":{"rotate":[{"time":0,"angle":0,"curve":"stepped"},{"time":1,"angle":0}],"translate":[{"time":0,"x":0,"y":0,"curve":"stepped"},{"time":1,"x":0,"y":0}],"scale":[{"time":0,"x":1,"y":1,"curve":"stepped"},{"time":1,"x":1,"y":1}]},"qfyz_shiwulizi7":{"rotate":[{"time":0,"angle":0,"curve":"stepped"},{"time":1,"angle":0}],"translate":[{"time":0,"x":0,"y":0,"curve":"stepped"},{"time":1,"x":0,"y":0}],"scale":[{"time":0,"x":1,"y":1,"curve":"stepped"},{"time":1,"x":1,"y":1}]},"qfyz_shiwulizi8":{"rotate":[{"time":0,"angle":0,"curve":"stepped"},{"time":1,"angle":0}],"translate":[{"time":0,"x":0,"y":0,"curve":"stepped"},{"time":1,"x":0,"y":0}],"scale":[{"time":0,"x":1,"y":1,"curve":"stepped"},{"time":1,"x":1,"y":1}]},"qfyz_shiwulizi9":{"rotate":[{"time":0,"angle":0,"curve":"stepped"},{"time":1,"angle":0}],"translate":[{"time":0,"x":0,"y":0,"curve":"stepped"},{"time":1,"x":0,"y":0}],"scale":[{"time":0,"x":1,"y":1,"curve":"stepped"},{"time":1,"x":1,"y":1}]},"qfyz_shiwulizi10":{"rotate":[{"time":0,"angle":0,"curve":"stepped"},{"time":1,"angle":0}],"translate":[{"time":0,"x":0,"y":0,"curve":"stepped"},{"time":1,"x":0,"y":0}],"scale":[{"time":0,"x":1,"y":1,"curve":"stepped"},{"time":1,"x":1,"y":1}]},"qfyz_shiwueffect":{"rotate":[{"time":0,"angle":0,"curve":"stepped"},{"time":1,"angle":0}],"translate":[{"time":0,"x":0,"y":0,"curve":"stepped"},{"time":1,"x":0,"y":0}],"scale":[{"time":0,"x":1,"y":1,"curve":"stepped"},{"time":1,"x":1,"y":1}]},"qfyz_shiwunumber":{"rotate":[{"time":0,"angle":0,"curve":"stepped"},{"time":1,"angle":0}],"translate":[{"time":0,"x":0,"y":0,"curve":"stepped"},{"time":1,"x":0,"y":0}],"scale":[{"time":0,"x":1,"y":1,"curve":"stepped"},{"time":1,"x":1,"y":1}]}}}}}