{"skeleton":{"hash":"iwR5Ad0T3jl9GK251lK6OK/HqUE","spine":"3.6.37","width":321.86,"height":412.01,"images":"./images/"},"bones":[{"name":"root"},{"name":"hip","parent":"root"},{"name":"scale","parent":"hip","x":2.98,"y":38.92},{"name":"mlsd_wphbhb","parent":"scale"},{"name":"mlsd_wphbhblizi","parent":"mlsd_wphbhb","x":-32.58,"y":-63.48,"scaleX":0.548,"scaleY":0.548},{"name":"mlsd_wphbhblizi2","parent":"mlsd_wphbhb","x":11.66,"y":-46.87,"scaleX":0.454,"scaleY":0.454},{"name":"mlsd_wphbhblizi3","parent":"mlsd_wphbhb","x":53.26,"y":-69.66,"scaleX":0.518,"scaleY":0.518},{"name":"mlsd_wphbhblizi4","parent":"mlsd_wphbhb","x":8.36,"y":-96.16,"scaleX":0.427,"scaleY":0.427},{"name":"mlsd_wphbhblizi5","parent":"mlsd_wphbhb","x":57.92,"y":28.86,"scaleX":0.427,"scaleY":0.427},{"name":"mlsd_wphbhblizi6","parent":"mlsd_wphbhb","x":-13.36,"y":20.91,"scaleX":0.427,"scaleY":0.427},{"name":"mlsd_wphbhblizi7","parent":"mlsd_wphbhb","x":-53.78,"y":-19.56,"scaleX":0.427,"scaleY":0.427},{"name":"mlsd_wphbhblizi8","parent":"mlsd_wphbhb","x":92.86,"y":-43.02,"scaleX":0.427,"scaleY":0.427},{"name":"mlsd_wphbhblizi9","parent":"mlsd_wphbhb","x":-16.39,"y":-18.92,"scaleX":0.427,"scaleY":0.427},{"name":"mlsd_wphbhblizi10","parent":"mlsd_wphbhb","x":-90.21,"y":-49.06,"scaleX":0.548,"scaleY":0.548},{"name":"mlsd_wphbhblizi11","parent":"mlsd_wphbhb","x":7.1,"y":-21.09,"scaleX":0.36,"scaleY":0.36,"color":"3aff00ff"},{"name":"mlsd_wphbhblizi12","parent":"mlsd_wphbhb","x":7.1,"y":-21.09,"scaleX":0.454,"scaleY":0.454,"color":"3aff00ff"},{"name":"mlsd_wphbhblizi13","parent":"mlsd_wphbhb","x":7.1,"y":-21.09,"scaleX":0.45,"scaleY":0.45,"color":"3aff00ff"},{"name":"mlsd_wphbhblizi14","parent":"mlsd_wphbhb","x":7.1,"y":-21.09,"scaleX":0.427,"scaleY":0.427,"color":"3aff00ff"},{"name":"mlsd_wphbhblizi15","parent":"mlsd_wphbhb","x":7.1,"y":-21.09,"scaleX":0.427,"scaleY":0.427,"color":"3aff00ff"},{"name":"mlsd_wphbhblizi16","parent":"mlsd_wphbhb","x":7.1,"y":-21.09,"scaleX":0.3,"scaleY":0.3,"color":"3aff00ff"},{"name":"mlsd_wphbhblizi17","parent":"mlsd_wphbhb","x":7.1,"y":-21.09,"scaleX":0.427,"scaleY":0.427,"color":"3aff00ff"},{"name":"mlsd_wphbhblizi18","parent":"mlsd_wphbhb","x":7.1,"y":-21.09,"scaleX":0.5,"scaleY":0.5,"color":"3aff00ff"},{"name":"mlsd_wphbhblizi19","parent":"mlsd_wphbhb","x":7.1,"y":-21.09,"scaleX":0.4,"scaleY":0.4,"color":"3aff00ff"},{"name":"mlsd_wphbhblizi20","parent":"mlsd_wphbhb","x":7.1,"y":-21.09,"scaleX":0.36,"scaleY":0.36,"color":"3aff00ff"},{"name":"mlsd_wphbhbnumber","parent":"hip"},{"name":"mlxc_yxwpgx","parent":"hip","rotation":180,"x":3.13,"y":17.94,"scaleX":2,"scaleY":2},{"name":"yg","parent":"mlsd_wphbhb","x":31.68,"y":124.62,"scaleX":2,"scaleY":2}],"slots":[{"name":"mlxc_yxwpgx","bone":"mlxc_yxwpgx"},{"name":"mlxc_yxwpg","bone":"mlsd_wphbhb","attachment":"mlxc_yxwpg"},{"name":"mlsd_wphbhb","bone":"mlsd_wphbhb","attachment":"mlxc_yxwp"},{"name":"mlsd_wphbhblizi","bone":"mlsd_wphbhblizi","blend":"additive"},{"name":"mlsd_wphbhblizi2","bone":"mlsd_wphbhblizi2","blend":"additive"},{"name":"mlsd_wphbhblizi3","bone":"mlsd_wphbhblizi3","blend":"additive"},{"name":"mlsd_wphbhblizi4","bone":"mlsd_wphbhblizi4","blend":"additive"},{"name":"mlsd_wphbhblizi5","bone":"mlsd_wphbhblizi5","blend":"additive"},{"name":"mlsd_wphbhblizi6","bone":"mlsd_wphbhblizi6","blend":"additive"},{"name":"mlsd_wphbhblizi7","bone":"mlsd_wphbhblizi7","blend":"additive"},{"name":"mlsd_wphbhblizi8","bone":"mlsd_wphbhblizi8","blend":"additive"},{"name":"mlsd_wphbhblizi9","bone":"mlsd_wphbhblizi9","blend":"additive"},{"name":"mlsd_wphbhblizi10","bone":"mlsd_wphbhblizi10","blend":"additive"},{"name":"mlsd_wphbhblizi11","bone":"mlsd_wphbhblizi11","blend":"additive"},{"name":"mlsd_wphbhblizi12","bone":"mlsd_wphbhblizi12","blend":"additive"},{"name":"mlsd_wphbhblizi13","bone":"mlsd_wphbhblizi13","blend":"additive"},{"name":"mlsd_wphbhblizi14","bone":"mlsd_wphbhblizi14","blend":"additive"},{"name":"mlsd_wphbhblizi15","bone":"mlsd_wphbhblizi15","blend":"additive"},{"name":"mlsd_wphbhblizi16","bone":"mlsd_wphbhblizi16","blend":"additive"},{"name":"mlsd_wphbhblizi17","bone":"mlsd_wphbhblizi17","blend":"additive"},{"name":"mlsd_wphbhblizi18","bone":"mlsd_wphbhblizi18","blend":"additive"},{"name":"mlsd_wphbhblizi19","bone":"mlsd_wphbhblizi19","blend":"additive"},{"name":"mlsd_wphbhblizi20","bone":"mlsd_wphbhblizi20","blend":"additive"},{"name":"mlxc_yxwp_hy0","bone":"yg","attachment":"mlxc_yxwp_hy0","blend":"additive"},{"name":"mlxc_yxwpgx2","bone":"mlxc_yxwpgx","color":"ffffff63","blend":"additive"}],"skins":{"default":{"mlsd_wphbhb":{"mlxc_yxwp":{"width":238,"height":256}},"mlsd_wphbhblizi":{"mlsd_wphbhblizi":{"width":64,"height":64}},"mlsd_wphbhblizi10":{"mlsd_wphbhblizi":{"width":64,"height":64}},"mlsd_wphbhblizi11":{"mlsd_wphbhblizi":{"width":64,"height":64}},"mlsd_wphbhblizi12":{"mlsd_wphbhblizi":{"width":64,"height":64}},"mlsd_wphbhblizi13":{"mlsd_wphbhblizi":{"width":64,"height":64}},"mlsd_wphbhblizi14":{"mlsd_wphbhblizi":{"width":64,"height":64}},"mlsd_wphbhblizi15":{"mlsd_wphbhblizi":{"width":64,"height":64}},"mlsd_wphbhblizi16":{"mlsd_wphbhblizi":{"width":64,"height":64}},"mlsd_wphbhblizi17":{"mlsd_wphbhblizi":{"width":64,"height":64}},"mlsd_wphbhblizi18":{"mlsd_wphbhblizi":{"width":64,"height":64}},"mlsd_wphbhblizi19":{"mlsd_wphbhblizi":{"width":64,"height":64}},"mlsd_wphbhblizi2":{"mlsd_wphbhblizi":{"width":64,"height":64}},"mlsd_wphbhblizi20":{"mlsd_wphbhblizi":{"width":64,"height":64}},"mlsd_wphbhblizi3":{"mlsd_wphbhblizi":{"width":64,"height":64}},"mlsd_wphbhblizi4":{"mlsd_wphbhblizi":{"width":64,"height":64}},"mlsd_wphbhblizi5":{"mlsd_wphbhblizi":{"width":64,"height":64}},"mlsd_wphbhblizi6":{"mlsd_wphbhblizi":{"width":64,"height":64}},"mlsd_wphbhblizi7":{"mlsd_wphbhblizi":{"width":64,"height":64}},"mlsd_wphbhblizi8":{"mlsd_wphbhblizi":{"width":64,"height":64}},"mlsd_wphbhblizi9":{"mlsd_wphbhblizi":{"width":64,"height":64}},"mlxc_yxwp_hy0":{"mlxc_yxwp_hy0":{"width":123,"height":123},"mlxc_yxwp_hy3":{"width":123,"height":123},"mlxc_yxwp_hy6":{"width":123,"height":123},"mlxc_yxwp_hy9":{"width":123,"height":123},"mlxc_yxwp_hy12":{"width":123,"height":123},"mlxc_yxwp_hy15":{"width":123,"height":123},"mlxc_yxwp_hy18":{"width":123,"height":123},"mlxc_yxwp_hy21":{"width":123,"height":123},"mlxc_yxwp_hy24":{"width":123,"height":123},"mlxc_yxwp_hy27":{"width":123,"height":123},"mlxc_yxwp_hy30":{"width":123,"height":123},"mlxc_yxwp_hy33":{"width":123,"height":123}},"mlxc_yxwpg":{"mlxc_yxwpg":{"x":0.2,"y":-20.75,"scaleX":2.66,"scaleY":2.66,"width":121,"height":108}},"mlxc_yxwpgx":{"mlxc_yxwpgx3":{"width":65,"height":63},"mlxc_yxwpgx4":{"width":65,"height":63},"mlxc_yxwpgx5":{"width":65,"height":63},"mlxc_yxwpgx6":{"width":65,"height":63},"mlxc_yxwpgx7":{"width":65,"height":63},"mlxc_yxwpgx8":{"width":65,"height":63},"mlxc_yxwpgx9":{"width":65,"height":63},"mlxc_yxwpgx10":{"width":65,"height":63},"mlxc_yxwpgx11":{"width":65,"height":63},"mlxc_yxwpgx12":{"width":65,"height":63},"mlxc_yxwpgx13":{"width":65,"height":63}},"mlxc_yxwpgx2":{"mlxc_yxwpgx3":{"width":65,"height":63},"mlxc_yxwpgx4":{"width":65,"height":63},"mlxc_yxwpgx5":{"width":65,"height":63},"mlxc_yxwpgx6":{"width":65,"height":63},"mlxc_yxwpgx7":{"width":65,"height":63},"mlxc_yxwpgx8":{"width":65,"height":63},"mlxc_yxwpgx9":{"width":65,"height":63},"mlxc_yxwpgx10":{"width":65,"height":63},"mlxc_yxwpgx11":{"width":65,"height":63},"mlxc_yxwpgx12":{"width":65,"height":63},"mlxc_yxwpgx13":{"width":65,"height":63}}}},"animations":{"end":{"slots":{"mlsd_wphbhb":{"color":[{"time":0,"color":"fffffffe","curve":"stepped"},{"time":0.6,"color":"fffffffe"},{"time":1,"color":"ffffff00"}],"attachment":[{"time":0,"name":null},{"time":1,"name":null}]},"mlsd_wphbhblizi":{"color":[{"time":0,"color":"ffffff00","curve":[0.309,0,0.644,0.35]},{"time":0.0667,"color":"ffffff0e","curve":[0.316,0.23,0.65,0.57]},{"time":0.1333,"color":"ffffff2a","curve":[0.321,0.28,0.655,0.62]},{"time":0.2,"color":"ffffff5a","curve":[0.325,0.3,0.659,0.64]},{"time":0.2667,"color":"ffffff72","curve":[0.328,0.32,0.662,0.65]},{"time":0.3333,"color":"ffffffc4","curve":[0.331,0.33,0.666,0.66]},{"time":0.4,"color":"ffffffc0","curve":[0.316,0,0.65,0.35]},{"time":0.4667,"color":"fffffff6","curve":[0.32,0.23,0.654,0.57]},{"time":0.5333,"color":"ffffffb8","curve":[0.322,0.28,0.656,0.61]},{"time":0.6,"color":"ffffffd0","curve":[0.324,0.3,0.658,0.63]},{"time":1,"color":"ffffff00"}],"attachment":[{"time":0,"name":"mlsd_wphbhblizi"},{"time":1,"name":null}]},"mlsd_wphbhblizi2":{"color":[{"time":0,"color":"ffffff88","curve":[0.326,0.31,0.66,0.64]},{"time":0.0667,"color":"ffffff94","curve":[0.328,0.32,0.662,0.65]},{"time":0.1333,"color":"ffffff5c","curve":[0.33,0.32,0.663,0.66]},{"time":0.2,"color":"ffffff4c","curve":[0.331,0.33,0.665,0.66]},{"time":0.2667,"color":"ffffff24","curve":[0.332,0.33,0.666,0.67]},{"time":0.3333,"color":"ffffff00","curve":[0.309,0,0.644,0.35]},{"time":0.4,"color":"ffffff0e","curve":[0.316,0.23,0.65,0.57]},{"time":0.4667,"color":"ffffff2a","curve":[0.321,0.28,0.655,0.62]},{"time":0.5333,"color":"ffffff5a","curve":[0.325,0.3,0.659,0.64]},{"time":0.6,"color":"ffffff72","curve":[0.328,0.32,0.662,0.65]},{"time":1,"color":"ffffff00"}],"attachment":[{"time":0,"name":"mlsd_wphbhblizi"},{"time":1,"name":null}]},"mlsd_wphbhblizi3":{"color":[{"time":0,"color":"ffffffc4","curve":[0.331,0.33,0.666,0.66]},{"time":0.0667,"color":"ffffffc0","curve":[0.316,0,0.65,0.35]},{"time":0.1333,"color":"fffffff6","curve":[0.32,0.23,0.654,0.57]},{"time":0.2,"color":"ffffffb8","curve":[0.322,0.28,0.656,0.61]},{"time":0.2667,"color":"ffffffd0","curve":[0.324,0.3,0.658,0.63]},{"time":0.3333,"color":"ffffff88","curve":[0.326,0.31,0.66,0.64]},{"time":0.4,"color":"ffffff94","curve":[0.328,0.32,0.662,0.65]},{"time":0.4667,"color":"ffffff5c","curve":[0.33,0.32,0.663,0.66]},{"time":0.5333,"color":"ffffff4c","curve":[0.331,0.33,0.665,0.66]},{"time":0.6,"color":"ffffff24","curve":[0.332,0.33,0.666,0.67]},{"time":1,"color":"ffffff00"}],"attachment":[{"time":0,"name":"mlsd_wphbhblizi"},{"time":1,"name":null}]},"mlsd_wphbhblizi4":{"color":[{"time":0,"color":"ffffff54","curve":[0.332,0.33,0.665,0.66]},{"time":0.0333,"color":"ffffff4c","curve":[0.331,0.33,0.665,0.66]},{"time":0.1,"color":"ffffff24","curve":[0.332,0.33,0.666,0.67]},{"time":0.1667,"color":"ffffff00","curve":[0.309,0,0.644,0.35]},{"time":0.2333,"color":"ffffff0e","curve":[0.316,0.23,0.65,0.57]},{"time":0.3,"color":"ffffff2a","curve":[0.321,0.28,0.655,0.62]},{"time":0.3667,"color":"ffffff5a","curve":[0.325,0.3,0.659,0.64]},{"time":0.4333,"color":"ffffff72","curve":[0.328,0.32,0.662,0.65]},{"time":0.5,"color":"ffffffc4","curve":[0.331,0.33,0.666,0.66]},{"time":0.5667,"color":"ffffffc0","curve":[0.324,0,0.658,0.34]},{"time":0.6,"color":"ffffffce","curve":[0.325,0.23,0.659,0.56]},{"time":1,"color":"ffffff00"}],"attachment":[{"time":0,"name":"mlsd_wphbhblizi"},{"time":1,"name":null}]},"mlsd_wphbhblizi5":{"color":[{"time":0,"color":"ffffffda","curve":[0.327,0.29,0.66,0.62]},{"time":0.0333,"color":"ffffffb8","curve":[0.322,0.28,0.656,0.61]},{"time":0.1,"color":"ffffffd0","curve":[0.324,0.3,0.658,0.63]},{"time":0.1667,"color":"ffffff88","curve":[0.326,0.31,0.66,0.64]},{"time":0.2333,"color":"ffffff94","curve":[0.328,0.32,0.662,0.65]},{"time":0.3,"color":"ffffff5c","curve":[0.33,0.32,0.663,0.66]},{"time":0.3667,"color":"ffffff4c","curve":[0.331,0.33,0.665,0.66]},{"time":0.4333,"color":"ffffff24","curve":[0.332,0.33,0.666,0.67]},{"time":0.5,"color":"ffffff00","curve":[0.309,0,0.644,0.35]},{"time":0.5667,"color":"ffffff0e","curve":[0.324,0.27,0.658,0.61]},{"time":0.6,"color":"ffffff1a","curve":[0.325,0.29,0.659,0.63]},{"time":1,"color":"ffffff00"}],"attachment":[{"time":0,"name":"mlsd_wphbhblizi"},{"time":1,"name":null}]},"mlsd_wphbhblizi6":{"color":[{"time":0,"color":"ffffff40","curve":[0.328,0.31,0.661,0.65]},{"time":0.0333,"color":"ffffff5a","curve":[0.325,0.3,0.659,0.64]},{"time":0.1,"color":"ffffff72","curve":[0.328,0.32,0.662,0.65]},{"time":0.1667,"color":"ffffffc4","curve":[0.331,0.33,0.666,0.66]},{"time":0.2333,"color":"ffffffc0","curve":[0.316,0,0.65,0.35]},{"time":0.3,"color":"fffffff6","curve":[0.32,0.23,0.654,0.57]},{"time":0.3667,"color":"ffffffb8","curve":[0.322,0.28,0.656,0.61]},{"time":0.4333,"color":"ffffffd0","curve":[0.324,0.3,0.658,0.63]},{"time":0.5,"color":"ffffff88","curve":[0.326,0.31,0.66,0.64]},{"time":0.5667,"color":"ffffff94","curve":[0.331,0.32,0.664,0.66]},{"time":0.6,"color":"ffffff78","curve":[0.331,0.33,0.664,0.66]},{"time":1,"color":"ffffff00"}],"attachment":[{"time":0,"name":"mlsd_wphbhblizi"},{"time":1,"name":null}]},"mlsd_wphbhblizi7":{"color":[{"time":0,"color":"ffffff24","curve":[0.332,0.33,0.666,0.67]},{"time":0.0667,"color":"ffffff00","curve":[0.309,0,0.644,0.35]},{"time":0.1333,"color":"ffffff0e","curve":[0.316,0.23,0.65,0.57]},{"time":0.2,"color":"ffffff2a","curve":[0.321,0.28,0.655,0.62]},{"time":0.2667,"color":"ffffff5a","curve":[0.325,0.3,0.659,0.64]},{"time":0.3333,"color":"ffffff72","curve":[0.328,0.32,0.662,0.65]},{"time":0.4,"color":"ffffffc4","curve":[0.331,0.33,0.666,0.66]},{"time":0.4667,"color":"ffffffc0","curve":[0.316,0,0.65,0.35]},{"time":0.5333,"color":"fffffff6","curve":[0.32,0.23,0.654,0.57]},{"time":0.6,"color":"ffffffb8","curve":[0.322,0.28,0.656,0.61]},{"time":1,"color":"ffffff00"}],"attachment":[{"time":0,"name":"mlsd_wphbhblizi"},{"time":1,"name":null}]},"mlsd_wphbhblizi8":{"color":[{"time":0,"color":"ffffff0e","curve":[0.316,0.23,0.65,0.57]},{"time":0.0667,"color":"ffffff2a","curve":[0.321,0.28,0.655,0.62]},{"time":0.1333,"color":"ffffff5a","curve":[0.325,0.3,0.659,0.64]},{"time":0.2,"color":"ffffff72","curve":[0.328,0.32,0.662,0.65]},{"time":0.2667,"color":"ffffffc4","curve":[0.331,0.33,0.666,0.66]},{"time":0.3333,"color":"ffffffc0","curve":[0.316,0,0.65,0.35]},{"time":0.4,"color":"fffffff6","curve":[0.32,0.23,0.654,0.57]},{"time":0.4667,"color":"ffffffb8","curve":[0.322,0.28,0.656,0.61]},{"time":0.5333,"color":"ffffffd0","curve":[0.324,0.3,0.658,0.63]},{"time":0.6,"color":"ffffff88","curve":[0.326,0.31,0.66,0.64]},{"time":1,"color":"ffffff00"}],"attachment":[{"time":0,"name":"mlsd_wphbhblizi"},{"time":1,"name":null}]},"mlsd_wphbhblizi9":{"color":[{"time":0,"color":"ffffffd0","curve":[0.324,0.3,0.658,0.63]},{"time":0.0667,"color":"ffffff88","curve":[0.326,0.31,0.66,0.64]},{"time":0.1333,"color":"ffffff94","curve":[0.328,0.32,0.662,0.65]},{"time":0.2,"color":"ffffff5c","curve":[0.33,0.32,0.663,0.66]},{"time":0.2667,"color":"ffffff4c","curve":[0.331,0.33,0.665,0.66]},{"time":0.3333,"color":"ffffff24","curve":[0.332,0.33,0.666,0.67]},{"time":0.4,"color":"ffffff00","curve":[0.309,0,0.644,0.35]},{"time":0.4667,"color":"ffffff0e","curve":[0.316,0.23,0.65,0.57]},{"time":0.5333,"color":"ffffff2a","curve":[0.321,0.28,0.655,0.62]},{"time":0.6,"color":"ffffff5a","curve":[0.325,0.3,0.659,0.64]},{"time":1,"color":"ffffff00"}],"attachment":[{"time":0,"name":"mlsd_wphbhblizi"},{"time":1,"name":null}]},"mlsd_wphbhblizi10":{"color":[{"time":0,"color":"ffffff72","curve":[0.328,0.32,0.662,0.65]},{"time":0.0667,"color":"ffffffc4","curve":[0.331,0.33,0.666,0.66]},{"time":0.1333,"color":"ffffffc0","curve":[0.316,0,0.65,0.35]},{"time":0.2,"color":"fffffff6","curve":[0.32,0.23,0.654,0.57]},{"time":0.2667,"color":"ffffffb8","curve":[0.322,0.28,0.656,0.61]},{"time":0.3333,"color":"ffffffd0","curve":[0.324,0.3,0.658,0.63]},{"time":0.4,"color":"ffffff88","curve":[0.326,0.31,0.66,0.64]},{"time":0.4667,"color":"ffffff94","curve":[0.328,0.32,0.662,0.65]},{"time":0.5333,"color":"ffffff5c","curve":[0.33,0.32,0.663,0.66]},{"time":0.6,"color":"ffffff4c","curve":[0.331,0.33,0.665,0.66]},{"time":1,"color":"ffffff00"}],"attachment":[{"time":0,"name":"mlsd_wphbhblizi"},{"time":1,"name":null}]},"mlsd_wphbhblizi11":{"color":[{"time":0,"color":"ffffff00","curve":[0.309,0,0.644,0.35]},{"time":0.0667,"color":"ffffff0e","curve":[0.316,0.23,0.65,0.57]},{"time":0.1333,"color":"ffffff2a","curve":[0.321,0.28,0.655,0.62]},{"time":0.2,"color":"ffffff5a","curve":[0.325,0.3,0.659,0.64]},{"time":0.2667,"color":"ffffff72","curve":[0.328,0.32,0.662,0.65]},{"time":0.3333,"color":"ffffffc4","curve":[0.331,0.33,0.666,0.66]},{"time":0.4,"color":"ffffffc0","curve":[0.316,0,0.65,0.35]},{"time":0.4667,"color":"fffffff6","curve":[0.32,0.23,0.654,0.57]},{"time":0.5333,"color":"ffffffb8","curve":[0.322,0.28,0.656,0.61]},{"time":0.6,"color":"ffffffd0","curve":[0.324,0.3,0.658,0.63]},{"time":1,"color":"ffffff00"}],"attachment":[{"time":0,"name":"mlsd_wphbhblizi"},{"time":1,"name":null}]},"mlsd_wphbhblizi12":{"color":[{"time":0,"color":"ffffff88","curve":[0.326,0.31,0.66,0.64]},{"time":0.0667,"color":"ffffff94","curve":[0.328,0.32,0.662,0.65]},{"time":0.1333,"color":"ffffff5c","curve":[0.33,0.32,0.663,0.66]},{"time":0.2,"color":"ffffff4c","curve":[0.331,0.33,0.665,0.66]},{"time":0.2667,"color":"ffffff24","curve":[0.332,0.33,0.666,0.67]},{"time":0.3333,"color":"ffffff00","curve":[0.309,0,0.644,0.35]},{"time":0.4,"color":"ffffff0e","curve":[0.316,0.23,0.65,0.57]},{"time":0.4667,"color":"ffffff2a","curve":[0.321,0.28,0.655,0.62]},{"time":0.5333,"color":"ffffff5a","curve":[0.325,0.3,0.659,0.64]},{"time":0.6,"color":"ffffff72","curve":[0.328,0.32,0.662,0.65]},{"time":1,"color":"ffffff00"}],"attachment":[{"time":0,"name":"mlsd_wphbhblizi"},{"time":1,"name":null}]},"mlsd_wphbhblizi13":{"color":[{"time":0,"color":"ffffffc4","curve":[0.331,0.33,0.666,0.66]},{"time":0.0667,"color":"ffffffc0","curve":[0.316,0,0.65,0.35]},{"time":0.1333,"color":"fffffff6","curve":[0.32,0.23,0.654,0.57]},{"time":0.2,"color":"ffffffb8","curve":[0.322,0.28,0.656,0.61]},{"time":0.2667,"color":"ffffffd0","curve":[0.324,0.3,0.658,0.63]},{"time":0.3333,"color":"ffffff88","curve":[0.326,0.31,0.66,0.64]},{"time":0.4,"color":"ffffff94","curve":[0.328,0.32,0.662,0.65]},{"time":0.4667,"color":"ffffff5c","curve":[0.33,0.32,0.663,0.66]},{"time":0.5333,"color":"ffffff4c","curve":[0.331,0.33,0.665,0.66]},{"time":0.6,"color":"ffffff24","curve":[0.332,0.33,0.666,0.67]},{"time":0.6667,"color":"ffffff00","curve":"stepped"},{"time":1,"color":"ffffff00"}],"attachment":[{"time":0,"name":"mlsd_wphbhblizi"},{"time":1,"name":null}]},"mlsd_wphbhblizi14":{"color":[{"time":0,"color":"ffffff54","curve":[0.332,0.33,0.665,0.66]},{"time":0.0333,"color":"ffffff4c","curve":[0.331,0.33,0.665,0.66]},{"time":0.1,"color":"ffffff24","curve":[0.332,0.33,0.666,0.67]},{"time":0.1667,"color":"ffffff00","curve":[0.309,0,0.644,0.35]},{"time":0.2333,"color":"ffffff0e","curve":[0.316,0.23,0.65,0.57]},{"time":0.3,"color":"ffffff2a","curve":[0.321,0.28,0.655,0.62]},{"time":0.3667,"color":"ffffff5a","curve":[0.325,0.3,0.659,0.64]},{"time":0.4333,"color":"ffffff72","curve":[0.328,0.32,0.662,0.65]},{"time":0.5,"color":"ffffffc4","curve":[0.331,0.33,0.666,0.66]},{"time":0.5667,"color":"ffffffc0","curve":[0.324,0,0.658,0.34]},{"time":0.6,"color":"ffffffce","curve":[0.325,0.23,0.659,0.56]},{"time":1,"color":"ffffff00"}],"attachment":[{"time":0,"name":"mlsd_wphbhblizi"},{"time":1,"name":null}]},"mlsd_wphbhblizi15":{"color":[{"time":0,"color":"ffffffda","curve":[0.327,0.29,0.66,0.62]},{"time":0.0333,"color":"ffffffb8","curve":[0.322,0.28,0.656,0.61]},{"time":0.1,"color":"ffffffd0","curve":[0.324,0.3,0.658,0.63]},{"time":0.1667,"color":"ffffff88","curve":[0.326,0.31,0.66,0.64]},{"time":0.2333,"color":"ffffff94","curve":[0.328,0.32,0.662,0.65]},{"time":0.3,"color":"ffffff5c","curve":[0.33,0.32,0.663,0.66]},{"time":0.3667,"color":"ffffff4c","curve":[0.331,0.33,0.665,0.66]},{"time":0.4333,"color":"ffffff24","curve":[0.332,0.33,0.666,0.67]},{"time":0.5,"color":"ffffff00","curve":"stepped"},{"time":1,"color":"ffffff00"}],"attachment":[{"time":0,"name":"mlsd_wphbhblizi"},{"time":1,"name":null}]},"mlsd_wphbhblizi16":{"color":[{"time":0,"color":"ffffff40","curve":[0.328,0.31,0.661,0.65]},{"time":0.0333,"color":"ffffff5a","curve":[0.325,0.3,0.659,0.64]},{"time":0.1,"color":"ffffff72","curve":[0.328,0.32,0.662,0.65]},{"time":0.1667,"color":"ffffffc4","curve":[0.331,0.33,0.666,0.66]},{"time":0.2333,"color":"ffffffc0","curve":[0.316,0,0.65,0.35]},{"time":0.3,"color":"fffffff6","curve":[0.32,0.23,0.654,0.57]},{"time":0.3667,"color":"ffffffb8","curve":[0.322,0.28,0.656,0.61]},{"time":0.4333,"color":"ffffffd0","curve":[0.324,0.3,0.658,0.63]},{"time":0.5,"color":"ffffff88","curve":[0.326,0.31,0.66,0.64]},{"time":0.5667,"color":"ffffff94","curve":[0.331,0.32,0.664,0.66]},{"time":0.6,"color":"ffffff78","curve":[0.331,0.33,0.664,0.66]},{"time":0.8333,"color":"ffffff00","curve":"stepped"},{"time":1,"color":"ffffff00"}],"attachment":[{"time":0,"name":"mlsd_wphbhblizi"},{"time":1,"name":null}]},"mlsd_wphbhblizi17":{"color":[{"time":0,"color":"ffffff24","curve":[0.332,0.33,0.666,0.67]},{"time":0.0667,"color":"ffffff00","curve":[0.309,0,0.644,0.35]},{"time":0.1333,"color":"ffffff0e","curve":[0.316,0.23,0.65,0.57]},{"time":0.2,"color":"ffffff2a","curve":[0.321,0.28,0.655,0.62]},{"time":0.2667,"color":"ffffff5a","curve":[0.325,0.3,0.659,0.64]},{"time":0.3333,"color":"ffffff72","curve":[0.328,0.32,0.662,0.65]},{"time":0.4,"color":"ffffffc4","curve":[0.331,0.33,0.666,0.66]},{"time":0.4667,"color":"ffffffc0","curve":[0.316,0,0.65,0.35]},{"time":0.5333,"color":"fffffff6","curve":[0.32,0.23,0.654,0.57]},{"time":0.6,"color":"ffffffb8","curve":[0.322,0.28,0.656,0.61]},{"time":1,"color":"ffffff00"}],"attachment":[{"time":0,"name":"mlsd_wphbhblizi"},{"time":1,"name":null}]},"mlsd_wphbhblizi18":{"color":[{"time":0,"color":"ffffff0e","curve":[0.316,0.23,0.65,0.57]},{"time":0.0667,"color":"ffffff2a","curve":[0.321,0.28,0.655,0.62]},{"time":0.1333,"color":"ffffff5a","curve":[0.325,0.3,0.659,0.64]},{"time":0.2,"color":"ffffff72","curve":[0.328,0.32,0.662,0.65]},{"time":0.2667,"color":"ffffffc4","curve":[0.331,0.33,0.666,0.66]},{"time":0.3333,"color":"ffffffc0","curve":[0.316,0,0.65,0.35]},{"time":0.4,"color":"fffffff6","curve":[0.32,0.23,0.654,0.57]},{"time":0.4667,"color":"ffffffb8","curve":[0.322,0.28,0.656,0.61]},{"time":0.5333,"color":"ffffffd0","curve":[0.324,0.3,0.658,0.63]},{"time":0.6,"color":"ffffff88","curve":[0.326,0.31,0.66,0.64]},{"time":0.9333,"color":"ffffff00","curve":"stepped"},{"time":1,"color":"ffffff00"}],"attachment":[{"time":0,"name":"mlsd_wphbhblizi"},{"time":1,"name":null}]},"mlsd_wphbhblizi19":{"color":[{"time":0,"color":"ffffffd0","curve":[0.324,0.3,0.658,0.63]},{"time":0.0667,"color":"ffffff88","curve":[0.326,0.31,0.66,0.64]},{"time":0.1333,"color":"ffffff94","curve":[0.328,0.32,0.662,0.65]},{"time":0.2,"color":"ffffff5c","curve":[0.33,0.32,0.663,0.66]},{"time":0.2667,"color":"ffffff4c","curve":[0.331,0.33,0.665,0.66]},{"time":0.3333,"color":"ffffff24","curve":[0.332,0.33,0.666,0.67]},{"time":0.4,"color":"ffffff00","curve":"stepped"},{"time":1,"color":"ffffff00"}],"attachment":[{"time":0,"name":"mlsd_wphbhblizi"},{"time":1,"name":null}]},"mlsd_wphbhblizi20":{"color":[{"time":0,"color":"ffffff72","curve":[0.328,0.32,0.662,0.65]},{"time":0.0667,"color":"ffffffc4","curve":[0.331,0.33,0.666,0.66]},{"time":0.1333,"color":"ffffffc0","curve":[0.316,0,0.65,0.35]},{"time":0.2,"color":"fffffff6","curve":[0.32,0.23,0.654,0.57]},{"time":0.2667,"color":"ffffffb8","curve":[0.322,0.28,0.656,0.61]},{"time":0.3333,"color":"ffffffd0","curve":[0.324,0.3,0.658,0.63]},{"time":0.4,"color":"ffffff88","curve":[0.326,0.31,0.66,0.64]},{"time":0.4667,"color":"ffffff94","curve":[0.328,0.32,0.662,0.65]},{"time":0.5333,"color":"ffffff5c","curve":[0.33,0.32,0.663,0.66]},{"time":0.6,"color":"ffffff4c","curve":[0.331,0.33,0.665,0.66]},{"time":0.7333,"color":"ffffff00","curve":"stepped"},{"time":1,"color":"ffffff00"}],"attachment":[{"time":0,"name":"mlsd_wphbhblizi"},{"time":1,"name":null}]},"mlxc_yxwp_hy0":{"color":[{"time":0,"color":"ffffffff","curve":"stepped"},{"time":1,"color":"ffffffff"}],"attachment":[{"time":0,"name":null},{"time":1,"name":null}]},"mlxc_yxwpg":{"color":[{"time":0,"color":"ffffffff","curve":"stepped"},{"time":1,"color":"ffffffff"}],"attachment":[{"time":0,"name":null},{"time":1,"name":null}]},"mlxc_yxwpgx":{"color":[{"time":0,"color":"ffffffff","curve":"stepped"},{"time":1,"color":"ffffffff"}],"attachment":[{"time":0,"name":null},{"time":1,"name":null}]},"mlxc_yxwpgx2":{"color":[{"time":0,"color":"ffffff63","curve":"stepped"},{"time":1,"color":"ffffff63"}]}},"bones":{"mlsd_wphbhb":{"rotate":[{"time":0,"angle":0,"curve":"stepped"},{"time":1,"angle":0}],"translate":[{"time":0,"x":0,"y":0,"curve":"stepped"},{"time":1,"x":0,"y":0}],"scale":[{"time":0,"x":1,"y":1,"curve":"stepped"},{"time":1,"x":1,"y":1}]},"scale":{"rotate":[{"time":0,"angle":0,"curve":"stepped"},{"time":1,"angle":0}],"translate":[{"time":0,"x":0,"y":0,"curve":"stepped"},{"time":1,"x":0,"y":0}],"scale":[{"time":0,"x":1,"y":1,"curve":[0.25,0,0.75,1]},{"time":0.0667,"x":1.1,"y":0.9,"curve":[0.25,0,0.75,1]},{"time":0.2,"x":0.95,"y":1.05,"curve":[0.25,0,0.75,1]},{"time":0.3333,"x":1.04,"y":0.96,"curve":[0.25,0,0.75,1]},{"time":0.4667,"x":1,"y":1,"curve":"stepped"},{"time":1,"x":1,"y":1}]},"mlsd_wphbhbnumber":{"rotate":[{"time":0,"angle":0,"curve":"stepped"},{"time":1,"angle":0}],"translate":[{"time":0,"x":0,"y":65,"curve":[0.311,0.8,0.582,1]},{"time":1,"x":0,"y":165}],"scale":[{"time":0,"x":1,"y":1,"curve":"stepped"},{"time":1,"x":1,"y":1}]},"mlsd_wphbhblizi5":{"rotate":[{"time":0,"angle":0,"curve":"stepped"},{"time":1,"angle":0}],"translate":[{"time":0,"x":0,"y":0,"curve":"stepped"},{"time":1,"x":0,"y":0}],"scale":[{"time":0,"x":1.17,"y":1.17},{"time":0.4667,"x":2.262,"y":2.262,"curve":"stepped"},{"time":0.5,"x":0,"y":0},{"time":1,"x":1.17,"y":1.17}]},"mlsd_wphbhblizi4":{"rotate":[{"time":0,"angle":0,"curve":"stepped"},{"time":1,"angle":0}],"translate":[{"time":0,"x":0,"y":0,"curve":"stepped"},{"time":1,"x":0,"y":0}],"scale":[{"time":0,"x":1.95,"y":1.95},{"time":0.1333,"x":2.262,"y":2.262,"curve":"stepped"},{"time":0.1667,"x":0,"y":0},{"time":1,"x":1.95,"y":1.95}]},"mlsd_wphbhblizi10":{"rotate":[{"time":0,"angle":0,"curve":"stepped"},{"time":1,"angle":0}],"translate":[{"time":0,"x":0,"y":0,"curve":"stepped"},{"time":1,"x":0,"y":0}],"scale":[{"time":0,"x":0.487,"y":0.487},{"time":0.7,"x":1.765,"y":1.765,"curve":"stepped"},{"time":1,"x":0.487,"y":0.487}]},"mlsd_wphbhblizi2":{"rotate":[{"time":0,"angle":0,"curve":"stepped"},{"time":1,"angle":0}],"translate":[{"time":0,"x":0,"y":0,"curve":"stepped"},{"time":1,"x":0,"y":0}],"scale":[{"time":0,"x":1.47,"y":1.47},{"time":0.3,"x":2.131,"y":2.131,"curve":"stepped"},{"time":0.3333,"x":0,"y":0},{"time":1,"x":1.47,"y":1.47}]},"mlsd_wphbhblizi9":{"rotate":[{"time":0,"angle":0,"curve":"stepped"},{"time":1,"angle":0}],"translate":[{"time":0,"x":0,"y":0,"curve":"stepped"},{"time":1,"x":0,"y":0}],"scale":[{"time":0,"x":1.404,"y":1.404},{"time":0.3667,"x":2.262,"y":2.262,"curve":"stepped"},{"time":0.4,"x":0,"y":0},{"time":1,"x":1.404,"y":1.404}]},"mlsd_wphbhblizi7":{"rotate":[{"time":0,"angle":0,"curve":"stepped"},{"time":1,"angle":0}],"translate":[{"time":0,"x":0,"y":0,"curve":"stepped"},{"time":1,"x":0,"y":0}],"scale":[{"time":0,"x":2.184,"y":2.184},{"time":0.0333,"x":2.262,"y":2.262,"curve":"stepped"},{"time":0.0667,"x":0,"y":0},{"time":1,"x":2.184,"y":2.184}]},"mlsd_wphbhblizi6":{"rotate":[{"time":0,"angle":0,"curve":"stepped"},{"time":1,"angle":0}],"translate":[{"time":0,"x":0,"y":0,"curve":"stepped"},{"time":1,"x":0,"y":0}],"scale":[{"time":0,"x":0.39,"y":0.39},{"time":0.8,"x":2.262,"y":2.262,"curve":"stepped"},{"time":0.8333,"x":0,"y":0},{"time":1,"x":0.39,"y":0.39}]},"mlsd_wphbhblizi8":{"rotate":[{"time":0,"angle":0,"curve":"stepped"},{"time":1,"angle":0}],"translate":[{"time":0,"x":0,"y":0,"curve":"stepped"},{"time":1,"x":0,"y":0}],"scale":[{"time":0,"x":0.156,"y":0.156},{"time":0.9,"x":2.262,"y":2.262,"curve":"stepped"},{"time":1,"x":0.156,"y":0.156}]},"mlsd_wphbhblizi3":{"rotate":[{"time":0,"angle":0,"curve":"stepped"},{"time":1,"angle":0}],"translate":[{"time":0,"x":0,"y":0,"curve":"stepped"},{"time":1,"x":0,"y":0}],"scale":[{"time":0,"x":0.644,"y":0.644},{"time":0.6333,"x":1.868,"y":1.868,"curve":"stepped"},{"time":0.6667,"x":0,"y":0},{"time":1,"x":0.644,"y":0.644}]},"mlsd_wphbhblizi":{"rotate":[{"time":0,"angle":0,"curve":"stepped"},{"time":1,"angle":0}],"translate":[{"time":0,"x":0,"y":0,"curve":"stepped"},{"time":1,"x":0,"y":0}],"scale":[{"time":0,"x":0,"y":0},{"time":0.9667,"x":1.765,"y":1.765,"curve":"stepped"},{"time":1,"x":0,"y":0}]},"mlsd_wphbhblizi17":{"rotate":[{"time":0,"angle":0,"curve":"stepped"},{"time":1,"angle":0}],"translate":[{"time":0,"x":0,"y":0,"curve":[0.156,0.6,0.462,0.9]},{"time":1,"x":-151.74,"y":32.01}],"scale":[{"time":0,"x":2.184,"y":2.184},{"time":0.0333,"x":2.262,"y":2.262,"curve":"stepped"},{"time":0.0667,"x":0,"y":0},{"time":1,"x":2.184,"y":2.184}]},"mlsd_wphbhblizi12":{"rotate":[{"time":0,"angle":0,"curve":"stepped"},{"time":1,"angle":0}],"translate":[{"time":0,"x":0,"y":0,"curve":[0.156,0.6,0.462,0.9]},{"time":1,"x":8.92,"y":134}],"scale":[{"time":0,"x":1.47,"y":1.47},{"time":0.3,"x":2.131,"y":2.131,"curve":"stepped"},{"time":0.3333,"x":0,"y":0},{"time":1,"x":1.47,"y":1.47}]},"mlsd_wphbhblizi18":{"rotate":[{"time":0,"angle":0,"curve":"stepped"},{"time":1,"angle":0}],"translate":[{"time":0,"x":0,"y":0,"curve":[0.156,0.6,0.462,0.9]},{"time":1,"x":97.15,"y":105.16}],"scale":[{"time":0,"x":0.156,"y":0.156},{"time":0.9,"x":2.262,"y":2.262,"curve":"stepped"},{"time":0.9333,"x":0,"y":0},{"time":1,"x":0.156,"y":0.156}]},"mlsd_wphbhblizi13":{"rotate":[{"time":0,"angle":0,"curve":"stepped"},{"time":1,"angle":0}],"translate":[{"time":0,"x":0,"y":0,"curve":[0.156,0.6,0.462,0.9]},{"time":1,"x":143.83,"y":-62.69}],"scale":[{"time":0,"x":0.644,"y":0.644},{"time":0.6333,"x":1.868,"y":1.868,"curve":"stepped"},{"time":0.6667,"x":0,"y":0},{"time":1,"x":0.644,"y":0.644}]},"mlsd_wphbhblizi16":{"rotate":[{"time":0,"angle":0,"curve":"stepped"},{"time":1,"angle":0}],"translate":[{"time":0,"x":0,"y":0,"curve":[0.156,0.6,0.462,0.9]},{"time":1,"x":98.61,"y":-97.9}],"scale":[{"time":0,"x":0.39,"y":0.39},{"time":0.8,"x":2.262,"y":2.262,"curve":"stepped"},{"time":0.8333,"x":0,"y":0},{"time":1,"x":0.39,"y":0.39}]},"mlsd_wphbhblizi20":{"rotate":[{"time":0,"angle":0,"curve":"stepped"},{"time":1,"angle":0}],"translate":[{"time":0,"x":0,"y":0,"curve":[0.156,0.6,0.462,0.9]},{"time":1,"x":-148.46,"y":-50.49}],"scale":[{"time":0,"x":0.487,"y":0.487},{"time":0.7,"x":1.765,"y":1.765,"curve":"stepped"},{"time":0.7333,"x":0,"y":0},{"time":1,"x":0.487,"y":0.487}]},"mlsd_wphbhblizi19":{"rotate":[{"time":0,"angle":0,"curve":"stepped"},{"time":1,"angle":0}],"translate":[{"time":0,"x":0,"y":0,"curve":[0.156,0.6,0.462,0.9]},{"time":1,"x":-99.65,"y":-106.02}],"scale":[{"time":0,"x":1.404,"y":1.404},{"time":0.3667,"x":2.262,"y":2.262,"curve":"stepped"},{"time":0.4,"x":0,"y":0},{"time":1,"x":1.404,"y":1.404}]},"mlsd_wphbhblizi14":{"rotate":[{"time":0,"angle":0,"curve":"stepped"},{"time":1,"angle":0}],"translate":[{"time":0,"x":0,"y":0,"curve":[0.156,0.6,0.462,0.9]},{"time":1,"x":-26.47,"y":-109.1}],"scale":[{"time":0,"x":1.95,"y":1.95},{"time":0.1333,"x":2.262,"y":2.262,"curve":"stepped"},{"time":0.1667,"x":0,"y":0},{"time":1,"x":1.95,"y":1.95}]},"mlsd_wphbhblizi15":{"rotate":[{"time":0,"angle":0,"curve":"stepped"},{"time":1,"angle":0}],"translate":[{"time":0,"x":0,"y":0,"curve":[0.156,0.6,0.462,0.9]},{"time":1,"x":171.39,"y":15.84}],"scale":[{"time":0,"x":1.17,"y":1.17},{"time":0.4667,"x":2.262,"y":2.262,"curve":"stepped"},{"time":0.5,"x":0,"y":0},{"time":1,"x":1.17,"y":1.17}]},"mlsd_wphbhblizi11":{"rotate":[{"time":0,"angle":0,"curve":"stepped"},{"time":1,"angle":0}],"translate":[{"time":0,"x":0,"y":0,"curve":[0.156,0.6,0.462,0.9]},{"time":1,"x":-105.54,"y":110.22}],"scale":[{"time":0,"x":0,"y":0},{"time":0.9667,"x":1.765,"y":1.765,"curve":"stepped"},{"time":1,"x":0,"y":0}]},"yg":{"rotate":[{"time":0,"angle":0,"curve":"stepped"},{"time":1,"angle":0}],"translate":[{"time":0,"x":0,"y":0,"curve":"stepped"},{"time":1,"x":0,"y":0}],"scale":[{"time":0,"x":1,"y":1,"curve":"stepped"},{"time":1,"x":1,"y":1}]},"mlxc_yxwpgx":{"rotate":[{"time":0,"angle":0,"curve":"stepped"},{"time":1,"angle":0}],"translate":[{"time":0,"x":0,"y":0,"curve":"stepped"},{"time":1,"x":0,"y":0}],"scale":[{"time":0,"x":1,"y":1,"curve":"stepped"},{"time":1,"x":1,"y":1}]},"root":{"rotate":[{"time":0,"angle":0,"curve":"stepped"},{"time":1,"angle":0}],"translate":[{"time":0,"x":0,"y":0,"curve":"stepped"},{"time":1,"x":0,"y":0}],"scale":[{"time":0,"x":1,"y":1,"curve":"stepped"},{"time":1,"x":1,"y":1}]},"hip":{"rotate":[{"time":0,"angle":0,"curve":"stepped"},{"time":1,"angle":0}],"translate":[{"time":0,"x":0,"y":0,"curve":"stepped"},{"time":1,"x":0,"y":0}],"scale":[{"time":0,"x":1,"y":1,"curve":"stepped"},{"time":1,"x":1,"y":1}]}}},"idle":{"slots":{"mlsd_wphbhb":{"color":[{"time":0,"color":"fffffffe","curve":"stepped"},{"time":1.2,"color":"fffffffe"}],"attachment":[{"time":0,"name":"mlxc_yxwp"},{"time":1.2,"name":"mlxc_yxwp"}]},"mlsd_wphbhblizi":{"color":[{"time":0,"color":"ffffff00","curve":[0.309,0,0.644,0.35]},{"time":0.0667,"color":"ffffff0c","curve":[0.316,0.23,0.65,0.57]},{"time":0.1667,"color":"ffffff28","curve":[0.321,0.28,0.655,0.62]},{"time":0.2333,"color":"ffffff58","curve":[0.325,0.3,0.659,0.64]},{"time":0.3333,"color":"ffffff72","curve":[0.328,0.32,0.662,0.65]},{"time":0.4,"color":"ffffffc4","curve":[0.331,0.33,0.666,0.66]},{"time":0.4667,"color":"ffffffc0","curve":[0.316,0,0.65,0.35]},{"time":0.5667,"color":"fffffff6","curve":[0.32,0.23,0.654,0.57]},{"time":0.6333,"color":"ffffffb8","curve":[0.322,0.28,0.656,0.61]},{"time":0.7333,"color":"ffffffd0","curve":[0.324,0.3,0.658,0.63]},{"time":0.8,"color":"ffffff88","curve":[0.326,0.31,0.66,0.64]},{"time":0.8667,"color":"ffffff94","curve":[0.328,0.32,0.662,0.65]},{"time":0.9667,"color":"ffffff5c","curve":[0.33,0.32,0.663,0.66]},{"time":1.0333,"color":"ffffff4c","curve":[0.331,0.33,0.665,0.66]},{"time":1.1333,"color":"ffffff24","curve":[0.332,0.33,0.666,0.67]},{"time":1.2,"color":"ffffff00"}],"attachment":[{"time":0,"name":"mlsd_wphbhblizi"},{"time":1.2,"name":"mlsd_wphbhblizi"}]},"mlsd_wphbhblizi2":{"color":[{"time":0,"color":"ffffff88","curve":[0.326,0.31,0.66,0.64]},{"time":0.0667,"color":"ffffff94","curve":[0.328,0.32,0.662,0.65]},{"time":0.1667,"color":"ffffff5c","curve":[0.33,0.32,0.663,0.66]},{"time":0.2333,"color":"ffffff4c","curve":[0.331,0.33,0.665,0.66]},{"time":0.3333,"color":"ffffff24","curve":[0.332,0.33,0.666,0.67]},{"time":0.4,"color":"ffffff00","curve":[0.309,0,0.644,0.35]},{"time":0.4667,"color":"ffffff0e","curve":[0.316,0.23,0.65,0.57]},{"time":0.5667,"color":"ffffff2a","curve":[0.321,0.28,0.655,0.62]},{"time":0.6333,"color":"ffffff5a","curve":[0.325,0.3,0.659,0.64]},{"time":0.7333,"color":"ffffff72","curve":[0.328,0.32,0.662,0.65]},{"time":0.8,"color":"ffffffc4","curve":[0.331,0.33,0.666,0.66]},{"time":0.8667,"color":"ffffffc0","curve":[0.316,0,0.65,0.35]},{"time":0.9667,"color":"fffffff6","curve":[0.32,0.23,0.654,0.57]},{"time":1.0333,"color":"ffffffb8","curve":[0.322,0.28,0.656,0.61]},{"time":1.1333,"color":"ffffffd0","curve":[0.324,0.3,0.658,0.63]},{"time":1.2,"color":"ffffff88"}],"attachment":[{"time":0,"name":"mlsd_wphbhblizi"},{"time":1.2,"name":"mlsd_wphbhblizi"}]},"mlsd_wphbhblizi3":{"color":[{"time":0,"color":"ffffffc4","curve":[0.331,0.33,0.666,0.66]},{"time":0.0667,"color":"ffffffc0","curve":[0.316,0,0.65,0.35]},{"time":0.1667,"color":"fffffff6","curve":[0.32,0.23,0.654,0.57]},{"time":0.2333,"color":"ffffffb8","curve":[0.322,0.28,0.656,0.61]},{"time":0.3333,"color":"ffffffd0","curve":[0.324,0.3,0.658,0.63]},{"time":0.4,"color":"ffffff88","curve":[0.326,0.31,0.66,0.64]},{"time":0.4667,"color":"ffffff94","curve":[0.328,0.32,0.662,0.65]},{"time":0.5667,"color":"ffffff5c","curve":[0.33,0.32,0.663,0.66]},{"time":0.6333,"color":"ffffff4c","curve":[0.331,0.33,0.665,0.66]},{"time":0.7333,"color":"ffffff24","curve":[0.332,0.33,0.666,0.67]},{"time":0.8,"color":"ffffff00","curve":[0.309,0,0.644,0.35]},{"time":0.8667,"color":"ffffff0e","curve":[0.316,0.23,0.65,0.57]},{"time":0.9667,"color":"ffffff2a","curve":[0.321,0.28,0.655,0.62]},{"time":1.0333,"color":"ffffff5a","curve":[0.325,0.3,0.659,0.64]},{"time":1.1333,"color":"ffffff72","curve":[0.328,0.32,0.662,0.65]},{"time":1.2,"color":"ffffffc4"}],"attachment":[{"time":0,"name":"mlsd_wphbhblizi"},{"time":1.2,"name":"mlsd_wphbhblizi"}]},"mlsd_wphbhblizi4":{"color":[{"time":0,"color":"ffffff54","curve":[0.332,0.33,0.665,0.66]},{"time":0.0333,"color":"ffffff4c","curve":[0.331,0.33,0.665,0.66]},{"time":0.1333,"color":"ffffff24","curve":[0.332,0.33,0.666,0.67]},{"time":0.2,"color":"ffffff00","curve":[0.309,0,0.644,0.35]},{"time":0.2667,"color":"ffffff0e","curve":[0.316,0.23,0.65,0.57]},{"time":0.3667,"color":"ffffff2a","curve":[0.321,0.28,0.655,0.62]},{"time":0.4333,"color":"ffffff5a","curve":[0.325,0.3,0.659,0.64]},{"time":0.5333,"color":"ffffff72","curve":[0.328,0.32,0.662,0.65]},{"time":0.6,"color":"ffffffc4","curve":[0.331,0.33,0.666,0.66]},{"time":0.6667,"color":"ffffffc0","curve":[0.316,0,0.65,0.35]},{"time":0.7667,"color":"fffffff6","curve":[0.32,0.23,0.654,0.57]},{"time":0.8333,"color":"ffffffb8","curve":[0.322,0.28,0.656,0.61]},{"time":0.9333,"color":"ffffffd0","curve":[0.324,0.3,0.658,0.63]},{"time":1,"color":"ffffff88","curve":[0.326,0.31,0.66,0.64]},{"time":1.0667,"color":"ffffff94","curve":[0.328,0.32,0.662,0.65]},{"time":1.1667,"color":"ffffff5c","curve":[0.331,0.33,0.665,0.66]},{"time":1.2,"color":"ffffff54"}],"attachment":[{"time":0,"name":"mlsd_wphbhblizi"},{"time":1.2,"name":"mlsd_wphbhblizi"}]},"mlsd_wphbhblizi5":{"color":[{"time":0,"color":"ffffffda","curve":[0.327,0.29,0.66,0.62]},{"time":0.0333,"color":"ffffffb8","curve":[0.322,0.28,0.656,0.61]},{"time":0.1333,"color":"ffffffd0","curve":[0.324,0.3,0.658,0.63]},{"time":0.2,"color":"ffffff88","curve":[0.326,0.31,0.66,0.64]},{"time":0.2667,"color":"ffffff94","curve":[0.328,0.32,0.662,0.65]},{"time":0.3667,"color":"ffffff5c","curve":[0.33,0.32,0.663,0.66]},{"time":0.4333,"color":"ffffff4c","curve":[0.331,0.33,0.665,0.66]},{"time":0.5333,"color":"ffffff24","curve":[0.332,0.33,0.666,0.67]},{"time":0.6,"color":"ffffff00","curve":[0.309,0,0.644,0.35]},{"time":0.6667,"color":"ffffff0e","curve":[0.316,0.23,0.65,0.57]},{"time":0.7667,"color":"ffffff2a","curve":[0.321,0.28,0.655,0.62]},{"time":0.8333,"color":"ffffff5a","curve":[0.325,0.3,0.659,0.64]},{"time":0.9333,"color":"ffffff72","curve":[0.328,0.32,0.662,0.65]},{"time":1,"color":"ffffffc4","curve":[0.331,0.33,0.666,0.66]},{"time":1.0667,"color":"ffffffc0","curve":[0.316,0,0.65,0.35]},{"time":1.1667,"color":"fffffff6","curve":[0.326,0.27,0.66,0.61]},{"time":1.2,"color":"ffffffda"}],"attachment":[{"time":0,"name":"mlsd_wphbhblizi"},{"time":1.2,"name":"mlsd_wphbhblizi"}]},"mlsd_wphbhblizi6":{"color":[{"time":0,"color":"ffffff40","curve":[0.328,0.31,0.661,0.65]},{"time":0.0333,"color":"ffffff5a","curve":[0.325,0.3,0.659,0.64]},{"time":0.1333,"color":"ffffff72","curve":[0.328,0.32,0.662,0.65]},{"time":0.2,"color":"ffffffc4","curve":[0.331,0.33,0.666,0.66]},{"time":0.2667,"color":"ffffffc0","curve":[0.316,0,0.65,0.35]},{"time":0.3667,"color":"fffffff6","curve":[0.32,0.23,0.654,0.57]},{"time":0.4333,"color":"ffffffb8","curve":[0.322,0.28,0.656,0.61]},{"time":0.5333,"color":"ffffffd0","curve":[0.324,0.3,0.658,0.63]},{"time":0.6,"color":"ffffff88","curve":[0.326,0.31,0.66,0.64]},{"time":0.6667,"color":"ffffff94","curve":[0.328,0.32,0.662,0.65]},{"time":0.7667,"color":"ffffff5c","curve":[0.33,0.32,0.663,0.66]},{"time":0.8333,"color":"ffffff4c","curve":[0.331,0.33,0.665,0.66]},{"time":0.9333,"color":"ffffff24","curve":[0.332,0.33,0.666,0.67]},{"time":1,"color":"ffffff00","curve":[0.309,0,0.644,0.35]},{"time":1.0667,"color":"ffffff0e","curve":[0.316,0.23,0.65,0.57]},{"time":1.1667,"color":"ffffff2a","curve":[0.327,0.3,0.66,0.64]},{"time":1.2,"color":"ffffff40"}],"attachment":[{"time":0,"name":"mlsd_wphbhblizi"},{"time":1.2,"name":"mlsd_wphbhblizi"}]},"mlsd_wphbhblizi7":{"color":[{"time":0,"color":"ffffff24","curve":[0.332,0.33,0.666,0.67]},{"time":0.0667,"color":"ffffff00","curve":[0.309,0,0.644,0.35]},{"time":0.1667,"color":"ffffff0e","curve":[0.316,0.23,0.65,0.57]},{"time":0.2333,"color":"ffffff2a","curve":[0.321,0.28,0.655,0.62]},{"time":0.3333,"color":"ffffff5a","curve":[0.325,0.3,0.659,0.64]},{"time":0.4,"color":"ffffff72","curve":[0.328,0.32,0.662,0.65]},{"time":0.4667,"color":"ffffffc4","curve":[0.331,0.33,0.666,0.66]},{"time":0.5667,"color":"ffffffc0","curve":[0.316,0,0.65,0.35]},{"time":0.6333,"color":"fffffff6","curve":[0.32,0.23,0.654,0.57]},{"time":0.7333,"color":"ffffffb8","curve":[0.322,0.28,0.656,0.61]},{"time":0.8,"color":"ffffffd0","curve":[0.324,0.3,0.658,0.63]},{"time":0.8667,"color":"ffffff88","curve":[0.326,0.31,0.66,0.64]},{"time":0.9667,"color":"ffffff94","curve":[0.328,0.32,0.662,0.65]},{"time":1.0333,"color":"ffffff5c","curve":[0.33,0.32,0.663,0.66]},{"time":1.1333,"color":"ffffff4c","curve":[0.331,0.33,0.665,0.66]},{"time":1.2,"color":"ffffff24"}],"attachment":[{"time":0,"name":"mlsd_wphbhblizi"},{"time":1.2,"name":"mlsd_wphbhblizi"}]},"mlsd_wphbhblizi8":{"color":[{"time":0,"color":"ffffff0e","curve":[0.316,0.23,0.65,0.57]},{"time":0.0667,"color":"ffffff2a","curve":[0.321,0.28,0.655,0.62]},{"time":0.1667,"color":"ffffff5a","curve":[0.325,0.3,0.659,0.64]},{"time":0.2333,"color":"ffffff72","curve":[0.328,0.32,0.662,0.65]},{"time":0.3333,"color":"ffffffc4","curve":[0.331,0.33,0.666,0.66]},{"time":0.4,"color":"ffffffc0","curve":[0.316,0,0.65,0.35]},{"time":0.4667,"color":"fffffff6","curve":[0.32,0.23,0.654,0.57]},{"time":0.5667,"color":"ffffffb8","curve":[0.322,0.28,0.656,0.61]},{"time":0.6333,"color":"ffffffd0","curve":[0.324,0.3,0.658,0.63]},{"time":0.7333,"color":"ffffff88","curve":[0.326,0.31,0.66,0.64]},{"time":0.8,"color":"ffffff94","curve":[0.328,0.32,0.662,0.65]},{"time":0.8667,"color":"ffffff5c","curve":[0.33,0.32,0.663,0.66]},{"time":0.9667,"color":"ffffff4c","curve":[0.331,0.33,0.665,0.66]},{"time":1.0333,"color":"ffffff24","curve":[0.332,0.33,0.666,0.67]},{"time":1.1333,"color":"ffffff00","curve":[0.309,0,0.644,0.35]},{"time":1.2,"color":"ffffff0e"}],"attachment":[{"time":0,"name":"mlsd_wphbhblizi"},{"time":1.2,"name":"mlsd_wphbhblizi"}]},"mlsd_wphbhblizi9":{"color":[{"time":0,"color":"ffffffd0","curve":[0.324,0.3,0.658,0.63]},{"time":0.0667,"color":"ffffff88","curve":[0.326,0.31,0.66,0.64]},{"time":0.1667,"color":"ffffff94","curve":[0.328,0.32,0.662,0.65]},{"time":0.2333,"color":"ffffff5c","curve":[0.33,0.32,0.663,0.66]},{"time":0.3333,"color":"ffffff4c","curve":[0.331,0.33,0.665,0.66]},{"time":0.4,"color":"ffffff24","curve":[0.332,0.33,0.666,0.67]},{"time":0.4667,"color":"ffffff00","curve":[0.309,0,0.644,0.35]},{"time":0.5667,"color":"ffffff0e","curve":[0.316,0.23,0.65,0.57]},{"time":0.6333,"color":"ffffff2a","curve":[0.321,0.28,0.655,0.62]},{"time":0.7333,"color":"ffffff5a","curve":[0.325,0.3,0.659,0.64]},{"time":0.8,"color":"ffffff72","curve":[0.328,0.32,0.662,0.65]},{"time":0.8667,"color":"ffffffc4","curve":[0.331,0.33,0.666,0.66]},{"time":0.9667,"color":"ffffffc0","curve":[0.316,0,0.65,0.35]},{"time":1.0333,"color":"fffffff6","curve":[0.32,0.23,0.654,0.57]},{"time":1.1333,"color":"ffffffb8","curve":[0.322,0.28,0.656,0.61]},{"time":1.2,"color":"ffffffd0"}],"attachment":[{"time":0,"name":"mlsd_wphbhblizi"},{"time":1.2,"name":"mlsd_wphbhblizi"}]},"mlsd_wphbhblizi10":{"color":[{"time":0,"color":"ffffff72","curve":[0.328,0.32,0.662,0.65]},{"time":0.0667,"color":"ffffffc4","curve":[0.331,0.33,0.666,0.66]},{"time":0.1667,"color":"ffffffc0","curve":[0.316,0,0.65,0.35]},{"time":0.2333,"color":"fffffff6","curve":[0.32,0.23,0.654,0.57]},{"time":0.3333,"color":"ffffffb8","curve":[0.322,0.28,0.656,0.61]},{"time":0.4,"color":"ffffffd0","curve":[0.324,0.3,0.658,0.63]},{"time":0.4667,"color":"ffffff88","curve":[0.326,0.31,0.66,0.64]},{"time":0.5667,"color":"ffffff94","curve":[0.328,0.32,0.662,0.65]},{"time":0.6333,"color":"ffffff5c","curve":[0.33,0.32,0.663,0.66]},{"time":0.7333,"color":"ffffff4c","curve":[0.331,0.33,0.665,0.66]},{"time":0.8,"color":"ffffff24","curve":[0.332,0.33,0.666,0.67]},{"time":0.8667,"color":"ffffff00","curve":[0.309,0,0.644,0.35]},{"time":0.9667,"color":"ffffff0e","curve":[0.316,0.23,0.65,0.57]},{"time":1.0333,"color":"ffffff2a","curve":[0.321,0.28,0.655,0.62]},{"time":1.1333,"color":"ffffff5a","curve":[0.325,0.3,0.659,0.64]},{"time":1.2,"color":"ffffff72"}],"attachment":[{"time":0,"name":"mlsd_wphbhblizi"},{"time":1.2,"name":"mlsd_wphbhblizi"}]},"mlsd_wphbhblizi11":{"color":[{"time":0,"color":"ffffff00","curve":[0.309,0,0.644,0.35]},{"time":0.0667,"color":"ffffff0e","curve":[0.316,0.23,0.65,0.57]},{"time":0.1667,"color":"ffffff2a","curve":[0.321,0.28,0.655,0.62]},{"time":0.2333,"color":"ffffff5a","curve":[0.325,0.3,0.659,0.64]},{"time":0.3333,"color":"ffffff72","curve":[0.328,0.32,0.662,0.65]},{"time":0.4,"color":"ffffffc4","curve":[0.331,0.33,0.666,0.66]},{"time":0.4667,"color":"ffffffc0","curve":[0.316,0,0.65,0.35]},{"time":0.5667,"color":"fffffff6","curve":[0.32,0.23,0.654,0.57]},{"time":0.6333,"color":"ffffffb8","curve":[0.322,0.28,0.656,0.61]},{"time":0.7333,"color":"ffffffd0","curve":[0.324,0.3,0.658,0.63]},{"time":0.8,"color":"ffffff88","curve":[0.326,0.31,0.66,0.64]},{"time":0.8667,"color":"ffffff94","curve":[0.328,0.32,0.662,0.65]},{"time":0.9667,"color":"ffffff5c","curve":[0.33,0.32,0.663,0.66]},{"time":1.0333,"color":"ffffff4c","curve":[0.331,0.33,0.665,0.66]},{"time":1.1333,"color":"ffffff24","curve":[0.332,0.33,0.666,0.67]},{"time":1.2,"color":"ffffff00"}],"attachment":[{"time":0,"name":null},{"time":1.2,"name":null}]},"mlsd_wphbhblizi12":{"color":[{"time":0,"color":"ffffff88","curve":[0.326,0.31,0.66,0.64]},{"time":0.0667,"color":"ffffff94","curve":[0.328,0.32,0.662,0.65]},{"time":0.1667,"color":"ffffff5c","curve":[0.33,0.32,0.663,0.66]},{"time":0.2333,"color":"ffffff4c","curve":[0.331,0.33,0.665,0.66]},{"time":0.3333,"color":"ffffff24","curve":[0.332,0.33,0.666,0.67]},{"time":0.4,"color":"ffffff00","curve":[0.309,0,0.644,0.35]},{"time":0.4667,"color":"ffffff0e","curve":[0.316,0.23,0.65,0.57]},{"time":0.5667,"color":"ffffff2a","curve":[0.321,0.28,0.655,0.62]},{"time":0.6333,"color":"ffffff5a","curve":[0.325,0.3,0.659,0.64]},{"time":0.7333,"color":"ffffff72","curve":[0.328,0.32,0.662,0.65]},{"time":0.8,"color":"ffffffc4","curve":[0.331,0.33,0.666,0.66]},{"time":0.8667,"color":"ffffffc0","curve":[0.316,0,0.65,0.35]},{"time":0.9667,"color":"fffffff6","curve":[0.32,0.23,0.654,0.57]},{"time":1.0333,"color":"ffffffb8","curve":[0.322,0.28,0.656,0.61]},{"time":1.1333,"color":"ffffffd0","curve":[0.324,0.3,0.658,0.63]},{"time":1.2,"color":"ffffff88"}],"attachment":[{"time":0,"name":null},{"time":1.2,"name":null}]},"mlsd_wphbhblizi13":{"color":[{"time":0,"color":"ffffffc4","curve":[0.331,0.33,0.666,0.66]},{"time":0.0667,"color":"ffffffc0","curve":[0.316,0,0.65,0.35]},{"time":0.1667,"color":"fffffff6","curve":[0.32,0.23,0.654,0.57]},{"time":0.2333,"color":"ffffffb8","curve":[0.322,0.28,0.656,0.61]},{"time":0.3333,"color":"ffffffd0","curve":[0.324,0.3,0.658,0.63]},{"time":0.4,"color":"ffffff88","curve":[0.326,0.31,0.66,0.64]},{"time":0.4667,"color":"ffffff94","curve":[0.328,0.32,0.662,0.65]},{"time":0.5667,"color":"ffffff5c","curve":[0.33,0.32,0.663,0.66]},{"time":0.6333,"color":"ffffff4c","curve":[0.331,0.33,0.665,0.66]},{"time":0.7333,"color":"ffffff24","curve":[0.332,0.33,0.666,0.67]},{"time":0.8,"color":"ffffff00","curve":[0.309,0,0.644,0.35]},{"time":0.8667,"color":"ffffff0e","curve":[0.316,0.23,0.65,0.57]},{"time":0.9667,"color":"ffffff2a","curve":[0.321,0.28,0.655,0.62]},{"time":1.0333,"color":"ffffff5a","curve":[0.325,0.3,0.659,0.64]},{"time":1.1333,"color":"ffffff72","curve":[0.328,0.32,0.662,0.65]},{"time":1.2,"color":"ffffffc4"}],"attachment":[{"time":0,"name":null},{"time":1.2,"name":null}]},"mlsd_wphbhblizi14":{"color":[{"time":0,"color":"ffffff54","curve":[0.332,0.33,0.665,0.66]},{"time":0.0333,"color":"ffffff4c","curve":[0.331,0.33,0.665,0.66]},{"time":0.1333,"color":"ffffff24","curve":[0.332,0.33,0.666,0.67]},{"time":0.2,"color":"ffffff00","curve":[0.309,0,0.644,0.35]},{"time":0.2667,"color":"ffffff0e","curve":[0.316,0.23,0.65,0.57]},{"time":0.3667,"color":"ffffff2a","curve":[0.321,0.28,0.655,0.62]},{"time":0.4333,"color":"ffffff5a","curve":[0.325,0.3,0.659,0.64]},{"time":0.5333,"color":"ffffff72","curve":[0.328,0.32,0.662,0.65]},{"time":0.6,"color":"ffffffc4","curve":[0.331,0.33,0.666,0.66]},{"time":0.6667,"color":"ffffffc0","curve":[0.316,0,0.65,0.35]},{"time":0.7667,"color":"fffffff6","curve":[0.32,0.23,0.654,0.57]},{"time":0.8333,"color":"ffffffb8","curve":[0.322,0.28,0.656,0.61]},{"time":0.9333,"color":"ffffffd0","curve":[0.324,0.3,0.658,0.63]},{"time":1,"color":"ffffff88","curve":[0.326,0.31,0.66,0.64]},{"time":1.0667,"color":"ffffff94","curve":[0.328,0.32,0.662,0.65]},{"time":1.1667,"color":"ffffff5c","curve":[0.331,0.33,0.665,0.66]},{"time":1.2,"color":"ffffff54"}],"attachment":[{"time":0,"name":null},{"time":1.2,"name":null}]},"mlsd_wphbhblizi15":{"color":[{"time":0,"color":"ffffffda","curve":[0.327,0.29,0.66,0.62]},{"time":0.0333,"color":"ffffffb8","curve":[0.322,0.28,0.656,0.61]},{"time":0.1333,"color":"ffffffd0","curve":[0.324,0.3,0.658,0.63]},{"time":0.2,"color":"ffffff88","curve":[0.326,0.31,0.66,0.64]},{"time":0.2667,"color":"ffffff94","curve":[0.328,0.32,0.662,0.65]},{"time":0.3667,"color":"ffffff5c","curve":[0.33,0.32,0.663,0.66]},{"time":0.4333,"color":"ffffff4c","curve":[0.331,0.33,0.665,0.66]},{"time":0.5333,"color":"ffffff24","curve":[0.332,0.33,0.666,0.67]},{"time":0.6,"color":"ffffff00","curve":[0.309,0,0.644,0.35]},{"time":0.6667,"color":"ffffff0e","curve":[0.316,0.23,0.65,0.57]},{"time":0.7667,"color":"ffffff2a","curve":[0.321,0.28,0.655,0.62]},{"time":0.8333,"color":"ffffff5a","curve":[0.325,0.3,0.659,0.64]},{"time":0.9333,"color":"ffffff72","curve":[0.328,0.32,0.662,0.65]},{"time":1,"color":"ffffffc4","curve":[0.331,0.33,0.666,0.66]},{"time":1.0667,"color":"ffffffc0","curve":[0.316,0,0.65,0.35]},{"time":1.1667,"color":"fffffff6","curve":[0.326,0.27,0.66,0.61]},{"time":1.2,"color":"ffffffda"}],"attachment":[{"time":0,"name":null},{"time":1.2,"name":null}]},"mlsd_wphbhblizi16":{"color":[{"time":0,"color":"ffffff40","curve":[0.328,0.31,0.661,0.65]},{"time":0.0333,"color":"ffffff5a","curve":[0.325,0.3,0.659,0.64]},{"time":0.1333,"color":"ffffff72","curve":[0.328,0.32,0.662,0.65]},{"time":0.2,"color":"ffffffc4","curve":[0.331,0.33,0.666,0.66]},{"time":0.2667,"color":"ffffffc0","curve":[0.316,0,0.65,0.35]},{"time":0.3667,"color":"fffffff6","curve":[0.32,0.23,0.654,0.57]},{"time":0.4333,"color":"ffffffb8","curve":[0.322,0.28,0.656,0.61]},{"time":0.5333,"color":"ffffffd0","curve":[0.324,0.3,0.658,0.63]},{"time":0.6,"color":"ffffff88","curve":[0.326,0.31,0.66,0.64]},{"time":0.6667,"color":"ffffff94","curve":[0.328,0.32,0.662,0.65]},{"time":0.7667,"color":"ffffff5c","curve":[0.33,0.32,0.663,0.66]},{"time":0.8333,"color":"ffffff4c","curve":[0.331,0.33,0.665,0.66]},{"time":0.9333,"color":"ffffff24","curve":[0.332,0.33,0.666,0.67]},{"time":1,"color":"ffffff00","curve":[0.309,0,0.644,0.35]},{"time":1.0667,"color":"ffffff0e","curve":[0.316,0.23,0.65,0.57]},{"time":1.1667,"color":"ffffff2a","curve":[0.327,0.3,0.66,0.64]},{"time":1.2,"color":"ffffff40"}],"attachment":[{"time":0,"name":null},{"time":1.2,"name":null}]},"mlsd_wphbhblizi17":{"color":[{"time":0,"color":"ffffff24","curve":[0.332,0.33,0.666,0.67]},{"time":0.0667,"color":"ffffff00","curve":[0.309,0,0.644,0.35]},{"time":0.1667,"color":"ffffff0e","curve":[0.316,0.23,0.65,0.57]},{"time":0.2333,"color":"ffffff2a","curve":[0.321,0.28,0.655,0.62]},{"time":0.3333,"color":"ffffff5a","curve":[0.325,0.3,0.659,0.64]},{"time":0.4,"color":"ffffff72","curve":[0.328,0.32,0.662,0.65]},{"time":0.4667,"color":"ffffffc4","curve":[0.331,0.33,0.666,0.66]},{"time":0.5667,"color":"ffffffc0","curve":[0.316,0,0.65,0.35]},{"time":0.6333,"color":"fffffff6","curve":[0.32,0.23,0.654,0.57]},{"time":0.7333,"color":"ffffffb8","curve":[0.322,0.28,0.656,0.61]},{"time":0.8,"color":"ffffffd0","curve":[0.324,0.3,0.658,0.63]},{"time":0.8667,"color":"ffffff88","curve":[0.326,0.31,0.66,0.64]},{"time":0.9667,"color":"ffffff94","curve":[0.328,0.32,0.662,0.65]},{"time":1.0333,"color":"ffffff5c","curve":[0.33,0.32,0.663,0.66]},{"time":1.1333,"color":"ffffff4c","curve":[0.331,0.33,0.665,0.66]},{"time":1.2,"color":"ffffff24"}],"attachment":[{"time":0,"name":null},{"time":1.2,"name":null}]},"mlsd_wphbhblizi18":{"color":[{"time":0,"color":"ffffff0e","curve":[0.316,0.23,0.65,0.57]},{"time":0.0667,"color":"ffffff2a","curve":[0.321,0.28,0.655,0.62]},{"time":0.1667,"color":"ffffff5a","curve":[0.325,0.3,0.659,0.64]},{"time":0.2333,"color":"ffffff72","curve":[0.328,0.32,0.662,0.65]},{"time":0.3333,"color":"ffffffc4","curve":[0.331,0.33,0.666,0.66]},{"time":0.4,"color":"ffffffc0","curve":[0.316,0,0.65,0.35]},{"time":0.4667,"color":"fffffff6","curve":[0.32,0.23,0.654,0.57]},{"time":0.5667,"color":"ffffffb8","curve":[0.322,0.28,0.656,0.61]},{"time":0.6333,"color":"ffffffd0","curve":[0.324,0.3,0.658,0.63]},{"time":0.7333,"color":"ffffff88","curve":[0.326,0.31,0.66,0.64]},{"time":0.8,"color":"ffffff94","curve":[0.328,0.32,0.662,0.65]},{"time":0.8667,"color":"ffffff5c","curve":[0.33,0.32,0.663,0.66]},{"time":0.9667,"color":"ffffff4c","curve":[0.331,0.33,0.665,0.66]},{"time":1.0333,"color":"ffffff24","curve":[0.332,0.33,0.666,0.67]},{"time":1.1333,"color":"ffffff00","curve":[0.309,0,0.644,0.35]},{"time":1.2,"color":"ffffff0e"}],"attachment":[{"time":0,"name":null},{"time":1.2,"name":null}]},"mlsd_wphbhblizi19":{"color":[{"time":0,"color":"ffffffd0","curve":[0.324,0.3,0.658,0.63]},{"time":0.0667,"color":"ffffff88","curve":[0.326,0.31,0.66,0.64]},{"time":0.1667,"color":"ffffff94","curve":[0.328,0.32,0.662,0.65]},{"time":0.2333,"color":"ffffff5c","curve":[0.33,0.32,0.663,0.66]},{"time":0.3333,"color":"ffffff4c","curve":[0.331,0.33,0.665,0.66]},{"time":0.4,"color":"ffffff24","curve":[0.332,0.33,0.666,0.67]},{"time":0.4667,"color":"ffffff00","curve":[0.309,0,0.644,0.35]},{"time":0.5667,"color":"ffffff0e","curve":[0.316,0.23,0.65,0.57]},{"time":0.6333,"color":"ffffff2a","curve":[0.321,0.28,0.655,0.62]},{"time":0.7333,"color":"ffffff5a","curve":[0.325,0.3,0.659,0.64]},{"time":0.8,"color":"ffffff72","curve":[0.328,0.32,0.662,0.65]},{"time":0.8667,"color":"ffffffc4","curve":[0.331,0.33,0.666,0.66]},{"time":0.9667,"color":"ffffffc0","curve":[0.316,0,0.65,0.35]},{"time":1.0333,"color":"fffffff6","curve":[0.32,0.23,0.654,0.57]},{"time":1.1333,"color":"ffffffb8","curve":[0.322,0.28,0.656,0.61]},{"time":1.2,"color":"ffffffd0"}],"attachment":[{"time":0,"name":null},{"time":1.2,"name":null}]},"mlsd_wphbhblizi20":{"color":[{"time":0,"color":"ffffff72","curve":[0.328,0.32,0.662,0.65]},{"time":0.0667,"color":"ffffffc4","curve":[0.331,0.33,0.666,0.66]},{"time":0.1667,"color":"ffffffc0","curve":[0.316,0,0.65,0.35]},{"time":0.2333,"color":"fffffff6","curve":[0.32,0.23,0.654,0.57]},{"time":0.3333,"color":"ffffffb8","curve":[0.322,0.28,0.656,0.61]},{"time":0.4,"color":"ffffffd0","curve":[0.324,0.3,0.658,0.63]},{"time":0.4667,"color":"ffffff88","curve":[0.326,0.31,0.66,0.64]},{"time":0.5667,"color":"ffffff94","curve":[0.328,0.32,0.662,0.65]},{"time":0.6333,"color":"ffffff5c","curve":[0.33,0.32,0.663,0.66]},{"time":0.7333,"color":"ffffff4c","curve":[0.331,0.33,0.665,0.66]},{"time":0.8,"color":"ffffff24","curve":[0.332,0.33,0.666,0.67]},{"time":0.8667,"color":"ffffff00","curve":[0.309,0,0.644,0.35]},{"time":0.9667,"color":"ffffff0e","curve":[0.316,0.23,0.65,0.57]},{"time":1.0333,"color":"ffffff2a","curve":[0.321,0.28,0.655,0.62]},{"time":1.1333,"color":"ffffff5a","curve":[0.325,0.3,0.659,0.64]},{"time":1.2,"color":"ffffff72"}],"attachment":[{"time":0,"name":null},{"time":1.2,"name":null}]},"mlxc_yxwp_hy0":{"color":[{"time":0,"color":"fffffffe","curve":"stepped"},{"time":1.2,"color":"fffffffe"}],"attachment":[{"time":0,"name":"mlxc_yxwp_hy0"},{"time":0.1,"name":"mlxc_yxwp_hy3"},{"time":0.2,"name":"mlxc_yxwp_hy6"},{"time":0.3,"name":"mlxc_yxwp_hy9"},{"time":0.4,"name":"mlxc_yxwp_hy12"},{"time":0.5,"name":"mlxc_yxwp_hy15"},{"time":0.6,"name":"mlxc_yxwp_hy18"},{"time":0.7,"name":"mlxc_yxwp_hy21"},{"time":0.8,"name":"mlxc_yxwp_hy24"},{"time":0.9,"name":"mlxc_yxwp_hy27"},{"time":1,"name":"mlxc_yxwp_hy30"},{"time":1.1,"name":"mlxc_yxwp_hy33"},{"time":1.2,"name":"mlxc_yxwp_hy0"}]},"mlxc_yxwpg":{"color":[{"time":0,"color":"fffffffe"},{"time":0.6,"color":"ffffffae"},{"time":1.2,"color":"fffffffe"}],"attachment":[{"time":0,"name":"mlxc_yxwpg"},{"time":1.2,"name":"mlxc_yxwpg"}]},"mlxc_yxwpgx":{"color":[{"time":0,"color":"ffffffff","curve":"stepped"},{"time":1.2,"color":"ffffffff"}],"attachment":[{"time":0,"name":null},{"time":1.2,"name":null}]},"mlxc_yxwpgx2":{"color":[{"time":0,"color":"ffffff63","curve":"stepped"},{"time":1.2,"color":"ffffff63"}]}},"bones":{"mlsd_wphbhb":{"rotate":[{"time":0,"angle":0,"curve":"stepped"},{"time":1.2,"angle":0}],"translate":[{"time":0,"x":0,"y":0,"curve":"stepped"},{"time":1.2,"x":0,"y":0}],"scale":[{"time":0,"x":1,"y":1,"curve":"stepped"},{"time":1.2,"x":1,"y":1}]},"scale":{"rotate":[{"time":0,"angle":0,"curve":"stepped"},{"time":1.2,"angle":0}],"translate":[{"time":0,"x":0,"y":0,"curve":"stepped"},{"time":1.2,"x":0,"y":0}],"scale":[{"time":0,"x":1,"y":1,"curve":"stepped"},{"time":1.2,"x":1,"y":1}]},"mlsd_wphbhbnumber":{"rotate":[{"time":0,"angle":0,"curve":"stepped"},{"time":1.2,"angle":0}],"translate":[{"time":0,"x":0,"y":0,"curve":"stepped"},{"time":1.2,"x":0,"y":0}],"scale":[{"time":0,"x":1,"y":1,"curve":"stepped"},{"time":1.2,"x":1,"y":1}]},"mlsd_wphbhblizi":{"rotate":[{"time":0,"angle":0,"curve":"stepped"},{"time":1.2,"angle":0}],"translate":[{"time":0,"x":0,"y":0,"curve":"stepped"},{"time":1.2,"x":0,"y":0}],"scale":[{"time":0,"x":0,"y":0},{"time":1.1667,"x":1.765,"y":1.765,"curve":"stepped"},{"time":1.2,"x":0,"y":0}]},"mlsd_wphbhblizi2":{"rotate":[{"time":0,"angle":0,"curve":"stepped"},{"time":1.2,"angle":0}],"translate":[{"time":0,"x":0,"y":0,"curve":"stepped"},{"time":1.2,"x":0,"y":0}],"scale":[{"time":0,"x":1.47,"y":1.47},{"time":0.3667,"x":2.131,"y":2.131,"curve":"stepped"},{"time":0.4,"x":0,"y":0},{"time":1.2,"x":1.47,"y":1.47}]},"mlsd_wphbhblizi3":{"rotate":[{"time":0,"angle":0,"curve":"stepped"},{"time":1.2,"angle":0}],"translate":[{"time":0,"x":0,"y":0,"curve":"stepped"},{"time":1.2,"x":0,"y":0}],"scale":[{"time":0,"x":0.644,"y":0.644},{"time":0.7667,"x":1.868,"y":1.868,"curve":"stepped"},{"time":0.8,"x":0,"y":0},{"time":1.2,"x":0.644,"y":0.644}]},"mlsd_wphbhblizi4":{"rotate":[{"time":0,"angle":0,"curve":"stepped"},{"time":1.2,"angle":0}],"translate":[{"time":0,"x":0,"y":0,"curve":"stepped"},{"time":1.2,"x":0,"y":0}],"scale":[{"time":0,"x":1.95,"y":1.95},{"time":0.1667,"x":2.262,"y":2.262,"curve":"stepped"},{"time":0.2,"x":0,"y":0},{"time":1.2,"x":1.95,"y":1.95}]},"mlsd_wphbhblizi5":{"rotate":[{"time":0,"angle":0,"curve":"stepped"},{"time":1.2,"angle":0}],"translate":[{"time":0,"x":0,"y":0,"curve":"stepped"},{"time":1.2,"x":0,"y":0}],"scale":[{"time":0,"x":1.17,"y":1.17},{"time":0.5667,"x":2.262,"y":2.262,"curve":"stepped"},{"time":0.6,"x":0,"y":0},{"time":1.2,"x":1.17,"y":1.17}]},"mlsd_wphbhblizi6":{"rotate":[{"time":0,"angle":0,"curve":"stepped"},{"time":1.2,"angle":0}],"translate":[{"time":0,"x":0,"y":0,"curve":"stepped"},{"time":1.2,"x":0,"y":0}],"scale":[{"time":0,"x":0.39,"y":0.39},{"time":0.9667,"x":2.262,"y":2.262,"curve":"stepped"},{"time":1,"x":0,"y":0},{"time":1.2,"x":0.39,"y":0.39}]},"mlsd_wphbhblizi7":{"rotate":[{"time":0,"angle":0,"curve":"stepped"},{"time":1.2,"angle":0}],"translate":[{"time":0,"x":0,"y":0,"curve":"stepped"},{"time":1.2,"x":0,"y":0}],"scale":[{"time":0,"x":2.184,"y":2.184},{"time":0.0333,"x":2.262,"y":2.262,"curve":"stepped"},{"time":0.0667,"x":0,"y":0},{"time":1.2,"x":2.184,"y":2.184}]},"mlsd_wphbhblizi8":{"rotate":[{"time":0,"angle":0,"curve":"stepped"},{"time":1.2,"angle":0}],"translate":[{"time":0,"x":0,"y":0,"curve":"stepped"},{"time":1.2,"x":0,"y":0}],"scale":[{"time":0,"x":0.156,"y":0.156},{"time":1.0667,"x":2.262,"y":2.262,"curve":"stepped"},{"time":1.1333,"x":0,"y":0},{"time":1.2,"x":0.156,"y":0.156}]},"mlsd_wphbhblizi9":{"rotate":[{"time":0,"angle":0,"curve":"stepped"},{"time":1.2,"angle":0}],"translate":[{"time":0,"x":0,"y":0,"curve":"stepped"},{"time":1.2,"x":0,"y":0}],"scale":[{"time":0,"x":1.404,"y":1.404},{"time":0.4333,"x":2.262,"y":2.262,"curve":"stepped"},{"time":0.4667,"x":0,"y":0},{"time":1.2,"x":1.404,"y":1.404}]},"mlsd_wphbhblizi10":{"rotate":[{"time":0,"angle":0,"curve":"stepped"},{"time":1.2,"angle":0}],"translate":[{"time":0,"x":0,"y":0,"curve":"stepped"},{"time":1.2,"x":0,"y":0}],"scale":[{"time":0,"x":0.487,"y":0.487},{"time":0.8333,"x":1.765,"y":1.765,"curve":"stepped"},{"time":0.8667,"x":0,"y":0},{"time":1.2,"x":0.487,"y":0.487}]},"mlsd_wphbhblizi11":{"rotate":[{"time":0,"angle":0,"curve":"stepped"},{"time":1.2,"angle":0}],"translate":[{"time":0,"x":0,"y":0,"curve":"stepped"},{"time":1.2,"x":0,"y":0}],"scale":[{"time":0,"x":0,"y":0},{"time":1.1667,"x":1.765,"y":1.765,"curve":"stepped"},{"time":1.2,"x":0,"y":0}]},"mlsd_wphbhblizi12":{"rotate":[{"time":0,"angle":0,"curve":"stepped"},{"time":1.2,"angle":0}],"translate":[{"time":0,"x":0,"y":0,"curve":"stepped"},{"time":1.2,"x":0,"y":0}],"scale":[{"time":0,"x":1.47,"y":1.47},{"time":0.3667,"x":2.131,"y":2.131,"curve":"stepped"},{"time":0.4,"x":0,"y":0},{"time":1.2,"x":1.47,"y":1.47}]},"mlsd_wphbhblizi13":{"rotate":[{"time":0,"angle":0,"curve":"stepped"},{"time":1.2,"angle":0}],"translate":[{"time":0,"x":0,"y":0,"curve":"stepped"},{"time":1.2,"x":0,"y":0}],"scale":[{"time":0,"x":0.644,"y":0.644},{"time":0.7667,"x":1.868,"y":1.868,"curve":"stepped"},{"time":0.8,"x":0,"y":0},{"time":1.2,"x":0.644,"y":0.644}]},"mlsd_wphbhblizi14":{"rotate":[{"time":0,"angle":0,"curve":"stepped"},{"time":1.2,"angle":0}],"translate":[{"time":0,"x":0,"y":0,"curve":"stepped"},{"time":1.2,"x":0,"y":0}],"scale":[{"time":0,"x":1.95,"y":1.95},{"time":0.1667,"x":2.262,"y":2.262,"curve":"stepped"},{"time":0.2,"x":0,"y":0},{"time":1.2,"x":1.95,"y":1.95}]},"mlsd_wphbhblizi15":{"rotate":[{"time":0,"angle":0,"curve":"stepped"},{"time":1.2,"angle":0}],"translate":[{"time":0,"x":0,"y":0,"curve":"stepped"},{"time":1.2,"x":0,"y":0}],"scale":[{"time":0,"x":1.17,"y":1.17},{"time":0.5667,"x":2.262,"y":2.262,"curve":"stepped"},{"time":0.6,"x":0,"y":0},{"time":1.2,"x":1.17,"y":1.17}]},"mlsd_wphbhblizi16":{"rotate":[{"time":0,"angle":0,"curve":"stepped"},{"time":1.2,"angle":0}],"translate":[{"time":0,"x":0,"y":0,"curve":"stepped"},{"time":1.2,"x":0,"y":0}],"scale":[{"time":0,"x":0.39,"y":0.39},{"time":0.9667,"x":2.262,"y":2.262,"curve":"stepped"},{"time":1,"x":0,"y":0},{"time":1.2,"x":0.39,"y":0.39}]},"mlsd_wphbhblizi17":{"rotate":[{"time":0,"angle":0,"curve":"stepped"},{"time":1.2,"angle":0}],"translate":[{"time":0,"x":0,"y":0,"curve":"stepped"},{"time":1.2,"x":0,"y":0}],"scale":[{"time":0,"x":2.184,"y":2.184},{"time":0.0333,"x":2.262,"y":2.262,"curve":"stepped"},{"time":0.0667,"x":0,"y":0},{"time":1.2,"x":2.184,"y":2.184}]},"mlsd_wphbhblizi18":{"rotate":[{"time":0,"angle":0,"curve":"stepped"},{"time":1.2,"angle":0}],"translate":[{"time":0,"x":0,"y":0,"curve":"stepped"},{"time":1.2,"x":0,"y":0}],"scale":[{"time":0,"x":0.156,"y":0.156},{"time":1.0667,"x":2.262,"y":2.262,"curve":"stepped"},{"time":1.1333,"x":0,"y":0},{"time":1.2,"x":0.156,"y":0.156}]},"mlsd_wphbhblizi19":{"rotate":[{"time":0,"angle":0,"curve":"stepped"},{"time":1.2,"angle":0}],"translate":[{"time":0,"x":0,"y":0,"curve":"stepped"},{"time":1.2,"x":0,"y":0}],"scale":[{"time":0,"x":1.404,"y":1.404},{"time":0.4333,"x":2.262,"y":2.262,"curve":"stepped"},{"time":0.4667,"x":0,"y":0},{"time":1.2,"x":1.404,"y":1.404}]},"mlsd_wphbhblizi20":{"rotate":[{"time":0,"angle":0,"curve":"stepped"},{"time":1.2,"angle":0}],"translate":[{"time":0,"x":0,"y":0,"curve":"stepped"},{"time":1.2,"x":0,"y":0}],"scale":[{"time":0,"x":0.487,"y":0.487},{"time":0.8333,"x":1.765,"y":1.765,"curve":"stepped"},{"time":0.8667,"x":0,"y":0},{"time":1.2,"x":0.487,"y":0.487}]},"yg":{"rotate":[{"time":0,"angle":0,"curve":"stepped"},{"time":1.2,"angle":0}],"translate":[{"time":0,"x":0,"y":0,"curve":"stepped"},{"time":1.2,"x":0,"y":0}],"scale":[{"time":0,"x":1,"y":1,"curve":"stepped"},{"time":1.2,"x":1,"y":1}]},"mlxc_yxwpgx":{"rotate":[{"time":0,"angle":0,"curve":"stepped"},{"time":1.2,"angle":0}],"translate":[{"time":0,"x":0,"y":0,"curve":"stepped"},{"time":1.2,"x":0,"y":0}],"scale":[{"time":0,"x":1,"y":1,"curve":"stepped"},{"time":1.2,"x":1,"y":1}]},"root":{"rotate":[{"time":0,"angle":0,"curve":"stepped"},{"time":1.2,"angle":0}],"translate":[{"time":0,"x":0,"y":0,"curve":"stepped"},{"time":1.2,"x":0,"y":0}],"scale":[{"time":0,"x":1,"y":1,"curve":"stepped"},{"time":1.2,"x":1,"y":1}]},"hip":{"rotate":[{"time":0,"angle":0,"curve":"stepped"},{"time":1.2,"angle":0}],"translate":[{"time":0,"x":0,"y":0,"curve":"stepped"},{"time":1.2,"x":0,"y":0}],"scale":[{"time":0,"x":1,"y":1,"curve":"stepped"},{"time":1.2,"x":1,"y":1}]}}},"start":{"slots":{"mlsd_wphbhb":{"color":[{"time":0,"color":"ffffff00","curve":[0.375,0.5,0.75,1]},{"time":0.1333,"color":"fffffffe","curve":"stepped"},{"time":1.2,"color":"fffffffe"}]},"mlsd_wphbhblizi":{"color":[{"time":0,"color":"ffffff00","curve":[0.309,0,0.644,0.35]},{"time":0.0667,"color":"ffffff0e","curve":[0.316,0.23,0.65,0.57]},{"time":0.1667,"color":"ffffff2a","curve":[0.321,0.28,0.655,0.62]},{"time":0.2333,"color":"ffffff5a","curve":[0.325,0.3,0.659,0.64]},{"time":0.3333,"color":"ffffff72","curve":[0.328,0.32,0.662,0.65]},{"time":0.4,"color":"ffffffc4","curve":[0.331,0.33,0.666,0.66]},{"time":0.4667,"color":"ffffffc0","curve":[0.316,0,0.65,0.35]},{"time":0.5667,"color":"fffffff6","curve":[0.32,0.23,0.654,0.57]},{"time":0.6333,"color":"ffffffb8","curve":[0.322,0.28,0.656,0.61]},{"time":0.7333,"color":"ffffffd0","curve":[0.324,0.3,0.658,0.63]},{"time":0.8,"color":"ffffff88","curve":[0.326,0.31,0.66,0.64]},{"time":0.8667,"color":"ffffff94","curve":[0.328,0.32,0.662,0.65]},{"time":0.9667,"color":"ffffff5c","curve":[0.33,0.32,0.663,0.66]},{"time":1.0333,"color":"ffffff4c","curve":[0.331,0.33,0.665,0.66]},{"time":1.1333,"color":"ffffff24","curve":[0.332,0.33,0.666,0.67]},{"time":1.2,"color":"ffffff00"}],"attachment":[{"time":0,"name":"mlsd_wphbhblizi"},{"time":1.2,"name":"mlsd_wphbhblizi"}]},"mlsd_wphbhblizi2":{"color":[{"time":0,"color":"ffffff88","curve":[0.326,0.31,0.66,0.64]},{"time":0.0667,"color":"ffffff94","curve":[0.328,0.32,0.662,0.65]},{"time":0.1667,"color":"ffffff5c","curve":[0.33,0.32,0.663,0.66]},{"time":0.2333,"color":"ffffff4c","curve":[0.331,0.33,0.665,0.66]},{"time":0.3333,"color":"ffffff24","curve":[0.332,0.33,0.666,0.67]},{"time":0.4,"color":"ffffff00","curve":[0.309,0,0.644,0.35]},{"time":0.4667,"color":"ffffff0e","curve":[0.316,0.23,0.65,0.57]},{"time":0.5667,"color":"ffffff2a","curve":[0.321,0.28,0.655,0.62]},{"time":0.6333,"color":"ffffff5a","curve":[0.325,0.3,0.659,0.64]},{"time":0.7333,"color":"ffffff72","curve":[0.328,0.32,0.662,0.65]},{"time":0.8,"color":"ffffffc4","curve":[0.331,0.33,0.666,0.66]},{"time":0.8667,"color":"ffffffc0","curve":[0.316,0,0.65,0.35]},{"time":0.9667,"color":"fffffff6","curve":[0.32,0.23,0.654,0.57]},{"time":1.0333,"color":"ffffffb8","curve":[0.322,0.28,0.656,0.61]},{"time":1.1333,"color":"ffffffd0","curve":[0.324,0.3,0.658,0.63]},{"time":1.2,"color":"ffffff88"}],"attachment":[{"time":0,"name":"mlsd_wphbhblizi"},{"time":1.2,"name":"mlsd_wphbhblizi"}]},"mlsd_wphbhblizi3":{"color":[{"time":0,"color":"ffffffc4","curve":[0.331,0.33,0.666,0.66]},{"time":0.0667,"color":"ffffffc0","curve":[0.316,0,0.65,0.35]},{"time":0.1667,"color":"fffffff6","curve":[0.32,0.23,0.654,0.57]},{"time":0.2333,"color":"ffffffb8","curve":[0.322,0.28,0.656,0.61]},{"time":0.3333,"color":"ffffffd0","curve":[0.324,0.3,0.658,0.63]},{"time":0.4,"color":"ffffff88","curve":[0.326,0.31,0.66,0.64]},{"time":0.4667,"color":"ffffff94","curve":[0.328,0.32,0.662,0.65]},{"time":0.5667,"color":"ffffff5c","curve":[0.33,0.32,0.663,0.66]},{"time":0.6333,"color":"ffffff4c","curve":[0.331,0.33,0.665,0.66]},{"time":0.7333,"color":"ffffff24","curve":[0.332,0.33,0.666,0.67]},{"time":0.8,"color":"ffffff00","curve":[0.309,0,0.644,0.35]},{"time":0.8667,"color":"ffffff0e","curve":[0.316,0.23,0.65,0.57]},{"time":0.9667,"color":"ffffff2a","curve":[0.321,0.28,0.655,0.62]},{"time":1.0333,"color":"ffffff5a","curve":[0.325,0.3,0.659,0.64]},{"time":1.1333,"color":"ffffff72","curve":[0.328,0.32,0.662,0.65]},{"time":1.2,"color":"ffffffc4"}],"attachment":[{"time":0,"name":"mlsd_wphbhblizi"},{"time":1.2,"name":"mlsd_wphbhblizi"}]},"mlsd_wphbhblizi4":{"color":[{"time":0,"color":"ffffff54","curve":[0.332,0.33,0.665,0.66]},{"time":0.0333,"color":"ffffff4c","curve":[0.331,0.33,0.665,0.66]},{"time":0.1333,"color":"ffffff24","curve":[0.332,0.33,0.666,0.67]},{"time":0.2,"color":"ffffff00","curve":[0.309,0,0.644,0.35]},{"time":0.2667,"color":"ffffff0e","curve":[0.316,0.23,0.65,0.57]},{"time":0.3667,"color":"ffffff2a","curve":[0.321,0.28,0.655,0.62]},{"time":0.4333,"color":"ffffff5a","curve":[0.325,0.3,0.659,0.64]},{"time":0.5333,"color":"ffffff72","curve":[0.328,0.32,0.662,0.65]},{"time":0.6,"color":"ffffffc4","curve":[0.331,0.33,0.666,0.66]},{"time":0.6667,"color":"ffffffc0","curve":[0.316,0,0.65,0.35]},{"time":0.7667,"color":"fffffff6","curve":[0.32,0.23,0.654,0.57]},{"time":0.8333,"color":"ffffffb8","curve":[0.322,0.28,0.656,0.61]},{"time":0.9333,"color":"ffffffd0","curve":[0.324,0.3,0.658,0.63]},{"time":1,"color":"ffffff88","curve":[0.326,0.31,0.66,0.64]},{"time":1.0667,"color":"ffffff94","curve":[0.328,0.32,0.662,0.65]},{"time":1.1667,"color":"ffffff5c","curve":[0.331,0.33,0.665,0.66]},{"time":1.2,"color":"ffffff54"}],"attachment":[{"time":0,"name":"mlsd_wphbhblizi"},{"time":1.2,"name":"mlsd_wphbhblizi"}]},"mlsd_wphbhblizi5":{"color":[{"time":0,"color":"ffffffda","curve":[0.327,0.29,0.66,0.62]},{"time":0.0333,"color":"ffffffb8","curve":[0.322,0.28,0.656,0.61]},{"time":0.1333,"color":"ffffffd0","curve":[0.324,0.3,0.658,0.63]},{"time":0.2,"color":"ffffff88","curve":[0.326,0.31,0.66,0.64]},{"time":0.2667,"color":"ffffff94","curve":[0.328,0.32,0.662,0.65]},{"time":0.3667,"color":"ffffff5c","curve":[0.33,0.32,0.663,0.66]},{"time":0.4333,"color":"ffffff4c","curve":[0.331,0.33,0.665,0.66]},{"time":0.5333,"color":"ffffff24","curve":[0.332,0.33,0.666,0.67]},{"time":0.6,"color":"ffffff00","curve":[0.309,0,0.644,0.35]},{"time":0.6667,"color":"ffffff0e","curve":[0.316,0.23,0.65,0.57]},{"time":0.7667,"color":"ffffff2a","curve":[0.321,0.28,0.655,0.62]},{"time":0.8333,"color":"ffffff5a","curve":[0.325,0.3,0.659,0.64]},{"time":0.9333,"color":"ffffff72","curve":[0.328,0.32,0.662,0.65]},{"time":1,"color":"ffffffc4","curve":[0.331,0.33,0.666,0.66]},{"time":1.0667,"color":"ffffffc0","curve":[0.316,0,0.65,0.35]},{"time":1.1667,"color":"fffffff6","curve":[0.326,0.27,0.66,0.61]},{"time":1.2,"color":"ffffffda"}],"attachment":[{"time":0,"name":"mlsd_wphbhblizi"},{"time":1.2,"name":"mlsd_wphbhblizi"}]},"mlsd_wphbhblizi6":{"color":[{"time":0,"color":"ffffff40","curve":[0.328,0.31,0.661,0.65]},{"time":0.0333,"color":"ffffff5a","curve":[0.325,0.3,0.659,0.64]},{"time":0.1333,"color":"ffffff72","curve":[0.328,0.32,0.662,0.65]},{"time":0.2,"color":"ffffffc4","curve":[0.331,0.33,0.666,0.66]},{"time":0.2667,"color":"ffffffc0","curve":[0.316,0,0.65,0.35]},{"time":0.3667,"color":"fffffff6","curve":[0.32,0.23,0.654,0.57]},{"time":0.4333,"color":"ffffffb8","curve":[0.322,0.28,0.656,0.61]},{"time":0.5333,"color":"ffffffd0","curve":[0.324,0.3,0.658,0.63]},{"time":0.6,"color":"ffffff88","curve":[0.326,0.31,0.66,0.64]},{"time":0.6667,"color":"ffffff94","curve":[0.328,0.32,0.662,0.65]},{"time":0.7667,"color":"ffffff5c","curve":[0.33,0.32,0.663,0.66]},{"time":0.8333,"color":"ffffff4c","curve":[0.331,0.33,0.665,0.66]},{"time":0.9333,"color":"ffffff24","curve":[0.332,0.33,0.666,0.67]},{"time":1,"color":"ffffff00","curve":[0.309,0,0.644,0.35]},{"time":1.0667,"color":"ffffff0e","curve":[0.316,0.23,0.65,0.57]},{"time":1.1667,"color":"ffffff2a","curve":[0.327,0.3,0.66,0.64]},{"time":1.2,"color":"ffffff40"}],"attachment":[{"time":0,"name":"mlsd_wphbhblizi"},{"time":1.2,"name":"mlsd_wphbhblizi"}]},"mlsd_wphbhblizi7":{"color":[{"time":0,"color":"ffffff24","curve":[0.332,0.33,0.666,0.67]},{"time":0.0667,"color":"ffffff00","curve":[0.309,0,0.644,0.35]},{"time":0.1667,"color":"ffffff0e","curve":[0.316,0.23,0.65,0.57]},{"time":0.2333,"color":"ffffff2a","curve":[0.321,0.28,0.655,0.62]},{"time":0.3333,"color":"ffffff5a","curve":[0.325,0.3,0.659,0.64]},{"time":0.4,"color":"ffffff72","curve":[0.328,0.32,0.662,0.65]},{"time":0.4667,"color":"ffffffc4","curve":[0.331,0.33,0.666,0.66]},{"time":0.5667,"color":"ffffffc0","curve":[0.316,0,0.65,0.35]},{"time":0.6333,"color":"fffffff6","curve":[0.32,0.23,0.654,0.57]},{"time":0.7333,"color":"ffffffb8","curve":[0.322,0.28,0.656,0.61]},{"time":0.8,"color":"ffffffd0","curve":[0.324,0.3,0.658,0.63]},{"time":0.8667,"color":"ffffff88","curve":[0.326,0.31,0.66,0.64]},{"time":0.9667,"color":"ffffff94","curve":[0.328,0.32,0.662,0.65]},{"time":1.0333,"color":"ffffff5c","curve":[0.33,0.32,0.663,0.66]},{"time":1.1333,"color":"ffffff4c","curve":[0.331,0.33,0.665,0.66]},{"time":1.2,"color":"ffffff24"}],"attachment":[{"time":0,"name":"mlsd_wphbhblizi"},{"time":1.2,"name":"mlsd_wphbhblizi"}]},"mlsd_wphbhblizi8":{"color":[{"time":0,"color":"ffffff0e","curve":[0.316,0.23,0.65,0.57]},{"time":0.0667,"color":"ffffff2a","curve":[0.321,0.28,0.655,0.62]},{"time":0.1667,"color":"ffffff5a","curve":[0.325,0.3,0.659,0.64]},{"time":0.2333,"color":"ffffff72","curve":[0.328,0.32,0.662,0.65]},{"time":0.3333,"color":"ffffffc4","curve":[0.331,0.33,0.666,0.66]},{"time":0.4,"color":"ffffffc0","curve":[0.316,0,0.65,0.35]},{"time":0.4667,"color":"fffffff6","curve":[0.32,0.23,0.654,0.57]},{"time":0.5667,"color":"ffffffb8","curve":[0.322,0.28,0.656,0.61]},{"time":0.6333,"color":"ffffffd0","curve":[0.324,0.3,0.658,0.63]},{"time":0.7333,"color":"ffffff88","curve":[0.326,0.31,0.66,0.64]},{"time":0.8,"color":"ffffff94","curve":[0.328,0.32,0.662,0.65]},{"time":0.8667,"color":"ffffff5c","curve":[0.33,0.32,0.663,0.66]},{"time":0.9667,"color":"ffffff4c","curve":[0.331,0.33,0.665,0.66]},{"time":1.0333,"color":"ffffff24","curve":[0.332,0.33,0.666,0.67]},{"time":1.1333,"color":"ffffff00","curve":[0.309,0,0.644,0.35]},{"time":1.2,"color":"ffffff0e"}],"attachment":[{"time":0,"name":"mlsd_wphbhblizi"},{"time":1.2,"name":"mlsd_wphbhblizi"}]},"mlsd_wphbhblizi9":{"color":[{"time":0,"color":"ffffffd0","curve":[0.324,0.3,0.658,0.63]},{"time":0.0667,"color":"ffffff88","curve":[0.326,0.31,0.66,0.64]},{"time":0.1667,"color":"ffffff94","curve":[0.328,0.32,0.662,0.65]},{"time":0.2333,"color":"ffffff5c","curve":[0.33,0.32,0.663,0.66]},{"time":0.3333,"color":"ffffff4c","curve":[0.331,0.33,0.665,0.66]},{"time":0.4,"color":"ffffff24","curve":[0.332,0.33,0.666,0.67]},{"time":0.4667,"color":"ffffff00","curve":[0.309,0,0.644,0.35]},{"time":0.5667,"color":"ffffff0e","curve":[0.316,0.23,0.65,0.57]},{"time":0.6333,"color":"ffffff2a","curve":[0.321,0.28,0.655,0.62]},{"time":0.7333,"color":"ffffff5a","curve":[0.325,0.3,0.659,0.64]},{"time":0.8,"color":"ffffff72","curve":[0.328,0.32,0.662,0.65]},{"time":0.8667,"color":"ffffffc4","curve":[0.331,0.33,0.666,0.66]},{"time":0.9667,"color":"ffffffc0","curve":[0.316,0,0.65,0.35]},{"time":1.0333,"color":"fffffff6","curve":[0.32,0.23,0.654,0.57]},{"time":1.1333,"color":"ffffffb8","curve":[0.322,0.28,0.656,0.61]},{"time":1.2,"color":"ffffffd0"}],"attachment":[{"time":0,"name":"mlsd_wphbhblizi"},{"time":1.2,"name":"mlsd_wphbhblizi"}]},"mlsd_wphbhblizi10":{"color":[{"time":0,"color":"ffffff72","curve":[0.328,0.32,0.662,0.65]},{"time":0.0667,"color":"ffffffc4","curve":[0.331,0.33,0.666,0.66]},{"time":0.1667,"color":"ffffffc0","curve":[0.316,0,0.65,0.35]},{"time":0.2333,"color":"fffffff6","curve":[0.32,0.23,0.654,0.57]},{"time":0.3333,"color":"ffffffb8","curve":[0.322,0.28,0.656,0.61]},{"time":0.4,"color":"ffffffd0","curve":[0.324,0.3,0.658,0.63]},{"time":0.4667,"color":"ffffff88","curve":[0.326,0.31,0.66,0.64]},{"time":0.5667,"color":"ffffff94","curve":[0.328,0.32,0.662,0.65]},{"time":0.6333,"color":"ffffff5c","curve":[0.33,0.32,0.663,0.66]},{"time":0.7333,"color":"ffffff4c","curve":[0.331,0.33,0.665,0.66]},{"time":0.8,"color":"ffffff24","curve":[0.332,0.33,0.666,0.67]},{"time":0.8667,"color":"ffffff00","curve":[0.309,0,0.644,0.35]},{"time":0.9667,"color":"ffffff0e","curve":[0.316,0.23,0.65,0.57]},{"time":1.0333,"color":"ffffff2a","curve":[0.321,0.28,0.655,0.62]},{"time":1.1333,"color":"ffffff5a","curve":[0.325,0.3,0.659,0.64]},{"time":1.2,"color":"ffffff72"}],"attachment":[{"time":0,"name":"mlsd_wphbhblizi"},{"time":1.2,"name":"mlsd_wphbhblizi"}]},"mlsd_wphbhblizi11":{"color":[{"time":0,"color":"ffffff00","curve":[0.309,0,0.644,0.35]},{"time":0.0667,"color":"ffffff0e","curve":[0.316,0.23,0.65,0.57]},{"time":0.1667,"color":"ffffff2a","curve":[0.321,0.28,0.655,0.62]},{"time":0.2333,"color":"ffffff5a","curve":[0.325,0.3,0.659,0.64]},{"time":0.3333,"color":"ffffff72","curve":[0.328,0.32,0.662,0.65]},{"time":0.4,"color":"ffffffc4","curve":[0.331,0.33,0.666,0.66]},{"time":0.4667,"color":"ffffffc0","curve":[0.316,0,0.65,0.35]},{"time":0.5667,"color":"fffffff6","curve":[0.32,0.23,0.654,0.57]},{"time":0.6333,"color":"ffffffb8","curve":[0.322,0.28,0.656,0.61]},{"time":0.7333,"color":"ffffffd0","curve":[0.324,0.3,0.658,0.63]},{"time":1.2,"color":"ffffff00"}],"attachment":[{"time":0,"name":"mlsd_wphbhblizi"},{"time":1.2,"name":null}]},"mlsd_wphbhblizi12":{"color":[{"time":0,"color":"ffffff88","curve":[0.326,0.31,0.66,0.64]},{"time":0.0667,"color":"ffffff94","curve":[0.328,0.32,0.662,0.65]},{"time":0.1667,"color":"ffffff5c","curve":[0.33,0.32,0.663,0.66]},{"time":0.2333,"color":"ffffff4c","curve":[0.331,0.33,0.665,0.66]},{"time":0.3333,"color":"ffffff24","curve":[0.332,0.33,0.666,0.67]},{"time":0.4,"color":"ffffff00","curve":[0.309,0,0.644,0.35]},{"time":0.4667,"color":"ffffff0e","curve":[0.316,0.23,0.65,0.57]},{"time":0.5667,"color":"ffffff2a","curve":[0.321,0.28,0.655,0.62]},{"time":0.6333,"color":"ffffff5a","curve":[0.325,0.3,0.659,0.64]},{"time":0.7333,"color":"ffffff72","curve":[0.328,0.32,0.662,0.65]},{"time":1.2,"color":"ffffff00"}],"attachment":[{"time":0,"name":"mlsd_wphbhblizi"},{"time":1.2,"name":null}]},"mlsd_wphbhblizi13":{"color":[{"time":0,"color":"ffffffc4","curve":[0.331,0.33,0.666,0.66]},{"time":0.0667,"color":"ffffffc0","curve":[0.316,0,0.65,0.35]},{"time":0.1667,"color":"fffffff6","curve":[0.32,0.23,0.654,0.57]},{"time":0.2333,"color":"ffffffb8","curve":[0.322,0.28,0.656,0.61]},{"time":0.3333,"color":"ffffffd0","curve":[0.324,0.3,0.658,0.63]},{"time":0.4,"color":"ffffff88","curve":[0.326,0.31,0.66,0.64]},{"time":0.4667,"color":"ffffff94","curve":[0.328,0.32,0.662,0.65]},{"time":0.5667,"color":"ffffff5c","curve":[0.33,0.32,0.663,0.66]},{"time":0.6333,"color":"ffffff4c","curve":[0.331,0.33,0.665,0.66]},{"time":0.7333,"color":"ffffff24","curve":[0.332,0.33,0.666,0.67]},{"time":0.8,"color":"ffffff00","curve":"stepped"},{"time":1.2,"color":"ffffff00"}],"attachment":[{"time":0,"name":"mlsd_wphbhblizi"},{"time":1.2,"name":null}]},"mlsd_wphbhblizi14":{"color":[{"time":0,"color":"ffffff54","curve":[0.332,0.33,0.665,0.66]},{"time":0.0333,"color":"ffffff4c","curve":[0.331,0.33,0.665,0.66]},{"time":0.1333,"color":"ffffff24","curve":[0.332,0.33,0.666,0.67]},{"time":0.2,"color":"ffffff00","curve":[0.309,0,0.644,0.35]},{"time":0.2667,"color":"ffffff0e","curve":[0.316,0.23,0.65,0.57]},{"time":0.3667,"color":"ffffff2a","curve":[0.321,0.28,0.655,0.62]},{"time":0.4333,"color":"ffffff5a","curve":[0.325,0.3,0.659,0.64]},{"time":0.5333,"color":"ffffff72","curve":[0.328,0.32,0.662,0.65]},{"time":0.6,"color":"ffffffc4","curve":[0.331,0.33,0.666,0.66]},{"time":0.6667,"color":"ffffffc0","curve":[0.324,0,0.658,0.34]},{"time":0.7333,"color":"ffffffce","curve":[0.325,0.23,0.659,0.56]},{"time":1.2,"color":"ffffff00"}],"attachment":[{"time":0,"name":"mlsd_wphbhblizi"},{"time":1.2,"name":null}]},"mlsd_wphbhblizi15":{"color":[{"time":0,"color":"ffffffda","curve":[0.327,0.29,0.66,0.62]},{"time":0.0333,"color":"ffffffb8","curve":[0.322,0.28,0.656,0.61]},{"time":0.1333,"color":"ffffffd0","curve":[0.324,0.3,0.658,0.63]},{"time":0.2,"color":"ffffff88","curve":[0.326,0.31,0.66,0.64]},{"time":0.2667,"color":"ffffff94","curve":[0.328,0.32,0.662,0.65]},{"time":0.3667,"color":"ffffff5c","curve":[0.33,0.32,0.663,0.66]},{"time":0.4333,"color":"ffffff4c","curve":[0.331,0.33,0.665,0.66]},{"time":0.5333,"color":"ffffff24","curve":[0.332,0.33,0.666,0.67]},{"time":0.6,"color":"ffffff00","curve":"stepped"},{"time":1.2,"color":"ffffff00"}],"attachment":[{"time":0,"name":"mlsd_wphbhblizi"},{"time":1.2,"name":null}]},"mlsd_wphbhblizi16":{"color":[{"time":0,"color":"ffffff40","curve":[0.328,0.31,0.661,0.65]},{"time":0.0333,"color":"ffffff5a","curve":[0.325,0.3,0.659,0.64]},{"time":0.1333,"color":"ffffff72","curve":[0.328,0.32,0.662,0.65]},{"time":0.2,"color":"ffffffc4","curve":[0.331,0.33,0.666,0.66]},{"time":0.2667,"color":"ffffffc0","curve":[0.316,0,0.65,0.35]},{"time":0.3667,"color":"fffffff6","curve":[0.32,0.23,0.654,0.57]},{"time":0.4333,"color":"ffffffb8","curve":[0.322,0.28,0.656,0.61]},{"time":0.5333,"color":"ffffffd0","curve":[0.324,0.3,0.658,0.63]},{"time":0.6,"color":"ffffff88","curve":[0.326,0.31,0.66,0.64]},{"time":0.6667,"color":"ffffff94","curve":[0.331,0.32,0.664,0.66]},{"time":0.7333,"color":"ffffff78","curve":[0.331,0.33,0.664,0.66]},{"time":1,"color":"ffffff00","curve":"stepped"},{"time":1.2,"color":"ffffff00"}],"attachment":[{"time":0,"name":"mlsd_wphbhblizi"},{"time":1.2,"name":null}]},"mlsd_wphbhblizi17":{"color":[{"time":0,"color":"ffffff24","curve":[0.332,0.33,0.666,0.67]},{"time":0.0667,"color":"ffffff00","curve":[0.309,0,0.644,0.35]},{"time":0.1667,"color":"ffffff0e","curve":[0.316,0.23,0.65,0.57]},{"time":0.2333,"color":"ffffff2a","curve":[0.321,0.28,0.655,0.62]},{"time":0.3333,"color":"ffffff5a","curve":[0.325,0.3,0.659,0.64]},{"time":0.4,"color":"ffffff72","curve":[0.328,0.32,0.662,0.65]},{"time":0.4667,"color":"ffffffc4","curve":[0.331,0.33,0.666,0.66]},{"time":0.5667,"color":"ffffffc0","curve":[0.316,0,0.65,0.35]},{"time":0.6333,"color":"fffffff6","curve":[0.32,0.23,0.654,0.57]},{"time":0.7333,"color":"ffffffb8","curve":[0.322,0.28,0.656,0.61]},{"time":1.2,"color":"ffffff00"}],"attachment":[{"time":0,"name":"mlsd_wphbhblizi"},{"time":1.2,"name":null}]},"mlsd_wphbhblizi18":{"color":[{"time":0,"color":"ffffff0e","curve":[0.316,0.23,0.65,0.57]},{"time":0.0667,"color":"ffffff2a","curve":[0.321,0.28,0.655,0.62]},{"time":0.1667,"color":"ffffff5a","curve":[0.325,0.3,0.659,0.64]},{"time":0.2333,"color":"ffffff72","curve":[0.328,0.32,0.662,0.65]},{"time":0.3333,"color":"ffffffc4","curve":[0.331,0.33,0.666,0.66]},{"time":0.4,"color":"ffffffc0","curve":[0.316,0,0.65,0.35]},{"time":0.4667,"color":"fffffff6","curve":[0.32,0.23,0.654,0.57]},{"time":0.5667,"color":"ffffffb8","curve":[0.322,0.28,0.656,0.61]},{"time":0.6333,"color":"ffffffd0","curve":[0.324,0.3,0.658,0.63]},{"time":0.7333,"color":"ffffff88","curve":[0.326,0.31,0.66,0.64]},{"time":1.1333,"color":"ffffff00","curve":"stepped"},{"time":1.2,"color":"ffffff00"}],"attachment":[{"time":0,"name":"mlsd_wphbhblizi"},{"time":1.2,"name":null}]},"mlsd_wphbhblizi19":{"color":[{"time":0,"color":"ffffffd0","curve":[0.324,0.3,0.658,0.63]},{"time":0.0667,"color":"ffffff88","curve":[0.326,0.31,0.66,0.64]},{"time":0.1667,"color":"ffffff94","curve":[0.328,0.32,0.662,0.65]},{"time":0.2333,"color":"ffffff5c","curve":[0.33,0.32,0.663,0.66]},{"time":0.3333,"color":"ffffff4c","curve":[0.331,0.33,0.665,0.66]},{"time":0.4,"color":"ffffff24","curve":[0.332,0.33,0.666,0.67]},{"time":0.4667,"color":"ffffff00","curve":"stepped"},{"time":1.2,"color":"ffffff00"}],"attachment":[{"time":0,"name":"mlsd_wphbhblizi"},{"time":1.2,"name":null}]},"mlsd_wphbhblizi20":{"color":[{"time":0,"color":"ffffff72","curve":[0.328,0.32,0.662,0.65]},{"time":0.0667,"color":"ffffffc4","curve":[0.331,0.33,0.666,0.66]},{"time":0.1667,"color":"ffffffc0","curve":[0.316,0,0.65,0.35]},{"time":0.2333,"color":"fffffff6","curve":[0.32,0.23,0.654,0.57]},{"time":0.3333,"color":"ffffffb8","curve":[0.322,0.28,0.656,0.61]},{"time":0.4,"color":"ffffffd0","curve":[0.324,0.3,0.658,0.63]},{"time":0.4667,"color":"ffffff88","curve":[0.326,0.31,0.66,0.64]},{"time":0.5667,"color":"ffffff94","curve":[0.328,0.32,0.662,0.65]},{"time":0.6333,"color":"ffffff5c","curve":[0.33,0.32,0.663,0.66]},{"time":0.7333,"color":"ffffff4c","curve":[0.331,0.33,0.665,0.66]},{"time":0.8667,"color":"ffffff00","curve":"stepped"},{"time":1.2,"color":"ffffff00"}],"attachment":[{"time":0,"name":"mlsd_wphbhblizi"},{"time":1.2,"name":null}]},"mlxc_yxwp_hy0":{"color":[{"time":0,"color":"ffffff00"},{"time":0.2,"color":"fffffffe","curve":"stepped"},{"time":1.2,"color":"fffffffe"}],"attachment":[{"time":0,"name":"mlxc_yxwp_hy0"},{"time":0.1,"name":"mlxc_yxwp_hy3"},{"time":0.2,"name":"mlxc_yxwp_hy6"},{"time":0.3,"name":"mlxc_yxwp_hy9"},{"time":0.4,"name":"mlxc_yxwp_hy12"},{"time":0.5,"name":"mlxc_yxwp_hy15"},{"time":0.6,"name":"mlxc_yxwp_hy18"},{"time":0.7,"name":"mlxc_yxwp_hy21"},{"time":0.8,"name":"mlxc_yxwp_hy24"},{"time":0.9,"name":"mlxc_yxwp_hy27"},{"time":1,"name":"mlxc_yxwp_hy30"},{"time":1.1,"name":"mlxc_yxwp_hy33"},{"time":1.2,"name":"mlxc_yxwp_hy0"}]},"mlxc_yxwpg":{"color":[{"time":0,"color":"ffffff00"},{"time":0.1333,"color":"ffffffec"},{"time":0.6,"color":"ffffffae"},{"time":1.2,"color":"fffffffe"}],"attachment":[{"time":0,"name":"mlxc_yxwpg"},{"time":1.2,"name":"mlxc_yxwpg"}]},"mlxc_yxwpgx":{"color":[{"time":0,"color":"fffffffe","curve":"stepped"},{"time":0.4,"color":"fffffffe"},{"time":0.7667,"color":"ffffff00","curve":"stepped"},{"time":1.2,"color":"ffffff00"}],"attachment":[{"time":0,"name":null},{"time":0.0333,"name":"mlxc_yxwpgx3"},{"time":0.1,"name":"mlxc_yxwpgx4"},{"time":0.1667,"name":"mlxc_yxwpgx5"},{"time":0.2333,"name":"mlxc_yxwpgx6"},{"time":0.3,"name":"mlxc_yxwpgx7"},{"time":0.3667,"name":"mlxc_yxwpgx8"},{"time":0.4333,"name":"mlxc_yxwpgx9"},{"time":0.5,"name":"mlxc_yxwpgx10"},{"time":0.5667,"name":"mlxc_yxwpgx11"},{"time":0.6333,"name":"mlxc_yxwpgx12"},{"time":0.7,"name":"mlxc_yxwpgx13"},{"time":0.7667,"name":null},{"time":1.2,"name":null}]},"mlxc_yxwpgx2":{"color":[{"time":0,"color":"ffffff62","curve":"stepped"},{"time":0.4,"color":"ffffff62"},{"time":0.7667,"color":"ffffff00","curve":"stepped"},{"time":1.2,"color":"ffffff00"}],"attachment":[{"time":0,"name":null},{"time":0.0333,"name":"mlxc_yxwpgx3"},{"time":0.1,"name":"mlxc_yxwpgx4"},{"time":0.1667,"name":"mlxc_yxwpgx5"},{"time":0.2333,"name":"mlxc_yxwpgx6"},{"time":0.3,"name":"mlxc_yxwpgx7"},{"time":0.3667,"name":"mlxc_yxwpgx8"},{"time":0.4333,"name":"mlxc_yxwpgx9"},{"time":0.5,"name":"mlxc_yxwpgx10"},{"time":0.5667,"name":"mlxc_yxwpgx11"},{"time":0.6333,"name":"mlxc_yxwpgx12"},{"time":0.7,"name":"mlxc_yxwpgx13"},{"time":0.7667,"name":null},{"time":1.2,"name":null}]}},"bones":{"mlsd_wphbhb":{"rotate":[{"time":0,"angle":0,"curve":"stepped"},{"time":1.2,"angle":0}],"translate":[{"time":0,"x":0,"y":0,"curve":"stepped"},{"time":1.2,"x":0,"y":0}],"scale":[{"time":0,"x":1,"y":1,"curve":"stepped"},{"time":1.2,"x":1,"y":1}]},"scale":{"rotate":[{"time":0,"angle":0,"curve":[0.375,0.5,0.75,1]},{"time":0.1333,"angle":3,"curve":[0.25,0,0.75,1]},{"time":0.2667,"angle":-2,"curve":[0.25,0,0.75,1]},{"time":0.4667,"angle":1,"curve":[0.25,0,0.75,1]},{"time":0.7333,"angle":-1,"curve":[0.25,0,0.75,1]},{"time":1,"angle":0,"curve":"stepped"},{"time":1.2,"angle":0}],"translate":[{"time":0,"x":0,"y":0,"curve":"stepped"},{"time":1.2,"x":0,"y":0}],"scale":[{"time":0,"x":0,"y":0,"curve":"stepped"},{"time":0.1,"x":0,"y":0,"curve":[0.154,0.7,0.474,1]},{"time":0.3,"x":1.05,"y":1.05,"curve":[0.25,0,0.75,1]},{"time":0.5,"x":0.98,"y":0.98,"curve":[0.25,0,0.75,1]},{"time":0.7333,"x":1.01,"y":1.01,"curve":[0.25,0,0.75,1]},{"time":1.2,"x":1,"y":1}]},"mlsd_wphbhblizi5":{"rotate":[{"time":0,"angle":0,"curve":"stepped"},{"time":1.2,"angle":0}],"translate":[{"time":0,"x":0,"y":0,"curve":"stepped"},{"time":1.2,"x":0,"y":0}],"scale":[{"time":0,"x":1.17,"y":1.17},{"time":0.5667,"x":2.262,"y":2.262,"curve":"stepped"},{"time":0.6,"x":0,"y":0},{"time":1.2,"x":1.17,"y":1.17}]},"mlsd_wphbhblizi4":{"rotate":[{"time":0,"angle":0,"curve":"stepped"},{"time":1.2,"angle":0}],"translate":[{"time":0,"x":0,"y":0,"curve":"stepped"},{"time":1.2,"x":0,"y":0}],"scale":[{"time":0,"x":1.95,"y":1.95},{"time":0.1667,"x":2.262,"y":2.262,"curve":"stepped"},{"time":0.2,"x":0,"y":0},{"time":1.2,"x":1.95,"y":1.95}]},"mlsd_wphbhblizi10":{"rotate":[{"time":0,"angle":0,"curve":"stepped"},{"time":1.2,"angle":0}],"translate":[{"time":0,"x":0,"y":0,"curve":"stepped"},{"time":1.2,"x":0,"y":0}],"scale":[{"time":0,"x":0.487,"y":0.487},{"time":0.8333,"x":1.765,"y":1.765,"curve":"stepped"},{"time":0.8667,"x":0,"y":0},{"time":1.2,"x":0.487,"y":0.487}]},"mlsd_wphbhblizi2":{"rotate":[{"time":0,"angle":0,"curve":"stepped"},{"time":1.2,"angle":0}],"translate":[{"time":0,"x":0,"y":0,"curve":"stepped"},{"time":1.2,"x":0,"y":0}],"scale":[{"time":0,"x":1.47,"y":1.47},{"time":0.3667,"x":2.131,"y":2.131,"curve":"stepped"},{"time":0.4,"x":0,"y":0},{"time":1.2,"x":1.47,"y":1.47}]},"mlsd_wphbhblizi9":{"rotate":[{"time":0,"angle":0,"curve":"stepped"},{"time":1.2,"angle":0}],"translate":[{"time":0,"x":0,"y":0,"curve":"stepped"},{"time":1.2,"x":0,"y":0}],"scale":[{"time":0,"x":1.404,"y":1.404},{"time":0.4333,"x":2.262,"y":2.262,"curve":"stepped"},{"time":0.4667,"x":0,"y":0},{"time":1.2,"x":1.404,"y":1.404}]},"mlsd_wphbhblizi7":{"rotate":[{"time":0,"angle":0,"curve":"stepped"},{"time":1.2,"angle":0}],"translate":[{"time":0,"x":0,"y":0,"curve":"stepped"},{"time":1.2,"x":0,"y":0}],"scale":[{"time":0,"x":2.184,"y":2.184},{"time":0.0333,"x":2.262,"y":2.262,"curve":"stepped"},{"time":0.0667,"x":0,"y":0},{"time":1.2,"x":2.184,"y":2.184}]},"mlsd_wphbhblizi6":{"rotate":[{"time":0,"angle":0,"curve":"stepped"},{"time":1.2,"angle":0}],"translate":[{"time":0,"x":0,"y":0,"curve":"stepped"},{"time":1.2,"x":0,"y":0}],"scale":[{"time":0,"x":0.39,"y":0.39},{"time":0.9667,"x":2.262,"y":2.262,"curve":"stepped"},{"time":1,"x":0,"y":0},{"time":1.2,"x":0.39,"y":0.39}]},"mlsd_wphbhblizi8":{"rotate":[{"time":0,"angle":0,"curve":"stepped"},{"time":1.2,"angle":0}],"translate":[{"time":0,"x":0,"y":0,"curve":"stepped"},{"time":1.2,"x":0,"y":0}],"scale":[{"time":0,"x":0.156,"y":0.156},{"time":1.0667,"x":2.262,"y":2.262,"curve":"stepped"},{"time":1.1333,"x":0,"y":0},{"time":1.2,"x":0.156,"y":0.156}]},"mlsd_wphbhblizi3":{"rotate":[{"time":0,"angle":0,"curve":"stepped"},{"time":1.2,"angle":0}],"translate":[{"time":0,"x":0,"y":0,"curve":"stepped"},{"time":1.2,"x":0,"y":0}],"scale":[{"time":0,"x":0.644,"y":0.644},{"time":0.7667,"x":1.868,"y":1.868,"curve":"stepped"},{"time":0.8,"x":0,"y":0},{"time":1.2,"x":0.644,"y":0.644}]},"mlsd_wphbhblizi":{"rotate":[{"time":0,"angle":0,"curve":"stepped"},{"time":1.2,"angle":0}],"translate":[{"time":0,"x":0,"y":0,"curve":"stepped"},{"time":1.2,"x":0,"y":0}],"scale":[{"time":0,"x":0,"y":0},{"time":1.1667,"x":1.765,"y":1.765,"curve":"stepped"},{"time":1.2,"x":0,"y":0}]},"mlsd_wphbhblizi11":{"rotate":[{"time":0,"angle":0,"curve":"stepped"},{"time":1.2,"angle":0}],"translate":[{"time":0,"x":0,"y":0,"curve":[0.156,0.6,0.462,0.9]},{"time":1.2,"x":-105.54,"y":110.22}],"scale":[{"time":0,"x":0,"y":0},{"time":1.1667,"x":1.765,"y":1.765,"curve":"stepped"},{"time":1.2,"x":0,"y":0}]},"mlsd_wphbhblizi12":{"rotate":[{"time":0,"angle":0,"curve":"stepped"},{"time":1.2,"angle":0}],"translate":[{"time":0,"x":0,"y":0,"curve":[0.156,0.6,0.462,0.9]},{"time":1.2,"x":8.92,"y":134}],"scale":[{"time":0,"x":1.47,"y":1.47},{"time":0.3667,"x":2.131,"y":2.131,"curve":"stepped"},{"time":0.4,"x":0,"y":0},{"time":1.2,"x":1.47,"y":1.47}]},"mlsd_wphbhblizi13":{"rotate":[{"time":0,"angle":0,"curve":"stepped"},{"time":1.2,"angle":0}],"translate":[{"time":0,"x":0,"y":0,"curve":[0.156,0.6,0.462,0.9]},{"time":1.2,"x":143.83,"y":-62.69}],"scale":[{"time":0,"x":0.644,"y":0.644},{"time":0.7667,"x":1.868,"y":1.868,"curve":"stepped"},{"time":0.8,"x":0,"y":0},{"time":1.2,"x":0.644,"y":0.644}]},"mlsd_wphbhblizi14":{"rotate":[{"time":0,"angle":0,"curve":"stepped"},{"time":1.2,"angle":0}],"translate":[{"time":0,"x":0,"y":0,"curve":[0.156,0.6,0.462,0.9]},{"time":1.2,"x":-26.47,"y":-109.1}],"scale":[{"time":0,"x":1.95,"y":1.95},{"time":0.1667,"x":2.262,"y":2.262,"curve":"stepped"},{"time":0.2,"x":0,"y":0},{"time":1.2,"x":1.95,"y":1.95}]},"mlsd_wphbhblizi15":{"rotate":[{"time":0,"angle":0,"curve":"stepped"},{"time":1.2,"angle":0}],"translate":[{"time":0,"x":0,"y":0,"curve":[0.156,0.6,0.462,0.9]},{"time":1.2,"x":171.39,"y":15.84}],"scale":[{"time":0,"x":1.17,"y":1.17},{"time":0.5667,"x":2.262,"y":2.262,"curve":"stepped"},{"time":0.6,"x":0,"y":0},{"time":1.2,"x":1.17,"y":1.17}]},"mlsd_wphbhblizi16":{"rotate":[{"time":0,"angle":0,"curve":"stepped"},{"time":1.2,"angle":0}],"translate":[{"time":0,"x":0,"y":0,"curve":[0.156,0.6,0.462,0.9]},{"time":1.2,"x":98.61,"y":-97.9}],"scale":[{"time":0,"x":0.39,"y":0.39},{"time":0.9667,"x":2.262,"y":2.262,"curve":"stepped"},{"time":1,"x":0,"y":0},{"time":1.2,"x":0.39,"y":0.39}]},"mlsd_wphbhblizi17":{"rotate":[{"time":0,"angle":0,"curve":"stepped"},{"time":1.2,"angle":0}],"translate":[{"time":0,"x":0,"y":0,"curve":[0.156,0.6,0.462,0.9]},{"time":1.2,"x":-151.74,"y":32.01}],"scale":[{"time":0,"x":2.184,"y":2.184},{"time":0.0333,"x":2.262,"y":2.262,"curve":"stepped"},{"time":0.0667,"x":0,"y":0},{"time":1.2,"x":2.184,"y":2.184}]},"mlsd_wphbhblizi18":{"rotate":[{"time":0,"angle":0,"curve":"stepped"},{"time":1.2,"angle":0}],"translate":[{"time":0,"x":0,"y":0,"curve":[0.156,0.6,0.462,0.9]},{"time":1.2,"x":97.15,"y":105.16}],"scale":[{"time":0,"x":0.156,"y":0.156},{"time":1.0667,"x":2.262,"y":2.262,"curve":"stepped"},{"time":1.1333,"x":0,"y":0},{"time":1.2,"x":0.156,"y":0.156}]},"mlsd_wphbhblizi19":{"rotate":[{"time":0,"angle":0,"curve":"stepped"},{"time":1.2,"angle":0}],"translate":[{"time":0,"x":0,"y":0,"curve":[0.156,0.6,0.462,0.9]},{"time":1.2,"x":-99.65,"y":-106.02}],"scale":[{"time":0,"x":1.404,"y":1.404},{"time":0.4333,"x":2.262,"y":2.262,"curve":"stepped"},{"time":0.4667,"x":0,"y":0},{"time":1.2,"x":1.404,"y":1.404}]},"mlsd_wphbhblizi20":{"rotate":[{"time":0,"angle":0,"curve":"stepped"},{"time":1.2,"angle":0}],"translate":[{"time":0,"x":0,"y":0,"curve":[0.156,0.6,0.462,0.9]},{"time":1.2,"x":-148.46,"y":-50.49}],"scale":[{"time":0,"x":0.487,"y":0.487},{"time":0.8333,"x":1.765,"y":1.765,"curve":"stepped"},{"time":0.8667,"x":0,"y":0},{"time":1.2,"x":0.487,"y":0.487}]},"yg":{"rotate":[{"time":0,"angle":0,"curve":"stepped"},{"time":1.2,"angle":0}],"translate":[{"time":0,"x":0,"y":0,"curve":"stepped"},{"time":1.2,"x":0,"y":0}],"scale":[{"time":0,"x":1,"y":1,"curve":"stepped"},{"time":1.2,"x":1,"y":1}]},"mlxc_yxwpgx":{"rotate":[{"time":0,"angle":0,"curve":"stepped"},{"time":1.2,"angle":0}],"translate":[{"time":0,"x":0,"y":0,"curve":"stepped"},{"time":1.2,"x":0,"y":0}],"scale":[{"time":0,"x":0.25,"y":0.25},{"time":0.2,"x":1.652,"y":1.652},{"time":0.7667,"x":4,"y":4,"curve":"stepped"},{"time":1.2,"x":4,"y":4}]},"root":{"rotate":[{"time":0,"angle":0,"curve":"stepped"},{"time":1.2,"angle":0}],"translate":[{"time":0,"x":0,"y":0,"curve":"stepped"},{"time":1.2,"x":0,"y":0}],"scale":[{"time":0,"x":1,"y":1,"curve":"stepped"},{"time":1.2,"x":1,"y":1}]},"mlsd_wphbhbnumber":{"rotate":[{"time":0,"angle":0,"curve":"stepped"},{"time":1.2,"angle":0}],"translate":[{"time":0,"x":0,"y":0,"curve":"stepped"},{"time":1.2,"x":0,"y":0}],"scale":[{"time":0,"x":1,"y":1,"curve":"stepped"},{"time":1.2,"x":1,"y":1}]},"hip":{"rotate":[{"time":0,"angle":0,"curve":"stepped"},{"time":1.2,"angle":0}],"translate":[{"time":0,"x":0,"y":0,"curve":"stepped"},{"time":1.2,"x":0,"y":0}],"scale":[{"time":0,"x":1,"y":1,"curve":"stepped"},{"time":1.2,"x":1,"y":1}]}}}}}