{"skeleton":{"hash":"6qEAXiaZ1BgbRj2zlRgDIzaavUg","spine":"3.6.37","width":115.98,"height":102.55,"images":"./images/"},"bones":[{"name":"root"},{"name":"hip","parent":"root","x":1.45,"y":-0.23},{"name":"hl_ttdb1","parent":"hip","length":29.37,"rotation":74.7,"x":-16.82,"y":5.38},{"name":"hl_ttdb2","parent":"hip","length":25.3,"rotation":76.18,"x":10.88,"y":3.29},{"name":"hl_ttdb3","parent":"hip","length":29.35,"rotation":76.18,"x":-19.12,"y":-23.97},{"name":"hl_ttdb4","parent":"hip","length":26.5,"rotation":78.71,"x":10.58,"y":-24.05},{"name":"hl_ttdb5","parent":"hip","length":29.37,"rotation":74.7,"x":-16.82,"y":5.38},{"name":"hl_ttdb6","parent":"hip","length":25.3,"rotation":76.18,"x":10.88,"y":3.29},{"name":"hl_ttdb7","parent":"hip","length":29.35,"rotation":76.18,"x":-19.12,"y":-23.97},{"name":"hl_ttdb8","parent":"hip","length":26.5,"rotation":78.71,"x":10.58,"y":-24.05},{"name":"hl_ttdbiconlg","parent":"hip","x":-0.71,"y":1.2},{"name":"hl_ttdbjb1","parent":"hip","length":17.09,"rotation":152.96,"x":-25.54,"y":5.42},{"name":"hl_ttdbjb2","parent":"hip","length":14.99,"rotation":32.48,"x":23.05,"y":-2.38},{"name":"xingdian","parent":"hl_ttdbjb1","rotation":-152.96,"x":10.77,"y":9.07,"scaleX":0.5,"scaleY":0.5},{"name":"xingdian2","parent":"hl_ttdbjb2","rotation":-32.48,"x":17.22,"y":-0.8,"scaleX":0.5,"scaleY":0.5},{"name":"xingdian3","parent":"hl_ttdb1","rotation":-74.7,"x":26.84,"y":-9.09,"scaleX":0.65,"scaleY":0.65},{"name":"xingdian4","parent":"hl_ttdb2","rotation":-76.18,"x":-0.94,"y":11.73,"scaleX":0.65,"scaleY":0.65},{"name":"xingdian5","parent":"hl_ttdb3","rotation":-76.18,"x":2.95,"y":8.11,"scaleX":0.65,"scaleY":0.65},{"name":"xingdian6","parent":"hl_ttdb4","rotation":-78.71,"x":3.42,"y":-13.55,"scaleX":0.65,"scaleY":0.65}],"slots":[{"name":"hl_ttdbdb","bone":"hip","attachment":"hl_ttdbdb"},{"name":"hl_ttdbjb1","bone":"hl_ttdbjb1","attachment":"hl_ttdbjb1"},{"name":"hl_ttdbjb2","bone":"hl_ttdbjb2","attachment":"hl_ttdbjb2"},{"name":"hl_ttdb1","bone":"hl_ttdb1","attachment":"hl_ttdb1"},{"name":"hl_ttdb5","bone":"hl_ttdb5","attachment":"hl_ttdb1","blend":"additive"},{"name":"hl_ttdb2","bone":"hl_ttdb2","attachment":"hl_ttdb2"},{"name":"hl_ttdb6","bone":"hl_ttdb6","attachment":"hl_ttdb2","blend":"additive"},{"name":"hl_ttdb3","bone":"hl_ttdb3","attachment":"hl_ttdb3"},{"name":"hl_ttdb7","bone":"hl_ttdb7","attachment":"hl_ttdb3","blend":"additive"},{"name":"hl_ttdb4","bone":"hl_ttdb4","attachment":"hl_ttdb4"},{"name":"hl_ttdb8","bone":"hl_ttdb8","attachment":"hl_ttdb4","blend":"additive"},{"name":"hl_ttdbiconlg","bone":"hl_ttdbiconlg","color":"ffffff7f","attachment":"hl_ttdbiconlg7","blend":"additive"},{"name":"xingdian","bone":"xingdian","attachment":"xingdian","blend":"additive"},{"name":"xingdian2","bone":"xingdian2","attachment":"xingdian","blend":"additive"},{"name":"xingdian3","bone":"xingdian3","attachment":"xingdian","blend":"additive"},{"name":"xingdian4","bone":"xingdian4","attachment":"xingdian","blend":"additive"},{"name":"xingdian5","bone":"xingdian5","attachment":"xingdian","blend":"additive"},{"name":"xingdian6","bone":"xingdian6","attachment":"xingdian","blend":"additive"}],"skins":{"default":{"hl_ttdb1":{"hl_ttdb1":{"x":10.8,"y":1.65,"rotation":-74.7,"width":39,"height":38}},"hl_ttdb2":{"hl_ttdb2":{"x":9.56,"y":0.64,"rotation":-76.18,"width":39,"height":38}},"hl_ttdb3":{"hl_ttdb3":{"x":12.22,"y":-1.19,"rotation":-76.18,"width":38,"height":38}},"hl_ttdb4":{"hl_ttdb4":{"x":9.92,"y":-0.14,"rotation":-78.71,"width":40,"height":38}},"hl_ttdb5":{"hl_ttdb1":{"x":10.8,"y":1.65,"rotation":-74.7,"width":39,"height":38}},"hl_ttdb6":{"hl_ttdb2":{"x":9.56,"y":0.64,"rotation":-76.18,"width":39,"height":38}},"hl_ttdb7":{"hl_ttdb3":{"x":12.22,"y":-1.19,"rotation":-76.18,"width":38,"height":38}},"hl_ttdb8":{"hl_ttdb4":{"x":9.92,"y":-0.14,"rotation":-78.71,"width":40,"height":38}},"hl_ttdbdb":{"hl_ttdbdb":{"x":-0.39,"y":0.51,"width":82,"height":89}},"hl_ttdbiconlg":{"hl_ttdbiconlg1":{"width":65,"height":68},"hl_ttdbiconlg2":{"width":65,"height":68},"hl_ttdbiconlg3":{"width":65,"height":68},"hl_ttdbiconlg4":{"width":65,"height":68},"hl_ttdbiconlg5":{"width":65,"height":68},"hl_ttdbiconlg6":{"width":65,"height":68},"hl_ttdbiconlg7":{"width":65,"height":68},"hl_ttdbiconlg8":{"width":65,"height":68},"hl_ttdbiconlg9":{"width":65,"height":68},"hl_ttdbiconlg10":{"width":65,"height":68},"hl_ttdbiconlg11":{"width":65,"height":68},"hl_ttdbiconlg12":{"width":65,"height":68}},"hl_ttdbjb1":{"hl_ttdbjb1":{"x":1.48,"y":1.78,"rotation":-152.96,"width":33,"height":22}},"hl_ttdbjb2":{"hl_ttdbjb2":{"x":1.14,"y":-1.98,"rotation":-32.48,"width":31,"height":25}},"xingdian":{"xingdian":{"rotation":76.18,"width":64,"height":64}},"xingdian2":{"xingdian":{"rotation":76.18,"width":64,"height":64}},"xingdian3":{"xingdian":{"rotation":76.18,"width":64,"height":64}},"xingdian4":{"xingdian":{"rotation":76.18,"width":64,"height":64}},"xingdian5":{"xingdian":{"rotation":76.18,"width":64,"height":64}},"xingdian6":{"xingdian":{"rotation":76.18,"width":64,"height":64}}}},"animations":{"animation":{"slots":{"hl_ttdb5":{"color":[{"time":0,"color":"ffffff00","curve":"stepped"},{"time":0.6667,"color":"ffffff00","curve":[0.25,0,0.75,1]},{"time":1,"color":"ffffff22","curve":[0.25,0,0.75,1]},{"time":1.6667,"color":"ffffff00"}]},"hl_ttdb6":{"color":[{"time":0,"color":"ffffff00","curve":"stepped"},{"time":0.7333,"color":"ffffff00","curve":[0.25,0,0.75,1]},{"time":1.0667,"color":"ffffff22","curve":[0.25,0,0.75,1]},{"time":1.7333,"color":"ffffff00"}]},"hl_ttdb7":{"color":[{"time":0,"color":"ffffff00","curve":"stepped"},{"time":0.8,"color":"ffffff00","curve":[0.25,0,0.75,1]},{"time":1.1333,"color":"ffffff22","curve":[0.25,0,0.75,1]},{"time":1.8,"color":"ffffff00"}]},"hl_ttdb8":{"color":[{"time":0,"color":"ffffff00","curve":"stepped"},{"time":0.8667,"color":"ffffff00","curve":[0.25,0,0.75,1]},{"time":1.2,"color":"ffffff22","curve":[0.25,0,0.75,1]},{"time":1.8667,"color":"ffffff00"}]},"hl_ttdbiconlg":{"attachment":[{"time":0,"name":"hl_ttdbiconlg1"},{"time":0.0667,"name":"hl_ttdbiconlg2"},{"time":0.1333,"name":"hl_ttdbiconlg3"},{"time":0.2,"name":"hl_ttdbiconlg4"},{"time":0.2667,"name":"hl_ttdbiconlg5"},{"time":0.3333,"name":"hl_ttdbiconlg6"},{"time":0.4,"name":"hl_ttdbiconlg7"},{"time":0.4667,"name":"hl_ttdbiconlg8"},{"time":0.5333,"name":"hl_ttdbiconlg9"},{"time":0.6,"name":"hl_ttdbiconlg10"},{"time":0.6667,"name":"hl_ttdbiconlg11"},{"time":0.7333,"name":"hl_ttdbiconlg12"},{"time":0.8,"name":null}]},"xingdian":{"color":[{"time":0,"color":"ffffff00","curve":"stepped"},{"time":0.3333,"color":"ffffff00","curve":[0.25,0,0.75,1]},{"time":0.8333,"color":"fffffffe","curve":[0.25,0,0.75,1]},{"time":2,"color":"ffffff00"}]},"xingdian2":{"color":[{"time":0,"color":"ffffff00","curve":"stepped"},{"time":0.5,"color":"ffffff00","curve":[0.25,0,0.75,1]},{"time":1,"color":"fffffffe","curve":[0.25,0,0.75,1]},{"time":2.3333,"color":"ffffff00"}]},"xingdian3":{"color":[{"time":0,"color":"ffffff00","curve":"stepped"},{"time":0.5,"color":"ffffff00","curve":[0.25,0,0.75,1]},{"time":1,"color":"fffffffe","curve":[0.25,0,0.75,1]},{"time":2.1667,"color":"ffffff00"}]},"xingdian4":{"color":[{"time":0,"color":"ffffff00","curve":"stepped"},{"time":0.9667,"color":"ffffff00","curve":[0.25,0,0.75,1]},{"time":1.4667,"color":"fffffffe","curve":[0.25,0,0.75,1]},{"time":2.3333,"color":"ffffff00"}]},"xingdian5":{"color":[{"time":0,"color":"ffffff00","curve":"stepped"},{"time":0.7667,"color":"ffffff00","curve":[0.25,0,0.75,1]},{"time":1.1667,"color":"fffffffe","curve":[0.25,0,0.75,1]},{"time":2,"color":"ffffff00"}]},"xingdian6":{"color":[{"time":0,"color":"ffffff00","curve":"stepped"},{"time":1.5,"color":"ffffff00","curve":[0.25,0,0.75,1]},{"time":1.8333,"color":"fffffffe","curve":[0.25,0,0.75,1]},{"time":2.6667,"color":"ffffff00"}]}},"bones":{"hl_ttdb1":{"rotate":[{"time":0,"angle":0,"curve":"stepped"},{"time":1.3333,"angle":0,"curve":"stepped"},{"time":2.6667,"angle":0}],"translate":[{"time":0,"x":0,"y":0,"curve":"stepped"},{"time":1.3333,"x":0,"y":0,"curve":"stepped"},{"time":2.6667,"x":0,"y":0}],"scale":[{"time":0,"x":1,"y":1,"curve":"stepped"},{"time":1.3333,"x":1,"y":1,"curve":"stepped"},{"time":2.6667,"x":1,"y":1}],"shear":[{"time":0,"x":0,"y":0,"curve":"stepped"},{"time":1.3333,"x":0,"y":0,"curve":"stepped"},{"time":2.6667,"x":0,"y":0}]},"hl_ttdb3":{"rotate":[{"time":0,"angle":0,"curve":"stepped"},{"time":1.3333,"angle":0,"curve":"stepped"},{"time":2.6667,"angle":0}],"translate":[{"time":0,"x":0,"y":0,"curve":"stepped"},{"time":1.3333,"x":0,"y":0,"curve":"stepped"},{"time":2.6667,"x":0,"y":0}],"scale":[{"time":0,"x":1,"y":1,"curve":"stepped"},{"time":1.3333,"x":1,"y":1,"curve":"stepped"},{"time":2.6667,"x":1,"y":1}],"shear":[{"time":0,"x":0,"y":0,"curve":"stepped"},{"time":1.3333,"x":0,"y":0,"curve":"stepped"},{"time":2.6667,"x":0,"y":0}]},"hl_ttdb4":{"rotate":[{"time":0,"angle":0,"curve":"stepped"},{"time":1.3333,"angle":0,"curve":"stepped"},{"time":2.6667,"angle":0}],"translate":[{"time":0,"x":0,"y":0,"curve":"stepped"},{"time":1.3333,"x":0,"y":0,"curve":"stepped"},{"time":2.6667,"x":0,"y":0}],"scale":[{"time":0,"x":1,"y":1,"curve":"stepped"},{"time":1.3333,"x":1,"y":1,"curve":"stepped"},{"time":2.6667,"x":1,"y":1}],"shear":[{"time":0,"x":0,"y":0,"curve":"stepped"},{"time":1.3333,"x":0,"y":0,"curve":"stepped"},{"time":2.6667,"x":0,"y":0}]},"hl_ttdb2":{"rotate":[{"time":0,"angle":0,"curve":"stepped"},{"time":1.3333,"angle":0,"curve":"stepped"},{"time":2.6667,"angle":0}],"translate":[{"time":0,"x":0,"y":0,"curve":"stepped"},{"time":1.3333,"x":0,"y":0,"curve":"stepped"},{"time":2.6667,"x":0,"y":0}],"scale":[{"time":0,"x":1,"y":1,"curve":"stepped"},{"time":1.3333,"x":1,"y":1,"curve":"stepped"},{"time":2.6667,"x":1,"y":1}],"shear":[{"time":0,"x":0,"y":0,"curve":"stepped"},{"time":1.3333,"x":0,"y":0,"curve":"stepped"},{"time":2.6667,"x":0,"y":0}]},"hl_ttdbjb1":{"rotate":[{"time":0,"angle":0,"curve":"stepped"},{"time":1.3333,"angle":0,"curve":"stepped"},{"time":2.6667,"angle":0}],"translate":[{"time":0,"x":-0.11,"y":0.07,"curve":[0.25,0,0.75,1]},{"time":0.8333,"x":-0.91,"y":0.57,"curve":[0.25,0,0.75,1]},{"time":1.3333,"x":-0.11,"y":0.07,"curve":[0.25,0,0.75,1]},{"time":2.1667,"x":-0.91,"y":0.57,"curve":[0.25,0,0.75,1]},{"time":2.6667,"x":-0.11,"y":0.07}],"scale":[{"time":0,"x":1,"y":1,"curve":"stepped"},{"time":1.3333,"x":1,"y":1,"curve":"stepped"},{"time":2.6667,"x":1,"y":1}],"shear":[{"time":0,"x":0,"y":0,"curve":"stepped"},{"time":1.3333,"x":0,"y":0,"curve":"stepped"},{"time":2.6667,"x":0,"y":0}]},"hl_ttdbjb2":{"rotate":[{"time":0,"angle":0,"curve":"stepped"},{"time":1.3333,"angle":0,"curve":"stepped"},{"time":2.6667,"angle":0}],"translate":[{"time":0,"x":0.28,"y":0.28,"curve":[0.25,0,0.75,1]},{"time":1,"x":0.76,"y":0.76,"curve":[0.25,0,0.75,1]},{"time":1.3333,"x":0.28,"y":0.28,"curve":[0.25,0,0.75,1]},{"time":2.3333,"x":0.76,"y":0.76,"curve":[0.25,0,0.75,1]},{"time":2.6667,"x":0.28,"y":0.28}],"scale":[{"time":0,"x":1,"y":1,"curve":"stepped"},{"time":1.3333,"x":1,"y":1,"curve":"stepped"},{"time":2.6667,"x":1,"y":1}],"shear":[{"time":0,"x":0,"y":0,"curve":"stepped"},{"time":1.3333,"x":0,"y":0,"curve":"stepped"},{"time":2.6667,"x":0,"y":0}]},"hl_ttdb5":{"rotate":[{"time":0,"angle":0,"curve":"stepped"},{"time":2.6667,"angle":0}],"translate":[{"time":0,"x":0,"y":0,"curve":"stepped"},{"time":2.6667,"x":0,"y":0}],"scale":[{"time":0,"x":1,"y":1,"curve":"stepped"},{"time":2.6667,"x":1,"y":1}],"shear":[{"time":0,"x":0,"y":0,"curve":"stepped"},{"time":2.6667,"x":0,"y":0}]},"hl_ttdb6":{"rotate":[{"time":0,"angle":0,"curve":"stepped"},{"time":2.6667,"angle":0}],"translate":[{"time":0,"x":0,"y":0,"curve":"stepped"},{"time":2.6667,"x":0,"y":0}],"scale":[{"time":0,"x":1,"y":1,"curve":"stepped"},{"time":2.6667,"x":1,"y":1}],"shear":[{"time":0,"x":0,"y":0,"curve":"stepped"},{"time":2.6667,"x":0,"y":0}]},"hl_ttdb7":{"rotate":[{"time":0,"angle":0,"curve":"stepped"},{"time":2.6667,"angle":0}],"translate":[{"time":0,"x":0,"y":0,"curve":"stepped"},{"time":2.6667,"x":0,"y":0}],"scale":[{"time":0,"x":1,"y":1,"curve":"stepped"},{"time":2.6667,"x":1,"y":1}],"shear":[{"time":0,"x":0,"y":0,"curve":"stepped"},{"time":2.6667,"x":0,"y":0}]},"hl_ttdb8":{"rotate":[{"time":0,"angle":0,"curve":"stepped"},{"time":2.6667,"angle":0}],"translate":[{"time":0,"x":0,"y":0,"curve":"stepped"},{"time":2.6667,"x":0,"y":0}],"scale":[{"time":0,"x":1,"y":1,"curve":"stepped"},{"time":2.6667,"x":1,"y":1}],"shear":[{"time":0,"x":0,"y":0,"curve":"stepped"},{"time":2.6667,"x":0,"y":0}]},"xingdian":{"rotate":[{"time":0,"angle":0,"curve":"stepped"},{"time":0.3333,"angle":0,"curve":[0.304,0.22,0.643,0.57]},{"time":2,"angle":-30,"curve":[0.347,0.38,0.757,1]},{"time":2.6667,"angle":0}],"translate":[{"time":0,"x":0,"y":0,"curve":"stepped"},{"time":2.6667,"x":0,"y":0}],"scale":[{"time":0,"x":1,"y":1,"curve":"stepped"},{"time":2.6667,"x":1,"y":1}],"shear":[{"time":0,"x":0,"y":0,"curve":"stepped"},{"time":2.6667,"x":0,"y":0}]},"xingdian2":{"rotate":[{"time":0,"angle":0,"curve":"stepped"},{"time":0.5,"angle":0,"curve":[0.304,0.22,0.643,0.57]},{"time":2.3333,"angle":-30,"curve":[0.347,0.38,0.757,1]},{"time":2.6667,"angle":0}],"translate":[{"time":0,"x":0,"y":0,"curve":"stepped"},{"time":2.6667,"x":0,"y":0}],"scale":[{"time":0,"x":1,"y":1,"curve":"stepped"},{"time":2.6667,"x":1,"y":1}],"shear":[{"time":0,"x":0,"y":0,"curve":"stepped"},{"time":2.6667,"x":0,"y":0}]},"xingdian3":{"rotate":[{"time":0,"angle":0,"curve":"stepped"},{"time":0.5,"angle":0,"curve":[0.304,0.22,0.643,0.57]},{"time":2.1667,"angle":-30,"curve":[0.347,0.38,0.757,1]},{"time":2.6667,"angle":0}],"translate":[{"time":0,"x":0,"y":0,"curve":"stepped"},{"time":2.6667,"x":0,"y":0}],"scale":[{"time":0,"x":1,"y":1,"curve":"stepped"},{"time":2.6667,"x":1,"y":1}],"shear":[{"time":0,"x":0,"y":0,"curve":"stepped"},{"time":2.6667,"x":0,"y":0}]},"xingdian4":{"rotate":[{"time":0,"angle":0,"curve":"stepped"},{"time":0.9667,"angle":0,"curve":[0.304,0.22,0.643,0.57]},{"time":2.3333,"angle":-30,"curve":[0.347,0.38,0.757,1]},{"time":2.6667,"angle":0}],"translate":[{"time":0,"x":0,"y":0,"curve":"stepped"},{"time":2.6667,"x":0,"y":0}],"scale":[{"time":0,"x":1,"y":1,"curve":"stepped"},{"time":2.6667,"x":1,"y":1}],"shear":[{"time":0,"x":0,"y":0,"curve":"stepped"},{"time":2.6667,"x":0,"y":0}]},"xingdian5":{"rotate":[{"time":0,"angle":0,"curve":"stepped"},{"time":0.7667,"angle":0,"curve":[0.304,0.22,0.643,0.57]},{"time":2,"angle":-30,"curve":[0.347,0.38,0.757,1]},{"time":2.6667,"angle":0}],"translate":[{"time":0,"x":0,"y":0,"curve":"stepped"},{"time":2.6667,"x":0,"y":0}],"scale":[{"time":0,"x":1,"y":1,"curve":"stepped"},{"time":2.6667,"x":1,"y":1}],"shear":[{"time":0,"x":0,"y":0,"curve":"stepped"},{"time":2.6667,"x":0,"y":0}]},"xingdian6":{"rotate":[{"time":0,"angle":0,"curve":"stepped"},{"time":1.5,"angle":0,"curve":[0.304,0.22,0.643,0.57]},{"time":2.6667,"angle":-30}],"translate":[{"time":0,"x":0,"y":0,"curve":"stepped"},{"time":2.6667,"x":0,"y":0}],"scale":[{"time":0,"x":1,"y":1,"curve":"stepped"},{"time":2.6667,"x":1,"y":1}],"shear":[{"time":0,"x":0,"y":0,"curve":"stepped"},{"time":2.6667,"x":0,"y":0}]}}}}}