{"skeleton":{"hash":"xgAp1Tf2fVWguGm9U0ra7JV/vlE","spine":"3.6.34","width":610,"height":416,"images":"./images/"},"bones":[{"name":"root"},{"name":"deng_da_bai","parent":"root"},{"name":"deng_gd1","parent":"root"},{"name":"deng_gd2","parent":"root","rotation":0.12}],"slots":[{"name":"diban","bone":"root","attachment":"diban"},{"name":"gd1_1","bone":"deng_da_bai","attachment":"deng_da_bai"},{"name":"gd1_2","bone":"deng_gd1","attachment":"gd1"},{"name":"gd1_3","bone":"deng_da_bai","attachment":"deng_da_bai"},{"name":"gd1_4","bone":"deng_gd2","attachment":"gd2"},{"name":"gd1_5","bone":"deng_da_bai","attachment":"deng_da_bai"},{"name":"gd1_6","bone":"deng_gd1","attachment":"gd1"},{"name":"gd1_7","bone":"deng_da_bai","attachment":"deng_da_bai"},{"name":"gd1_8","bone":"deng_gd2","attachment":"gd2"},{"name":"gd1_9","bone":"deng_da_bai","attachment":"deng_da_bai"},{"name":"gd1_10","bone":"deng_gd1","attachment":"gd1"},{"name":"gd1_11","bone":"deng_da_bai","attachment":"deng_da_bai"},{"name":"gd1_12","bone":"deng_gd2","attachment":"gd2"},{"name":"gd1_13","bone":"deng_da_bai","attachment":"deng_da_bai"},{"name":"gd1_14","bone":"deng_gd1","attachment":"gd1"},{"name":"gd1_15","bone":"deng_da_bai","attachment":"deng_da_bai"},{"name":"gd1_16","bone":"deng_gd2","attachment":"gd2"},{"name":"gd1_17","bone":"deng_da_bai","attachment":"deng_da_bai"},{"name":"gd1_18","bone":"deng_gd1","attachment":"gd1"},{"name":"gd1_19","bone":"deng_da_bai","attachment":"deng_da_bai"},{"name":"gd1_20","bone":"deng_gd2","attachment":"gd2"},{"name":"gd1_21","bone":"deng_da_bai","attachment":"deng_da_bai"},{"name":"gd1_22","bone":"deng_gd1","attachment":"gd1"},{"name":"gd1_23","bone":"deng_da_bai","attachment":"deng_da_bai"},{"name":"gd1_24","bone":"deng_gd2","attachment":"gd2"},{"name":"gd1_25","bone":"deng_da_bai","attachment":"deng_da_bai"},{"name":"gd1_26","bone":"deng_gd1","attachment":"gd1"},{"name":"gd1_27","bone":"deng_da_bai","attachment":"deng_da_bai"},{"name":"gd1_28","bone":"deng_gd2","attachment":"gd2"},{"name":"gd1_29","bone":"deng_da_bai","attachment":"deng_da_bai"},{"name":"gd1_30","bone":"deng_gd1","attachment":"gd1"},{"name":"gd1_31","bone":"deng_da_bai","attachment":"deng_da_bai"}],"skins":{"default":{"diban":{"diban":{"width":610,"height":416}},"gd1_1":{"deng_da_bai":{"x":-205.84,"y":178.64,"rotation":0.06,"width":38,"height":38}},"gd1_10":{"gd1":{"x":-258.4,"y":-150.61,"width":28,"height":28}},"gd1_11":{"deng_da_bai":{"x":-227.24,"y":-162.83,"rotation":0.06,"width":38,"height":38}},"gd1_12":{"gd2":{"x":-189.4,"y":-162.6,"rotation":-0.12,"width":28,"height":28}},"gd1_13":{"deng_da_bai":{"x":-151.54,"y":-162.83,"rotation":0.06,"width":38,"height":38}},"gd1_14":{"gd1":{"x":-113.81,"y":-163,"width":28,"height":28}},"gd1_15":{"deng_da_bai":{"x":-75.74,"y":-162.83,"rotation":0.06,"width":38,"height":38}},"gd1_16":{"gd2":{"x":-38.12,"y":-162.92,"rotation":-0.12,"width":28,"height":28}},"gd1_17":{"deng_da_bai":{"x":-0.04,"y":-162.83,"rotation":0.06,"width":38,"height":38}},"gd1_18":{"gd1":{"x":39.4,"y":-163,"width":28,"height":28}},"gd1_19":{"deng_da_bai":{"x":76.23,"y":-162.83,"rotation":0.06,"width":38,"height":38}},"gd1_2":{"gd1":{"x":-247.23,"y":174.67,"width":28,"height":28}},"gd1_20":{"gd2":{"x":114.52,"y":-163.24,"rotation":-0.12,"width":28,"height":28}},"gd1_21":{"deng_da_bai":{"x":152.38,"y":-162.83,"rotation":0.06,"width":38,"height":38}},"gd1_22":{"gd1":{"x":190.79,"y":-163,"width":28,"height":28}},"gd1_23":{"deng_da_bai":{"x":228.51,"y":-162.83,"rotation":0.06,"width":38,"height":38}},"gd1_24":{"gd2":{"x":260.29,"y":-150.33,"rotation":-0.12,"width":28,"height":28}},"gd1_25":{"deng_da_bai":{"x":273.38,"y":-116.21,"rotation":0.06,"width":38,"height":38}},"gd1_26":{"gd1":{"x":273.38,"y":-67.77,"width":28,"height":28}},"gd1_27":{"deng_da_bai":{"x":273.38,"y":-20.89,"rotation":0.06,"width":38,"height":38}},"gd1_28":{"gd2":{"x":273.44,"y":26.97,"rotation":-0.12,"width":28,"height":28}},"gd1_29":{"deng_da_bai":{"x":273.38,"y":74.61,"rotation":0.06,"width":38,"height":38}},"gd1_3":{"deng_da_bai":{"x":-271.23,"y":149.43,"rotation":0.06,"width":38,"height":38}},"gd1_30":{"gd1":{"x":273.38,"y":114.74,"width":28,"height":28}},"gd1_31":{"deng_da_bai":{"x":211.38,"y":179.45,"rotation":0.06,"width":38,"height":38}},"gd1_4":{"gd2":{"x":-270.99,"y":114.06,"rotation":-0.12,"width":28,"height":28}},"gd1_5":{"deng_da_bai":{"x":-271.23,"y":73.15,"rotation":0.06,"width":38,"height":38}},"gd1_6":{"gd1":{"x":-271.23,"y":26.2,"width":28,"height":28}},"gd1_7":{"deng_da_bai":{"x":-271.23,"y":-21.32,"rotation":0.06,"width":38,"height":38}},"gd1_8":{"gd2":{"x":-271.38,"y":-67.55,"rotation":-0.12,"width":28,"height":28}},"gd1_9":{"deng_da_bai":{"x":-271.23,"y":-116.49,"rotation":0.06,"width":38,"height":38}}}},"animations":{"animation":{"slots":{"gd1_2":{"color":[{"time":0,"color":"ffffff64"},{"time":0.1667,"color":"fffffffe"},{"time":0.3333,"color":"ffffff64"}]},"gd1_4":{"color":[{"time":0,"color":"fffffffe"},{"time":0.1667,"color":"ffffff64"},{"time":0.3333,"color":"fffffffe"}]},"gd1_6":{"color":[{"time":0,"color":"ffffff64"},{"time":0.1667,"color":"fffffffe"},{"time":0.3333,"color":"ffffff64"}]},"gd1_8":{"color":[{"time":0,"color":"fffffffe"},{"time":0.1667,"color":"ffffff64"},{"time":0.3333,"color":"fffffffe"}]},"gd1_10":{"color":[{"time":0,"color":"ffffff64"},{"time":0.1667,"color":"fffffffe"},{"time":0.3333,"color":"ffffff64"}]},"gd1_12":{"color":[{"time":0,"color":"fffffffe"},{"time":0.1667,"color":"ffffff64"},{"time":0.3333,"color":"fffffffe"}]},"gd1_14":{"color":[{"time":0,"color":"ffffff64"},{"time":0.1667,"color":"fffffffe"},{"time":0.3333,"color":"ffffff64"}]},"gd1_16":{"color":[{"time":0,"color":"fffffffe"},{"time":0.1667,"color":"ffffff64"},{"time":0.3333,"color":"fffffffe"}]},"gd1_18":{"color":[{"time":0,"color":"ffffff64"},{"time":0.1667,"color":"fffffffe"},{"time":0.3333,"color":"ffffff64"}]},"gd1_20":{"color":[{"time":0,"color":"fffffffe"},{"time":0.1667,"color":"ffffff64"},{"time":0.3333,"color":"fffffffe"}]},"gd1_22":{"color":[{"time":0,"color":"ffffff64"},{"time":0.1667,"color":"fffffffe"},{"time":0.3333,"color":"ffffff64"}]},"gd1_24":{"color":[{"time":0,"color":"fffffffe"},{"time":0.1667,"color":"ffffff64"},{"time":0.3333,"color":"fffffffe"}]},"gd1_26":{"color":[{"time":0,"color":"ffffff64"},{"time":0.1667,"color":"fffffffe"},{"time":0.3333,"color":"ffffff64"}]},"gd1_28":{"color":[{"time":0,"color":"fffffffe"},{"time":0.1667,"color":"ffffff64"},{"time":0.3333,"color":"fffffffe"}]},"gd1_30":{"color":[{"time":0,"color":"ffffff64"},{"time":0.1667,"color":"fffffffe"},{"time":0.3333,"color":"ffffff64"}]}}}}}