{"skeleton":{"hash":"oK+PG29RPjTdiGMT7cCzDfnhodU","spine":"3.6.37","width":379.95,"height":230,"images":"./images/"},"bones":[{"name":"root"},{"name":"xuanyouxiguangeffect","parent":"root","y":-11.22,"scaleX":1.789,"scaleY":1.789},{"name":"yidongguangdian","parent":"root","x":-71.99,"y":-85.02,"scaleX":1.85,"scaleY":0.1},{"name":"yidongguangdian2","parent":"root","x":98.83,"y":-27.89,"scaleX":1.418,"scaleY":0.096}],"slots":[{"name":"xuanyouxiguangeffect","bone":"xuanyouxiguangeffect","color":"ffffff54","blend":"additive"},{"name":"yidongguangdian","bone":"yidongguangdian","color":"ffffff82","attachment":"yidongguangdian","blend":"additive"},{"name":"yidongguangdian2","bone":"yidongguangdian2","color":"ffffff82","attachment":"yidongguangdian","blend":"additive"}],"skins":{"default":{"xuanyouxiguangeffect":{"xuanyouxilgeffect_0":{"scaleX":1.111,"scaleY":1.111,"width":141,"height":86},"xuanyouxilgeffect_1":{"scaleX":1.111,"scaleY":1.111,"width":141,"height":86},"xuanyouxilgeffect_2":{"scaleX":1.111,"scaleY":1.111,"width":141,"height":86},"xuanyouxilgeffect_3":{"scaleX":1.111,"scaleY":1.111,"width":141,"height":86},"xuanyouxilgeffect_4":{"scaleX":1.111,"scaleY":1.111,"width":141,"height":86},"xuanyouxilgeffect_5":{"scaleX":1.111,"scaleY":1.111,"width":141,"height":86},"xuanyouxilgeffect_6":{"scaleX":1.111,"scaleY":1.111,"width":141,"height":86},"xuanyouxilgeffect_7":{"scaleX":1.111,"scaleY":1.111,"width":141,"height":86},"xuanyouxilgeffect_8":{"scaleX":1.111,"scaleY":1.111,"width":141,"height":86},"xuanyouxilgeffect_9":{"scaleX":1.111,"scaleY":1.111,"width":141,"height":86},"xuanyouxilgeffect_10":{"scaleX":1.111,"scaleY":1.111,"width":141,"height":86},"xuanyouxilgeffect_11":{"scaleX":1.111,"scaleY":1.111,"width":141,"height":86},"xuanyouxilgeffect_12":{"scaleX":1.111,"scaleY":1.111,"width":141,"height":86},"xuanyouxilgeffect_13":{"scaleX":1.111,"scaleY":1.111,"width":141,"height":86},"xuanyouxilgeffect_14":{"scaleX":1.111,"scaleY":1.111,"width":141,"height":86},"xuanyouxilgeffect_15":{"scaleX":1.111,"scaleY":1.111,"width":141,"height":86},"xuanyouxilgeffect_16":{"scaleX":1.111,"scaleY":1.111,"width":141,"height":86},"xuanyouxilgeffect_17":{"scaleX":1.111,"scaleY":1.111,"width":141,"height":86},"xuanyouxilgeffect_18":{"scaleX":1.111,"scaleY":1.111,"width":141,"height":86},"xuanyouxilgeffect_19":{"scaleX":1.111,"scaleY":1.111,"width":141,"height":86},"xuanyouxilgeffect_20":{"scaleX":1.111,"scaleY":1.111,"width":141,"height":86},"xuanyouxilgeffect_21":{"scaleX":1.111,"scaleY":1.111,"width":141,"height":86},"xuanyouxilgeffect_22":{"scaleX":1.111,"scaleY":1.111,"width":141,"height":86},"xuanyouxilgeffect_23":{"scaleX":1.111,"scaleY":1.111,"width":141,"height":86}},"yidongguangdian":{"yidongguangdian":{"width":128,"height":128}},"yidongguangdian2":{"yidongguangdian":{"width":128,"height":128}}}},"animations":{"animation":{"slots":{"xuanyouxiguangeffect":{"attachment":[{"time":0,"name":"xuanyouxilgeffect_6"},{"time":0.1,"name":"xuanyouxilgeffect_7"},{"time":0.2,"name":"xuanyouxilgeffect_8"},{"time":0.3,"name":"xuanyouxilgeffect_9"},{"time":0.4,"name":"xuanyouxilgeffect_10"},{"time":0.5,"name":"xuanyouxilgeffect_11"},{"time":0.6,"name":"xuanyouxilgeffect_12"},{"time":0.7,"name":"xuanyouxilgeffect_13"},{"time":0.8,"name":"xuanyouxilgeffect_14"},{"time":0.9,"name":"xuanyouxilgeffect_15"},{"time":1,"name":"xuanyouxilgeffect_16"},{"time":1.1,"name":"xuanyouxilgeffect_17"},{"time":1.2,"name":"xuanyouxilgeffect_18"},{"time":1.3,"name":"xuanyouxilgeffect_19"},{"time":1.4,"name":"xuanyouxilgeffect_20"},{"time":1.5,"name":"xuanyouxilgeffect_21"},{"time":1.6,"name":"xuanyouxilgeffect_22"},{"time":1.7,"name":"xuanyouxilgeffect_23"},{"time":1.8,"name":"xuanyouxilgeffect_0"},{"time":1.9,"name":"xuanyouxilgeffect_1"},{"time":2,"name":"xuanyouxilgeffect_2"},{"time":2.1,"name":"xuanyouxilgeffect_3"},{"time":2.2,"name":"xuanyouxilgeffect_4"},{"time":2.3,"name":"xuanyouxilgeffect_5"},{"time":2.4,"name":"xuanyouxilgeffect_6"}]},"yidongguangdian":{"color":[{"time":0,"color":"ffffff00"},{"time":1.2333,"color":"ffffff54"},{"time":2.4,"color":"ffffff00"}]},"yidongguangdian2":{"color":[{"time":0,"color":"ffffff00"},{"time":1.2333,"color":"ffffff54"},{"time":2.4,"color":"ffffff00"}]}},"bones":{"xuanyouxiguangeffect":{"rotate":[{"time":0,"angle":0,"curve":"stepped"},{"time":2.3,"angle":0}],"translate":[{"time":0,"x":0,"y":0,"curve":"stepped"},{"time":2.3,"x":0,"y":0}]},"yidongguangdian2":{"rotate":[{"time":0,"angle":0,"curve":"stepped"},{"time":2.4,"angle":0}],"translate":[{"time":0,"x":-225.29,"y":0},{"time":2.4,"x":26.2,"y":0}],"scale":[{"time":0,"x":1,"y":1,"curve":"stepped"},{"time":2.4,"x":1,"y":1}]},"yidongguangdian":{"rotate":[{"time":0,"angle":0,"curve":"stepped"},{"time":2.4,"angle":0}],"translate":[{"time":0,"x":10,"y":0},{"time":2.4,"x":135.07,"y":0}],"scale":[{"time":0,"x":1,"y":1,"curve":"stepped"},{"time":2.4,"x":1,"y":1}]}}}}}