{"skeleton":{"hash":"wpK3OmzvS8qznQgu0xnBlypI6LM","spine":"3.6.37","width":134.73,"height":97,"images":"./images/"},"bones":[{"name":"root"},{"name":"hip","parent":"root"},{"name":"bx","parent":"hip"},{"name":"hqb2_dt_jjjgd1","parent":"bx","x":-13.5,"y":8.07},{"name":"hqb2_dt_jjjgd2","parent":"bx","rotation":-7.56,"x":-40,"y":3.46},{"name":"hqb2_dt_jjjgd3","parent":"bx","rotation":27.58,"x":-52.86,"y":-6.33},{"name":"hqb2_dt_jjjgd4","parent":"bx","rotation":-27.36,"x":28.93,"y":5.67},{"name":"hqb2_dt_jjjgd5","parent":"bx","rotation":28.82,"x":0.13,"y":-2.08},{"name":"hqb2_dt_jjjgd6","parent":"bx","rotation":-7.56,"x":45.42,"y":-1.79},{"name":"hqb2_dt_jjjgd7","parent":"bx","rotation":-7.56,"x":-25.58,"y":1.47},{"name":"hqb2_dt_jjjgd8","parent":"bx","rotation":9.85,"x":18.28,"y":7.73},{"name":"hqb2_dt_jjjxz2","parent":"bx","length":39,"rotation":90},{"name":"hqb2_dt_jjjtextlg","parent":"hqb2_dt_jjjxz2","rotation":-90,"x":-23.01,"y":-0.06,"scaleX":2,"scaleY":2}],"slots":[{"name":"hqb2_dt_jjjxz1","bone":"hqb2_dt_jjjxz2","attachment":"hqb2_dt_jjjxz1"},{"name":"hqb2_dt_jjjxz2","bone":"bx","attachment":"hqb2_dt_jjjxz2"},{"name":"hqb2_dt_jjjxz3","bone":"bx","blend":"additive"},{"name":"hqb2_dt_jjjgd1","bone":"hqb2_dt_jjjgd1","attachment":"hqb2_dt_jjjgd1","blend":"additive"},{"name":"hqb2_dt_jjjgd2","bone":"hqb2_dt_jjjgd5","attachment":"hqb2_dt_jjjgd1","blend":"additive"},{"name":"hqb2_dt_jjjgd5","bone":"hqb2_dt_jjjgd2","attachment":"hqb2_dt_jjjgd1","blend":"additive"},{"name":"hqb2_dt_jjjgd9","bone":"hqb2_dt_jjjgd7","attachment":"hqb2_dt_jjjgd1","blend":"additive"},{"name":"hqb2_dt_jjjgd8","bone":"hqb2_dt_jjjgd6","attachment":"hqb2_dt_jjjgd1","blend":"additive"},{"name":"hqb2_dt_jjjgd6","bone":"hqb2_dt_jjjgd3","attachment":"hqb2_dt_jjjgd1","blend":"additive"},{"name":"hqb2_dt_jjjgd7","bone":"hqb2_dt_jjjgd4","attachment":"hqb2_dt_jjjgd1","blend":"additive"},{"name":"hqb2_dt_jjjgd10","bone":"hqb2_dt_jjjgd8","attachment":"hqb2_dt_jjjgd1","blend":"additive"},{"name":"hqb2_dt_jjjtextlg","bone":"hqb2_dt_jjjtextlg","attachment":"hqb2_dt_jjjtextlg0","blend":"additive"}],"skins":{"default":{"hqb2_dt_jjjgd1":{"hqb2_dt_jjjgd1":{"width":25,"height":25}},"hqb2_dt_jjjgd10":{"hqb2_dt_jjjgd1":{"width":25,"height":25}},"hqb2_dt_jjjgd2":{"hqb2_dt_jjjgd1":{"width":25,"height":25}},"hqb2_dt_jjjgd5":{"hqb2_dt_jjjgd1":{"width":25,"height":25}},"hqb2_dt_jjjgd6":{"hqb2_dt_jjjgd1":{"width":25,"height":25}},"hqb2_dt_jjjgd7":{"hqb2_dt_jjjgd1":{"width":25,"height":25}},"hqb2_dt_jjjgd8":{"hqb2_dt_jjjgd1":{"width":25,"height":25}},"hqb2_dt_jjjgd9":{"hqb2_dt_jjjgd1":{"width":25,"height":25}},"hqb2_dt_jjjtextlg":{"hqb2_dt_jjjtextlg0":{"width":35,"height":11},"hqb2_dt_jjjtextlg1":{"width":35,"height":11},"hqb2_dt_jjjtextlg2":{"width":35,"height":11},"hqb2_dt_jjjtextlg3":{"width":35,"height":11},"hqb2_dt_jjjtextlg4":{"width":35,"height":11},"hqb2_dt_jjjtextlg5":{"width":35,"height":11},"hqb2_dt_jjjtextlg6":{"width":35,"height":11},"hqb2_dt_jjjtextlg7":{"width":35,"height":11},"hqb2_dt_jjjtextlg8":{"width":35,"height":11},"hqb2_dt_jjjtextlg9":{"width":35,"height":11},"hqb2_dt_jjjtextlg10":{"width":35,"height":11},"hqb2_dt_jjjtextlg11":{"width":35,"height":11}},"hqb2_dt_jjjxz1":{"hqb2_dt_jjjxz1":{"x":23.07,"rotation":-90,"width":110,"height":35}},"hqb2_dt_jjjxz2":{"hqb2_dt_jjjxz2":{"y":-20.93,"width":130,"height":71}},"hqb2_dt_jjjxz3":{"hqb2_dt_jjjjb":{"y":4.81,"width":120,"height":17}}}},"animations":{"animation":{"slots":{"hqb2_dt_jjjgd1":{"color":[{"time":0,"color":"ffffff00","curve":[0.289,0.14,0.633,0.52]},{"time":0.6,"color":"fffffffe","curve":[0.324,0.3,0.678,0.7]},{"time":1.5,"color":"ffffff00","curve":"stepped"},{"time":2.4,"color":"ffffff00"}]},"hqb2_dt_jjjgd2":{"color":[{"time":0,"color":"ffffff00","curve":"stepped"},{"time":0.5667,"color":"ffffff00","curve":[0.289,0.14,0.633,0.52]},{"time":1.1667,"color":"fffffffe","curve":[0.324,0.3,0.678,0.7]},{"time":2.0667,"color":"ffffff00","curve":"stepped"},{"time":2.4,"color":"ffffff00"}]},"hqb2_dt_jjjgd5":{"color":[{"time":0,"color":"ffffff00","curve":"stepped"},{"time":0.4333,"color":"ffffff00","curve":[0.289,0.14,0.633,0.52]},{"time":1.0333,"color":"fffffffe","curve":[0.324,0.3,0.678,0.7]},{"time":1.9333,"color":"ffffff00","curve":"stepped"},{"time":2.4,"color":"ffffff00"}]},"hqb2_dt_jjjgd6":{"color":[{"time":0,"color":"ffffff00","curve":"stepped"},{"time":0.9,"color":"ffffff00","curve":[0.289,0.14,0.633,0.52]},{"time":1.5,"color":"fffffffe","curve":[0.324,0.3,0.678,0.7]},{"time":2.4,"color":"ffffff00"}]},"hqb2_dt_jjjgd7":{"color":[{"time":0,"color":"ffffff00","curve":"stepped"},{"time":0.6667,"color":"ffffff00","curve":[0.289,0.14,0.633,0.52]},{"time":1.2667,"color":"fffffffe","curve":[0.324,0.3,0.678,0.7]},{"time":2.1667,"color":"ffffff00","curve":"stepped"},{"time":2.4,"color":"ffffff00"}]},"hqb2_dt_jjjgd8":{"color":[{"time":0,"color":"ffffff66","curve":[0.34,0.35,0.677,0.7]},{"time":1.2667,"color":"ffffff00","curve":[0.289,0.14,0.633,0.52]},{"time":1.8667,"color":"fffffffe","curve":[0.323,0.3,0.663,0.66]},{"time":2.4,"color":"ffffff66"}]},"hqb2_dt_jjjgd9":{"color":[{"time":0,"color":"fffffffe","curve":[0.324,0.3,0.678,0.7]},{"time":0.8,"color":"ffffff00","curve":[0.382,0.58,0.732,1]},{"time":2.4,"color":"fffffffe"}]},"hqb2_dt_jjjgd10":{"color":[{"time":0,"color":"fffffffe","curve":[0.324,0.3,0.678,0.7]},{"time":0.9,"color":"ffffff00","curve":[0.382,0.58,0.732,1]},{"time":2.4,"color":"fffffffe"}]},"hqb2_dt_jjjtextlg":{"attachment":[{"time":0,"name":null},{"time":0.4667,"name":"hqb2_dt_jjjtextlg0"},{"time":0.5333,"name":"hqb2_dt_jjjtextlg1"},{"time":0.6,"name":"hqb2_dt_jjjtextlg2"},{"time":0.6667,"name":"hqb2_dt_jjjtextlg3"},{"time":0.7333,"name":"hqb2_dt_jjjtextlg4"},{"time":0.8,"name":"hqb2_dt_jjjtextlg5"},{"time":0.8667,"name":"hqb2_dt_jjjtextlg6"},{"time":0.9333,"name":"hqb2_dt_jjjtextlg7"},{"time":1,"name":"hqb2_dt_jjjtextlg8"},{"time":1.0667,"name":"hqb2_dt_jjjtextlg9"},{"time":1.1333,"name":"hqb2_dt_jjjtextlg10"},{"time":1.2,"name":"hqb2_dt_jjjtextlg11"},{"time":1.2667,"name":null}]},"hqb2_dt_jjjxz3":{"color":[{"time":0,"color":"ffffff00","curve":"stepped"},{"time":0.4667,"color":"ffffff00","curve":[0.25,0,0.75,1]},{"time":0.7,"color":"ffffff22","curve":[0.25,0,0.75,1]},{"time":1.1667,"color":"ffffff00"}],"attachment":[{"time":0,"name":"hqb2_dt_jjjjb"}]}},"bones":{"bx":{"rotate":[{"time":0,"angle":0,"curve":"stepped"},{"time":0.4667,"angle":0,"curve":[0.25,0,0.75,1]},{"time":0.5667,"angle":2.06,"curve":[0.25,0,0.75,1]},{"time":0.7,"angle":-2.01,"curve":[0.25,0,0.75,1]},{"time":0.8333,"angle":1,"curve":[0.25,0,0.75,1]},{"time":1,"angle":-0.39,"curve":[0.25,0,0.75,1]},{"time":1.1667,"angle":0,"curve":"stepped"},{"time":2.4,"angle":0}],"translate":[{"time":0,"x":0,"y":0,"curve":"stepped"},{"time":0.4667,"x":0,"y":0,"curve":[0.25,0,0.75,1]},{"time":0.5667,"x":-1.62,"y":1.29,"curve":[0.25,0,0.75,1]},{"time":0.7,"x":1.53,"y":1.93,"curve":[0.271,0,0.619,0.41]},{"time":0.8333,"x":-0.95,"y":0.81,"curve":[0.318,0.29,0.671,0.68]},{"time":1,"x":0.48,"y":0.2,"curve":[0.382,0.56,0.738,1]},{"time":1.1667,"x":0,"y":0,"curve":"stepped"},{"time":2.4,"x":0,"y":0}],"scale":[{"time":0,"x":1,"y":1,"curve":"stepped"},{"time":0.4667,"x":1,"y":1,"curve":"stepped"},{"time":0.7,"x":1,"y":1,"curve":"stepped"},{"time":1.1667,"x":1,"y":1,"curve":"stepped"},{"time":2.4,"x":1,"y":1}],"shear":[{"time":0,"x":0,"y":0,"curve":"stepped"},{"time":0.4667,"x":0,"y":0,"curve":"stepped"},{"time":0.7,"x":0,"y":0,"curve":"stepped"},{"time":1.1667,"x":0,"y":0,"curve":"stepped"},{"time":2.4,"x":0,"y":0}]},"hqb2_dt_jjjxz2":{"rotate":[{"time":0,"angle":0,"curve":"stepped"},{"time":2.4,"angle":0}],"translate":[{"time":0,"x":0,"y":0,"curve":[0.25,0,0.75,1]},{"time":0.4,"x":0,"y":-0.79,"curve":[0.25,0,0.75,1]},{"time":0.6,"x":0,"y":-1.19,"curve":[0.25,0,0.75,1]},{"time":2.4,"x":0,"y":0}],"scale":[{"time":0,"x":1,"y":1,"curve":[0.25,0,0.75,1]},{"time":0.4,"x":0.98,"y":1,"curve":[0.25,0,0.75,1]},{"time":0.6,"x":1.05,"y":1,"curve":[0.25,0,0.75,1]},{"time":0.8,"x":0.99,"y":1,"curve":[0.25,0,0.75,1]},{"time":1,"x":1.01,"y":1,"curve":[0.25,0,0.75,1]},{"time":1.2333,"x":1,"y":1,"curve":"stepped"},{"time":2.4,"x":1,"y":1}],"shear":[{"time":0,"x":0,"y":0,"curve":"stepped"},{"time":2.4,"x":0,"y":0}]},"hqb2_dt_jjjgd1":{"rotate":[{"time":0,"angle":0,"curve":[0.25,0,0.75,1]},{"time":2.4,"angle":-60}],"translate":[{"time":0,"x":0,"y":0,"curve":"stepped"},{"time":2.4,"x":0,"y":0}],"scale":[{"time":0,"x":1,"y":1,"curve":"stepped"},{"time":2.4,"x":1,"y":1}],"shear":[{"time":0,"x":0,"y":0,"curve":"stepped"},{"time":2.4,"x":0,"y":0}]},"hqb2_dt_jjjgd2":{"rotate":[{"time":0,"angle":0,"curve":[0.25,0,0.75,1]},{"time":2.4,"angle":-60}],"translate":[{"time":0,"x":0,"y":0,"curve":"stepped"},{"time":2.4,"x":0,"y":0}],"scale":[{"time":0,"x":1,"y":1,"curve":"stepped"},{"time":2.4,"x":1,"y":1}],"shear":[{"time":0,"x":0,"y":0,"curve":"stepped"},{"time":2.4,"x":0,"y":0}]},"hqb2_dt_jjjgd3":{"rotate":[{"time":0,"angle":0,"curve":[0.25,0,0.75,1]},{"time":2.4,"angle":-60}],"translate":[{"time":0,"x":0,"y":0,"curve":"stepped"},{"time":2.4,"x":0,"y":0}],"scale":[{"time":0,"x":1,"y":1,"curve":"stepped"},{"time":2.4,"x":1,"y":1}],"shear":[{"time":0,"x":0,"y":0,"curve":"stepped"},{"time":2.4,"x":0,"y":0}]},"hqb2_dt_jjjgd4":{"rotate":[{"time":0,"angle":0,"curve":[0.25,0,0.75,1]},{"time":2.4,"angle":-60}],"translate":[{"time":0,"x":0,"y":0,"curve":"stepped"},{"time":2.4,"x":0,"y":0}],"scale":[{"time":0,"x":1,"y":1,"curve":"stepped"},{"time":2.4,"x":1,"y":1}],"shear":[{"time":0,"x":0,"y":0,"curve":"stepped"},{"time":2.4,"x":0,"y":0}]},"hqb2_dt_jjjgd5":{"rotate":[{"time":0,"angle":0,"curve":[0.25,0,0.75,1]},{"time":2.4,"angle":-60}],"translate":[{"time":0,"x":0,"y":0,"curve":"stepped"},{"time":2.4,"x":0,"y":0}],"scale":[{"time":0,"x":1,"y":1,"curve":"stepped"},{"time":2.4,"x":1,"y":1}],"shear":[{"time":0,"x":0,"y":0,"curve":"stepped"},{"time":2.4,"x":0,"y":0}]},"hqb2_dt_jjjgd6":{"rotate":[{"time":0,"angle":-60,"curve":"stepped"},{"time":2.4,"angle":-60}],"translate":[{"time":0,"x":0,"y":0,"curve":"stepped"},{"time":2.4,"x":0,"y":0}],"scale":[{"time":0,"x":1,"y":1,"curve":"stepped"},{"time":2.4,"x":1,"y":1}],"shear":[{"time":0,"x":0,"y":0,"curve":"stepped"},{"time":2.4,"x":0,"y":0}]},"hqb2_dt_jjjgd7":{"rotate":[{"time":0,"angle":0,"curve":"stepped"},{"time":2.4,"angle":0}],"translate":[{"time":0,"x":0,"y":0,"curve":"stepped"},{"time":2.4,"x":0,"y":0}],"scale":[{"time":0,"x":1,"y":1,"curve":"stepped"},{"time":2.4,"x":1,"y":1}],"shear":[{"time":0,"x":0,"y":0,"curve":"stepped"},{"time":2.4,"x":0,"y":0}]},"hqb2_dt_jjjgd8":{"rotate":[{"time":0,"angle":0,"curve":"stepped"},{"time":2.4,"angle":0}],"translate":[{"time":0,"x":0,"y":0,"curve":"stepped"},{"time":2.4,"x":0,"y":0}],"scale":[{"time":0,"x":1,"y":1,"curve":"stepped"},{"time":2.4,"x":1,"y":1}],"shear":[{"time":0,"x":0,"y":0,"curve":"stepped"},{"time":2.4,"x":0,"y":0}]}}}}}