{"skeleton":{"hash":"dQ7jWud+IYmg+zLRzftHlCppXxY","spine":"3.6.37","width":1334,"height":750,"images":"./images/"},"bones":[{"name":"root"},{"name":"hip","parent":"root"},{"name":"zsbdt_phbeffect","parent":"hip"},{"name":"zsbdt_phbeffectfg","parent":"hip","y":-6.55,"scaleX":0.9,"scaleY":0.9},{"name":"zsbdt_phbgx","parent":"hip","scaleX":0.008,"scaleY":0.008},{"name":"zsbdt_phbgxhdwpgx","parent":"hip","scaleX":0.75,"scaleY":0.75}],"slots":[{"name":"ck","bone":"root"},{"name":"zsbdt_phbgxhdwpgx","bone":"zsbdt_phbgxhdwpgx","attachment":"zsbdt_phbgxhdwpgx0","blend":"additive"},{"name":"zsbdt_phbgx","bone":"zsbdt_phbgx","attachment":"zsbdt_phbgx","blend":"additive"},{"name":"zsbdt_phbeffect","bone":"zsbdt_phbeffect","attachment":"zsbdt_phbeffect0","blend":"additive"},{"name":"zsbdt_phbeffectfg","bone":"zsbdt_phbeffectfg","attachment":"zsbdt_phbeffectfg","blend":"additive"}],"skins":{"default":{"zsbdt_phbeffect":{"zsbdt_phbeffect0":{"x":-9.36,"y":3.72,"width":82,"height":78},"zsbdt_phbeffect1":{"x":-9.36,"y":3.72,"width":82,"height":78},"zsbdt_phbeffect2":{"x":-9.36,"y":3.72,"width":82,"height":78},"zsbdt_phbeffect3":{"x":-9.36,"y":3.72,"width":82,"height":78},"zsbdt_phbeffect4":{"x":-9.36,"y":3.72,"width":82,"height":78},"zsbdt_phbeffect5":{"x":-9.36,"y":3.72,"width":82,"height":78},"zsbdt_phbeffect6":{"x":-9.36,"y":3.72,"width":82,"height":78},"zsbdt_phbeffect7":{"x":-9.36,"y":3.72,"width":82,"height":78},"zsbdt_phbeffect8":{"x":-9.36,"y":3.72,"width":82,"height":78},"zsbdt_phbeffect9":{"x":-9.36,"y":3.72,"width":82,"height":78},"zsbdt_phbeffect10":{"x":-9.36,"y":3.72,"width":82,"height":78},"zsbdt_phbeffect11":{"x":-9.36,"y":3.72,"width":82,"height":78},"zsbdt_phbeffect12":{"x":-9.36,"y":3.72,"width":82,"height":78},"zsbdt_phbeffect13":{"x":-9.36,"y":3.72,"width":82,"height":78},"zsbdt_phbeffect14":{"x":-9.36,"y":3.72,"width":82,"height":78},"zsbdt_phbeffect15":{"x":-9.36,"y":3.72,"width":82,"height":78},"zsbdt_phbeffect16":{"x":-9.36,"y":3.72,"width":82,"height":78},"zsbdt_phbeffect17":{"x":-9.36,"y":3.72,"width":82,"height":78},"zsbdt_phbeffect18":{"x":-9.36,"y":3.72,"width":82,"height":78},"zsbdt_phbeffect19":{"x":-9.36,"y":3.72,"width":82,"height":78}},"zsbdt_phbeffectfg":{"zsbdt_phbeffectfg":{"width":72,"height":67}},"zsbdt_phbgx":{"zsbdt_phbgx":{"width":256,"height":256}},"zsbdt_phbgxhdwpgx":{"zsbdt_phbgxhdwpgx0":{"x":-8.18,"y":-2.91,"width":117,"height":121},"zsbdt_phbgxhdwpgx1":{"x":-8.18,"y":-2.91,"width":117,"height":121},"zsbdt_phbgxhdwpgx2":{"x":-8.18,"y":-2.91,"width":117,"height":121},"zsbdt_phbgxhdwpgx3":{"x":-8.18,"y":-2.91,"width":117,"height":121},"zsbdt_phbgxhdwpgx4":{"x":-8.18,"y":-2.91,"width":117,"height":121},"zsbdt_phbgxhdwpgx5":{"x":-8.18,"y":-2.91,"width":117,"height":121},"zsbdt_phbgxhdwpgx6":{"x":-8.18,"y":-2.91,"width":117,"height":121},"zsbdt_phbgxhdwpgx7":{"x":-8.18,"y":-2.91,"width":117,"height":121},"zsbdt_phbgxhdwpgx8":{"x":-8.18,"y":-2.91,"width":117,"height":121},"zsbdt_phbgxhdwpgx9":{"x":-8.18,"y":-2.91,"width":117,"height":121},"zsbdt_phbgxhdwpgx10":{"x":-8.18,"y":-2.91,"width":117,"height":121},"zsbdt_phbgxhdwpgx11":{"x":-8.18,"y":-2.91,"width":117,"height":121},"zsbdt_phbgxhdwpgx12":{"x":-8.18,"y":-2.91,"width":117,"height":121},"zsbdt_phbgxhdwpgx13":{"x":-8.18,"y":-2.91,"width":117,"height":121},"zsbdt_phbgxhdwpgx14":{"x":-8.18,"y":-2.91,"width":117,"height":121},"zsbdt_phbgxhdwpgx15":{"x":-8.18,"y":-2.91,"width":117,"height":121},"zsbdt_phbgxhdwpgx16":{"x":-8.18,"y":-2.91,"width":117,"height":121},"zsbdt_phbgxhdwpgx17":{"x":-8.18,"y":-2.91,"width":117,"height":121},"zsbdt_phbgxhdwpgx18":{"x":-8.18,"y":-2.91,"width":117,"height":121},"zsbdt_phbgxhdwpgx19":{"x":-8.18,"y":-2.91,"width":117,"height":121}}}},"animations":{"animation":{"slots":{"zsbdt_phbeffect":{"attachment":[{"time":0,"name":"zsbdt_phbeffect0"},{"time":0.0667,"name":"zsbdt_phbeffect1"},{"time":0.1333,"name":"zsbdt_phbeffect2"},{"time":0.2,"name":"zsbdt_phbeffect3"},{"time":0.2667,"name":"zsbdt_phbeffect4"},{"time":0.3333,"name":"zsbdt_phbeffect5"},{"time":0.4,"name":"zsbdt_phbeffect6"},{"time":0.4667,"name":"zsbdt_phbeffect7"},{"time":0.5333,"name":"zsbdt_phbeffect8"},{"time":0.6,"name":"zsbdt_phbeffect9"},{"time":0.6667,"name":"zsbdt_phbeffect10"},{"time":0.7333,"name":"zsbdt_phbeffect11"},{"time":0.8,"name":"zsbdt_phbeffect12"},{"time":0.8667,"name":"zsbdt_phbeffect13"},{"time":0.9333,"name":"zsbdt_phbeffect14"},{"time":1,"name":"zsbdt_phbeffect15"},{"time":1.0667,"name":"zsbdt_phbeffect16"},{"time":1.1333,"name":"zsbdt_phbeffect17"},{"time":1.2,"name":"zsbdt_phbeffect18"},{"time":1.2667,"name":"zsbdt_phbeffect19"},{"time":1.3333,"name":"zsbdt_phbeffect0"},{"time":1.4,"name":"zsbdt_phbeffect1"},{"time":1.4667,"name":"zsbdt_phbeffect2"},{"time":1.5333,"name":"zsbdt_phbeffect3"},{"time":1.6,"name":"zsbdt_phbeffect4"},{"time":1.6667,"name":"zsbdt_phbeffect5"},{"time":1.7333,"name":"zsbdt_phbeffect6"},{"time":1.8,"name":"zsbdt_phbeffect7"},{"time":1.8667,"name":"zsbdt_phbeffect8"},{"time":1.9333,"name":"zsbdt_phbeffect9"},{"time":2,"name":"zsbdt_phbeffect10"},{"time":2.0667,"name":"zsbdt_phbeffect11"},{"time":2.1333,"name":"zsbdt_phbeffect12"},{"time":2.2,"name":"zsbdt_phbeffect13"},{"time":2.2667,"name":"zsbdt_phbeffect14"},{"time":2.3333,"name":"zsbdt_phbeffect15"},{"time":2.4,"name":"zsbdt_phbeffect16"},{"time":2.4667,"name":"zsbdt_phbeffect17"},{"time":2.5333,"name":"zsbdt_phbeffect18"},{"time":2.6,"name":"zsbdt_phbeffect19"},{"time":2.6667,"name":"zsbdt_phbeffect0"},{"time":2.7333,"name":"zsbdt_phbeffect1"},{"time":2.8,"name":"zsbdt_phbeffect2"},{"time":2.8667,"name":"zsbdt_phbeffect3"},{"time":2.9333,"name":"zsbdt_phbeffect4"},{"time":3,"name":"zsbdt_phbeffect5"},{"time":3.0667,"name":"zsbdt_phbeffect6"},{"time":3.1333,"name":"zsbdt_phbeffect7"},{"time":3.2,"name":"zsbdt_phbeffect8"},{"time":3.2667,"name":"zsbdt_phbeffect9"},{"time":3.3333,"name":"zsbdt_phbeffect10"},{"time":3.4,"name":"zsbdt_phbeffect11"},{"time":3.4667,"name":"zsbdt_phbeffect12"},{"time":3.5333,"name":"zsbdt_phbeffect13"},{"time":3.6,"name":"zsbdt_phbeffect14"},{"time":3.6667,"name":"zsbdt_phbeffect15"},{"time":3.7333,"name":"zsbdt_phbeffect16"},{"time":3.8,"name":"zsbdt_phbeffect17"},{"time":3.8667,"name":"zsbdt_phbeffect18"},{"time":3.9333,"name":"zsbdt_phbeffect19"},{"time":4,"name":"zsbdt_phbeffect0"}]},"zsbdt_phbeffectfg":{"color":[{"time":0,"color":"ffffff80","curve":[0.25,0,0.75,1]},{"time":2,"color":"fffffffe","curve":[0.25,0,0.75,1]},{"time":4,"color":"ffffff80"}]},"zsbdt_phbgx":{"color":[{"time":0,"color":"ffffff00","curve":[0.311,0.8,0.582,1]},{"time":0.6667,"color":"fffffffe","curve":[0.249,0,0.739,0.95]},{"time":1.9667,"color":"ffffff02","curve":"stepped"},{"time":2,"color":"ffffff00","curve":[0.311,0.8,0.582,1]},{"time":2.6667,"color":"fffffffe","curve":[0.249,0,0.739,0.95]},{"time":3.9667,"color":"ffffff02","curve":"stepped"},{"time":4,"color":"ffffff00"}]},"zsbdt_phbgxhdwpgx":{"color":[{"time":0,"color":"fffffffe","curve":"stepped"},{"time":4,"color":"fffffffe"}],"attachment":[{"time":0,"name":"zsbdt_phbgxhdwpgx0"},{"time":0.0667,"name":"zsbdt_phbgxhdwpgx1"},{"time":0.1333,"name":"zsbdt_phbgxhdwpgx2"},{"time":0.2,"name":"zsbdt_phbgxhdwpgx3"},{"time":0.2667,"name":"zsbdt_phbgxhdwpgx4"},{"time":0.3333,"name":"zsbdt_phbgxhdwpgx5"},{"time":0.4,"name":"zsbdt_phbgxhdwpgx6"},{"time":0.4667,"name":"zsbdt_phbgxhdwpgx7"},{"time":0.5333,"name":"zsbdt_phbgxhdwpgx8"},{"time":0.6,"name":"zsbdt_phbgxhdwpgx9"},{"time":0.6667,"name":"zsbdt_phbgxhdwpgx10"},{"time":0.7333,"name":"zsbdt_phbgxhdwpgx11"},{"time":0.8,"name":"zsbdt_phbgxhdwpgx12"},{"time":0.8667,"name":"zsbdt_phbgxhdwpgx13"},{"time":0.9333,"name":"zsbdt_phbgxhdwpgx14"},{"time":1,"name":"zsbdt_phbgxhdwpgx15"},{"time":1.0667,"name":"zsbdt_phbgxhdwpgx16"},{"time":1.1333,"name":"zsbdt_phbgxhdwpgx17"},{"time":1.2,"name":"zsbdt_phbgxhdwpgx18"},{"time":1.2667,"name":"zsbdt_phbgxhdwpgx19"},{"time":1.3333,"name":"zsbdt_phbgxhdwpgx0"},{"time":1.4,"name":"zsbdt_phbgxhdwpgx1"},{"time":1.4667,"name":"zsbdt_phbgxhdwpgx2"},{"time":1.5333,"name":"zsbdt_phbgxhdwpgx3"},{"time":1.6,"name":"zsbdt_phbgxhdwpgx4"},{"time":1.6667,"name":"zsbdt_phbgxhdwpgx5"},{"time":1.7333,"name":"zsbdt_phbgxhdwpgx6"},{"time":1.8,"name":"zsbdt_phbgxhdwpgx7"},{"time":1.8667,"name":"zsbdt_phbgxhdwpgx8"},{"time":1.9333,"name":"zsbdt_phbgxhdwpgx9"},{"time":2,"name":"zsbdt_phbgxhdwpgx10"},{"time":2.0667,"name":"zsbdt_phbgxhdwpgx11"},{"time":2.1333,"name":"zsbdt_phbgxhdwpgx12"},{"time":2.2,"name":"zsbdt_phbgxhdwpgx13"},{"time":2.2667,"name":"zsbdt_phbgxhdwpgx14"},{"time":2.3333,"name":"zsbdt_phbgxhdwpgx15"},{"time":2.4,"name":"zsbdt_phbgxhdwpgx16"},{"time":2.4667,"name":"zsbdt_phbgxhdwpgx17"},{"time":2.5333,"name":"zsbdt_phbgxhdwpgx18"},{"time":2.6,"name":"zsbdt_phbgxhdwpgx19"},{"time":2.6667,"name":"zsbdt_phbgxhdwpgx0"},{"time":2.7333,"name":"zsbdt_phbgxhdwpgx1"},{"time":2.8,"name":"zsbdt_phbgxhdwpgx2"},{"time":2.8667,"name":"zsbdt_phbgxhdwpgx3"},{"time":2.9333,"name":"zsbdt_phbgxhdwpgx4"},{"time":3,"name":"zsbdt_phbgxhdwpgx5"},{"time":3.0667,"name":"zsbdt_phbgxhdwpgx6"},{"time":3.1333,"name":"zsbdt_phbgxhdwpgx7"},{"time":3.2,"name":"zsbdt_phbgxhdwpgx8"},{"time":3.2667,"name":"zsbdt_phbgxhdwpgx9"},{"time":3.3333,"name":"zsbdt_phbgxhdwpgx10"},{"time":3.4,"name":"zsbdt_phbgxhdwpgx11"},{"time":3.4667,"name":"zsbdt_phbgxhdwpgx12"},{"time":3.5333,"name":"zsbdt_phbgxhdwpgx13"},{"time":3.6,"name":"zsbdt_phbgxhdwpgx14"},{"time":3.6667,"name":"zsbdt_phbgxhdwpgx15"},{"time":3.7333,"name":"zsbdt_phbgxhdwpgx16"},{"time":3.8,"name":"zsbdt_phbgxhdwpgx17"},{"time":3.8667,"name":"zsbdt_phbgxhdwpgx18"},{"time":3.9333,"name":"zsbdt_phbgxhdwpgx19"},{"time":4,"name":"zsbdt_phbgxhdwpgx0"}]}},"bones":{"root":{"rotate":[{"time":0,"angle":0,"curve":"stepped"},{"time":2,"angle":0}],"translate":[{"time":0,"x":0,"y":0,"curve":"stepped"},{"time":2,"x":0,"y":0}],"scale":[{"time":0,"x":1,"y":1,"curve":"stepped"},{"time":2,"x":1,"y":1}]},"hip":{"rotate":[{"time":0,"angle":0,"curve":"stepped"},{"time":2,"angle":0,"curve":"stepped"},{"time":4,"angle":0}],"translate":[{"time":0,"x":0,"y":0,"curve":"stepped"},{"time":2,"x":0,"y":0,"curve":"stepped"},{"time":4,"x":0,"y":0}],"scale":[{"time":0,"x":1,"y":1,"curve":"stepped"},{"time":2,"x":1,"y":1,"curve":"stepped"},{"time":4,"x":1,"y":1}],"shear":[{"time":0,"x":0,"y":0,"curve":"stepped"},{"time":4,"x":0,"y":0}]},"zsbdt_phbgx":{"rotate":[{"time":0,"angle":0,"curve":"stepped"},{"time":1.9667,"angle":0,"curve":[0.331,0.47,0.665,0.8]},{"time":2,"angle":105,"curve":"stepped"},{"time":3.9667,"angle":105},{"time":4,"angle":0}],"translate":[{"time":0,"x":0,"y":0,"curve":"stepped"},{"time":2,"x":0,"y":0,"curve":"stepped"},{"time":4,"x":0,"y":0}],"scale":[{"time":0,"x":0,"y":0,"curve":[0.311,0.8,0.582,1]},{"time":1.9667,"x":63.917,"y":63.917,"curve":"stepped"},{"time":2,"x":0,"y":0,"curve":[0.311,0.8,0.582,1]},{"time":3.9667,"x":63.917,"y":63.917,"curve":"stepped"},{"time":4,"x":65,"y":65}]},"zsbdt_phbgxhdwpgx":{"rotate":[{"time":0,"angle":0,"curve":"stepped"},{"time":4,"angle":0}],"translate":[{"time":0,"x":0,"y":0,"curve":"stepped"},{"time":4,"x":0,"y":0}],"scale":[{"time":0,"x":1,"y":1,"curve":"stepped"},{"time":4,"x":1,"y":1}],"shear":[{"time":0,"x":0,"y":0,"curve":"stepped"},{"time":4,"x":0,"y":0}]}}}}}