{
"skeleton": { "hash": "rub6SR94clWEU9bEGelA+oPL+Xs", "spine": "3.5.51", "width": 1142.18, "height": 230.79, "images": "./images/" },
"bones": [
	{ "name": "root" },
	{ "name": "chongzhibgdg", "parent": "root" },
	{ "name": "chongzhitexteffect", "parent": "root" },
	{ "name": "dengpao", "parent": "root", "x": 206.79, "y": 11.37 },
	{ "name": "dengpao2", "parent": "root", "x": 553.36, "y": -91.14 },
	{ "name": "dengpao3", "parent": "root", "rotation": 166.25, "x": -532.48, "y": -142.91 },
	{ "name": "dengpaob", "parent": "root", "x": 357.35, "y": -36.8 },
	{ "name": "dengpaob2", "parent": "root", "rotation": 34.02, "x": 278.85, "y": -0.92 },
	{ "name": "dengpaob3", "parent": "root", "rotation": 34.02, "x": 459.45, "y": -38.46 },
	{ "name": "dengpaob4", "parent": "root", "rotation": 159.64, "x": -214.41, "y": 9.16 },
	{ "name": "dengpaob5", "parent": "root", "rotation": -156.85, "x": -299.32, "y": -30.98 },
	{ "name": "dengpaob6", "parent": "root", "rotation": 171.57, "x": -397.32, "y": -36.98 },
	{ "name": "dengpaob7", "parent": "root", "rotation": -164.7, "x": -474.31, "y": -73.56 }
],
"slots": [
	{ "name": "chongzhiwuding", "bone": "root", "attachment": "chongzhiwuding" },
	{ "name": "chongzhixx", "bone": "root", "attachment": "chongzhixx" },
	{ "name": "chongzhixxeffect", "bone": "root", "attachment": "chongzhixxeffect" },
	{ "name": "chongzhibg", "bone": "root", "attachment": "chongzhibg" },
	{ "name": "chongzhibgdg", "bone": "chongzhibgdg", "attachment": "chongzhibgdg", "blend": "additive" },
	{ "name": "chongzhi", "bone": "root", "attachment": "chongzhi" },
	{ "name": "chongzhiline1", "bone": "root", "attachment": "chongzhiline1" },
	{ "name": "chongzhiline2", "bone": "root", "attachment": "chongzhiline2" },
	{ "name": "shoppp", "bone": "root", "attachment": "shoppp" },
	{ "name": "shopppeffect", "bone": "root", "attachment": "shopppeffect", "blend": "additive" },
	{ "name": "dengpao", "bone": "dengpao", "attachment": "dengpao1" },
	{ "name": "dengpao3", "bone": "dengpao3", "attachment": "dengpao1" },
	{ "name": "dengpao2", "bone": "dengpao2", "attachment": "dengpao1" },
	{ "name": "dengpaob", "bone": "dengpaob", "attachment": "dengpao2" },
	{ "name": "dengpaob2", "bone": "dengpaob2", "attachment": "dengpao2" },
	{ "name": "dengpaob4", "bone": "dengpaob4", "attachment": "dengpao2" },
	{ "name": "dengpaob5", "bone": "dengpaob5", "attachment": "dengpao2" },
	{ "name": "dengpaob6", "bone": "dengpaob6", "attachment": "dengpao2" },
	{ "name": "dengpaob7", "bone": "dengpaob7", "attachment": "dengpao2" },
	{ "name": "dengpaob3", "bone": "dengpaob3", "attachment": "dengpao2" },
	{ "name": "chongzhitexteffect", "bone": "chongzhitexteffect", "attachment": "chongzhitexteffect" }
],
"skins": {
	"default": {
		"chongzhi": {
			"chongzhi": { "width": 270, "height": 67 }
		},
		"chongzhibg": {
			"chongzhibg": { "x": 2.14, "y": -6.77, "width": 399, "height": 116 }
		},
		"chongzhibgdg": {
			"chongzhibgdg": { "x": 2.14, "y": -6.77, "width": 399, "height": 116 }
		},
		"chongzhiline1": {
			"chongzhiline1": { "x": 366.01, "y": -43.78, "width": 358, "height": 118 }
		},
		"chongzhiline2": {
			"chongzhiline2": { "x": -350.92, "y": -60.86, "width": 375, "height": 187 }
		},
		"chongzhitexteffect": {
			"chongzhitexteffect": { "width": 270, "height": 67 }
		},
		"chongzhiwuding": {
			"chongzhiwuding": { "x": -5.35, "y": -54.36, "width": 1098, "height": 154 }
		},
		"chongzhixx": {
			"chongzhixx": { "x": -168.68, "y": 16.54, "width": 85, "height": 81 }
		},
		"chongzhixxeffect": {
			"chongzhixxeffect": { "x": -168.68, "y": 16.54, "width": 85, "height": 81 }
		},
		"dengpao": {
			"dengpao1": { "width": 51, "height": 51 }
		},
		"dengpao2": {
			"dengpao1": { "width": 51, "height": 51 }
		},
		"dengpao3": {
			"dengpao1": { "width": 51, "height": 51 }
		},
		"dengpaob": {
			"dengpao2": { "width": 51, "height": 51 }
		},
		"dengpaob2": {
			"dengpao2": { "width": 51, "height": 51 }
		},
		"dengpaob3": {
			"dengpao2": { "width": 51, "height": 51 }
		},
		"dengpaob4": {
			"dengpao2": { "width": 51, "height": 51 }
		},
		"dengpaob5": {
			"dengpao2": { "width": 51, "height": 51 }
		},
		"dengpaob6": {
			"dengpao2": { "width": 51, "height": 51 }
		},
		"dengpaob7": {
			"dengpao2": { "width": 51, "height": 51 }
		},
		"shoppp": {
			"shoppp": { "x": 119.54, "y": -39.98, "width": 132, "height": 82 }
		},
		"shopppeffect": {
			"shopppeffect": { "x": 119.54, "y": -39.98, "width": 132, "height": 82 }
		}
	}
},
"animations": {
	"animation": {
		"slots": {
			"chongzhibgdg": {
				"color": [
					{ "time": 0, "color": "ffffffff" },
					{ "time": 0.4, "color": "ffffff00" },
					{ "time": 0.9, "color": "ffffffff" }
				]
			},
			"chongzhitexteffect": {
				"color": [
					{
						"time": 0,
						"color": "ffffff00",
						"curve": [ 0.25, 0, 0.75, 1 ]
					},
					{
						"time": 0.4,
						"color": "ffffffff",
						"curve": [ 0.25, 0, 0.75, 1 ]
					},
					{ "time": 0.9, "color": "ffffff00" }
				]
			},
			"chongzhixxeffect": {
				"color": [
					{
						"time": 0,
						"color": "ffffff00",
						"curve": [ 0.25, 0, 0.75, 1 ]
					},
					{
						"time": 0.5,
						"color": "ffffffff",
						"curve": [ 0.25, 0, 0.75, 1 ]
					},
					{ "time": 0.9, "color": "ffffff00" }
				]
			},
			"dengpao": {
				"color": [
					{
						"time": 0,
						"color": "ffffff7d",
						"curve": [ 0.25, 0, 0.75, 1 ]
					},
					{ "time": 0.3, "color": "ffffffff", "curve": "stepped" },
					{
						"time": 0.6,
						"color": "ffffffff",
						"curve": [ 0.25, 0, 0.75, 1 ]
					},
					{ "time": 0.9, "color": "ffffff7d" }
				]
			},
			"dengpao2": {
				"color": [
					{
						"time": 0,
						"color": "ffffff7d",
						"curve": [ 0.25, 0, 0.75, 1 ]
					},
					{ "time": 0.3, "color": "ffffffff", "curve": "stepped" },
					{
						"time": 0.6,
						"color": "ffffffff",
						"curve": [ 0.25, 0, 0.75, 1 ]
					},
					{ "time": 0.9, "color": "ffffff7d" }
				]
			},
			"dengpao3": {
				"color": [
					{ "time": 0, "color": "ffffffff", "curve": "stepped" },
					{
						"time": 0.3,
						"color": "ffffffff",
						"curve": [ 0.25, 0, 0.75, 1 ]
					},
					{
						"time": 0.6,
						"color": "ffffff7d",
						"curve": [ 0.25, 0, 0.75, 1 ]
					},
					{ "time": 0.9, "color": "ffffffff" }
				]
			},
			"dengpaob": {
				"color": [
					{
						"time": 0,
						"color": "ffffff7d",
						"curve": [ 0.25, 0, 0.75, 1 ]
					},
					{ "time": 0.3, "color": "ffffffff", "curve": "stepped" },
					{
						"time": 0.6,
						"color": "ffffffff",
						"curve": [ 0.25, 0, 0.75, 1 ]
					},
					{ "time": 0.9, "color": "ffffff7d" }
				]
			},
			"dengpaob2": {
				"color": [
					{ "time": 0, "color": "ffffffff", "curve": "stepped" },
					{
						"time": 0.3,
						"color": "ffffffff",
						"curve": [ 0.25, 0, 0.75, 1 ]
					},
					{
						"time": 0.6,
						"color": "ffffff7d",
						"curve": [ 0.25, 0, 0.75, 1 ]
					},
					{ "time": 0.9, "color": "ffffffff" }
				]
			},
			"dengpaob3": {
				"color": [
					{ "time": 0, "color": "ffffffff", "curve": "stepped" },
					{
						"time": 0.3,
						"color": "ffffffff",
						"curve": [ 0.25, 0, 0.75, 1 ]
					},
					{
						"time": 0.6,
						"color": "ffffff7d",
						"curve": [ 0.25, 0, 0.75, 1 ]
					},
					{ "time": 0.9, "color": "ffffffff" }
				]
			},
			"dengpaob4": {
				"color": [
					{ "time": 0, "color": "ffffffff", "curve": "stepped" },
					{
						"time": 0.3,
						"color": "ffffffff",
						"curve": [ 0.25, 0, 0.75, 1 ]
					},
					{
						"time": 0.6,
						"color": "ffffff7d",
						"curve": [ 0.25, 0, 0.75, 1 ]
					},
					{ "time": 0.9, "color": "ffffffff" }
				]
			},
			"dengpaob5": {
				"color": [
					{
						"time": 0,
						"color": "ffffff7d",
						"curve": [ 0.25, 0, 0.75, 1 ]
					},
					{ "time": 0.3, "color": "ffffffff", "curve": "stepped" },
					{
						"time": 0.6,
						"color": "ffffffff",
						"curve": [ 0.25, 0, 0.75, 1 ]
					},
					{ "time": 0.9, "color": "ffffff7d" }
				]
			},
			"dengpaob6": {
				"color": [
					{ "time": 0, "color": "ffffffff", "curve": "stepped" },
					{
						"time": 0.3,
						"color": "ffffffff",
						"curve": [ 0.25, 0, 0.75, 1 ]
					},
					{
						"time": 0.6,
						"color": "ffffff7d",
						"curve": [ 0.25, 0, 0.75, 1 ]
					},
					{ "time": 0.9, "color": "ffffffff" }
				]
			},
			"dengpaob7": {
				"color": [
					{
						"time": 0,
						"color": "ffffff7d",
						"curve": [ 0.25, 0, 0.75, 1 ]
					},
					{ "time": 0.3, "color": "ffffffff", "curve": "stepped" },
					{
						"time": 0.6,
						"color": "ffffffff",
						"curve": [ 0.25, 0, 0.75, 1 ]
					},
					{ "time": 0.9, "color": "ffffff7d" }
				]
			},
			"shopppeffect": {
				"color": [
					{
						"time": 0,
						"color": "ffffff00",
						"curve": [ 0.25, 0, 0.75, 1 ]
					},
					{
						"time": 0.3,
						"color": "ffffffff",
						"curve": [ 0.25, 0, 0.75, 1 ]
					},
					{ "time": 0.9, "color": "ffffff00" }
				]
			}
		}
	}
}
}