{"skeleton":{"hash":"FUG12xt3Xv9zrQhBjMONjKpHKcw","spine":"3.6.37","width":0,"height":0,"images":"./images/"},"bones":[{"name":"root"},{"name":"hip","parent":"root"},{"name":"rbay_dftc_jxyx","parent":"hip"},{"name":"jxyxsg","parent":"rbay_dftc_jxyx","y":3.5,"scaleX":2,"scaleY":2}],"slots":[{"name":"rbay_dftc_jxyx","bone":"rbay_dftc_jxyx","attachment":"rbay_dftc_jxyx"},{"name":"rbay_dftc_jxyxan0","bone":"jxyxsg","blend":"additive"}],"skins":{"default":{"rbay_dftc_jxyx":{"rbay_dftc_jxyx":{"width":219,"height":82}},"rbay_dftc_jxyxan0":{"rbay_dftc_jxyxan0":{"width":101,"height":35},"rbay_dftc_jxyxan1":{"width":101,"height":35},"rbay_dftc_jxyxan2":{"width":101,"height":35},"rbay_dftc_jxyxan3":{"width":101,"height":35},"rbay_dftc_jxyxan4":{"width":101,"height":35},"rbay_dftc_jxyxan5":{"width":101,"height":35},"rbay_dftc_jxyxan6":{"width":101,"height":35},"rbay_dftc_jxyxan7":{"width":101,"height":35},"rbay_dftc_jxyxan8":{"width":101,"height":35},"rbay_dftc_jxyxan9":{"width":101,"height":35},"rbay_dftc_jxyxan10":{"width":101,"height":35},"rbay_dftc_jxyxan11":{"width":101,"height":35},"rbay_dftc_jxyxan12":{"width":101,"height":35},"rbay_dftc_jxyxan13":{"width":101,"height":35},"rbay_dftc_jxyxan14":{"width":101,"height":35},"rbay_dftc_jxyxan15":{"width":101,"height":35},"rbay_dftc_jxyxan16":{"width":101,"height":35},"rbay_dftc_jxyxan17":{"width":101,"height":35},"rbay_dftc_jxyxan18":{"width":101,"height":35},"rbay_dftc_jxyxan19":{"width":101,"height":35},"rbay_dftc_jxyxan20":{"width":101,"height":35},"rbay_dftc_jxyxan21":{"width":101,"height":35},"rbay_dftc_jxyxan22":{"width":101,"height":35},"rbay_dftc_jxyxan23":{"width":101,"height":35},"rbay_dftc_jxyxan24":{"width":101,"height":35},"rbay_dftc_jxyxan25":{"width":101,"height":35},"rbay_dftc_jxyxan26":{"width":101,"height":35},"rbay_dftc_jxyxan27":{"width":101,"height":35},"rbay_dftc_jxyxan28":{"width":101,"height":35},"rbay_dftc_jxyxan29":{"width":101,"height":35},"rbay_dftc_jxyxan30":{"width":101,"height":35},"rbay_dftc_jxyxan31":{"width":101,"height":35},"rbay_dftc_jxyxan32":{"width":101,"height":35},"rbay_dftc_jxyxan33":{"width":101,"height":35},"rbay_dftc_jxyxan34":{"width":101,"height":35},"rbay_dftc_jxyxan35":{"width":101,"height":35}}}},"animations":{"idle":{"slots":{"rbay_dftc_jxyxan0":{"attachment":[{"time":0,"name":"rbay_dftc_jxyxan0"},{"time":0.0667,"name":"rbay_dftc_jxyxan1"},{"time":0.1333,"name":"rbay_dftc_jxyxan2"},{"time":0.2,"name":"rbay_dftc_jxyxan3"},{"time":0.2667,"name":"rbay_dftc_jxyxan4"},{"time":0.3333,"name":"rbay_dftc_jxyxan5"},{"time":0.4,"name":"rbay_dftc_jxyxan6"},{"time":0.4667,"name":"rbay_dftc_jxyxan7"},{"time":0.5333,"name":"rbay_dftc_jxyxan8"},{"time":0.6,"name":"rbay_dftc_jxyxan9"},{"time":0.6667,"name":"rbay_dftc_jxyxan10"},{"time":0.7333,"name":"rbay_dftc_jxyxan11"},{"time":0.8,"name":"rbay_dftc_jxyxan12"},{"time":0.8667,"name":"rbay_dftc_jxyxan13"},{"time":0.9333,"name":"rbay_dftc_jxyxan14"},{"time":1,"name":"rbay_dftc_jxyxan15"},{"time":1.0667,"name":"rbay_dftc_jxyxan16"},{"time":1.1333,"name":"rbay_dftc_jxyxan17"},{"time":1.2,"name":"rbay_dftc_jxyxan18"},{"time":1.2667,"name":"rbay_dftc_jxyxan19"},{"time":1.3333,"name":"rbay_dftc_jxyxan20"},{"time":1.4,"name":"rbay_dftc_jxyxan21"},{"time":1.4667,"name":"rbay_dftc_jxyxan22"},{"time":1.5333,"name":"rbay_dftc_jxyxan23"},{"time":1.6,"name":"rbay_dftc_jxyxan24"},{"time":1.6667,"name":"rbay_dftc_jxyxan25"},{"time":1.7333,"name":"rbay_dftc_jxyxan26"},{"time":1.8,"name":"rbay_dftc_jxyxan27"},{"time":1.8667,"name":"rbay_dftc_jxyxan28"},{"time":1.9333,"name":"rbay_dftc_jxyxan29"},{"time":2,"name":"rbay_dftc_jxyxan30"},{"time":2.0667,"name":"rbay_dftc_jxyxan31"},{"time":2.1333,"name":"rbay_dftc_jxyxan32"},{"time":2.2,"name":"rbay_dftc_jxyxan33"},{"time":2.2667,"name":"rbay_dftc_jxyxan34"},{"time":2.3333,"name":"rbay_dftc_jxyxan35"},{"time":2.4,"name":"rbay_dftc_jxyxan0"}]}},"bones":{"rbay_dftc_jxyx":{"rotate":[{"time":0,"angle":0,"curve":"stepped"},{"time":2.4,"angle":0}],"translate":[{"time":0,"x":0,"y":0,"curve":"stepped"},{"time":2.4,"x":0,"y":0}],"scale":[{"time":0,"x":1,"y":1,"curve":"stepped"},{"time":2.4,"x":1,"y":1}]}}},"start":{"slots":{"rbay_dftc_jxyx":{"color":[{"time":0,"color":"ffffff00","curve":"stepped"},{"time":0.2,"color":"ffffff00","curve":[0.184,0.52,0.696,1]},{"time":0.4,"color":"fffffffe","curve":"stepped"},{"time":2.4,"color":"fffffffe"}]},"rbay_dftc_jxyxan0":{"color":[{"time":0,"color":"ffffff00","curve":"stepped"},{"time":0.2,"color":"ffffff00","curve":[0.184,0.52,0.696,1]},{"time":0.4,"color":"fffffffe"}],"attachment":[{"time":0,"name":"rbay_dftc_jxyxan0"},{"time":0.0667,"name":"rbay_dftc_jxyxan1"},{"time":0.1333,"name":"rbay_dftc_jxyxan2"},{"time":0.2,"name":"rbay_dftc_jxyxan3"},{"time":0.2667,"name":"rbay_dftc_jxyxan4"},{"time":0.3333,"name":"rbay_dftc_jxyxan5"},{"time":0.4,"name":"rbay_dftc_jxyxan6"},{"time":0.4667,"name":"rbay_dftc_jxyxan7"},{"time":0.5333,"name":"rbay_dftc_jxyxan8"},{"time":0.6,"name":"rbay_dftc_jxyxan9"},{"time":0.6667,"name":"rbay_dftc_jxyxan10"},{"time":0.7333,"name":"rbay_dftc_jxyxan11"},{"time":0.8,"name":"rbay_dftc_jxyxan12"},{"time":0.8667,"name":"rbay_dftc_jxyxan13"},{"time":0.9333,"name":"rbay_dftc_jxyxan14"},{"time":1,"name":"rbay_dftc_jxyxan15"},{"time":1.0667,"name":"rbay_dftc_jxyxan16"},{"time":1.1333,"name":"rbay_dftc_jxyxan17"},{"time":1.2,"name":"rbay_dftc_jxyxan18"},{"time":1.2667,"name":"rbay_dftc_jxyxan19"},{"time":1.3333,"name":"rbay_dftc_jxyxan20"},{"time":1.4,"name":"rbay_dftc_jxyxan21"},{"time":1.4667,"name":"rbay_dftc_jxyxan22"},{"time":1.5333,"name":"rbay_dftc_jxyxan23"},{"time":1.6,"name":"rbay_dftc_jxyxan24"},{"time":1.6667,"name":"rbay_dftc_jxyxan25"},{"time":1.7333,"name":"rbay_dftc_jxyxan26"},{"time":1.8,"name":"rbay_dftc_jxyxan27"},{"time":1.8667,"name":"rbay_dftc_jxyxan28"},{"time":1.9333,"name":"rbay_dftc_jxyxan29"},{"time":2,"name":"rbay_dftc_jxyxan30"},{"time":2.0667,"name":"rbay_dftc_jxyxan31"},{"time":2.1333,"name":"rbay_dftc_jxyxan32"},{"time":2.2,"name":"rbay_dftc_jxyxan33"},{"time":2.2667,"name":"rbay_dftc_jxyxan34"},{"time":2.3333,"name":"rbay_dftc_jxyxan35"},{"time":2.4,"name":"rbay_dftc_jxyxan0"}]}},"bones":{"rbay_dftc_jxyx":{"rotate":[{"time":0,"angle":0,"curve":"stepped"},{"time":2.4,"angle":0}],"translate":[{"time":0,"x":0,"y":0,"curve":"stepped"},{"time":2.4,"x":0,"y":0}],"scale":[{"time":0,"x":0.75,"y":0.75,"curve":"stepped"},{"time":0.2,"x":0.75,"y":0.75,"curve":[0,0.59,0.43,0.99]},{"time":0.4,"x":1.05,"y":1.05,"curve":[0.25,0,0.75,1]},{"time":0.7333,"x":0.95,"y":0.95,"curve":[0.25,0,0.75,1]},{"time":1.2333,"x":1,"y":1,"curve":"stepped"},{"time":2.4,"x":1,"y":1}]}}}}}