{"skeleton":{"hash":"5/4gYsP0JjWb2BmvuPggq6qfpf0","spine":"3.6.37","width":140.32,"height":125.16,"images":"./images/"},"bones":[{"name":"root"},{"name":"hip","parent":"root","x":-0.29,"y":0.29},{"name":"rkhj","parent":"hip","rotation":-10.37,"x":-30.41,"y":-23.29},{"name":"rkhy","parent":"rkhj","rotation":-13.99,"x":-8.79,"y":53.38,"scaleX":1.7,"scaleY":1.7},{"name":"xx","parent":"hip","x":-8.07,"y":13.73},{"name":"xx2","parent":"hip","x":17.77,"y":-25.1},{"name":"zsg","parent":"hip","x":14.52,"y":-4.27,"scaleX":2,"scaleY":2}],"slots":[{"name":"rbay_dtrk_hjty","bone":"rkhj","attachment":"rbay_dtrk_hjty"},{"name":"rbay_dtrk_zty","bone":"hip","attachment":"rbay_dtrk_zty"},{"name":"rkhy","bone":"rkhy","attachment":"rbay_jnhjfire12"},{"name":"rbay_dtrk_hj2","bone":"rkhj","attachment":"rbay_dtrk_hj1"},{"name":"rbay_dtrk_hj3","bone":"rkhj","attachment":"rbay_dtrk_hj1g"},{"name":"rbay_dtrk_hj4","bone":"rkhj","attachment":"rbay_dtrk_hj1gl"},{"name":"rbay_dtrk_z","bone":"hip","attachment":"rbay_dtrk_z"},{"name":"rbay_dtrk_zsg0","bone":"zsg","blend":"additive"},{"name":"rbay_dtrk_xx","bone":"xx","color":"ffcb00ff","attachment":"rbay_dtrk_xx","blend":"additive"},{"name":"rbay_dtrk_xx2","bone":"xx2","color":"ffcb00ff","attachment":"rbay_dtrk_xx","blend":"additive"}],"skins":{"default":{"rbay_dtrk_hj2":{"rbay_dtrk_hj1":{"x":-0.13,"y":15.8,"rotation":0.51,"width":42,"height":45}},"rbay_dtrk_hj3":{"rbay_dtrk_hj1g":{"x":-5.62,"y":23.42,"rotation":0.51,"width":53,"height":30}},"rbay_dtrk_hj4":{"rbay_dtrk_hj1gl":{"x":-0.04,"y":33.49,"scaleY":0.5,"rotation":0.51,"width":42,"height":2}},"rbay_dtrk_hjty":{"rbay_dtrk_hjty":{"x":-1.17,"y":26.78,"scaleX":4,"scaleY":4,"rotation":10.37,"width":21,"height":26}},"rbay_dtrk_xx":{"rbay_dtrk_xx":{"width":59,"height":60}},"rbay_dtrk_xx2":{"rbay_dtrk_xx":{"width":59,"height":60}},"rbay_dtrk_z":{"rbay_dtrk_z":{"x":14.76,"y":-4.24,"width":63,"height":55}},"rbay_dtrk_zsg0":{"rbay_dtrk_zsg0":{"width":31,"height":27},"rbay_dtrk_zsg1":{"width":31,"height":27},"rbay_dtrk_zsg2":{"width":31,"height":27},"rbay_dtrk_zsg3":{"width":31,"height":27},"rbay_dtrk_zsg4":{"width":31,"height":27},"rbay_dtrk_zsg5":{"width":31,"height":27},"rbay_dtrk_zsg6":{"width":31,"height":27},"rbay_dtrk_zsg7":{"width":31,"height":27},"rbay_dtrk_zsg8":{"width":31,"height":27},"rbay_dtrk_zsg9":{"width":31,"height":27},"rbay_dtrk_zsg10":{"width":31,"height":27},"rbay_dtrk_zsg11":{"width":31,"height":27},"rbay_dtrk_zsg12":{"width":31,"height":27},"rbay_dtrk_zsg13":{"width":31,"height":27},"rbay_dtrk_zsg14":{"width":31,"height":27},"rbay_dtrk_zsg15":{"width":31,"height":27},"rbay_dtrk_zsg16":{"width":31,"height":27},"rbay_dtrk_zsg17":{"width":31,"height":27},"rbay_dtrk_zsg18":{"width":31,"height":27},"rbay_dtrk_zsg19":{"width":31,"height":27},"rbay_dtrk_zsg20":{"width":31,"height":27},"rbay_dtrk_zsg21":{"width":31,"height":27},"rbay_dtrk_zsg22":{"width":31,"height":27},"rbay_dtrk_zsg23":{"width":31,"height":27},"rbay_dtrk_zsg24":{"width":31,"height":27},"rbay_dtrk_zsg25":{"width":31,"height":27},"rbay_dtrk_zsg26":{"width":31,"height":27},"rbay_dtrk_zsg27":{"width":31,"height":27},"rbay_dtrk_zsg28":{"width":31,"height":27},"rbay_dtrk_zsg29":{"width":31,"height":27},"rbay_dtrk_zsg30":{"width":31,"height":27},"rbay_dtrk_zsg31":{"width":31,"height":27},"rbay_dtrk_zsg32":{"width":31,"height":27},"rbay_dtrk_zsg33":{"width":31,"height":27},"rbay_dtrk_zsg34":{"width":31,"height":27},"rbay_dtrk_zsg35":{"width":31,"height":27}},"rbay_dtrk_zty":{"rbay_dtrk_zty":{"x":14.76,"y":-4.74,"scaleX":4,"scaleY":4,"width":25,"height":23}},"rkhy":{"rbay_jnhjfire0":{"width":47,"height":36},"rbay_jnhjfire2":{"rotation":10.53,"width":47,"height":36},"rbay_jnhjfire4":{"rotation":10.53,"width":47,"height":36},"rbay_jnhjfire6":{"rotation":10.53,"width":47,"height":36},"rbay_jnhjfire8":{"rotation":10.53,"width":47,"height":36},"rbay_jnhjfire10":{"rotation":10.53,"width":47,"height":36},"rbay_jnhjfire12":{"rotation":10.53,"width":47,"height":36},"rbay_jnhjfire14":{"rotation":10.53,"width":47,"height":36},"rbay_jnhjfire16":{"rotation":10.53,"width":47,"height":36},"rbay_jnhjfire18":{"rotation":10.53,"width":47,"height":36},"rbay_jnhjfire20":{"rotation":10.53,"width":47,"height":36},"rbay_jnhjfire22":{"rotation":10.53,"width":47,"height":36},"rbay_jnhjfire24":{"rotation":10.53,"width":47,"height":36},"rbay_jnhjfire26":{"rotation":10.53,"width":47,"height":36},"rbay_jnhjfire28":{"rotation":10.53,"width":47,"height":36}}}},"animations":{"animation":{"slots":{"rbay_dtrk_hj3":{"color":[{"time":0,"color":"fffffffe"},{"time":0.1667,"color":"ffffff88"},{"time":0.4667,"color":"fffffffe"},{"time":0.7333,"color":"ffffff82"},{"time":0.9333,"color":"ffffffde"},{"time":1.1333,"color":"ffffff62"},{"time":1.5,"color":"fffffffe"},{"time":1.8333,"color":"ffffff82"},{"time":2.2333,"color":"fffffffe"},{"time":2.5667,"color":"ffffffa8"},{"time":2.8667,"color":"ffffffee"},{"time":3.4667,"color":"ffffff56"},{"time":3.7667,"color":"fffffffe"},{"time":4,"color":"ffffffa8"},{"time":4.2667,"color":"ffffffee"},{"time":4.5,"color":"ffffff82"},{"time":4.8,"color":"fffffffe"}]},"rbay_dtrk_xx":{"color":[{"time":0,"color":"ffcb0000","curve":"stepped"},{"time":0.8667,"color":"ffcb0000","curve":[0,0.59,0.43,0.99]},{"time":1.3667,"color":"ffcb00fe"},{"time":2.1667,"color":"ffcb0000"}]},"rbay_dtrk_xx2":{"color":[{"time":0,"color":"ffcb0000","curve":"stepped"},{"time":2.1333,"color":"ffcb0000","curve":[0,0.59,0.43,0.99]},{"time":2.6333,"color":"ffcb00fe"},{"time":3.4333,"color":"ffcb0000"}]},"rbay_dtrk_zsg0":{"attachment":[{"time":0,"name":"rbay_dtrk_zsg0"},{"time":0.0667,"name":"rbay_dtrk_zsg1"},{"time":0.1333,"name":"rbay_dtrk_zsg2"},{"time":0.2,"name":"rbay_dtrk_zsg3"},{"time":0.2667,"name":"rbay_dtrk_zsg4"},{"time":0.3333,"name":"rbay_dtrk_zsg5"},{"time":0.4,"name":"rbay_dtrk_zsg6"},{"time":0.4667,"name":"rbay_dtrk_zsg7"},{"time":0.5333,"name":"rbay_dtrk_zsg8"},{"time":0.6,"name":"rbay_dtrk_zsg9"},{"time":0.6667,"name":"rbay_dtrk_zsg10"},{"time":0.7333,"name":"rbay_dtrk_zsg11"},{"time":0.8,"name":"rbay_dtrk_zsg12"},{"time":0.8667,"name":"rbay_dtrk_zsg13"},{"time":0.9333,"name":"rbay_dtrk_zsg14"},{"time":1,"name":"rbay_dtrk_zsg15"},{"time":1.0667,"name":"rbay_dtrk_zsg16"},{"time":1.1333,"name":"rbay_dtrk_zsg17"},{"time":1.2,"name":"rbay_dtrk_zsg18"},{"time":1.2667,"name":"rbay_dtrk_zsg19"},{"time":1.3333,"name":"rbay_dtrk_zsg20"},{"time":1.4,"name":"rbay_dtrk_zsg21"},{"time":1.4667,"name":"rbay_dtrk_zsg22"},{"time":1.5333,"name":"rbay_dtrk_zsg23"},{"time":1.6,"name":"rbay_dtrk_zsg24"},{"time":1.6667,"name":"rbay_dtrk_zsg25"},{"time":1.7333,"name":"rbay_dtrk_zsg26"},{"time":1.8,"name":"rbay_dtrk_zsg27"},{"time":1.8667,"name":"rbay_dtrk_zsg28"},{"time":1.9333,"name":"rbay_dtrk_zsg29"},{"time":2,"name":"rbay_dtrk_zsg30"},{"time":2.0667,"name":"rbay_dtrk_zsg31"},{"time":2.1333,"name":"rbay_dtrk_zsg32"},{"time":2.2,"name":"rbay_dtrk_zsg33"},{"time":2.2667,"name":"rbay_dtrk_zsg34"},{"time":2.3333,"name":"rbay_dtrk_zsg35"},{"time":2.4,"name":"rbay_dtrk_zsg0"},{"time":2.4667,"name":"rbay_dtrk_zsg1"},{"time":2.5333,"name":"rbay_dtrk_zsg2"},{"time":2.6,"name":"rbay_dtrk_zsg3"},{"time":2.6667,"name":"rbay_dtrk_zsg4"},{"time":2.7333,"name":"rbay_dtrk_zsg5"},{"time":2.8,"name":"rbay_dtrk_zsg6"},{"time":2.8667,"name":"rbay_dtrk_zsg7"},{"time":2.9333,"name":"rbay_dtrk_zsg8"},{"time":3,"name":"rbay_dtrk_zsg9"},{"time":3.0667,"name":"rbay_dtrk_zsg10"},{"time":3.1333,"name":"rbay_dtrk_zsg11"},{"time":3.2,"name":"rbay_dtrk_zsg12"},{"time":3.2667,"name":"rbay_dtrk_zsg13"},{"time":3.3333,"name":"rbay_dtrk_zsg14"},{"time":3.4,"name":"rbay_dtrk_zsg15"},{"time":3.4667,"name":"rbay_dtrk_zsg16"},{"time":3.5333,"name":"rbay_dtrk_zsg17"},{"time":3.6,"name":"rbay_dtrk_zsg18"},{"time":3.6667,"name":"rbay_dtrk_zsg19"},{"time":3.7333,"name":"rbay_dtrk_zsg20"},{"time":3.8,"name":"rbay_dtrk_zsg21"},{"time":3.8667,"name":"rbay_dtrk_zsg22"},{"time":3.9333,"name":"rbay_dtrk_zsg23"},{"time":4,"name":"rbay_dtrk_zsg24"},{"time":4.0667,"name":"rbay_dtrk_zsg25"},{"time":4.1333,"name":"rbay_dtrk_zsg26"},{"time":4.2,"name":"rbay_dtrk_zsg27"},{"time":4.2667,"name":"rbay_dtrk_zsg28"},{"time":4.3333,"name":"rbay_dtrk_zsg29"},{"time":4.4,"name":"rbay_dtrk_zsg30"},{"time":4.4667,"name":"rbay_dtrk_zsg31"},{"time":4.5333,"name":"rbay_dtrk_zsg32"},{"time":4.6,"name":"rbay_dtrk_zsg33"},{"time":4.6667,"name":"rbay_dtrk_zsg34"},{"time":4.7333,"name":"rbay_dtrk_zsg35"},{"time":4.8,"name":"rbay_dtrk_zsg0"}]},"rkhy":{"attachment":[{"time":0,"name":"rbay_jnhjfire0"},{"time":0.0667,"name":"rbay_jnhjfire2"},{"time":0.1667,"name":"rbay_jnhjfire4"},{"time":0.2333,"name":"rbay_jnhjfire6"},{"time":0.3333,"name":"rbay_jnhjfire8"},{"time":0.4,"name":"rbay_jnhjfire10"},{"time":0.4667,"name":"rbay_jnhjfire12"},{"time":0.5667,"name":"rbay_jnhjfire14"},{"time":0.6333,"name":"rbay_jnhjfire16"},{"time":0.7333,"name":"rbay_jnhjfire18"},{"time":0.8,"name":"rbay_jnhjfire20"},{"time":0.8667,"name":"rbay_jnhjfire22"},{"time":0.9667,"name":"rbay_jnhjfire24"},{"time":1.0333,"name":"rbay_jnhjfire26"},{"time":1.1333,"name":"rbay_jnhjfire28"},{"time":1.2,"name":"rbay_jnhjfire0"},{"time":1.2667,"name":"rbay_jnhjfire2"},{"time":1.3667,"name":"rbay_jnhjfire4"},{"time":1.4333,"name":"rbay_jnhjfire6"},{"time":1.5333,"name":"rbay_jnhjfire8"},{"time":1.6,"name":"rbay_jnhjfire10"},{"time":1.6667,"name":"rbay_jnhjfire12"},{"time":1.7667,"name":"rbay_jnhjfire14"},{"time":1.8333,"name":"rbay_jnhjfire16"},{"time":1.9333,"name":"rbay_jnhjfire18"},{"time":2,"name":"rbay_jnhjfire20"},{"time":2.0667,"name":"rbay_jnhjfire22"},{"time":2.1667,"name":"rbay_jnhjfire24"},{"time":2.2333,"name":"rbay_jnhjfire26"},{"time":2.3333,"name":"rbay_jnhjfire28"},{"time":2.4,"name":"rbay_jnhjfire0"},{"time":2.4667,"name":"rbay_jnhjfire2"},{"time":2.5667,"name":"rbay_jnhjfire4"},{"time":2.6333,"name":"rbay_jnhjfire6"},{"time":2.7333,"name":"rbay_jnhjfire8"},{"time":2.8,"name":"rbay_jnhjfire10"},{"time":2.8667,"name":"rbay_jnhjfire12"},{"time":2.9667,"name":"rbay_jnhjfire14"},{"time":3.0333,"name":"rbay_jnhjfire16"},{"time":3.1333,"name":"rbay_jnhjfire18"},{"time":3.2,"name":"rbay_jnhjfire20"},{"time":3.2667,"name":"rbay_jnhjfire22"},{"time":3.3667,"name":"rbay_jnhjfire24"},{"time":3.4333,"name":"rbay_jnhjfire26"},{"time":3.5333,"name":"rbay_jnhjfire28"},{"time":3.6,"name":"rbay_jnhjfire0"},{"time":3.6667,"name":"rbay_jnhjfire2"},{"time":3.7667,"name":"rbay_jnhjfire4"},{"time":3.8333,"name":"rbay_jnhjfire6"},{"time":3.9333,"name":"rbay_jnhjfire8"},{"time":4,"name":"rbay_jnhjfire10"},{"time":4.0667,"name":"rbay_jnhjfire12"},{"time":4.1667,"name":"rbay_jnhjfire14"},{"time":4.2333,"name":"rbay_jnhjfire16"},{"time":4.3333,"name":"rbay_jnhjfire18"},{"time":4.4,"name":"rbay_jnhjfire20"},{"time":4.4667,"name":"rbay_jnhjfire22"},{"time":4.5667,"name":"rbay_jnhjfire24"},{"time":4.6333,"name":"rbay_jnhjfire26"},{"time":4.7333,"name":"rbay_jnhjfire28"},{"time":4.8,"name":"rbay_jnhjfire0"}]}},"bones":{"rkhj":{"rotate":[{"time":0,"angle":0,"curve":[0.25,0,0.75,1]},{"time":0.2,"angle":-1.24,"curve":[0.25,0,0.75,1]},{"time":0.6,"angle":2.39,"curve":[0.25,0,0.75,1]},{"time":1.2333,"angle":1.25,"curve":[0.25,0,0.75,1]},{"time":1.8667,"angle":3.49,"curve":[0.25,0,0.75,1]},{"time":2.6,"angle":0,"curve":[0.25,0,0.75,1]},{"time":3.7667,"angle":1.62,"curve":[0.25,0,0.75,1]},{"time":4.8,"angle":0}],"translate":[{"time":0,"x":0,"y":0,"curve":[0.25,0,0.75,1]},{"time":0.4,"x":-2.73,"y":7.32,"curve":[0.25,0,0.75,1]},{"time":1.0333,"x":-3.65,"y":4.23,"curve":[0.25,0,0.75,1]},{"time":1.6667,"x":-2.4,"y":5.87,"curve":[0.25,0,0.75,1]},{"time":2.4,"x":0,"y":0,"curve":[0.25,0,0.75,1]},{"time":3.5667,"x":0,"y":4.39,"curve":[0.25,0,0.75,1]},{"time":4.8,"x":0,"y":0}],"scale":[{"time":0,"x":1,"y":1,"curve":"stepped"},{"time":4.8,"x":1,"y":1}]},"zsg":{"rotate":[{"time":0,"angle":0,"curve":"stepped"},{"time":4.8,"angle":0}],"translate":[{"time":0,"x":0,"y":0,"curve":"stepped"},{"time":4.8,"x":0,"y":0}],"scale":[{"time":0,"x":1,"y":1,"curve":"stepped"},{"time":4.8,"x":1,"y":1}]},"xx":{"rotate":[{"time":0,"angle":0,"curve":"stepped"},{"time":4.8,"angle":0}],"translate":[{"time":0,"x":0,"y":0,"curve":"stepped"},{"time":4.8,"x":0,"y":0}],"scale":[{"time":0,"x":0.5,"y":0.5,"curve":"stepped"},{"time":0.8667,"x":0.5,"y":0.5,"curve":[0,0.59,0.43,0.99]},{"time":1.3667,"x":1,"y":1,"curve":[0.25,0,0.75,1]},{"time":2.1667,"x":0.6,"y":0.6,"curve":"stepped"},{"time":4.8,"x":0.6,"y":0.6}]},"xx2":{"rotate":[{"time":0,"angle":0,"curve":"stepped"},{"time":4.8,"angle":0}],"translate":[{"time":0,"x":0,"y":0,"curve":"stepped"},{"time":4.8,"x":0,"y":0}],"scale":[{"time":0,"x":0.5,"y":0.5,"curve":"stepped"},{"time":2.1333,"x":0.5,"y":0.5,"curve":[0,0.59,0.43,0.99]},{"time":2.6333,"x":1,"y":1,"curve":[0.25,0,0.75,1]},{"time":3.4333,"x":0.6,"y":0.6,"curve":"stepped"},{"time":4.8,"x":0.6,"y":0.6}]},"rkhy":{"rotate":[{"time":0,"angle":0,"curve":"stepped"},{"time":4.8,"angle":0}],"translate":[{"time":0,"x":0,"y":0,"curve":"stepped"},{"time":4.8,"x":0,"y":0}],"scale":[{"time":0,"x":1,"y":1,"curve":"stepped"},{"time":4.8,"x":1,"y":1}]},"hip":{"rotate":[{"time":0,"angle":0,"curve":"stepped"},{"time":4.8,"angle":0}],"translate":[{"time":0,"x":0,"y":0,"curve":"stepped"},{"time":4.8,"x":0,"y":0}],"scale":[{"time":0,"x":1,"y":1,"curve":"stepped"},{"time":4.8,"x":1,"y":1}]}}}}}