{"skeleton":{"hash":"ubLiPofLw+HRjOz+ICrA1VMjx7o","spine":"3.6.37","width":122.31,"height":89.5,"images":"./images/"},"bones":[{"name":"root"},{"name":"hip","parent":"root"},{"name":"zqdw_dtrkdouzi1","parent":"hip","length":13.69,"rotation":111.15,"x":-37.7,"y":-0.6},{"name":"zqdw_dtrkdouzi2","parent":"hip","length":21.6,"rotation":73.86,"x":31,"y":5.41},{"name":"zqdw_dtrkzongzi","parent":"hip","y":-5.22},{"name":"zqdw_dtrkjie","parent":"zqdw_dtrkzongzi","x":-14.36,"y":21.44},{"name":"zqdw_dtrktext","parent":"hip","y":-10.89},{"name":"zqdw_dtrktextlg","parent":"zqdw_dtrktext","x":4.84,"y":-0.44,"scaleX":2,"scaleY":2},{"name":"zqdw_dtrkxd","parent":"zqdw_dtrktext","rotation":4.19,"x":46.69,"y":8.68},{"name":"zqdw_dtrkxd2","parent":"zqdw_dtrktext","rotation":37.96,"x":-38.71,"y":-6.48,"scaleX":0.664,"scaleY":0.664},{"name":"zqdw_dtrkxd3","parent":"zqdw_dtrktext","rotation":108.55,"x":-13.63,"y":26.13,"scaleX":0.924,"scaleY":0.924}],"slots":[{"name":"zqdw_dtrkdouzi1","bone":"zqdw_dtrkdouzi1","attachment":"zqdw_dtrkdouzi1"},{"name":"zqdw_dtrkdouzi4","bone":"zqdw_dtrkdouzi1","blend":"additive"},{"name":"zqdw_dtrkzongzi","bone":"zqdw_dtrkzongzi","attachment":"zqdw_dtrkzongzi"},{"name":"zqdw_dtrkjie","bone":"zqdw_dtrkjie","attachment":"zqdw_dtrkjie"},{"name":"zqdw_dtrkjie2","bone":"zqdw_dtrkjie","blend":"additive"},{"name":"zqdw_dtrkdouzi2","bone":"zqdw_dtrkdouzi2","attachment":"zqdw_dtrkdouzi2"},{"name":"zqdw_dtrkdouzi3","bone":"zqdw_dtrkdouzi2","blend":"additive"},{"name":"zqdw_dtrktext","bone":"zqdw_dtrktext","attachment":"zqdw_dtrktext"},{"name":"zqdw_dtrktextlg","bone":"zqdw_dtrktextlg","attachment":"zqdw_dtrktextlg0","blend":"additive"},{"name":"zqdw_dtrkxd","bone":"zqdw_dtrkxd","attachment":"zqdw_dtrkxd","blend":"additive"},{"name":"zqdw_dtrkxd2","bone":"zqdw_dtrkxd2","attachment":"zqdw_dtrkxd","blend":"additive"},{"name":"zqdw_dtrkxd3","bone":"zqdw_dtrkxd3","attachment":"zqdw_dtrkxd","blend":"additive"}],"skins":{"default":{"zqdw_dtrkdouzi1":{"zqdw_dtrkdouzi1":{"x":0.31,"y":-0.87,"rotation":-111.15,"width":23,"height":20}},"zqdw_dtrkdouzi2":{"zqdw_dtrkdouzi2":{"x":3.93,"y":1.14,"rotation":-73.86,"width":42,"height":37}},"zqdw_dtrkdouzi3":{"zqdw_dtrkdouzi2":{"x":3.93,"y":1.14,"rotation":-73.86,"width":42,"height":37}},"zqdw_dtrkdouzi4":{"zqdw_dtrkdouzi1":{"x":0.31,"y":-0.87,"rotation":-111.15,"width":23,"height":20}},"zqdw_dtrkjie":{"zqdw_dtrkjie":{"x":21.36,"y":-8.71,"width":83,"height":41}},"zqdw_dtrkjie2":{"zqdw_dtrkjie":{"x":21.36,"y":-8.71,"width":83,"height":41}},"zqdw_dtrktext":{"zqdw_dtrktext":{"y":-6.61,"width":117,"height":56}},"zqdw_dtrktextlg":{"zqdw_dtrktextlg0":{"width":52,"height":21},"zqdw_dtrktextlg1":{"width":52,"height":21},"zqdw_dtrktextlg2":{"width":52,"height":21},"zqdw_dtrktextlg3":{"width":52,"height":21},"zqdw_dtrktextlg4":{"width":52,"height":21},"zqdw_dtrktextlg5":{"width":52,"height":21},"zqdw_dtrktextlg6":{"width":52,"height":21},"zqdw_dtrktextlg7":{"width":52,"height":21},"zqdw_dtrktextlg8":{"width":52,"height":21},"zqdw_dtrktextlg9":{"width":52,"height":21},"zqdw_dtrktextlg10":{"width":52,"height":21},"zqdw_dtrktextlg11":{"width":52,"height":21},"zqdw_dtrktextlg12":{"width":52,"height":21},"zqdw_dtrktextlg13":{"width":52,"height":21},"zqdw_dtrktextlg14":{"width":52,"height":21},"zqdw_dtrktextlg15":{"width":52,"height":21},"zqdw_dtrktextlg16":{"width":52,"height":21},"zqdw_dtrktextlg17":{"width":52,"height":21},"zqdw_dtrktextlg18":{"width":52,"height":21},"zqdw_dtrktextlg19":{"width":52,"height":21},"zqdw_dtrktextlg20":{"width":52,"height":21},"zqdw_dtrktextlg21":{"width":52,"height":21},"zqdw_dtrktextlg22":{"width":52,"height":21},"zqdw_dtrktextlg23":{"width":52,"height":21},"zqdw_dtrktextlg24":{"width":52,"height":21},"zqdw_dtrktextlg25":{"width":52,"height":21},"zqdw_dtrktextlg26":{"width":52,"height":21},"zqdw_dtrktextlg27":{"width":52,"height":21},"zqdw_dtrktextlg28":{"width":52,"height":21},"zqdw_dtrktextlg29":{"width":52,"height":21},"zqdw_dtrktextlg30":{"width":52,"height":21},"zqdw_dtrktextlg31":{"width":52,"height":21},"zqdw_dtrktextlg32":{"width":52,"height":21},"zqdw_dtrktextlg33":{"width":52,"height":21},"zqdw_dtrktextlg34":{"width":52,"height":21},"zqdw_dtrktextlg35":{"width":52,"height":21}},"zqdw_dtrkxd":{"zqdw_dtrkxd":{"width":32,"height":32}},"zqdw_dtrkxd2":{"zqdw_dtrkxd":{"width":32,"height":32}},"zqdw_dtrkxd3":{"zqdw_dtrkxd":{"width":32,"height":32}},"zqdw_dtrkzongzi":{"zqdw_dtrkzongzi":{"y":16.22,"width":63,"height":66}}}},"animations":{"animation":{"slots":{"zqdw_dtrkdouzi3":{"color":[{"time":0,"color":"ffffff22","curve":[0.25,0,0.75,1]},{"time":0.8,"color":"ffffff00","curve":[0.25,0,0.75,1]},{"time":2,"color":"ffffff32","curve":[0.25,0,0.75,1]},{"time":2.4,"color":"ffffff22"}],"attachment":[{"time":0,"name":"zqdw_dtrkdouzi2"},{"time":2.4,"name":null}]},"zqdw_dtrkdouzi4":{"color":[{"time":0,"color":"ffffff0e","curve":[0.25,0,0.75,1]},{"time":0.4,"color":"ffffff00","curve":[0.25,0,0.75,1]},{"time":1.6,"color":"ffffff32","curve":[0.25,0,0.75,1]},{"time":2.4,"color":"ffffff0e"}],"attachment":[{"time":0,"name":"zqdw_dtrkdouzi1"},{"time":2.4,"name":null}]},"zqdw_dtrkjie2":{"color":[{"time":0,"color":"ffffff00","curve":"stepped"},{"time":0.2,"color":"ffffff00","curve":[0.082,0.68,0.447,0.97]},{"time":1,"color":"ffffff32","curve":[0.25,0,0.75,1]},{"time":2.4,"color":"ffffff00"}],"attachment":[{"time":0,"name":"zqdw_dtrkjie"},{"time":2.4,"name":null}]},"zqdw_dtrktextlg":{"attachment":[{"time":0,"name":"zqdw_dtrktextlg0"},{"time":0.0667,"name":"zqdw_dtrktextlg1"},{"time":0.1333,"name":"zqdw_dtrktextlg2"},{"time":0.2,"name":"zqdw_dtrktextlg3"},{"time":0.2667,"name":"zqdw_dtrktextlg4"},{"time":0.3333,"name":"zqdw_dtrktextlg5"},{"time":0.4,"name":"zqdw_dtrktextlg6"},{"time":0.4667,"name":"zqdw_dtrktextlg7"},{"time":0.5333,"name":"zqdw_dtrktextlg8"},{"time":0.6,"name":"zqdw_dtrktextlg9"},{"time":0.6667,"name":"zqdw_dtrktextlg10"},{"time":0.7333,"name":"zqdw_dtrktextlg11"},{"time":0.8,"name":"zqdw_dtrktextlg12"},{"time":0.8667,"name":"zqdw_dtrktextlg13"},{"time":0.9333,"name":"zqdw_dtrktextlg14"},{"time":1,"name":"zqdw_dtrktextlg15"},{"time":1.0667,"name":"zqdw_dtrktextlg16"},{"time":1.1333,"name":"zqdw_dtrktextlg17"},{"time":1.2,"name":"zqdw_dtrktextlg18"},{"time":1.2667,"name":"zqdw_dtrktextlg19"},{"time":1.3333,"name":"zqdw_dtrktextlg20"},{"time":1.4,"name":"zqdw_dtrktextlg21"},{"time":1.4667,"name":"zqdw_dtrktextlg22"},{"time":1.5333,"name":"zqdw_dtrktextlg23"},{"time":1.6,"name":"zqdw_dtrktextlg24"},{"time":1.6667,"name":"zqdw_dtrktextlg25"},{"time":1.7333,"name":"zqdw_dtrktextlg26"},{"time":1.8,"name":"zqdw_dtrktextlg27"},{"time":1.8667,"name":"zqdw_dtrktextlg28"},{"time":1.9333,"name":"zqdw_dtrktextlg29"},{"time":2,"name":"zqdw_dtrktextlg30"},{"time":2.0667,"name":"zqdw_dtrktextlg31"},{"time":2.1333,"name":"zqdw_dtrktextlg32"},{"time":2.2,"name":"zqdw_dtrktextlg33"},{"time":2.2667,"name":"zqdw_dtrktextlg34"},{"time":2.3333,"name":"zqdw_dtrktextlg35"},{"time":2.4,"name":"zqdw_dtrktextlg0"}]},"zqdw_dtrkxd":{"color":[{"time":0,"color":"ffffff4e","curve":[0.25,0,0.75,1]},{"time":0.5,"color":"ffffff00","curve":[0.25,0,0.75,1]},{"time":1.3,"color":"fffffffe","curve":[0.25,0,0.75,1]},{"time":2.4,"color":"ffffff4e"}]},"zqdw_dtrkxd2":{"color":[{"time":0,"color":"ffffff00","curve":[0.25,0,0.75,1]},{"time":0.8,"color":"fffffffe","curve":[0.25,0,0.75,1]},{"time":2.4,"color":"ffffff00"}]},"zqdw_dtrkxd3":{"color":[{"time":0,"color":"ffffff7e","curve":[0.25,0,0.75,1]},{"time":0.8,"color":"ffffff00","curve":[0.25,0,0.75,1]},{"time":1.6,"color":"fffffffe","curve":[0.25,0,0.75,1]},{"time":2.4,"color":"ffffff7e"}]}},"bones":{"zqdw_dtrkdouzi1":{"rotate":[{"time":0,"angle":0,"curve":"stepped"},{"time":2.4,"angle":0}],"translate":[{"time":0,"x":-0.09,"y":0.23,"curve":[0.25,0,0.75,1]},{"time":0.2,"x":0,"y":0,"curve":[0.25,0,0.75,1]},{"time":1.4,"x":-0.94,"y":2.43,"curve":[0.25,0,0.75,1]},{"time":2.4,"x":-0.09,"y":0.23}],"scale":[{"time":0,"x":1,"y":1,"curve":"stepped"},{"time":2.4,"x":1,"y":1}]},"zqdw_dtrkdouzi2":{"rotate":[{"time":0,"angle":0,"curve":"stepped"},{"time":2.4,"angle":0}],"translate":[{"time":0,"x":0.21,"y":0.71,"curve":[0.25,0,0.75,1]},{"time":0.4,"x":0,"y":0,"curve":[0.25,0,0.75,1]},{"time":1.6,"x":0.72,"y":2.5,"curve":[0.25,0,0.75,1]},{"time":2.4,"x":0.21,"y":0.71}],"scale":[{"time":0,"x":1,"y":1,"curve":"stepped"},{"time":2.4,"x":1,"y":1}]},"zqdw_dtrkzongzi":{"rotate":[{"time":0,"angle":0,"curve":[0.25,0,0.75,1]},{"time":0.4667,"angle":2,"curve":[0.25,0,0.75,1]},{"time":0.9667,"angle":-2,"curve":[0.25,0,0.75,1]},{"time":1.4333,"angle":1,"curve":[0.25,0,0.75,1]},{"time":1.9,"angle":-1,"curve":[0.25,0,0.75,1]},{"time":2.4,"angle":0}],"translate":[{"time":0,"x":0,"y":0,"curve":[0.25,0,0.75,1]},{"time":0.2,"x":0.01,"y":-0.9,"curve":[0.25,0,0.75,1]},{"time":0.7,"x":0,"y":1.11,"curve":[0.25,0,0.75,1]},{"time":1.4333,"x":0.02,"y":-1.34,"curve":[0.25,0,0.75,1]},{"time":2.4,"x":0,"y":0}],"scale":[{"time":0,"x":1,"y":1,"curve":[0.309,0,0.644,0.35]},{"time":0.2,"x":1.05,"y":0.95,"curve":[0.316,0.23,0.65,0.57]},{"time":0.4333,"x":0.97,"y":1.03,"curve":[0.321,0.28,0.655,0.62]},{"time":0.7,"x":1.01,"y":0.99,"curve":[0.325,0.3,0.659,0.64]},{"time":1,"x":1,"y":1,"curve":"stepped"},{"time":2.4,"x":1,"y":1}]},"zqdw_dtrkjie":{"rotate":[{"time":0,"angle":-1.8},{"time":0.6667,"angle":0.87,"curve":[0.25,0,0.75,1]},{"time":1.3333,"angle":1.42,"curve":[0.25,0,0.75,1]},{"time":2.4,"angle":-1.8}],"translate":[{"time":0,"x":0,"y":0,"curve":"stepped"},{"time":2.4,"x":0,"y":0}],"scale":[{"time":0,"x":1,"y":1,"curve":[0.25,0,0.75,1]},{"time":0.3333,"x":1,"y":1.094,"curve":[0.25,0,0.75,1]},{"time":2.4,"x":1,"y":1}]}}}}}