{"skeleton":{"hash":"+6CrJKgDNr+RqEwhESgebW6AA14","spine":"3.6.34","width":653.51,"height":650.1,"images":"./images/"},"bones":[{"name":"root"},{"name":"guangdian","parent":"root","x":258.31,"y":-21.61},{"name":"guangdian2","parent":"root","x":259.62,"y":-74.36},{"name":"guangdian3","parent":"root","x":259.62,"y":-136.04},{"name":"guangdian4","parent":"root","x":262.71,"y":-213.14},{"name":"guangdian5","parent":"root","x":260.65,"y":-268.14},{"name":"guangdian6","parent":"root","x":264.25,"y":-323.65},{"name":"lingdang_qx","parent":"root","x":256.71,"y":149.33},{"name":"lingdang_yd","parent":"root","x":305.02,"y":144.93},{"name":"lingdang_yd2","parent":"root","x":361.62,"y":-136.57},{"name":"lingdang_yd3","parent":"root","x":449.25,"y":-152.83},{"name":"tizi_qx","parent":"root","x":252.73,"y":82.35},{"name":"tizi_yd","parent":"root","x":308.86,"y":81.8},{"name":"tizi_yd2","parent":"root","x":359.22,"y":-202.11},{"name":"tizi_yd3","parent":"root","x":450.05,"y":-221.41},{"name":"yingtao_qx","parent":"root","x":258.36,"y":202.58},{"name":"yingtao_yd","parent":"root","x":309.96,"y":204.78},{"name":"yingtao_yd2","parent":"root","x":364.03,"y":-59.8},{"name":"yingtao_yd3","parent":"root","x":448.98,"y":-60.28}],"slots":[{"name":"touying","bone":"root","attachment":"touying"},{"name":"beijing_2","bone":"root","attachment":"beijing_2"},{"name":"lingdang_qx","bone":"lingdang_qx","attachment":"lingdang_qx"},{"name":"lingdang_yd","bone":"lingdang_yd","attachment":"lingdang_yd"},{"name":"tizi_qx","bone":"tizi_qx","attachment":"tizi_qx"},{"name":"yingtao_qx","bone":"yingtao_qx","attachment":"yingtao_qx"},{"name":"tizi_yd","bone":"tizi_yd","attachment":"tizi_yd"},{"name":"yingtao_yd","bone":"yingtao_yd","attachment":"yingtao_yd"},{"name":"guangdian","bone":"guangdian","attachment":"guangdian"},{"name":"lingdang_yd2","bone":"lingdang_yd2","attachment":"lingdang_yd"},{"name":"tizi_yd2","bone":"tizi_yd2","attachment":"tizi_yd"},{"name":"yingtao_yd2","bone":"yingtao_yd2","attachment":"yingtao_yd"},{"name":"yingtao_yd3","bone":"yingtao_yd3","attachment":"yingtao_yd"},{"name":"lingdang_yd3","bone":"lingdang_yd3","attachment":"lingdang_yd"},{"name":"tizi_yd3","bone":"tizi_yd3","attachment":"tizi_yd"},{"name":"beijing_1","bone":"root","attachment":"beijing_1"},{"name":"guangdian2","bone":"guangdian2","attachment":"guangdian"},{"name":"guangdian3","bone":"guangdian3","attachment":"guangdian"},{"name":"guangdian4","bone":"guangdian4","attachment":"guangdian"},{"name":"guangdian5","bone":"guangdian5","attachment":"guangdian"},{"name":"guangdian6","bone":"guangdian6","attachment":"guangdian"},{"name":"01","bone":"root","attachment":"28","blend":"additive"}],"skins":{"default":{"01":{"01":{"x":0.24,"y":154.86,"width":333,"height":282},"02":{"x":0.24,"y":154.86,"width":333,"height":282},"03":{"x":0.24,"y":154.86,"width":333,"height":282},"04":{"x":0.24,"y":154.86,"width":333,"height":282},"05":{"x":0.24,"y":154.86,"width":333,"height":282},"06":{"x":0.24,"y":154.86,"width":333,"height":282},"07":{"x":0.24,"y":154.86,"width":333,"height":282},"08":{"x":0.24,"y":154.86,"width":333,"height":282},"09":{"x":0.24,"y":154.86,"width":333,"height":282},"10":{"x":0.24,"y":154.86,"width":333,"height":282},"11":{"x":0.24,"y":154.86,"width":333,"height":282},"12":{"x":0.24,"y":154.86,"width":333,"height":282},"13":{"x":0.24,"y":154.86,"width":333,"height":282},"14":{"x":0.24,"y":154.86,"width":333,"height":282},"15":{"x":0.24,"y":154.86,"width":333,"height":282},"16":{"x":0.24,"y":154.86,"width":333,"height":282},"17":{"x":0.24,"y":154.86,"width":333,"height":282},"18":{"x":0.24,"y":154.86,"width":333,"height":282},"19":{"x":0.24,"y":154.86,"width":333,"height":282},"20":{"x":0.24,"y":154.86,"width":333,"height":282},"21":{"x":0.24,"y":154.86,"width":333,"height":282},"22":{"x":0.24,"y":154.86,"width":333,"height":282},"23":{"x":0.24,"y":154.86,"width":333,"height":282},"24":{"x":0.24,"y":154.86,"width":333,"height":282},"25":{"x":0.24,"y":154.86,"width":333,"height":282},"26":{"x":0.24,"y":154.86,"width":333,"height":282},"27":{"x":0.24,"y":154.86,"width":333,"height":282},"28":{"x":0.24,"y":154.86,"width":333,"height":282}},"beijing_1":{"beijing_1":{"y":153.5,"width":357,"height":307}},"beijing_2":{"beijing_2":{"y":161,"width":264,"height":114}},"guangdian":{"guangdian":{"x":0.32,"y":-0.32,"width":39,"height":38}},"guangdian2":{"guangdian":{"x":0.89,"y":-0.37,"width":39,"height":38}},"guangdian3":{"guangdian":{"x":0.06,"y":0.41,"width":39,"height":38}},"guangdian4":{"guangdian":{"x":0.27,"y":0.14,"width":39,"height":38}},"guangdian5":{"guangdian":{"x":0.68,"width":39,"height":38}},"guangdian6":{"guangdian":{"x":0.37,"y":-0.45,"width":39,"height":38}},"lingdang_qx":{"lingdang_qx":{"x":-0.26,"y":0.29,"width":40,"height":48}},"lingdang_yd":{"lingdang_yd":{"x":0.12,"y":0.12,"width":43,"height":58}},"lingdang_yd2":{"lingdang_yd":{"x":-0.16,"y":0.13,"width":43,"height":58}},"lingdang_yd3":{"lingdang_yd":{"x":0.03,"y":0.88,"width":43,"height":58}},"tizi_qx":{"tizi_qx":{"x":0.07,"y":0.29,"width":49,"height":46}},"tizi_yd":{"tizi_yd":{"x":-0.28,"y":0.15,"width":51,"height":55}},"tizi_yd2":{"tizi_yd":{"y":-0.15,"width":51,"height":55}},"tizi_yd3":{"tizi_yd":{"x":-0.53,"y":0.27,"width":51,"height":55}},"touying":{"touying":{"y":0.82,"width":335,"height":65}},"yingtao_qx":{"yingtao_qx":{"x":-0.07,"y":0.27,"width":49,"height":47}},"yingtao_yd":{"yingtao_yd":{"x":-0.14,"y":-0.03,"width":49,"height":54}},"yingtao_yd2":{"yingtao_yd":{"y":0.67,"width":49,"height":54}},"yingtao_yd3":{"yingtao_yd":{"x":0.19,"y":0.59,"width":49,"height":54}}}},"animations":{"animation":{"slots":{"01":{"color":[{"time":0,"color":"ffffff00"},{"time":0.4333,"color":"ffffffb4"},{"time":1,"color":"ffffff00"},{"time":1.8,"color":"ffffffb4"},{"time":2.4,"color":"ffffff00"}],"attachment":[{"time":0,"name":"01"},{"time":0.1,"name":"02"},{"time":0.2,"name":"03"},{"time":0.3,"name":"04"},{"time":0.4,"name":"05"},{"time":0.5,"name":"06"},{"time":0.6,"name":"07"},{"time":0.7,"name":"08"},{"time":0.8,"name":"09"},{"time":0.9,"name":"10"},{"time":1,"name":"11"},{"time":1.1,"name":"12"},{"time":1.2,"name":"13"},{"time":1.3,"name":"14"},{"time":1.4,"name":"15"},{"time":1.5,"name":"16"},{"time":1.6,"name":"17"},{"time":1.7,"name":"18"},{"time":1.8,"name":"19"},{"time":1.9,"name":"20"},{"time":2,"name":"21"},{"time":2.1,"name":"22"},{"time":2.2,"name":"23"},{"time":2.3,"name":"24"},{"time":2.4,"name":"25"},{"time":2.5,"name":"26"},{"time":2.6,"name":"27"},{"time":2.7,"name":"28"}]},"guangdian":{"color":[{"time":0,"color":"ffffff00"},{"time":0.6667,"color":"fffffffe","curve":"stepped"},{"time":2,"color":"fffffffe"},{"time":2.6667,"color":"ffffff00"},{"time":3.3333,"color":"fffffffe"},{"time":4,"color":"ffffff00"}]},"guangdian2":{"color":[{"time":0,"color":"ffffff00"},{"time":0.1667,"color":"fffffffe","curve":"stepped"},{"time":0.5,"color":"fffffffe"},{"time":1.1667,"color":"ffffff00"},{"time":2.1667,"color":"fffffffe","curve":"stepped"},{"time":3.1667,"color":"fffffffe"},{"time":4.1667,"color":"ffffff00"}]},"guangdian3":{"color":[{"time":0,"color":"ffffff00","curve":"stepped"},{"time":0.3333,"color":"ffffff00"},{"time":1,"color":"fffffffe"},{"time":1.6667,"color":"ffffff00"},{"time":2.3333,"color":"fffffffe","curve":"stepped"},{"time":3.6667,"color":"fffffffe"},{"time":4.3333,"color":"ffffff00"}]},"guangdian4":{"color":[{"time":0,"color":"ffffff00","curve":"stepped"},{"time":0.1,"color":"ffffff00"},{"time":0.8333,"color":"fffffffe","curve":"stepped"},{"time":1.8333,"color":"fffffffe"},{"time":2.5333,"color":"ffffff00"},{"time":3.5,"color":"fffffffe"},{"time":3.9333,"color":"ffffff00"}]},"lingdang_qx":{"color":[{"time":0,"color":"ffffff00","curve":"stepped"},{"time":1,"color":"ffffff00"},{"time":1.1667,"color":"fffffffe","curve":"stepped"},{"time":1.8333,"color":"fffffffe"}]},"lingdang_yd":{"color":[{"time":0,"color":"ffffff00"},{"time":0.3333,"color":"ffffff54"},{"time":0.5,"color":"fffffffe"},{"time":0.6667,"color":"ffffff00"},{"time":0.8333,"color":"ffffff7e"},{"time":1,"color":"fffffffe"},{"time":1.1667,"color":"ffffff00"}]},"lingdang_yd2":{"color":[{"time":0,"color":"ffffff00","curve":"stepped"},{"time":0.1667,"color":"ffffff00"},{"time":0.3333,"color":"fffffffe"},{"time":0.5,"color":"ffffff00","curve":"stepped"},{"time":0.6667,"color":"ffffff00"},{"time":0.8333,"color":"fffffffe"},{"time":1,"color":"ffffff00","curve":"stepped"},{"time":1.1667,"color":"ffffff00"},{"time":1.3333,"color":"fffffffe"},{"time":1.5,"color":"ffffff00","curve":"stepped"},{"time":1.6667,"color":"ffffff00"},{"time":1.8333,"color":"fffffffe"},{"time":2,"color":"ffffff00"}]},"lingdang_yd3":{"color":[{"time":0,"color":"ffffff00"},{"time":0.1667,"color":"fffffffe"},{"time":0.3333,"color":"ffffff00","curve":"stepped"},{"time":0.5,"color":"ffffff00"},{"time":0.6667,"color":"fffffffe"},{"time":0.8333,"color":"ffffff00","curve":"stepped"},{"time":1,"color":"ffffff00"},{"time":1.1667,"color":"fffffffe"},{"time":1.3333,"color":"ffffff00","curve":"stepped"},{"time":1.5,"color":"ffffff00"},{"time":1.6667,"color":"fffffffe"},{"time":1.8333,"color":"ffffff00","curve":"stepped"},{"time":2,"color":"ffffff00"},{"time":2.1667,"color":"fffffffe"},{"time":2.3333,"color":"ffffff00","curve":"stepped"},{"time":2.5,"color":"ffffff00"},{"time":2.6667,"color":"fffffffe"},{"time":2.8333,"color":"ffffff00","curve":"stepped"},{"time":3,"color":"ffffff00"},{"time":3.1667,"color":"fffffffe"},{"time":3.3333,"color":"ffffff00"}]},"tizi_qx":{"color":[{"time":0,"color":"ffffff00","curve":"stepped"},{"time":3.3333,"color":"ffffff00"},{"time":3.5,"color":"fffffffe","curve":"stepped"},{"time":4.1667,"color":"fffffffe"}]},"tizi_yd":{"color":[{"time":0,"color":"ffffff00"},{"time":0.1667,"color":"fffffffe"},{"time":0.3333,"color":"ffffff00","curve":"stepped"},{"time":0.5,"color":"ffffff00"},{"time":0.6667,"color":"fffffffe"},{"time":0.8333,"color":"ffffff00"}]},"tizi_yd2":{"color":[{"time":0.3333,"color":"ffffff00"},{"time":0.5,"color":"fffffffe"},{"time":0.6667,"color":"ffffff00","curve":"stepped"},{"time":0.8333,"color":"ffffff00"},{"time":1,"color":"fffffffe"},{"time":1.1667,"color":"ffffff00","curve":"stepped"},{"time":1.3333,"color":"ffffff00"},{"time":1.5,"color":"fffffffe"},{"time":1.6667,"color":"ffffff00","curve":"stepped"},{"time":1.8333,"color":"ffffff00"},{"time":2,"color":"fffffffe"},{"time":2.1667,"color":"ffffff00"}]},"tizi_yd3":{"color":[{"time":0,"color":"ffffff00","curve":"stepped"},{"time":0.1667,"color":"ffffff00"},{"time":0.3333,"color":"fffffffe"},{"time":0.5,"color":"ffffff00","curve":"stepped"},{"time":0.6667,"color":"ffffff00"},{"time":0.8333,"color":"fffffffe"},{"time":1,"color":"ffffff00","curve":"stepped"},{"time":1.1667,"color":"ffffff00"},{"time":1.3333,"color":"fffffffe"},{"time":1.5,"color":"ffffff00","curve":"stepped"},{"time":1.6667,"color":"ffffff00"},{"time":1.8333,"color":"fffffffe"},{"time":2,"color":"ffffff00","curve":"stepped"},{"time":2.1667,"color":"ffffff00"},{"time":2.3333,"color":"fffffffe"},{"time":2.5,"color":"ffffff00","curve":"stepped"},{"time":2.6667,"color":"ffffff00"},{"time":2.8333,"color":"fffffffe"},{"time":3,"color":"ffffff00","curve":"stepped"},{"time":3.1667,"color":"ffffff00"},{"time":3.3333,"color":"fffffffe"},{"time":3.5,"color":"ffffff00"}]},"yingtao_qx":{"color":[{"time":0,"color":"ffffff00","curve":"stepped"},{"time":2.2333,"color":"ffffff00"},{"time":2.4,"color":"fffffffe","curve":"stepped"},{"time":3.0667,"color":"fffffffe"}]},"yingtao_yd":{"color":[{"time":0.1667,"color":"ffffff00"},{"time":0.3333,"color":"fffffffe"},{"time":0.5,"color":"ffffff00","curve":"stepped"},{"time":0.6667,"color":"ffffff00"},{"time":0.8333,"color":"fffffffe"},{"time":1,"color":"ffffff00"}]},"yingtao_yd2":{"color":[{"time":0,"color":"ffffff00"},{"time":0.1667,"color":"fffffffe"},{"time":0.3333,"color":"ffffff00","curve":"stepped"},{"time":0.5,"color":"ffffff00"},{"time":0.6667,"color":"fffffffe"},{"time":0.8333,"color":"ffffff00","curve":"stepped"},{"time":1,"color":"ffffff00"},{"time":1.1667,"color":"fffffffe"},{"time":1.3333,"color":"ffffff00","curve":"stepped"},{"time":1.5,"color":"ffffff00"},{"time":1.6667,"color":"fffffffe"},{"time":1.8333,"color":"ffffff00","curve":"stepped"},{"time":2,"color":"ffffff00"},{"time":2.1667,"color":"fffffffe"},{"time":2.3333,"color":"ffffff00"}]},"yingtao_yd3":{"color":[{"time":0.3333,"color":"ffffff00"},{"time":0.5,"color":"fffffffe"},{"time":0.6667,"color":"ffffff00","curve":"stepped"},{"time":0.8333,"color":"ffffff00"},{"time":1,"color":"fffffffe"},{"time":1.1667,"color":"ffffff00","curve":"stepped"},{"time":1.3333,"color":"ffffff00"},{"time":1.5,"color":"fffffffe"},{"time":1.6667,"color":"ffffff00","curve":"stepped"},{"time":1.8333,"color":"ffffff00"},{"time":2,"color":"fffffffe"},{"time":2.1667,"color":"ffffff00","curve":"stepped"},{"time":2.3333,"color":"ffffff00"},{"time":2.5,"color":"fffffffe"},{"time":2.6667,"color":"ffffff00","curve":"stepped"},{"time":2.8333,"color":"ffffff00"},{"time":3,"color":"fffffffe"},{"time":3.1667,"color":"ffffff00"}]}},"bones":{"lingdang_yd":{"translate":[{"time":0,"x":-384.4,"y":113.71,"curve":"stepped"},{"time":0.3333,"x":-384.4,"y":113.71},{"time":0.5,"x":-384.4,"y":16.69},{"time":0.6667,"x":-384.4,"y":-77.25,"curve":"stepped"},{"time":0.8333,"x":-384.4,"y":113.71},{"time":1,"x":-384.4,"y":16.69}],"scale":[{"time":1,"x":1,"y":1},{"time":1.1667,"x":1.479,"y":1.479}]},"tizi_yd":{"translate":[{"time":0,"x":-388.24,"y":176.8},{"time":0.1667,"x":-388.24,"y":78.1},{"time":0.3333,"x":-388.24,"y":-13.6,"curve":"stepped"},{"time":0.5,"x":-388.24,"y":176.8},{"time":0.6667,"x":-388.24,"y":78.1},{"time":0.8333,"x":-388.24,"y":-13.6}]},"lingdang_qx":{"translate":[{"time":0,"x":-336,"y":12.6,"curve":"stepped"},{"time":1,"x":-336,"y":12.6}]},"yingtao_yd":{"translate":[{"time":0,"x":-389.34,"y":53.82,"curve":"stepped"},{"time":0.1667,"x":-389.34,"y":53.82},{"time":0.3333,"x":-389.34,"y":-43.48},{"time":0.5,"x":-389.34,"y":-125.38,"curve":"stepped"},{"time":0.6667,"x":-389.34,"y":53.82},{"time":0.8333,"x":-389.34,"y":-43.48},{"time":1,"x":-389.34,"y":-125.38}]},"lingdang_yd2":{"translate":[{"time":0,"x":-361.3,"y":395.54,"curve":"stepped"},{"time":0.1667,"x":-361.3,"y":395.54},{"time":0.3333,"x":-361.3,"y":297.64},{"time":0.5,"x":-361.3,"y":215.1,"curve":"stepped"},{"time":0.6667,"x":-361.3,"y":395.54},{"time":0.8333,"x":-361.3,"y":297.64},{"time":1,"x":-361.3,"y":215.1,"curve":"stepped"},{"time":1.1667,"x":-361.3,"y":395.54},{"time":1.3333,"x":-361.3,"y":297.64},{"time":1.5,"x":-361.3,"y":215.1,"curve":"stepped"},{"time":1.6667,"x":-361.3,"y":395.54},{"time":1.8333,"x":-361.3,"y":297.64},{"time":2,"x":-361.3,"y":215.1}]},"tizi_yd2":{"translate":[{"time":0,"x":-358.08,"y":461.23,"curve":"stepped"},{"time":0.3333,"x":-358.08,"y":461.23},{"time":0.5,"x":-358.08,"y":362.36},{"time":0.6667,"x":-358.08,"y":278.89,"curve":"stepped"},{"time":0.8333,"x":-358.08,"y":461.23},{"time":1,"x":-358.08,"y":362.36},{"time":1.1667,"x":-358.08,"y":278.89,"curve":"stepped"},{"time":1.3333,"x":-358.08,"y":461.23},{"time":1.5,"x":-358.08,"y":362.36},{"time":1.6667,"x":-358.08,"y":278.89,"curve":"stepped"},{"time":1.8333,"x":-358.08,"y":461.23},{"time":2,"x":-358.08,"y":362.36},{"time":2.1667,"x":-358.08,"y":278.89}]},"yingtao_yd2":{"translate":[{"time":0,"x":-363.81,"y":318.92},{"time":0.1667,"x":-363.81,"y":220.89},{"time":0.3333,"x":-363.81,"y":132.25,"curve":"stepped"},{"time":0.5,"x":-363.81,"y":318.92},{"time":0.6667,"x":-363.81,"y":220.89},{"time":0.8333,"x":-363.81,"y":132.25,"curve":"stepped"},{"time":1,"x":-363.81,"y":318.92},{"time":1.1667,"x":-363.81,"y":220.89},{"time":1.3333,"x":-363.81,"y":132.25,"curve":"stepped"},{"time":1.5,"x":-363.81,"y":318.92},{"time":1.6667,"x":-363.81,"y":220.89},{"time":1.8333,"x":-363.81,"y":132.25,"curve":"stepped"},{"time":2,"x":-363.81,"y":318.92},{"time":2.1667,"x":-363.81,"y":220.89}],"scale":[{"time":2.1667,"x":1,"y":1},{"time":2.3333,"x":1.337,"y":1.337}]},"yingtao_qx":{"translate":[{"time":0,"x":-258.28,"y":-41.68,"curve":"stepped"},{"time":2.2333,"x":-258.28,"y":-41.68}]},"yingtao_yd3":{"translate":[{"time":0,"x":-370.48,"y":320.07,"curve":"stepped"},{"time":0.3333,"x":-370.48,"y":320.07},{"time":0.5,"x":-370.48,"y":221.9},{"time":0.6667,"x":-370.48,"y":127.32,"curve":"stepped"},{"time":0.8333,"x":-370.48,"y":320.07},{"time":1,"x":-370.48,"y":221.9},{"time":1.1667,"x":-370.48,"y":127.32,"curve":"stepped"},{"time":1.3333,"x":-370.48,"y":320.07},{"time":1.5,"x":-370.48,"y":221.9},{"time":1.6667,"x":-370.48,"y":127.32,"curve":"stepped"},{"time":1.8333,"x":-370.48,"y":320.07},{"time":2,"x":-370.48,"y":221.9},{"time":2.1667,"x":-370.48,"y":127.32,"curve":"stepped"},{"time":2.3333,"x":-370.48,"y":320.07},{"time":2.5,"x":-370.48,"y":221.9},{"time":2.6667,"x":-370.48,"y":127.32,"curve":"stepped"},{"time":2.8333,"x":-370.48,"y":320.07},{"time":3,"x":-370.48,"y":221.9},{"time":3.1667,"x":-370.48,"y":127.32}]},"guangdian":{"translate":[{"time":0,"x":-365.07,"y":297.21}]},"lingdang_yd3":{"translate":[{"time":0,"x":-370.34,"y":412.87},{"time":0.1667,"x":-370.34,"y":313.75},{"time":0.3333,"x":-370.34,"y":223.03,"curve":"stepped"},{"time":0.5,"x":-370.34,"y":412.87},{"time":0.6667,"x":-370.34,"y":313.75},{"time":0.8333,"x":-370.34,"y":223.03,"curve":"stepped"},{"time":1,"x":-370.34,"y":412.87},{"time":1.1667,"x":-370.34,"y":313.75},{"time":1.3333,"x":-370.34,"y":223.03,"curve":"stepped"},{"time":1.5,"x":-370.34,"y":412.87},{"time":1.6667,"x":-370.34,"y":313.75},{"time":1.8333,"x":-370.34,"y":223.03,"curve":"stepped"},{"time":2,"x":-370.34,"y":412.87},{"time":2.1667,"x":-370.34,"y":313.75},{"time":2.3333,"x":-370.34,"y":223.03,"curve":"stepped"},{"time":2.5,"x":-370.34,"y":412.87},{"time":2.6667,"x":-370.34,"y":313.75},{"time":2.8333,"x":-370.34,"y":223.03,"curve":"stepped"},{"time":3,"x":-370.34,"y":412.87},{"time":3.1667,"x":-370.34,"y":313.75},{"time":3.3333,"x":-370.34,"y":223.03}]},"tizi_yd3":{"translate":[{"time":0,"x":-371.51,"y":481.24,"curve":"stepped"},{"time":0.1667,"x":-371.51,"y":481.24},{"time":0.3333,"x":-371.51,"y":382.04},{"time":0.5,"x":-371.51,"y":293.53,"curve":"stepped"},{"time":0.6667,"x":-371.51,"y":481.24},{"time":0.8333,"x":-371.51,"y":382.04},{"time":1,"x":-371.51,"y":293.53,"curve":"stepped"},{"time":1.1667,"x":-371.51,"y":481.24},{"time":1.3333,"x":-371.51,"y":382.04},{"time":1.5,"x":-371.51,"y":293.53,"curve":"stepped"},{"time":1.6667,"x":-371.51,"y":481.24},{"time":1.8333,"x":-371.51,"y":382.04},{"time":2,"x":-371.51,"y":293.53,"curve":"stepped"},{"time":2.1667,"x":-371.51,"y":481.24},{"time":2.3333,"x":-371.51,"y":382.04},{"time":2.5,"x":-371.51,"y":293.53,"curve":"stepped"},{"time":2.6667,"x":-371.51,"y":481.24},{"time":2.8333,"x":-371.51,"y":382.04},{"time":3,"x":-371.51,"y":293.53,"curve":"stepped"},{"time":3.1667,"x":-371.51,"y":481.24},{"time":3.3333,"x":-371.51,"y":382.04}],"scale":[{"time":3.3333,"x":1,"y":1},{"time":3.5,"x":1.309,"y":1.309}]},"tizi_qx":{"translate":[{"time":0,"x":-174.2,"y":78.53,"curve":"stepped"},{"time":3.3333,"x":-174.2,"y":78.53}]},"guangdian2":{"translate":[{"time":0,"x":-262.73,"y":349.81}]},"guangdian3":{"translate":[{"time":0,"x":-250.13,"y":410.51}]},"guangdian4":{"translate":[{"time":0,"x":-151.61,"y":489.73}]},"guangdian5":{"translate":[{"time":0,"x":-337.3,"y":338.07},{"time":0.8333,"x":-318.88,"y":338.07},{"time":1.1667,"x":-315.3,"y":334.02},{"time":2,"x":-314.96,"y":315.37},{"time":2.3333,"x":-318.09,"y":311.83},{"time":3.1667,"x":-337.84,"y":311.85},{"time":3.5,"x":-341.37,"y":315.74},{"time":4.3333,"x":-341.31,"y":334.99},{"time":4.6667,"x":-337.3,"y":338.07}]},"guangdian6":{"translate":[{"time":0,"x":-202.04,"y":393.75},{"time":0.8333,"x":-182.55,"y":393.75},{"time":1.1667,"x":-179.69,"y":390.21},{"time":2,"x":-179.88,"y":370.99},{"time":2.3333,"x":-182.65,"y":367.45},{"time":3.1667,"x":-202,"y":367.72},{"time":3.5,"x":-205.66,"y":370.88},{"time":4.3333,"x":-205.58,"y":390.75},{"time":4.6667,"x":-202.04,"y":393.75}]}}}}}