{
"skeleton": { "hash": "t2LY4W21oKAscws2ZpjNj1XT9rg", "spine": "3.5.51", "width": 54, "height": 40.03, "images": "./images/" },
"bones": [
	{ "name": "root" },
	{ "name": "hoteffect", "parent": "root", "x": -0.47, "y": 1.53 }
],
"slots": [
	{ "name": "hot", "bone": "root", "attachment": "hot" },
	{ "name": "hoteffect", "bone": "hoteffect", "color": "fff5d2ff", "attachment": "hot_6", "blend": "additive" }
],
"skins": {
	"default": {
		"hot": {
			"hot": { "width": 54, "height": 40 }
		},
		"hoteffect": {
			"hot_0": { "width": 53, "height": 37 },
			"hot_1": { "width": 53, "height": 37 },
			"hot_2": { "width": 53, "height": 37 },
			"hot_3": { "width": 53, "height": 37 },
			"hot_4": { "width": 53, "height": 37 },
			"hot_5": { "width": 53, "height": 37 },
			"hot_6": { "width": 53, "height": 37 },
			"hot_7": { "width": 53, "height": 37 },
			"hot_8": { "width": 53, "height": 37 },
			"hot_9": { "width": 53, "height": 37 },
			"hot_10": { "width": 53, "height": 37 },
			"hot_11": { "width": 53, "height": 37 },
			"hot_12": { "width": 53, "height": 37 }
		}
	}
},
"animations": {
	"animation": {
		"slots": {
			"hoteffect": {
				"attachment": [
					{ "time": 0, "name": "hot_0" },
					{ "time": 0.0667, "name": "hot_1" },
					{ "time": 0.1333, "name": "hot_2" },
					{ "time": 0.2, "name": "hot_3" },
					{ "time": 0.2667, "name": "hot_4" },
					{ "time": 0.3333, "name": "hot_5" },
					{ "time": 0.4, "name": "hot_6" },
					{ "time": 0.4667, "name": "hot_7" },
					{ "time": 0.5333, "name": "hot_8" },
					{ "time": 0.6, "name": "hot_9" },
					{ "time": 0.6667, "name": "hot_10" },
					{ "time": 0.7333, "name": "hot_11" },
					{ "time": 0.8, "name": "hot_12" },
					{ "time": 0.8333, "name": null },
					{ "time": 1.3333, "name": null }
				]
			}
		}
	}
}
}