{"skeleton":{"hash":"5L5GkILFuPpAhgtMgvn5CMULK50","spine":"3.6.37","width":304,"height":83.54,"images":"./images/"},"bones":[{"name":"root"},{"name":"zsb_yuekamenu3","parent":"root"},{"name":"zsb_yuekamenu3lg","parent":"zsb_yuekamenu3","x":-0.21,"y":-1.54,"scaleX":2,"scaleY":2}],"slots":[{"name":"zsb_yuekamenu3","bone":"zsb_yuekamenu3","attachment":"zsb_yuekamenu3"},{"name":"zsb_yuekamenu3lg","bone":"zsb_yuekamenu3lg","attachment":"zsb_yuekamenu3lg0","blend":"additive"}],"skins":{"default":{"zsb_yuekamenu3":{"zsb_yuekamenu3":{"width":304,"height":82}},"zsb_yuekamenu3lg":{"zsb_yuekamenu3lg0":{"width":149,"height":41},"zsb_yuekamenu3lg1":{"width":149,"height":41},"zsb_yuekamenu3lg2":{"width":149,"height":41},"zsb_yuekamenu3lg3":{"width":149,"height":41},"zsb_yuekamenu3lg4":{"width":149,"height":41},"zsb_yuekamenu3lg5":{"width":149,"height":41},"zsb_yuekamenu3lg6":{"width":149,"height":41},"zsb_yuekamenu3lg7":{"width":149,"height":41},"zsb_yuekamenu3lg8":{"width":149,"height":41},"zsb_yuekamenu3lg9":{"width":149,"height":41},"zsb_yuekamenu3lg10":{"width":149,"height":41},"zsb_yuekamenu3lg11":{"width":149,"height":41},"zsb_yuekamenu3lg12":{"width":149,"height":41},"zsb_yuekamenu3lg13":{"width":149,"height":41},"zsb_yuekamenu3lg14":{"width":149,"height":41},"zsb_yuekamenu3lg15":{"width":149,"height":41},"zsb_yuekamenu3lg16":{"width":149,"height":41},"zsb_yuekamenu3lg17":{"width":149,"height":41},"zsb_yuekamenu3lg18":{"width":149,"height":41},"zsb_yuekamenu3lg19":{"width":149,"height":41},"zsb_yuekamenu3lg20":{"width":149,"height":41},"zsb_yuekamenu3lg21":{"width":149,"height":41},"zsb_yuekamenu3lg22":{"width":149,"height":41},"zsb_yuekamenu3lg23":{"width":149,"height":41},"zsb_yuekamenu3lg24":{"width":149,"height":41},"zsb_yuekamenu3lg25":{"width":149,"height":41},"zsb_yuekamenu3lg26":{"width":149,"height":41},"zsb_yuekamenu3lg27":{"width":149,"height":41},"zsb_yuekamenu3lg28":{"width":149,"height":41},"zsb_yuekamenu3lg29":{"width":149,"height":41},"zsb_yuekamenu3lg30":{"width":149,"height":41},"zsb_yuekamenu3lg31":{"width":149,"height":41},"zsb_yuekamenu3lg32":{"width":149,"height":41},"zsb_yuekamenu3lg33":{"width":149,"height":41},"zsb_yuekamenu3lg34":{"width":149,"height":41},"zsb_yuekamenu3lg35":{"width":149,"height":41}}}},"animations":{"animation":{"slots":{"zsb_yuekamenu3lg":{"attachment":[{"time":0,"name":"zsb_yuekamenu3lg0"},{"time":0.0333,"name":"zsb_yuekamenu3lg1"},{"time":0.0667,"name":"zsb_yuekamenu3lg2"},{"time":0.1,"name":"zsb_yuekamenu3lg3"},{"time":0.1333,"name":"zsb_yuekamenu3lg4"},{"time":0.1667,"name":"zsb_yuekamenu3lg5"},{"time":0.2,"name":"zsb_yuekamenu3lg6"},{"time":0.2333,"name":"zsb_yuekamenu3lg7"},{"time":0.2667,"name":"zsb_yuekamenu3lg8"},{"time":0.3,"name":"zsb_yuekamenu3lg9"},{"time":0.3333,"name":"zsb_yuekamenu3lg10"},{"time":0.3667,"name":"zsb_yuekamenu3lg11"},{"time":0.4,"name":"zsb_yuekamenu3lg12"},{"time":0.4333,"name":"zsb_yuekamenu3lg13"},{"time":0.4667,"name":"zsb_yuekamenu3lg14"},{"time":0.5,"name":"zsb_yuekamenu3lg15"},{"time":0.5333,"name":"zsb_yuekamenu3lg16"},{"time":0.5667,"name":"zsb_yuekamenu3lg17"},{"time":0.6,"name":"zsb_yuekamenu3lg18"},{"time":0.6333,"name":"zsb_yuekamenu3lg19"},{"time":0.6667,"name":"zsb_yuekamenu3lg20"},{"time":0.7,"name":"zsb_yuekamenu3lg21"},{"time":0.7333,"name":"zsb_yuekamenu3lg22"},{"time":0.7667,"name":"zsb_yuekamenu3lg23"},{"time":0.8,"name":"zsb_yuekamenu3lg24"},{"time":0.8333,"name":"zsb_yuekamenu3lg25"},{"time":0.8667,"name":"zsb_yuekamenu3lg26"},{"time":0.9,"name":"zsb_yuekamenu3lg27"},{"time":0.9333,"name":"zsb_yuekamenu3lg28"},{"time":0.9667,"name":"zsb_yuekamenu3lg29"},{"time":1,"name":"zsb_yuekamenu3lg30"},{"time":1.0333,"name":"zsb_yuekamenu3lg31"},{"time":1.0667,"name":"zsb_yuekamenu3lg32"},{"time":1.1,"name":"zsb_yuekamenu3lg33"},{"time":1.1333,"name":"zsb_yuekamenu3lg34"},{"time":1.1667,"name":"zsb_yuekamenu3lg35"},{"time":1.2,"name":"zsb_yuekamenu3lg0"}]}}}}}