{
"skeleton": { "hash": "lpG5Txqnlu+uciFy3kZSd8IVcQI", "spine": "3.6.37", "width": 183.94, "height": 81, "images": "./images/" },
"bones": [
	{ "name": "root" },
	{ "name": "bone", "parent": "root", "x": -57.15, "y": -26.92 },
	{ "name": "scth_libao", "parent": "bone", "x": -4.79, "y": 26.54 },
	{ "name": "scth_g1", "parent": "scth_libao", "x": -15.88, "y": -2.52 },
	{ "name": "scth_g2", "parent": "root", "x": -15.97, "y": 14.4, "scaleX": 0.8, "scaleY": 0.8 },
	{ "name": "scth_g3", "parent": "root", "x": 31.1, "y": 14.04 },
	{ "name": "scth_sg_d", "parent": "root", "y": -6.26, "scaleX": 4, "scaleY": 4 },
	{ "name": "scth_sg_z", "parent": "root", "x": 6.98, "y": 3.11, "scaleX": 4, "scaleY": 4 },
	{ "name": "scth_sidai", "parent": "root" },
	{ "name": "scth_zi", "parent": "root", "x": 6.84, "y": -1.52 }
],
"slots": [
	{ "name": "scth_sidai", "bone": "scth_sidai", "attachment": "scth_sidai" },
	{ "name": "scth_sg_d", "bone": "scth_sg_d", "color": "ffffffa8", "blend": "additive" },
	{ "name": "scth_libao", "bone": "scth_libao", "attachment": "scth_libao" },
	{ "name": "scth_zi", "bone": "scth_zi", "attachment": "scth_zi" },
	{ "name": "scth_g1", "bone": "scth_g1", "attachment": "scth_g1", "blend": "additive" },
	{ "name": "scth_g2", "bone": "scth_g2", "attachment": "scth_g1", "blend": "additive" },
	{ "name": "scth_sg_z", "bone": "scth_sg_z", "color": "ffffffc7", "attachment": "scth_sg_z35", "blend": "additive" },
	{ "name": "scth_g3", "bone": "scth_g3", "attachment": "scth_g2", "blend": "additive" }
],
"skins": {
	"default": {
		"scth_g1": {
			"scth_g1": { "x": -0.69, "y": 0.85, "width": 37, "height": 36 }
		},
		"scth_g2": {
			"scth_g1": { "x": -0.69, "y": 0.85, "width": 37, "height": 36 }
		},
		"scth_g3": {
			"scth_g2": { "width": 98, "height": 6 }
		},
		"scth_libao": {
			"scth_libao": { "width": 82, "height": 81 }
		},
		"scth_sg_d": {
			"scth_sg_d02": { "width": 38, "height": 14 },
			"scth_sg_d03": { "width": 38, "height": 14 },
			"scth_sg_d04": { "width": 38, "height": 14 },
			"scth_sg_d05": { "width": 38, "height": 14 },
			"scth_sg_d06": { "width": 38, "height": 14 },
			"scth_sg_d07": { "width": 38, "height": 14 },
			"scth_sg_d08": { "width": 38, "height": 14 },
			"scth_sg_d09": { "width": 38, "height": 14 },
			"scth_sg_d10": { "width": 38, "height": 14 },
			"scth_sg_d11": { "width": 38, "height": 14 },
			"scth_sg_d12": { "width": 38, "height": 14 },
			"scth_sg_d13": { "width": 38, "height": 14 },
			"scth_sg_d14": { "width": 38, "height": 14 },
			"scth_sg_d15": { "width": 38, "height": 14 },
			"scth_sg_d16": { "width": 38, "height": 14 },
			"scth_sg_d17": { "width": 38, "height": 14 },
			"scth_sg_d18": { "width": 38, "height": 14 },
			"scth_sg_d19": { "width": 38, "height": 14 },
			"scth_sg_d20": { "width": 38, "height": 14 },
			"scth_sg_d21": { "width": 38, "height": 14 },
			"scth_sg_d22": { "width": 38, "height": 14 },
			"scth_sg_d23": { "width": 38, "height": 14 },
			"scth_sg_d24": { "width": 38, "height": 14 },
			"scth_sg_d25": { "width": 38, "height": 14 },
			"scth_sg_d26": { "width": 38, "height": 14 },
			"scth_sg_d27": { "width": 38, "height": 14 },
			"scth_sg_d28": { "width": 38, "height": 14 },
			"scth_sg_d29": { "width": 38, "height": 14 },
			"scth_sg_d30": { "width": 38, "height": 14 },
			"scth_sg_d31": { "width": 38, "height": 14 },
			"scth_sg_d32": { "width": 38, "height": 14 },
			"scth_sg_d33": { "width": 38, "height": 14 }
		},
		"scth_sg_z": {
			"scth_sg_z00": { "width": 29, "height": 7 },
			"scth_sg_z01": { "width": 29, "height": 7 },
			"scth_sg_z02": { "width": 29, "height": 7 },
			"scth_sg_z03": { "width": 29, "height": 7 },
			"scth_sg_z04": { "width": 29, "height": 7 },
			"scth_sg_z05": { "width": 29, "height": 7 },
			"scth_sg_z06": { "width": 29, "height": 7 },
			"scth_sg_z07": { "width": 29, "height": 7 },
			"scth_sg_z08": { "width": 29, "height": 7 },
			"scth_sg_z09": { "width": 29, "height": 7 },
			"scth_sg_z10": { "width": 29, "height": 7 },
			"scth_sg_z11": { "width": 29, "height": 7 },
			"scth_sg_z12": { "width": 29, "height": 7 },
			"scth_sg_z13": { "width": 29, "height": 7 },
			"scth_sg_z14": { "width": 29, "height": 7 },
			"scth_sg_z15": { "width": 29, "height": 7 },
			"scth_sg_z16": { "width": 29, "height": 7 },
			"scth_sg_z17": { "width": 29, "height": 7 },
			"scth_sg_z18": { "width": 29, "height": 7 },
			"scth_sg_z19": { "width": 29, "height": 7 },
			"scth_sg_z20": { "width": 29, "height": 7 },
			"scth_sg_z21": { "width": 29, "height": 7 },
			"scth_sg_z22": { "width": 29, "height": 7 },
			"scth_sg_z23": { "width": 29, "height": 7 },
			"scth_sg_z24": { "width": 29, "height": 7 },
			"scth_sg_z25": { "width": 29, "height": 7 },
			"scth_sg_z26": { "width": 29, "height": 7 },
			"scth_sg_z27": { "width": 29, "height": 7 },
			"scth_sg_z28": { "width": 29, "height": 7 },
			"scth_sg_z29": { "width": 29, "height": 7 },
			"scth_sg_z30": { "width": 29, "height": 7 },
			"scth_sg_z31": { "width": 29, "height": 7 },
			"scth_sg_z32": { "width": 29, "height": 7 },
			"scth_sg_z33": { "width": 29, "height": 7 },
			"scth_sg_z34": { "width": 29, "height": 7 },
			"scth_sg_z35": { "width": 29, "height": 7 }
		},
		"scth_sidai": {
			"scth_sidai": { "y": -6.84, "width": 162, "height": 59 }
		},
		"scth_zi": {
			"scth_zi": { "width": 122, "height": 36 }
		}
	}
},
"animations": {
	"animation": {
		"slots": {
			"scth_g1": {
				"color": [
					{ "time": 0, "color": "ffffff00", "curve": "stepped" },
					{ "time": 1.4667, "color": "ffffff00" },
					{ "time": 1.9667, "color": "fffffffe" },
					{ "time": 2.4667, "color": "ffffff00" }
				]
			},
			"scth_g2": {
				"color": [
					{ "time": 0, "color": "ffffff00", "curve": "stepped" },
					{ "time": 0.5, "color": "ffffff00" },
					{ "time": 1, "color": "fffffffe" },
					{ "time": 1.5, "color": "ffffff00" }
				]
			},
			"scth_g3": {
				"color": [
					{ "time": 0, "color": "ffffff00" },
					{ "time": 0.6667, "color": "fffffffe", "curve": "stepped" },
					{ "time": 1.5, "color": "fffffffe" },
					{ "time": 2.4667, "color": "ffffff00" }
				]
			},
			"scth_sg_d": {
				"attachment": [
					{ "time": 0.1333, "name": "scth_sg_d02" },
					{ "time": 0.2, "name": "scth_sg_d03" },
					{ "time": 0.2667, "name": "scth_sg_d04" },
					{ "time": 0.3333, "name": "scth_sg_d05" },
					{ "time": 0.4, "name": "scth_sg_d06" },
					{ "time": 0.4667, "name": "scth_sg_d07" },
					{ "time": 0.5333, "name": "scth_sg_d08" },
					{ "time": 0.6, "name": "scth_sg_d09" },
					{ "time": 0.6667, "name": "scth_sg_d10" },
					{ "time": 0.7333, "name": "scth_sg_d11" },
					{ "time": 0.8, "name": "scth_sg_d12" },
					{ "time": 0.8667, "name": "scth_sg_d13" },
					{ "time": 0.9333, "name": "scth_sg_d14" },
					{ "time": 1, "name": "scth_sg_d15" },
					{ "time": 1.0667, "name": "scth_sg_d16" },
					{ "time": 1.1333, "name": "scth_sg_d17" },
					{ "time": 1.2, "name": "scth_sg_d18" },
					{ "time": 1.2667, "name": "scth_sg_d19" },
					{ "time": 1.3333, "name": "scth_sg_d20" },
					{ "time": 1.4, "name": "scth_sg_d21" },
					{ "time": 1.4667, "name": "scth_sg_d22" },
					{ "time": 1.5333, "name": "scth_sg_d23" },
					{ "time": 1.6, "name": "scth_sg_d24" },
					{ "time": 1.6667, "name": "scth_sg_d25" },
					{ "time": 1.7333, "name": "scth_sg_d26" },
					{ "time": 1.8, "name": "scth_sg_d27" },
					{ "time": 1.8667, "name": "scth_sg_d28" },
					{ "time": 1.9333, "name": "scth_sg_d29" },
					{ "time": 2, "name": "scth_sg_d30" },
					{ "time": 2.0667, "name": "scth_sg_d31" },
					{ "time": 2.1333, "name": "scth_sg_d32" },
					{ "time": 2.2, "name": "scth_sg_d33" }
				]
			},
			"scth_sg_z": {
				"attachment": [
					{ "time": 0, "name": "scth_sg_z00" },
					{ "time": 0.0667, "name": "scth_sg_z01" },
					{ "time": 0.1333, "name": "scth_sg_z02" },
					{ "time": 0.2, "name": "scth_sg_z03" },
					{ "time": 0.2667, "name": "scth_sg_z04" },
					{ "time": 0.3333, "name": "scth_sg_z05" },
					{ "time": 0.4, "name": "scth_sg_z06" },
					{ "time": 0.4667, "name": "scth_sg_z07" },
					{ "time": 0.5333, "name": "scth_sg_z08" },
					{ "time": 0.6, "name": "scth_sg_z09" },
					{ "time": 0.6667, "name": "scth_sg_z10" },
					{ "time": 0.7333, "name": "scth_sg_z11" },
					{ "time": 0.8, "name": "scth_sg_z12" },
					{ "time": 0.8667, "name": "scth_sg_z13" },
					{ "time": 0.9333, "name": "scth_sg_z14" },
					{ "time": 1, "name": "scth_sg_z15" },
					{ "time": 1.0667, "name": "scth_sg_z16" },
					{ "time": 1.1333, "name": "scth_sg_z17" },
					{ "time": 1.2, "name": "scth_sg_z18" },
					{ "time": 1.2667, "name": "scth_sg_z19" },
					{ "time": 1.3333, "name": "scth_sg_z20" },
					{ "time": 1.4, "name": "scth_sg_z21" },
					{ "time": 1.4667, "name": "scth_sg_z22" },
					{ "time": 1.5333, "name": "scth_sg_z23" },
					{ "time": 1.6, "name": "scth_sg_z24" },
					{ "time": 1.6667, "name": "scth_sg_z25" },
					{ "time": 1.7333, "name": "scth_sg_z26" },
					{ "time": 1.8, "name": "scth_sg_z27" },
					{ "time": 1.8667, "name": "scth_sg_z28" },
					{ "time": 1.9333, "name": "scth_sg_z29" },
					{ "time": 2, "name": "scth_sg_z30" },
					{ "time": 2.0667, "name": "scth_sg_z31" },
					{ "time": 2.1333, "name": "scth_sg_z32" },
					{ "time": 2.2, "name": "scth_sg_z33" },
					{ "time": 2.2667, "name": "scth_sg_z34" },
					{ "time": 2.3333, "name": "scth_sg_z35" }
				]
			}
		},
		"bones": {
			"scth_libao": {
				"rotate": [
					{
						"time": 0,
						"angle": 0,
						"curve": [ 0.311, 0.8, 0.582, 1 ]
					},
					{
						"time": 0.2,
						"angle": -5.76,
						"curve": [ 0.25, 0, 0.75, 1 ]
					},
					{
						"time": 0.4667,
						"angle": 1.81,
						"curve": [ 0.25, 0, 0.75, 1 ]
					},
					{
						"time": 0.8,
						"angle": -2.27,
						"curve": [ 0.25, 0, 0.75, 1 ]
					},
					{
						"time": 1.2,
						"angle": -0.27,
						"curve": [ 0.25, 0, 0.75, 1 ]
					},
					{ "time": 1.6667, "angle": -1.14 },
					{ "time": 2.4667, "angle": 0 }
				]
			},
			"scth_g3": {
				"translate": [
					{
						"time": 0,
						"x": 21.6,
						"y": 0,
						"curve": [ 0.162, 0.88, 0.61, 1 ]
					},
					{ "time": 1.5, "x": 0, "y": 0 }
				]
			},
			"bone": {
				"rotate": [
					{ "time": 0, "angle": 0, "curve": "stepped" },
					{ "time": 2.4667, "angle": 0 }
				],
				"translate": [
					{ "time": 0, "x": 0, "y": 0, "curve": "stepped" },
					{ "time": 2.4667, "x": 0, "y": 0 }
				],
				"scale": [
					{
						"time": 0,
						"x": 1,
						"y": 1,
						"curve": [ 0.311, 0.8, 0.582, 1 ]
					},
					{
						"time": 0.1,
						"x": 1.05,
						"y": 0.9,
						"curve": [ 0.25, 0, 0.75, 1 ]
					},
					{
						"time": 0.2333,
						"x": 0.9,
						"y": 1.045,
						"curve": [ 0.25, 0, 0.75, 1 ]
					},
					{
						"time": 0.4,
						"x": 1.02,
						"y": 0.98,
						"curve": [ 0.25, 0, 0.75, 1 ]
					},
					{
						"time": 0.6,
						"x": 0.99,
						"y": 1.01,
						"curve": [ 0.25, 0, 0.75, 1 ]
					},
					{ "time": 0.8333, "x": 1, "y": 1, "curve": "stepped" },
					{ "time": 2.4667, "x": 1, "y": 1 }
				],
				"shear": [
					{ "time": 0, "x": 0, "y": 0, "curve": "stepped" },
					{ "time": 2.4667, "x": 0, "y": 0 }
				]
			}
		}
	}
}
}