{"skeleton":{"hash":"gzBLfaJbNGQISbGZtHXTtSQ2I8Q","spine":"3.6.37","width":266,"height":119,"images":"./images/"},"bones":[{"name":"root"},{"name":"hip","parent":"root"},{"name":"dx_dxts","parent":"hip"},{"name":"dx_dxtslg","parent":"dx_dxts","x":-120.85,"y":-14.91,"scaleX":2,"scaleY":2},{"name":"dx_dxtstext","parent":"dx_dxts","x":-120.85,"y":-14.91}],"slots":[{"name":"dx_dxtsdb","bone":"dx_dxts","attachment":"dx_dxtsdb"},{"name":"dx_dxtslg","bone":"dx_dxtslg","attachment":"dx_dxtslg28","blend":"additive"},{"name":"dx_dxtsxd2","bone":"dx_dxts","attachment":"dx_dxtsxd2"},{"name":"dx_dxtsxd1","bone":"dx_dxts","attachment":"dx_dxtsxd1"},{"name":"dx_dxtstext","bone":"dx_dxtstext","attachment":"dx_dxtstext"}],"skins":{"default":{"dx_dxtsdb":{"dx_dxtsdb":{"x":-121.57,"y":-24.8,"width":260,"height":111}},"dx_dxtslg":{"dx_dxtslg0":{"width":124,"height":45},"dx_dxtslg1":{"width":124,"height":45},"dx_dxtslg2":{"width":124,"height":45},"dx_dxtslg3":{"width":124,"height":45},"dx_dxtslg4":{"width":124,"height":45},"dx_dxtslg5":{"width":124,"height":45},"dx_dxtslg6":{"width":124,"height":45},"dx_dxtslg7":{"width":124,"height":45},"dx_dxtslg8":{"width":124,"height":45},"dx_dxtslg9":{"width":124,"height":45},"dx_dxtslg10":{"width":124,"height":45},"dx_dxtslg11":{"width":124,"height":45},"dx_dxtslg12":{"width":124,"height":45},"dx_dxtslg13":{"width":124,"height":45},"dx_dxtslg14":{"width":124,"height":45},"dx_dxtslg15":{"width":124,"height":45},"dx_dxtslg16":{"width":124,"height":45},"dx_dxtslg17":{"width":124,"height":45},"dx_dxtslg18":{"width":124,"height":45},"dx_dxtslg19":{"width":124,"height":45},"dx_dxtslg20":{"width":124,"height":45},"dx_dxtslg21":{"width":124,"height":45},"dx_dxtslg22":{"width":124,"height":45},"dx_dxtslg23":{"width":124,"height":45},"dx_dxtslg24":{"width":124,"height":45},"dx_dxtslg25":{"width":124,"height":45},"dx_dxtslg26":{"width":124,"height":45},"dx_dxtslg27":{"width":124,"height":45},"dx_dxtslg28":{"width":124,"height":45},"dx_dxtslg29":{"width":124,"height":45},"dx_dxtslg30":{"width":124,"height":45},"dx_dxtslg31":{"width":124,"height":45},"dx_dxtslg32":{"width":124,"height":45},"dx_dxtslg33":{"width":124,"height":45},"dx_dxtslg34":{"width":124,"height":45},"dx_dxtslg35":{"width":124,"height":45}},"dx_dxtstext":{"dx_dxtstext":{"x":-3.72,"y":-1.88,"width":210,"height":71}},"dx_dxtsxd1":{"dx_dxtsxd1":{"x":-123.07,"y":-15.3,"width":263,"height":108}},"dx_dxtsxd2":{"dx_dxtsxd2":{"x":-121.57,"y":-15.3,"width":266,"height":108}}}},"animations":{"idle":{"slots":{"dx_dxtsdb":{"color":[{"time":0,"color":"fffffffe","curve":"stepped"},{"time":2.4,"color":"fffffffe"}]},"dx_dxtslg":{"color":[{"time":0,"color":"fffffffe","curve":"stepped"},{"time":1.2,"color":"fffffffe","curve":"stepped"},{"time":2.4,"color":"fffffffe"}],"attachment":[{"time":0,"name":"dx_dxtslg0"},{"time":0.0333,"name":"dx_dxtslg1"},{"time":0.0667,"name":"dx_dxtslg2"},{"time":0.1,"name":"dx_dxtslg3"},{"time":0.1333,"name":"dx_dxtslg4"},{"time":0.1667,"name":"dx_dxtslg5"},{"time":0.2,"name":"dx_dxtslg6"},{"time":0.2333,"name":"dx_dxtslg7"},{"time":0.2667,"name":"dx_dxtslg8"},{"time":0.3,"name":"dx_dxtslg9"},{"time":0.3333,"name":"dx_dxtslg10"},{"time":0.3667,"name":"dx_dxtslg11"},{"time":0.4,"name":"dx_dxtslg12"},{"time":0.4333,"name":"dx_dxtslg13"},{"time":0.4667,"name":"dx_dxtslg14"},{"time":0.5,"name":"dx_dxtslg15"},{"time":0.5333,"name":"dx_dxtslg16"},{"time":0.5667,"name":"dx_dxtslg17"},{"time":0.6,"name":"dx_dxtslg18"},{"time":0.6333,"name":"dx_dxtslg19"},{"time":0.6667,"name":"dx_dxtslg20"},{"time":0.7,"name":"dx_dxtslg21"},{"time":0.7333,"name":"dx_dxtslg22"},{"time":0.7667,"name":"dx_dxtslg23"},{"time":0.8,"name":"dx_dxtslg24"},{"time":0.8333,"name":"dx_dxtslg25"},{"time":0.8667,"name":"dx_dxtslg26"},{"time":0.9,"name":"dx_dxtslg27"},{"time":0.9333,"name":"dx_dxtslg28"},{"time":0.9667,"name":"dx_dxtslg29"},{"time":1,"name":"dx_dxtslg30"},{"time":1.0333,"name":"dx_dxtslg31"},{"time":1.0667,"name":"dx_dxtslg32"},{"time":1.1,"name":"dx_dxtslg33"},{"time":1.1333,"name":"dx_dxtslg34"},{"time":1.1667,"name":"dx_dxtslg35"},{"time":1.2,"name":"dx_dxtslg0"},{"time":2.4,"name":"dx_dxtslg0"}]},"dx_dxtstext":{"color":[{"time":0,"color":"fffffffe","curve":"stepped"},{"time":2.4,"color":"fffffffe"}]},"dx_dxtsxd1":{"color":[{"time":0,"color":"ffffff00","curve":"stepped"},{"time":0.0333,"color":"ffffff00","curve":[0.233,0.79,0.547,1]},{"time":0.2667,"color":"fffffffe","curve":"stepped"},{"time":0.3333,"color":"fffffffe","curve":[0.25,0,0.75,1]},{"time":0.5667,"color":"ffffff00","curve":"stepped"},{"time":0.6333,"color":"ffffff00","curve":[0.233,0.79,0.547,1]},{"time":0.8667,"color":"fffffffe","curve":"stepped"},{"time":0.9333,"color":"fffffffe","curve":[0.25,0,0.75,1]},{"time":1.1667,"color":"ffffff00","curve":"stepped"},{"time":1.2,"color":"ffffff00","curve":"stepped"},{"time":1.2333,"color":"ffffff00","curve":[0.233,0.79,0.547,1]},{"time":1.4667,"color":"fffffffe","curve":"stepped"},{"time":1.5333,"color":"fffffffe","curve":[0.25,0,0.75,1]},{"time":1.7667,"color":"ffffff00","curve":"stepped"},{"time":1.8333,"color":"ffffff00","curve":[0.233,0.79,0.547,1]},{"time":2.0667,"color":"fffffffe","curve":"stepped"},{"time":2.1333,"color":"fffffffe","curve":[0.25,0,0.75,1]},{"time":2.3667,"color":"ffffff00","curve":"stepped"},{"time":2.4,"color":"ffffff00"}]},"dx_dxtsxd2":{"color":[{"time":0,"color":"fffffffe","curve":"stepped"},{"time":0.0333,"color":"fffffffe","curve":[0.25,0,0.75,1]},{"time":0.2667,"color":"ffffff00","curve":"stepped"},{"time":0.3,"color":"ffffff00","curve":"stepped"},{"time":0.3333,"color":"ffffff00","curve":[0.233,0.79,0.547,1]},{"time":0.5667,"color":"fffffffe","curve":"stepped"},{"time":0.6333,"color":"fffffffe","curve":[0.25,0,0.75,1]},{"time":0.8667,"color":"ffffff00","curve":"stepped"},{"time":0.9333,"color":"ffffff00","curve":[0.233,0.79,0.547,1]},{"time":1.1667,"color":"fffffffe","curve":"stepped"},{"time":1.2,"color":"fffffffe","curve":"stepped"},{"time":1.2333,"color":"fffffffe","curve":[0.25,0,0.75,1]},{"time":1.4667,"color":"ffffff00","curve":"stepped"},{"time":1.5,"color":"ffffff00","curve":"stepped"},{"time":1.5333,"color":"ffffff00","curve":[0.233,0.79,0.547,1]},{"time":1.7667,"color":"fffffffe","curve":"stepped"},{"time":1.8333,"color":"fffffffe","curve":[0.25,0,0.75,1]},{"time":2.0667,"color":"ffffff00","curve":"stepped"},{"time":2.1333,"color":"ffffff00","curve":[0.233,0.79,0.547,1]},{"time":2.3667,"color":"fffffffe","curve":"stepped"},{"time":2.4,"color":"fffffffe"}]}},"bones":{"dx_dxtslg":{"scale":[{"time":0,"x":1,"y":1,"curve":"stepped"},{"time":2.4,"x":1,"y":1}]},"dx_dxtstext":{"scale":[{"time":0,"x":1,"y":1,"curve":[0.25,0,0.75,1]},{"time":0.6,"x":1.01,"y":1.01,"curve":[0.25,0,0.75,1]},{"time":1.2,"x":1,"y":1,"curve":[0.25,0,0.75,1]},{"time":1.8,"x":1.01,"y":1.01,"curve":[0.25,0,0.75,1]},{"time":2.4,"x":1,"y":1}]},"dx_dxts":{"scale":[{"time":0,"x":1,"y":1,"curve":"stepped"},{"time":2.4,"x":1,"y":1}]},"root":{"scale":[{"time":0,"x":1,"y":1,"curve":"stepped"},{"time":2.4,"x":1,"y":1}]},"hip":{"scale":[{"time":0,"x":1,"y":1,"curve":"stepped"},{"time":2.4,"x":1,"y":1}]}}},"start":{"slots":{"dx_dxtsdb":{"color":[{"time":0,"color":"ffffff00","curve":[0.25,0,0.75,1]},{"time":0.2,"color":"fffffffe","curve":"stepped"},{"time":1.2,"color":"fffffffe"}]},"dx_dxtslg":{"color":[{"time":0,"color":"ffffff00","curve":[0.29,0,0.629,0.38]},{"time":0.2,"color":"fffffffe","curve":"stepped"},{"time":1.2,"color":"fffffffe"}],"attachment":[{"time":0,"name":"dx_dxtslg9"},{"time":0.0333,"name":"dx_dxtslg11"},{"time":0.0667,"name":"dx_dxtslg13"},{"time":0.1,"name":"dx_dxtslg15"},{"time":0.1333,"name":"dx_dxtslg17"},{"time":0.1667,"name":"dx_dxtslg19"},{"time":0.2,"name":"dx_dxtslg21"},{"time":0.2333,"name":"dx_dxtslg23"},{"time":0.2667,"name":"dx_dxtslg24"},{"time":0.3,"name":"dx_dxtslg25"},{"time":0.3333,"name":"dx_dxtslg26"},{"time":0.3667,"name":"dx_dxtslg27"},{"time":0.4,"name":"dx_dxtslg28"},{"time":0.4333,"name":"dx_dxtslg29"},{"time":0.4667,"name":"dx_dxtslg30"},{"time":0.5,"name":"dx_dxtslg31"},{"time":0.5333,"name":"dx_dxtslg32"},{"time":0.5667,"name":"dx_dxtslg33"},{"time":0.6,"name":"dx_dxtslg34"},{"time":0.6333,"name":"dx_dxtslg35"},{"time":0.6667,"name":"dx_dxtslg0"}]},"dx_dxtstext":{"color":[{"time":0,"color":"ffffff00","curve":[0.25,0,0.75,1]},{"time":0.2,"color":"fffffffe","curve":"stepped"},{"time":1.2,"color":"fffffffe"}]},"dx_dxtsxd1":{"color":[{"time":0,"color":"ffffff00","curve":"stepped"},{"time":0.0333,"color":"ffffff00","curve":[0.258,0.6,0.581,0.89]},{"time":0.2,"color":"fffffff4","curve":[0.304,0.71,0.636,0.99]},{"time":0.2667,"color":"fffffffe","curve":"stepped"},{"time":0.3333,"color":"fffffffe","curve":[0.25,0,0.75,1]},{"time":0.5667,"color":"ffffff00","curve":"stepped"},{"time":0.6333,"color":"ffffff00","curve":[0.233,0.79,0.547,1]},{"time":0.8667,"color":"fffffffe","curve":"stepped"},{"time":0.9333,"color":"fffffffe","curve":[0.25,0,0.75,1]},{"time":1.1667,"color":"ffffff00","curve":"stepped"},{"time":1.2,"color":"ffffff00"}]},"dx_dxtsxd2":{"color":[{"time":0,"color":"ffffff00","curve":[0.375,0.5,0.75,1]},{"time":0.0333,"color":"fffffffe","curve":[0.243,0,0.658,0.64]},{"time":0.2,"color":"ffffff38","curve":[0.381,0.59,0.729,1]},{"time":0.2667,"color":"ffffff00","curve":"stepped"},{"time":0.3,"color":"ffffff00","curve":"stepped"},{"time":0.3333,"color":"ffffff00","curve":[0.233,0.79,0.547,1]},{"time":0.5667,"color":"fffffffe","curve":"stepped"},{"time":0.6333,"color":"fffffffe","curve":[0.25,0,0.75,1]},{"time":0.8667,"color":"ffffff00","curve":"stepped"},{"time":0.9333,"color":"ffffff00","curve":[0.233,0.79,0.547,1]},{"time":1.1667,"color":"fffffffe","curve":"stepped"},{"time":1.2,"color":"fffffffe"}]}},"bones":{"dx_dxtslg":{"scale":[{"time":0,"x":1,"y":1,"curve":"stepped"},{"time":1.2,"x":1,"y":1}]},"dx_dxtstext":{"scale":[{"time":0,"x":1,"y":1,"curve":[0.25,0,0.75,1]},{"time":0.6,"x":1.01,"y":1.01,"curve":[0.25,0,0.75,1]},{"time":1.2,"x":1,"y":1}]},"dx_dxts":{"scale":[{"time":0,"x":0.5,"y":0.5,"curve":[0.233,0.79,0.547,1]},{"time":0.2,"x":1.01,"y":1.01,"curve":[0.25,0,0.625,0.5]},{"time":0.3333,"x":1,"y":1,"curve":"stepped"},{"time":1.2,"x":1,"y":1}]},"root":{"scale":[{"time":0,"x":1,"y":1,"curve":"stepped"},{"time":1.2,"x":1,"y":1}]},"hip":{"scale":[{"time":0,"x":1,"y":1,"curve":"stepped"},{"time":1.2,"x":1,"y":1}]}}}}}