{"skeleton":{"hash":"XK2pu/kR1eP4k1QUxtdMhzqoE20","spine":"3.6.37","width":150.65,"height":123.27,"images":"./images/"},"bones":[{"name":"root"},{"name":"hip","parent":"root"},{"name":"zdb_dt_czdb","parent":"hip","x":-0.63,"y":0.66},{"name":"gd","parent":"zdb_dt_czdb"},{"name":"gd2","parent":"zdb_dt_czdb","scaleX":-1},{"name":"hqb2_dt_tttg","parent":"hip","x":-1.5,"y":9.17},{"name":"lan","parent":"zdb_dt_czdb"},{"name":"lan2","parent":"zdb_dt_czdb","scaleX":-1},{"name":"xingdian","parent":"hip","x":-1.68,"y":39.48,"scaleX":1.242,"scaleY":1.242},{"name":"zdb_dt_czcankao","parent":"zdb_dt_czdb"},{"name":"zdb_dt_czgd","parent":"gd","x":-27.6,"y":18.04},{"name":"zdb_dt_czgd2","parent":"gd","x":-35.27,"y":12.46},{"name":"zdb_dt_czgd3","parent":"gd","x":-43.51,"y":6.46},{"name":"zdb_dt_czgd4","parent":"gd","x":-50.37,"y":-1.29},{"name":"zdb_dt_czgd5","parent":"gd","x":-43.82,"y":-7.42},{"name":"zdb_dt_czgd6","parent":"gd","x":-35.5,"y":-13.26},{"name":"zdb_dt_czgd7","parent":"gd","x":-26.82,"y":-18.9},{"name":"zdb_dt_czgd8","parent":"gd2","x":-28.12,"y":17.65},{"name":"zdb_dt_czgd9","parent":"gd2","x":-36.08,"y":12.51},{"name":"zdb_dt_czgd10","parent":"gd2","x":-44.44,"y":6.62},{"name":"zdb_dt_czgd11","parent":"gd2","x":-51.29,"y":-1.29},{"name":"zdb_dt_czgd12","parent":"gd2","x":-43.82,"y":-7.42},{"name":"zdb_dt_czgd13","parent":"gd2","x":-35.5,"y":-13.26},{"name":"zdb_dt_czgd14","parent":"gd2","x":-26.82,"y":-18.9},{"name":"zdb_dt_czgd15","parent":"gd2","x":-20.24,"y":23.3},{"name":"zdb_dt_czgd16","parent":"gd2","x":-11.02,"y":29.28},{"name":"zdb_dt_czgd17","parent":"gd2","x":-0.34,"y":35.77},{"name":"zdb_dt_czgd18","parent":"gd","x":-18.76,"y":23.53},{"name":"zdb_dt_czgd19","parent":"gd","x":-10.15,"y":29.24},{"name":"zdb_dt_czgd20","parent":"gd","x":-18.62,"y":-25.22},{"name":"zdb_dt_czgd21","parent":"gd","x":-9.14,"y":-31.38},{"name":"zdb_dt_czgd22","parent":"gd","x":0.42,"y":-37.5},{"name":"zdb_dt_czgd23","parent":"gd2","x":-18.74,"y":-25.58},{"name":"zdb_dt_czgd24","parent":"gd2","x":-9.66,"y":-31.82},{"name":"zdb_dt_czksg","parent":"zdb_dt_czdb"},{"name":"zdb_dt_czksg1","parent":"lan","x":25.4,"y":-0.26},{"name":"zdb_dt_czksg2","parent":"lan","x":31.04,"y":-0.26},{"name":"zdb_dt_czksg3","parent":"lan2","x":25.4,"y":-0.26},{"name":"zdb_dt_czksg4","parent":"lan2","x":31.04,"y":-0.26},{"name":"zdb_dt_jbgd","parent":"hip","rotation":40.54,"x":-44.94,"y":26.6,"scaleX":1.606,"scaleY":1.606},{"name":"zdb_dt_jbgd2","parent":"hip","rotation":17.67,"x":-24.64,"y":26.32,"scaleX":1.606,"scaleY":1.606},{"name":"zdb_dt_jbgd3","parent":"hip","rotation":42.37,"x":-6.44,"y":31.5,"scaleX":1.762,"scaleY":1.762},{"name":"zdb_dt_jbgd4","parent":"hip","rotation":-21.73,"x":14.56,"y":24.5,"scaleX":2.07,"scaleY":2.07},{"name":"zdb_dt_jbgd5","parent":"hip","rotation":-33.8,"x":39.34,"y":30.24,"scaleX":2.026,"scaleY":2.026},{"name":"zdb_dt_qmdlsg","parent":"hqb2_dt_tttg","scaleX":2,"scaleY":2},{"name":"zdb_dt_yrbw","parent":"hip","x":0.91,"y":-20.93},{"name":"zdb_dt_yrbwsg","parent":"zdb_dt_yrbw","scaleX":2,"scaleY":2}],"slots":[{"name":"zdb_dt_czdb","bone":"zdb_dt_czdb","attachment":"zdb_dt_czdb"},{"name":"zdb_dt_czksg","bone":"zdb_dt_czksg","color":"ffffff80","attachment":"zdb_dt_czksg"},{"name":"zdb_dt_czksg1","bone":"zdb_dt_czksg1","attachment":"zdb_dt_czksg1","blend":"screen"},{"name":"zdb_dt_czksg3","bone":"zdb_dt_czksg3","attachment":"zdb_dt_czksg1","blend":"screen"},{"name":"zdb_dt_czksg2","bone":"zdb_dt_czksg2","attachment":"zdb_dt_czksg2","blend":"screen"},{"name":"zdb_dt_czksg4","bone":"zdb_dt_czksg4","attachment":"zdb_dt_czksg2","blend":"screen"},{"name":"zdb_dt_czcankao","bone":"zdb_dt_czcankao","color":"ffffff80","attachment":"zdb_dt_czcankao"},{"name":"zdb_dt_czgd","bone":"zdb_dt_czgd","attachment":"zdb_dt_czgd","blend":"screen"},{"name":"zdb_dt_czgd18","bone":"zdb_dt_czgd18","attachment":"zdb_dt_czgd","blend":"screen"},{"name":"zdb_dt_czgd19","bone":"zdb_dt_czgd19","attachment":"zdb_dt_czgd","blend":"screen"},{"name":"zdb_dt_czgd8","bone":"zdb_dt_czgd8","attachment":"zdb_dt_czgd","blend":"screen"},{"name":"zdb_dt_czgd15","bone":"zdb_dt_czgd15","attachment":"zdb_dt_czgd","blend":"screen"},{"name":"zdb_dt_czgd16","bone":"zdb_dt_czgd16","attachment":"zdb_dt_czgd","blend":"screen"},{"name":"zdb_dt_czgd17","bone":"zdb_dt_czgd17","attachment":"zdb_dt_czgd","blend":"screen"},{"name":"zdb_dt_czgd2","bone":"zdb_dt_czgd2","attachment":"zdb_dt_czgd","blend":"screen"},{"name":"zdb_dt_czgd9","bone":"zdb_dt_czgd9","attachment":"zdb_dt_czgd","blend":"screen"},{"name":"zdb_dt_czgd3","bone":"zdb_dt_czgd3","attachment":"zdb_dt_czgd","blend":"screen"},{"name":"zdb_dt_czgd10","bone":"zdb_dt_czgd10","attachment":"zdb_dt_czgd","blend":"screen"},{"name":"zdb_dt_czgd4","bone":"zdb_dt_czgd4","attachment":"zdb_dt_czgd","blend":"screen"},{"name":"zdb_dt_czgd11","bone":"zdb_dt_czgd11","attachment":"zdb_dt_czgd","blend":"screen"},{"name":"zdb_dt_czgd5","bone":"zdb_dt_czgd5","attachment":"zdb_dt_czgd","blend":"screen"},{"name":"zdb_dt_czgd12","bone":"zdb_dt_czgd12","attachment":"zdb_dt_czgd","blend":"screen"},{"name":"zdb_dt_czgd6","bone":"zdb_dt_czgd6","attachment":"zdb_dt_czgd","blend":"screen"},{"name":"zdb_dt_czgd13","bone":"zdb_dt_czgd13","attachment":"zdb_dt_czgd","blend":"screen"},{"name":"zdb_dt_czgd7","bone":"zdb_dt_czgd7","attachment":"zdb_dt_czgd","blend":"screen"},{"name":"zdb_dt_czgd20","bone":"zdb_dt_czgd20","attachment":"zdb_dt_czgd","blend":"screen"},{"name":"zdb_dt_czgd21","bone":"zdb_dt_czgd21","attachment":"zdb_dt_czgd","blend":"screen"},{"name":"zdb_dt_czgd22","bone":"zdb_dt_czgd22","attachment":"zdb_dt_czgd","blend":"screen"},{"name":"zdb_dt_czgd14","bone":"zdb_dt_czgd14","attachment":"zdb_dt_czgd","blend":"screen"},{"name":"zdb_dt_czgd23","bone":"zdb_dt_czgd23","attachment":"zdb_dt_czgd","blend":"screen"},{"name":"zdb_dt_czgd24","bone":"zdb_dt_czgd24","attachment":"zdb_dt_czgd","blend":"screen"},{"name":"zdb_dt_yrbw","bone":"zdb_dt_yrbw","attachment":"zdb_dt_yrbw"},{"name":"zdb_dt_jb","bone":"root","attachment":"zdb_dt_jb"},{"name":"hqb2_dt_tttg","bone":"hqb2_dt_tttg","attachment":"hqb2_dt_tttg"},{"name":"zdb_dt_qmdlsg","bone":"zdb_dt_qmdlsg","attachment":"zdb_dt_qmdlsg0","blend":"additive"},{"name":"zdb_dt_yrbwsg","bone":"zdb_dt_yrbwsg","attachment":"zdb_dt_yrbwsg0","blend":"additive"},{"name":"zdb_dt_jbgd","bone":"zdb_dt_jbgd","attachment":"zdb_dt_jbgd","blend":"additive"},{"name":"zdb_dt_jbgd2","bone":"zdb_dt_jbgd2","attachment":"zdb_dt_jbgd","blend":"additive"},{"name":"zdb_dt_jbgd3","bone":"zdb_dt_jbgd3","attachment":"zdb_dt_jbgd","blend":"additive"},{"name":"zdb_dt_jbgd4","bone":"zdb_dt_jbgd4","attachment":"zdb_dt_jbgd","blend":"additive"},{"name":"zdb_dt_jbgd5","bone":"zdb_dt_jbgd5","attachment":"zdb_dt_jbgd","blend":"additive"},{"name":"xingdian","bone":"xingdian","attachment":"xingdian","blend":"additive"}],"skins":{"default":{"hqb2_dt_tttg":{"hqb2_dt_tttg":{"x":0.37,"y":0.99,"width":99,"height":31}},"xingdian":{"xingdian":{"width":25,"height":26}},"zdb_dt_czcankao":{"zdb_dt_czcankao":{"x":0.26,"y":-0.71,"width":149,"height":121}},"zdb_dt_czdb":{"zdb_dt_czdb":{"x":-0.35,"y":-1.36,"width":119,"height":87}},"zdb_dt_czgd":{"zdb_dt_czgd":{"width":49,"height":50}},"zdb_dt_czgd10":{"zdb_dt_czgd":{"width":49,"height":50}},"zdb_dt_czgd11":{"zdb_dt_czgd":{"width":49,"height":50}},"zdb_dt_czgd12":{"zdb_dt_czgd":{"width":49,"height":50}},"zdb_dt_czgd13":{"zdb_dt_czgd":{"width":49,"height":50}},"zdb_dt_czgd14":{"zdb_dt_czgd":{"width":49,"height":50}},"zdb_dt_czgd15":{"zdb_dt_czgd":{"width":49,"height":50}},"zdb_dt_czgd16":{"zdb_dt_czgd":{"width":49,"height":50}},"zdb_dt_czgd17":{"zdb_dt_czgd":{"width":49,"height":50}},"zdb_dt_czgd18":{"zdb_dt_czgd":{"width":49,"height":50}},"zdb_dt_czgd19":{"zdb_dt_czgd":{"width":49,"height":50}},"zdb_dt_czgd2":{"zdb_dt_czgd":{"width":49,"height":50}},"zdb_dt_czgd20":{"zdb_dt_czgd":{"width":49,"height":50}},"zdb_dt_czgd21":{"zdb_dt_czgd":{"width":49,"height":50}},"zdb_dt_czgd22":{"zdb_dt_czgd":{"width":49,"height":50}},"zdb_dt_czgd23":{"zdb_dt_czgd":{"width":49,"height":50}},"zdb_dt_czgd24":{"zdb_dt_czgd":{"width":49,"height":50}},"zdb_dt_czgd3":{"zdb_dt_czgd":{"width":49,"height":50}},"zdb_dt_czgd4":{"zdb_dt_czgd":{"width":49,"height":50}},"zdb_dt_czgd5":{"zdb_dt_czgd":{"width":49,"height":50}},"zdb_dt_czgd6":{"zdb_dt_czgd":{"width":49,"height":50}},"zdb_dt_czgd7":{"zdb_dt_czgd":{"width":49,"height":50}},"zdb_dt_czgd8":{"zdb_dt_czgd":{"width":49,"height":50}},"zdb_dt_czgd9":{"zdb_dt_czgd":{"width":49,"height":50}},"zdb_dt_czksg":{"zdb_dt_czksg":{"y":0.52,"width":91,"height":39}},"zdb_dt_czksg1":{"zdb_dt_czksg1":{"x":0.22,"y":2.4,"width":23,"height":30}},"zdb_dt_czksg2":{"zdb_dt_czksg2":{"x":-1.23,"y":0.9,"width":29,"height":37}},"zdb_dt_czksg3":{"zdb_dt_czksg1":{"x":0.22,"y":2.4,"width":23,"height":30}},"zdb_dt_czksg4":{"zdb_dt_czksg2":{"x":-1.23,"y":0.9,"width":29,"height":37}},"zdb_dt_jb":{"zdb_dt_jb":{"x":-2.33,"y":15.86,"width":105,"height":51}},"zdb_dt_jbgd":{"zdb_dt_jbgd":{"width":18,"height":13}},"zdb_dt_jbgd2":{"zdb_dt_jbgd":{"width":18,"height":13}},"zdb_dt_jbgd3":{"zdb_dt_jbgd":{"width":18,"height":13}},"zdb_dt_jbgd4":{"zdb_dt_jbgd":{"width":18,"height":13}},"zdb_dt_jbgd5":{"zdb_dt_jbgd":{"width":18,"height":13}},"zdb_dt_qmdlsg":{"zdb_dt_qmdlsg0":{"width":50,"height":15},"zdb_dt_qmdlsg1":{"width":50,"height":15},"zdb_dt_qmdlsg2":{"width":50,"height":15},"zdb_dt_qmdlsg3":{"width":50,"height":15},"zdb_dt_qmdlsg4":{"width":50,"height":15},"zdb_dt_qmdlsg5":{"width":50,"height":15},"zdb_dt_qmdlsg6":{"width":50,"height":15},"zdb_dt_qmdlsg7":{"width":50,"height":15},"zdb_dt_qmdlsg8":{"width":50,"height":15},"zdb_dt_qmdlsg9":{"width":50,"height":15},"zdb_dt_qmdlsg10":{"width":50,"height":15},"zdb_dt_qmdlsg11":{"width":50,"height":15}},"zdb_dt_yrbw":{"zdb_dt_yrbw":{"x":0.37,"y":0.99,"width":106,"height":32}},"zdb_dt_yrbwsg":{"zdb_dt_yrbwsg0":{"width":53,"height":16},"zdb_dt_yrbwsg1":{"width":53,"height":16},"zdb_dt_yrbwsg2":{"width":53,"height":16},"zdb_dt_yrbwsg3":{"width":53,"height":16},"zdb_dt_yrbwsg4":{"width":53,"height":16},"zdb_dt_yrbwsg5":{"width":53,"height":16},"zdb_dt_yrbwsg6":{"width":53,"height":16},"zdb_dt_yrbwsg7":{"width":53,"height":16},"zdb_dt_yrbwsg8":{"width":53,"height":16},"zdb_dt_yrbwsg9":{"width":53,"height":16},"zdb_dt_yrbwsg10":{"width":53,"height":16},"zdb_dt_yrbwsg11":{"width":53,"height":16},"zdb_dt_yrbwsg12":{"width":53,"height":16},"zdb_dt_yrbwsg13":{"width":53,"height":16},"zdb_dt_yrbwsg14":{"width":53,"height":16},"zdb_dt_yrbwsg15":{"width":53,"height":16},"zdb_dt_yrbwsg16":{"width":53,"height":16},"zdb_dt_yrbwsg17":{"width":53,"height":16},"zdb_dt_yrbwsg18":{"width":53,"height":16},"zdb_dt_yrbwsg19":{"width":53,"height":16},"zdb_dt_yrbwsg20":{"width":53,"height":16},"zdb_dt_yrbwsg21":{"width":53,"height":16},"zdb_dt_yrbwsg22":{"width":53,"height":16},"zdb_dt_yrbwsg23":{"width":53,"height":16}}}},"animations":{"animation":{"slots":{"xingdian":{"color":[{"time":0,"color":"ffffff00","curve":"stepped"},{"time":0.6667,"color":"ffffff00","curve":[0.325,0.31,0.675,0.69]},{"time":1.3333,"color":"fffffffe","curve":[0.382,0.57,0.735,1]},{"time":2.4,"color":"ffffff00"}]},"zdb_dt_czgd":{"color":[{"time":0,"color":"ffffff00","curve":"stepped"},{"time":0.5,"color":"ffffff00"},{"time":1,"color":"fffffffe"},{"time":1.8333,"color":"ffffff00","curve":"stepped"},{"time":2,"color":"ffffff00"}]},"zdb_dt_czgd2":{"color":[{"time":0,"color":"ffffff00","curve":"stepped"},{"time":0.6667,"color":"ffffff00"},{"time":1.1667,"color":"fffffffe"},{"time":2,"color":"ffffff00"}]},"zdb_dt_czgd3":{"color":[{"time":0,"color":"ffffff00","curve":"stepped"},{"time":0.8333,"color":"ffffff00"},{"time":1.3333,"color":"fffffffe"},{"time":2.1667,"color":"ffffff00"}]},"zdb_dt_czgd4":{"color":[{"time":0,"color":"ffffff00","curve":"stepped"},{"time":1,"color":"ffffff00"},{"time":1.5,"color":"fffffffe"},{"time":2.3333,"color":"ffffff00"}]},"zdb_dt_czgd5":{"color":[{"time":0,"color":"ffffff00","curve":"stepped"},{"time":0.3333,"color":"ffffff00"},{"time":0.8333,"color":"fffffffe"},{"time":1.6667,"color":"ffffff00","curve":"stepped"},{"time":2,"color":"ffffff00"}]},"zdb_dt_czgd6":{"color":[{"time":0,"color":"ffffff00","curve":"stepped"},{"time":0.1667,"color":"ffffff00"},{"time":0.6667,"color":"fffffffe"},{"time":1.5,"color":"ffffff00","curve":"stepped"},{"time":2,"color":"ffffff00"}]},"zdb_dt_czgd7":{"color":[{"time":0,"color":"ffffff00"},{"time":0.5,"color":"fffffffe"},{"time":1.3333,"color":"ffffff00","curve":"stepped"},{"time":2,"color":"ffffff00"}]},"zdb_dt_czgd8":{"color":[{"time":0,"color":"ffffff00","curve":"stepped"},{"time":0.5,"color":"ffffff00"},{"time":1,"color":"fffffffe"},{"time":1.8333,"color":"ffffff00","curve":"stepped"},{"time":2.3333,"color":"ffffff00"}]},"zdb_dt_czgd9":{"color":[{"time":0,"color":"ffffff00","curve":"stepped"},{"time":0.6667,"color":"ffffff00"},{"time":1.1667,"color":"fffffffe"},{"time":2,"color":"ffffff00","curve":"stepped"},{"time":2.3333,"color":"ffffff00"}]},"zdb_dt_czgd10":{"color":[{"time":0,"color":"ffffff00","curve":"stepped"},{"time":0.8333,"color":"ffffff00"},{"time":1.3333,"color":"fffffffe"},{"time":2.1667,"color":"ffffff00","curve":"stepped"},{"time":2.3333,"color":"ffffff00"}]},"zdb_dt_czgd11":{"color":[{"time":0,"color":"ffffff00","curve":"stepped"},{"time":1,"color":"ffffff00"},{"time":1.5,"color":"fffffffe"},{"time":2.3333,"color":"ffffff00"}]},"zdb_dt_czgd12":{"color":[{"time":0,"color":"ffffff00","curve":"stepped"},{"time":0.3333,"color":"ffffff00"},{"time":0.8333,"color":"fffffffe"},{"time":1.6667,"color":"ffffff00","curve":"stepped"},{"time":2,"color":"ffffff00"}]},"zdb_dt_czgd13":{"color":[{"time":0,"color":"ffffff00","curve":"stepped"},{"time":0.1667,"color":"ffffff00"},{"time":0.6667,"color":"fffffffe"},{"time":1.5,"color":"ffffff00","curve":"stepped"},{"time":2,"color":"ffffff00"}]},"zdb_dt_czgd14":{"color":[{"time":0,"color":"ffffff00"},{"time":0.5,"color":"fffffffe"},{"time":1.3333,"color":"ffffff00","curve":"stepped"},{"time":2,"color":"ffffff00"}]},"zdb_dt_czgd15":{"color":[{"time":0,"color":"ffffff00","curve":"stepped"},{"time":0.3333,"color":"ffffff00"},{"time":0.8333,"color":"fffffffe"},{"time":1.6667,"color":"ffffff00","curve":"stepped"},{"time":2.3333,"color":"ffffff00"}]},"zdb_dt_czgd16":{"color":[{"time":0,"color":"ffffff00","curve":"stepped"},{"time":0.1667,"color":"ffffff00"},{"time":0.6667,"color":"fffffffe"},{"time":1.5,"color":"ffffff00","curve":"stepped"},{"time":2.3333,"color":"ffffff00"}]},"zdb_dt_czgd17":{"color":[{"time":0,"color":"ffffff00"},{"time":0.5,"color":"fffffffe"},{"time":1.3333,"color":"ffffff00","curve":"stepped"},{"time":2,"color":"ffffff00"}]},"zdb_dt_czgd18":{"color":[{"time":0,"color":"ffffff00","curve":"stepped"},{"time":0.3333,"color":"ffffff00"},{"time":0.8333,"color":"fffffffe"},{"time":1.6667,"color":"ffffff00","curve":"stepped"},{"time":2,"color":"ffffff00"}]},"zdb_dt_czgd19":{"color":[{"time":0,"color":"ffffff00","curve":"stepped"},{"time":0.1667,"color":"ffffff00"},{"time":0.6667,"color":"fffffffe"},{"time":1.5,"color":"ffffff00","curve":"stepped"},{"time":2,"color":"ffffff00"}]},"zdb_dt_czgd20":{"color":[{"time":0,"color":"ffffff00"},{"time":0.5,"color":"fffffffe"},{"time":1.3333,"color":"ffffff00","curve":"stepped"},{"time":2,"color":"ffffff00"}]},"zdb_dt_czgd21":{"color":[{"time":0,"color":"ffffff00"},{"time":0.5,"color":"fffffffe"},{"time":1.3333,"color":"ffffff00","curve":"stepped"},{"time":2,"color":"ffffff00"}]},"zdb_dt_czgd22":{"color":[{"time":0,"color":"ffffff00"},{"time":0.5,"color":"fffffffe"},{"time":1.3333,"color":"ffffff00","curve":"stepped"},{"time":2,"color":"ffffff00"}]},"zdb_dt_czgd23":{"color":[{"time":0,"color":"ffffff00"},{"time":0.5,"color":"fffffffe"},{"time":1.3333,"color":"ffffff00","curve":"stepped"},{"time":2,"color":"ffffff00"}]},"zdb_dt_czgd24":{"color":[{"time":0,"color":"ffffff00"},{"time":0.5,"color":"fffffffe"},{"time":1.3333,"color":"ffffff00","curve":"stepped"},{"time":2,"color":"ffffff00"}]},"zdb_dt_czksg1":{"color":[{"time":0,"color":"ffffff00","curve":[0.25,0,0.75,1]},{"time":0.5,"color":"fffffffe","curve":[0.25,0,0.75,1]},{"time":1.6667,"color":"ffffff00"}]},"zdb_dt_czksg2":{"color":[{"time":0,"color":"ffffff00","curve":"stepped"},{"time":0.1667,"color":"ffffff00","curve":[0.25,0,0.75,1]},{"time":1,"color":"fffffffe","curve":[0.25,0,0.75,1]},{"time":2,"color":"ffffff00"}]},"zdb_dt_czksg3":{"color":[{"time":0,"color":"ffffff00","curve":[0.25,0,0.75,1]},{"time":0.5,"color":"fffffffe","curve":[0.25,0,0.75,1]},{"time":1.6667,"color":"ffffff00"}]},"zdb_dt_czksg4":{"color":[{"time":0,"color":"ffffff00","curve":"stepped"},{"time":0.1667,"color":"ffffff00","curve":[0.25,0,0.75,1]},{"time":1,"color":"fffffffe","curve":[0.25,0,0.75,1]},{"time":2,"color":"ffffff00"}]},"zdb_dt_jbgd":{"color":[{"time":0,"color":"ffffff00","curve":[0.311,0.8,0.582,1]},{"time":0.2,"color":"ffffff4a","curve":[0.311,0.8,0.582,1]},{"time":0.6667,"color":"ffffff00"}]},"zdb_dt_jbgd2":{"color":[{"time":0,"color":"ffffff00","curve":"stepped"},{"time":0.1,"color":"ffffff00","curve":[0.311,0.8,0.582,1]},{"time":0.3,"color":"ffffff4a","curve":[0.311,0.8,0.582,1]},{"time":0.7667,"color":"ffffff00"}]},"zdb_dt_jbgd3":{"color":[{"time":0,"color":"ffffff00","curve":"stepped"},{"time":0.2,"color":"ffffff00","curve":[0.311,0.8,0.582,1]},{"time":0.4,"color":"ffffff4a","curve":[0.311,0.8,0.582,1]},{"time":0.8667,"color":"ffffff00"}]},"zdb_dt_jbgd4":{"color":[{"time":0,"color":"ffffff00","curve":"stepped"},{"time":0.3,"color":"ffffff00","curve":[0.311,0.8,0.582,1]},{"time":0.5,"color":"ffffff4a","curve":[0.311,0.8,0.582,1]},{"time":0.9667,"color":"ffffff00"}]},"zdb_dt_jbgd5":{"color":[{"time":0,"color":"ffffff00","curve":"stepped"},{"time":0.4,"color":"ffffff00","curve":[0.311,0.8,0.582,1]},{"time":0.6,"color":"ffffff4a","curve":[0.311,0.8,0.582,1]},{"time":1.0667,"color":"ffffff00"}]},"zdb_dt_qmdlsg":{"attachment":[{"time":0,"name":"zdb_dt_qmdlsg0"},{"time":0.0667,"name":"zdb_dt_qmdlsg1"},{"time":0.1333,"name":"zdb_dt_qmdlsg2"},{"time":0.2,"name":"zdb_dt_qmdlsg3"},{"time":0.2667,"name":"zdb_dt_qmdlsg4"},{"time":0.3333,"name":"zdb_dt_qmdlsg5"},{"time":0.4,"name":"zdb_dt_qmdlsg6"},{"time":0.4667,"name":"zdb_dt_qmdlsg7"},{"time":0.5333,"name":"zdb_dt_qmdlsg8"},{"time":0.6,"name":"zdb_dt_qmdlsg9"},{"time":0.6667,"name":"zdb_dt_qmdlsg10"},{"time":0.7333,"name":"zdb_dt_qmdlsg11"},{"time":0.8,"name":null}]},"zdb_dt_yrbwsg":{"attachment":[{"time":0,"name":"zdb_dt_yrbwsg0"},{"time":0.1,"name":"zdb_dt_yrbwsg1"},{"time":0.2,"name":"zdb_dt_yrbwsg2"},{"time":0.3,"name":"zdb_dt_yrbwsg3"},{"time":0.4,"name":"zdb_dt_yrbwsg4"},{"time":0.5,"name":"zdb_dt_yrbwsg5"},{"time":0.6,"name":"zdb_dt_yrbwsg6"},{"time":0.7,"name":"zdb_dt_yrbwsg7"},{"time":0.8,"name":"zdb_dt_yrbwsg8"},{"time":0.9,"name":"zdb_dt_yrbwsg9"},{"time":1,"name":"zdb_dt_yrbwsg10"},{"time":1.1,"name":"zdb_dt_yrbwsg11"},{"time":1.2,"name":"zdb_dt_yrbwsg12"},{"time":1.3,"name":"zdb_dt_yrbwsg13"},{"time":1.4,"name":"zdb_dt_yrbwsg14"},{"time":1.5,"name":"zdb_dt_yrbwsg15"},{"time":1.6,"name":"zdb_dt_yrbwsg16"},{"time":1.7,"name":"zdb_dt_yrbwsg17"},{"time":1.8,"name":"zdb_dt_yrbwsg18"},{"time":1.9,"name":"zdb_dt_yrbwsg19"},{"time":2,"name":"zdb_dt_yrbwsg20"},{"time":2.1,"name":"zdb_dt_yrbwsg21"},{"time":2.2,"name":"zdb_dt_yrbwsg22"},{"time":2.3,"name":"zdb_dt_yrbwsg23"},{"time":2.4,"name":"zdb_dt_yrbwsg0"}]}},"bones":{"xingdian":{"rotate":[{"time":0,"angle":0},{"time":0.6667,"angle":-75},{"time":2.4,"angle":-150}]}}}}}