{"skeleton":{"hash":"8+DCP2oB/NM6FAQw+Lr/GsNpIqk","spine":"3.6.37","width":1336,"height":763.37,"images":"./images/"},"bones":[{"name":"root"},{"name":"hip","parent":"root"},{"name":"hgdlb","parent":"hip","x":-0.35,"y":-3.45,"color":"ff0000ff"},{"name":"sdhg_dtrk_zsidai","parent":"hgdlb","length":6.58,"rotation":144.13,"x":-33.19,"y":22.58},{"name":"bone2","parent":"sdhg_dtrk_zsidai","length":4.93,"rotation":-8.46,"x":6.58},{"name":"bone3","parent":"bone2","length":6.22,"rotation":-9.26,"x":4.93},{"name":"sdhg_dtrk_hezi","parent":"hgdlb"},{"name":"sdhg_dtrk_zjb","parent":"hgdlb","rotation":32,"x":-34.48,"y":6.66},{"name":"sdhg_dtrk_xg1","parent":"sdhg_dtrk_zjb","rotation":-2,"x":-5.28,"y":11.61},{"name":"sdhg_dtrk_ziti","parent":"hgdlb","y":2},{"name":"sdhg_dtrk_xg2","parent":"sdhg_dtrk_ziti","rotation":10.8,"x":-31.49,"y":-19.85,"scaleX":0.8,"scaleY":0.8},{"name":"sdhg_dtrk_xg3","parent":"sdhg_dtrk_ziti","rotation":-22.8,"x":4.92,"y":-1.79,"scaleX":0.9,"scaleY":0.9},{"name":"sdhg_dtrk_xg4","parent":"sdhg_dtrk_ziti","rotation":25.2,"x":23.59,"y":23.91},{"name":"sdhg_dtrk_yjb","parent":"hgdlb","rotation":-32.4,"x":35.1,"y":14.43},{"name":"sdhg_dtrk_xg5","parent":"sdhg_dtrk_yjb","rotation":40.8,"x":0.62,"y":10.85,"scaleX":0.9,"scaleY":0.9},{"name":"sdhg_dtrk_ysidai","parent":"hgdlb","x":40.5,"y":-11},{"name":"sdhg_dtrk_zitisg0","parent":"sdhg_dtrk_ziti","y":1.43,"scaleX":4,"scaleY":4},{"name":"ypdai","parent":"sdhg_dtrk_ysidai","x":5.04,"y":1.23}],"slots":[{"name":"sdhg_dtrk_bgxxx","bone":"hip"},{"name":"sdhg_dtrk_zsidai","bone":"sdhg_dtrk_zsidai","attachment":"sdhg_dtrk_zsidai"},{"name":"sdhg_dtrk_ysidai","bone":"sdhg_dtrk_ysidai","attachment":"sdhg_dtrk_ysidai"},{"name":"sdhg_dtrk_hezi","bone":"sdhg_dtrk_hezi","attachment":"sdhg_dtrk_hezi"},{"name":"sdhg_dtrk_zjb","bone":"sdhg_dtrk_zjb","attachment":"sdhg_dtrk_zjb"},{"name":"sdhg_dtrk_yjb","bone":"sdhg_dtrk_yjb","attachment":"sdhg_dtrk_yjb"},{"name":"sdhg_dtrk_ziti","bone":"sdhg_dtrk_ziti","attachment":"sdhg_dtrk_ziti"},{"name":"sdhg_dtrk_xg1","bone":"sdhg_dtrk_xg1","attachment":"sdhg_dtrk_xg1","blend":"additive"},{"name":"sdhg_dtrk_xg2","bone":"sdhg_dtrk_xg2","attachment":"sdhg_dtrk_xg1","blend":"additive"},{"name":"sdhg_dtrk_xg3","bone":"sdhg_dtrk_xg3","attachment":"sdhg_dtrk_xg1","blend":"additive"},{"name":"sdhg_dtrk_xg4","bone":"sdhg_dtrk_xg4","attachment":"sdhg_dtrk_xg1","blend":"additive"},{"name":"sdhg_dtrk_xg5","bone":"sdhg_dtrk_xg5","attachment":"sdhg_dtrk_xg1","blend":"additive"},{"name":"sdhg_dtrk_zitisg0","bone":"sdhg_dtrk_zitisg0","color":"ffffffc7","attachment":"sdhg_dtrk_zitisg9","blend":"additive"}],"skins":{"default":{"sdhg_dtrk_hezi":{"sdhg_dtrk_hezi":{"type":"mesh","uvs":[0.02534,0.05995,0.07889,1.0E-5,0.91216,0,0.96488,0.04402,0.99833,0.15603,0.9641,0.49169,1,0.74147,1,0.91623,0.93602,0.99999,0.05717,1,1.0E-5,0.91191,0,0.75589,0.03258,0.50054,0,0.15929,0.08711,0.15901,0.10643,0.49984,0.9096,0.15632,0.88862,0.49241,0.08338,0.08692,0.91073,0.08761],"triangles":[18,1,2,0,1,18,19,18,2,19,2,3,19,3,4,19,14,18,16,19,4,16,14,19,13,0,18,13,18,14,5,16,4,17,14,16,17,16,5,15,14,17,12,13,14,12,14,15,15,10,11,5,6,17,6,8,17,7,8,6,12,15,11,9,10,15,8,9,15,8,15,17],"vertices":[-39.87,29.92,-35.37,34,34.62,34,39.05,31.01,41.86,23.39,38.98,0.57,42,-16.42,42,-28.3,36.63,-34,-37.2,-34,-42,-28.01,-42,-17.4,-39.26,-0.04,-42,23.17,-34.68,23.19,-33.06,0.01,34.41,23.37,32.64,0.52,-35,28.09,34.5,28.04],"hull":14,"edges":[2,4,8,10,10,12,12,14,14,16,16,18,18,20,24,26,20,22,22,24,4,6,6,8,2,0,0,26,28,26,30,24,28,30,8,32,32,28,10,34,34,30,32,34,2,36,36,28,26,36,4,38,38,32,36,38,38,8],"width":84,"height":68}},"sdhg_dtrk_xg1":{"sdhg_dtrk_xg1":{"x":-1.13,"y":-0.5,"rotation":-30,"width":57,"height":58}},"sdhg_dtrk_xg2":{"sdhg_dtrk_xg1":{"x":-1.13,"y":-0.5,"rotation":-30,"width":57,"height":58}},"sdhg_dtrk_xg3":{"sdhg_dtrk_xg1":{"x":-1.13,"y":-0.5,"rotation":-30,"width":57,"height":58}},"sdhg_dtrk_xg4":{"sdhg_dtrk_xg1":{"x":-1.13,"y":-0.5,"rotation":-30,"width":57,"height":58}},"sdhg_dtrk_xg5":{"sdhg_dtrk_xg1":{"x":-1.13,"y":-0.5,"rotation":-30,"width":57,"height":58}},"sdhg_dtrk_yjb":{"sdhg_dtrk_yjb":{"type":"mesh","uvs":[0.13417,0.15709,0.40891,0.01827,0.59184,0.04264,0.75243,0.08945,0.98315,0.32481,0.99554,0.74531,0.74939,0.98375,0.24066,0.98255,0.0337,0.74691,1.0E-5,0.55152,0.02167,0.36709,0.69358,0.17009,0.73766,0.36831,0.69488,0.54831,0.55099,0.69081,0.3397,0.74331,0.13877,0.66759,0.23468,0.78444,0.39357,0.84712,0.61987,0.80069,0.80283,0.64051,0.8582,0.41997,0.78598,0.23658],"triangles":[11,2,3,4,22,3,11,3,22,12,11,22,21,12,22,4,21,22,11,12,1,13,12,21,20,13,21,10,0,15,16,10,15,9,10,16,0,1,12,11,1,2,13,14,12,12,14,0,14,15,0,21,4,5,20,21,5,8,9,16,17,16,15,20,19,14,20,14,13,18,15,14,18,14,19,17,15,18,7,17,18,8,16,17,7,8,17,6,19,20,6,20,5,18,19,6,7,18,6],"vertices":[-10.34,2.81,-6.16,10.07,-1.63,12.14,2.73,13.36,11.53,11.13,18.12,1.37,16.08,-7.83,4.47,-15.16,-3.79,-12.58,-7.49,-8.45,-9.76,-3.78,2.6,10.6,6.58,6.55,8.31,1.68,7.16,-3.77,3.14,-8.07,-2.58,-9.19,1.36,-10.56,5.92,-9.75,10.38,-5.37,12.15,1.06,10.1,7.07,5.71,10.36],"hull":11,"edges":[0,2,6,8,8,10,10,12,12,14,14,16,0,20,22,24,24,26,26,28,28,30,30,32,16,18,18,20,32,18,2,4,4,6,22,4,32,34,34,36,36,38,38,40,40,42,42,44,44,22],"width":27,"height":28}},"sdhg_dtrk_ysidai":{"sdhg_dtrk_ysidai":{"type":"mesh","uvs":[0.00729,0,0.00424,0.13232,0,0.31579,0.20889,0.39857,0.30983,0.45082,0.2943,0.49069,0.10019,0.52644,0,0.76844,0.00442,0.99394,0.32277,1,0.64842,0.92182,0.91113,0.74251,1,0.58169,0.99654,0.38445,0.95053,0.22232,0.7343,0.11257,0.28136,0,0.49354,0.25232,0.72695,0.41832,0.64412,0.62831,0.38813,0.75031],"triangles":[18,17,15,18,15,14,18,14,13,18,13,12,19,18,12,11,19,12,19,4,18,17,16,15,1,0,16,17,1,16,3,2,1,17,3,1,4,3,17,4,17,18,5,4,19,20,5,19,6,5,20,7,6,20,10,19,11,20,19,10,9,8,7,20,9,7,9,20,10],"vertices":[1,15,-8.38,16,1,1,15,-8.43,11.77,1,1,15,-8.5,5.89,1,2,15,-4.95,3.25,0.712,17,-9.99,2.02,0.288,2,15,-3.23,1.57,0.696,17,-8.28,0.34,0.304,2,15,-3.5,0.3,0.648,17,-8.54,-0.93,0.352,2,15,-6.8,-0.85,0.864,17,-11.84,-2.08,0.136,2,15,-8.5,-8.59,0.99998,17,-13.54,-9.82,2.0E-5,1,15,-8.42,-15.81,1,2,15,-3.01,-16,0.88,17,-8.06,-17.23,0.12,2,15,2.52,-13.5,0.784,17,-2.52,-14.73,0.216,2,15,6.99,-7.76,0.37128,17,1.95,-8.99,0.62872,2,15,8.5,-2.61,0.14834,17,3.46,-3.84,0.85166,2,15,8.44,3.7,0.06484,17,3.4,2.47,0.93516,2,15,7.66,8.89,0.18428,17,2.62,7.66,0.81572,2,15,3.98,12.4,0.49545,17,-1.06,11.17,0.50455,2,15,-3.72,16,0.896,17,-8.76,14.77,0.104,2,15,-0.11,7.93,0.64106,17,-5.15,6.7,0.35894,2,15,3.86,2.61,0.19571,17,-1.18,1.38,0.80429,2,15,2.45,-4.11,0.46771,17,-2.59,-5.34,0.53229,2,15,-1.9,-8.01,0.784,17,-6.94,-9.24,0.216],"hull":17,"edges":[4,6,6,8,8,10,10,12,12,14,14,16,16,18,18,20,28,30,30,32,0,32,0,2,2,4,2,34,34,36,36,38,38,40,40,14,8,36,10,38,20,22,22,24,38,22,24,26,26,28,36,26,6,34,34,30,12,40,40,20],"width":17,"height":32}},"sdhg_dtrk_ziti":{"sdhg_dtrk_ziti":{"width":74,"height":58}},"sdhg_dtrk_zitisg0":{"sdhg_dtrk_zitisg0":{"width":19,"height":14},"sdhg_dtrk_zitisg1":{"width":19,"height":14},"sdhg_dtrk_zitisg2":{"width":19,"height":14},"sdhg_dtrk_zitisg3":{"width":19,"height":14},"sdhg_dtrk_zitisg4":{"width":19,"height":14},"sdhg_dtrk_zitisg5":{"width":19,"height":14},"sdhg_dtrk_zitisg6":{"width":19,"height":14},"sdhg_dtrk_zitisg7":{"width":19,"height":14},"sdhg_dtrk_zitisg8":{"width":19,"height":14},"sdhg_dtrk_zitisg9":{"width":19,"height":14},"sdhg_dtrk_zitisg10":{"width":19,"height":14},"sdhg_dtrk_zitisg11":{"width":19,"height":14},"sdhg_dtrk_zitisg12":{"width":19,"height":14},"sdhg_dtrk_zitisg13":{"width":19,"height":14},"sdhg_dtrk_zitisg14":{"width":19,"height":14},"sdhg_dtrk_zitisg15":{"width":19,"height":14},"sdhg_dtrk_zitisg16":{"width":19,"height":14},"sdhg_dtrk_zitisg17":{"width":19,"height":14},"sdhg_dtrk_zitisg18":{"width":19,"height":14},"sdhg_dtrk_zitisg19":{"width":19,"height":14},"sdhg_dtrk_zitisg20":{"width":19,"height":14},"sdhg_dtrk_zitisg21":{"width":19,"height":14},"sdhg_dtrk_zitisg22":{"width":19,"height":14},"sdhg_dtrk_zitisg23":{"width":19,"height":14},"sdhg_dtrk_zitisg24":{"width":19,"height":14},"sdhg_dtrk_zitisg25":{"width":19,"height":14},"sdhg_dtrk_zitisg26":{"width":19,"height":14},"sdhg_dtrk_zitisg27":{"width":19,"height":14},"sdhg_dtrk_zitisg28":{"width":19,"height":14},"sdhg_dtrk_zitisg29":{"width":19,"height":14},"sdhg_dtrk_zitisg30":{"width":19,"height":14},"sdhg_dtrk_zitisg31":{"width":19,"height":14},"sdhg_dtrk_zitisg32":{"width":19,"height":14},"sdhg_dtrk_zitisg33":{"width":19,"height":14},"sdhg_dtrk_zitisg34":{"width":19,"height":14},"sdhg_dtrk_zitisg35":{"width":19,"height":14}},"sdhg_dtrk_zjb":{"sdhg_dtrk_zjb":{"type":"mesh","uvs":[1.0E-5,0.44255,0.01362,0.25282,0.19766,0.03235,0.38809,1.0E-5,0.54401,0.01022,0.72104,0.08962,0.86803,0.21061,0.97787,0.44155,0.9723,0.76033,0.72111,0.99149,0.40484,0.99517,0.11958,0.89384,0.01532,0.67887,0.22463,0.12584,0.15652,0.27228,0.15652,0.41871,0.22803,0.57195,0.34552,0.69965,0.50217,0.76776,0.67925,0.76095,0.85122,0.63155,0.09012,0.27228,0.06117,0.43573,0.11225,0.63154,0.25017,0.7916,0.45619,0.86992,0.67925,0.83417,0.88187,0.67241],"triangles":[13,2,3,1,2,13,21,1,13,14,21,13,4,15,14,22,1,21,15,22,21,15,21,14,0,1,22,14,13,4,16,15,4,23,22,15,23,15,16,20,5,6,20,6,7,27,20,7,23,12,0,23,0,22,16,5,17,3,4,13,5,16,4,18,17,5,8,27,7,5,20,18,19,20,27,19,18,20,24,16,17,23,16,24,26,18,19,26,19,27,25,17,18,24,17,25,25,18,26,11,23,24,12,23,11,8,9,26,8,26,27,10,24,25,11,24,10,9,10,25,9,25,26],"vertices":[-17.73,9.97,-13.58,15.66,-3.49,18.97,3.12,16.25,7.82,12.87,11.81,6.91,14.05,0.23,12.97,-9.17,6.55,-19.06,-5.87,-21.39,-15.86,-15.3,-22.83,-6.53,-21.88,2.26,-4.47,15.51,-9.48,12.25,-12.35,7.65,-13.11,1.44,-11.93,-4.87,-8.35,-10.08,-2.66,-13.33,5.27,-12.65,-11.56,13.55,-15.68,8.99,-17.91,1.84,-16.72,-5.88,-11.8,-12.38,-4.1,-15.63,5.43,-14.53],"hull":13,"edges":[2,4,12,14,14,16,16,18,18,20,20,22,22,24,4,6,6,8,6,26,26,28,28,30,30,32,32,34,34,36,36,38,38,40,40,14,8,10,10,12,26,42,42,44,44,46,46,48,48,50,50,52,52,54,54,14,28,42,42,2,30,44,2,0,0,24,44,0,32,46,46,24,34,48,48,22,36,50,50,20,38,52,52,18,40,54,54,16],"width":37,"height":37}},"sdhg_dtrk_zsidai":{"sdhg_dtrk_zsidai":{"type":"mesh","uvs":[0.26355,0.24291,0.34323,0,0.46939,0.00113,0.65199,0.26096,0.79217,0.32415,0.99062,0.39087,0.97402,0.58213,0.91341,0.75443,0.84455,0.95021,0.72171,1,0.51919,0.9863,0.23035,0.80587,0,0.4883,0.00791,0.29344,0.42624,0.50271,0.62211,0.62902],"triangles":[0,12,13,12,0,14,14,0,3,0,2,3,0,1,2,11,12,14,10,11,15,15,14,3,15,11,14,15,3,4,8,9,15,9,10,15,8,15,7,7,15,6,15,4,6,6,4,5],"vertices":[2,4,10.51,-0.9,0.08,5,5.65,0.01,0.92,2,4,12.99,-6.28,0.096,5,8.96,-4.91,0.904,3,3,15.93,-9.95,9.5E-4,4,10.71,-8.47,0.08933,5,7.07,-7.43,0.90971,2,4,3.27,-7.38,0.48865,5,-0.45,-7.56,0.51135,3,3,5.04,-8.66,0.50201,4,-0.25,-8.79,0.40147,5,-3.7,-9.51,0.09652,1,3,0.12,-10.32,1,1,3,-2.13,-6.52,1,2,3,-3.22,-2.42,0.99989,4,-9.34,-3.83,1.1E-4,1,3,-4.46,2.24,1,2,3,-2.65,4.97,0.99993,4,-9.85,3.56,7.0E-5,3,3,1.64,7.68,0.46567,4,-6.01,6.87,0.39033,5,-11.9,5.02,0.144,2,4,2.05,8.95,0.58253,5,-4.28,8.37,0.41747,2,4,11.28,7.75,0.08114,5,5.02,8.67,0.91886,2,4,14.27,4.4,0.05603,5,8.51,5.85,0.94397,2,4,3.42,0.54,0.64667,5,-1.57,0.29,0.35333,3,3,4.37,-0.49,0.43899,4,-2.11,-0.81,0.43955,5,-6.82,-1.93,0.12146],"hull":14,"edges":[0,2,2,4,4,6,10,12,16,18,18,20,20,22,22,24,24,26,0,26,0,28,28,30,12,14,14,16,30,14,6,28,28,22,6,8,8,10,30,8,30,20],"width":25,"height":23}}}},"animations":{"animation":{"slots":{"sdhg_dtrk_xg1":{"color":[{"time":0,"color":"ffffffb8","curve":[0.25,0,0.75,1]},{"time":0.3333,"color":"fffffffe","curve":[0.25,0,0.75,1]},{"time":1.5333,"color":"ffffff00","curve":[0.25,0,0.75,1]},{"time":2.4,"color":"ffffffb8"}]},"sdhg_dtrk_xg2":{"color":[{"time":0,"color":"ffffff8c","curve":[0.25,0,0.75,1]},{"time":0.5333,"color":"fffffffe","curve":[0.25,0,0.75,1]},{"time":1.7333,"color":"ffffff00","curve":[0.25,0,0.75,1]},{"time":2.4,"color":"ffffff8c"}]},"sdhg_dtrk_xg3":{"color":[{"time":0,"color":"ffffff00","curve":[0.25,0,0.75,1]},{"time":1.2,"color":"fffffffe","curve":[0.25,0,0.75,1]},{"time":2.4,"color":"ffffff00"}]},"sdhg_dtrk_xg4":{"color":[{"time":0,"color":"ffffff3e","curve":[0.25,0,0.75,1]},{"time":0.3,"color":"ffffff00","curve":[0.25,0,0.75,1]},{"time":1.5,"color":"fffffffe","curve":[0.25,0,0.75,1]},{"time":2.4,"color":"ffffff3e"}]},"sdhg_dtrk_xg5":{"color":[{"time":0,"color":"ffffff62","curve":[0.25,0,0.75,1]},{"time":0.4667,"color":"ffffff00","curve":[0.25,0,0.75,1]},{"time":1.6667,"color":"fffffffe","curve":[0.25,0,0.75,1]},{"time":2.4,"color":"ffffff62"}]},"sdhg_dtrk_zitisg0":{"attachment":[{"time":0,"name":"sdhg_dtrk_zitisg0"},{"time":0.0667,"name":"sdhg_dtrk_zitisg1"},{"time":0.1333,"name":"sdhg_dtrk_zitisg2"},{"time":0.2,"name":"sdhg_dtrk_zitisg3"},{"time":0.2667,"name":"sdhg_dtrk_zitisg4"},{"time":0.3333,"name":"sdhg_dtrk_zitisg5"},{"time":0.4,"name":"sdhg_dtrk_zitisg6"},{"time":0.4667,"name":"sdhg_dtrk_zitisg7"},{"time":0.5333,"name":"sdhg_dtrk_zitisg8"},{"time":0.6,"name":"sdhg_dtrk_zitisg9"},{"time":0.6667,"name":"sdhg_dtrk_zitisg10"},{"time":0.7333,"name":"sdhg_dtrk_zitisg11"},{"time":0.8,"name":"sdhg_dtrk_zitisg12"},{"time":0.8667,"name":"sdhg_dtrk_zitisg13"},{"time":0.9333,"name":"sdhg_dtrk_zitisg14"},{"time":1,"name":"sdhg_dtrk_zitisg15"},{"time":1.0667,"name":"sdhg_dtrk_zitisg16"},{"time":1.1333,"name":"sdhg_dtrk_zitisg17"},{"time":1.2,"name":"sdhg_dtrk_zitisg18"},{"time":1.2667,"name":"sdhg_dtrk_zitisg19"},{"time":1.3333,"name":"sdhg_dtrk_zitisg20"},{"time":1.4,"name":"sdhg_dtrk_zitisg21"},{"time":1.4667,"name":"sdhg_dtrk_zitisg22"},{"time":1.5333,"name":"sdhg_dtrk_zitisg23"},{"time":1.6,"name":"sdhg_dtrk_zitisg24"},{"time":1.6667,"name":"sdhg_dtrk_zitisg25"},{"time":1.7333,"name":"sdhg_dtrk_zitisg26"},{"time":1.8,"name":"sdhg_dtrk_zitisg27"},{"time":1.8667,"name":"sdhg_dtrk_zitisg28"},{"time":1.9333,"name":"sdhg_dtrk_zitisg29"},{"time":2,"name":"sdhg_dtrk_zitisg30"},{"time":2.0667,"name":"sdhg_dtrk_zitisg31"},{"time":2.1333,"name":"sdhg_dtrk_zitisg32"},{"time":2.2,"name":"sdhg_dtrk_zitisg33"},{"time":2.2667,"name":"sdhg_dtrk_zitisg34"},{"time":2.3333,"name":"sdhg_dtrk_zitisg35"},{"time":2.4,"name":null}]}},"bones":{"root":{"rotate":[{"time":0,"angle":0,"curve":"stepped"},{"time":2.4,"angle":0}],"translate":[{"time":0,"x":0,"y":0,"curve":"stepped"},{"time":2.4,"x":0,"y":0}],"scale":[{"time":0,"x":1,"y":1,"curve":"stepped"},{"time":2.4,"x":1,"y":1}]},"hip":{"rotate":[{"time":0,"angle":0,"curve":"stepped"},{"time":2.4,"angle":0}],"translate":[{"time":0,"x":0,"y":0,"curve":"stepped"},{"time":2.4,"x":0,"y":0}],"scale":[{"time":0,"x":1,"y":1,"curve":"stepped"},{"time":2.4,"x":1,"y":1}]},"hgdlb":{"rotate":[{"time":0,"angle":0,"curve":"stepped"},{"time":2.4,"angle":0}],"translate":[{"time":0,"x":0,"y":0,"curve":"stepped"},{"time":2.4,"x":0,"y":0}],"scale":[{"time":0,"x":1,"y":1,"curve":"stepped"},{"time":2.4,"x":1,"y":1}]},"sdhg_dtrk_hezi":{"rotate":[{"time":0,"angle":0,"curve":"stepped"},{"time":2.4,"angle":0}],"translate":[{"time":0,"x":0,"y":0,"curve":"stepped"},{"time":2.4,"x":0,"y":0}],"scale":[{"time":0,"x":1,"y":1,"curve":"stepped"},{"time":2.4,"x":1,"y":1}]},"sdhg_dtrk_xg1":{"rotate":[{"time":0,"angle":0,"curve":"stepped"},{"time":2.4,"angle":0}],"translate":[{"time":0,"x":0,"y":0,"curve":"stepped"},{"time":2.4,"x":0,"y":0}],"scale":[{"time":0,"x":1,"y":1,"curve":"stepped"},{"time":2.4,"x":1,"y":1}]},"sdhg_dtrk_yjb":{"rotate":[{"time":0,"angle":0,"curve":"stepped"},{"time":2.4,"angle":0}],"translate":[{"time":0,"x":0,"y":0,"curve":[0.25,0,0.75,1]},{"time":1.2,"x":0.99,"y":1.56,"curve":[0.25,0,0.75,1]},{"time":2.4,"x":0,"y":0}],"scale":[{"time":0,"x":1,"y":1,"curve":"stepped"},{"time":2.4,"x":1,"y":1}]},"sdhg_dtrk_ysidai":{"rotate":[{"time":0,"angle":0,"curve":"stepped"},{"time":2.4,"angle":0}],"translate":[{"time":0,"x":0,"y":0,"curve":"stepped"},{"time":2.4,"x":0,"y":0}],"scale":[{"time":0,"x":1,"y":1,"curve":"stepped"},{"time":2.4,"x":1,"y":1}]},"sdhg_dtrk_ziti":{"rotate":[{"time":0,"angle":0,"curve":"stepped"},{"time":2.4,"angle":0}],"translate":[{"time":0,"x":0,"y":0,"curve":"stepped"},{"time":2.4,"x":0,"y":0}],"scale":[{"time":0,"x":1,"y":1,"curve":"stepped"},{"time":2.4,"x":1,"y":1}]},"sdhg_dtrk_zjb":{"rotate":[{"time":0,"angle":0,"curve":"stepped"},{"time":2.4,"angle":0}],"translate":[{"time":0,"x":-0.47,"y":0.75,"curve":[0.028,0,0.75,1]},{"time":0.5,"x":0,"y":0,"curve":[0.25,0,0.75,1]},{"time":1.7,"x":-1.2,"y":1.92,"curve":[0.25,0,0.96,1]},{"time":2.4,"x":-0.47,"y":0.75}],"scale":[{"time":0,"x":1,"y":1,"curve":"stepped"},{"time":2.4,"x":1,"y":1}]},"sdhg_dtrk_xg2":{"rotate":[{"time":0,"angle":0,"curve":"stepped"},{"time":2.4,"angle":0}],"translate":[{"time":0,"x":0,"y":0,"curve":"stepped"},{"time":2.4,"x":0,"y":0}],"scale":[{"time":0,"x":1,"y":1,"curve":"stepped"},{"time":2.4,"x":1,"y":1}]},"sdhg_dtrk_xg3":{"rotate":[{"time":0,"angle":0,"curve":"stepped"},{"time":2.4,"angle":0}],"translate":[{"time":0,"x":0,"y":0,"curve":"stepped"},{"time":2.4,"x":0,"y":0}],"scale":[{"time":0,"x":1,"y":1,"curve":"stepped"},{"time":2.4,"x":1,"y":1}]},"sdhg_dtrk_xg4":{"rotate":[{"time":0,"angle":0,"curve":"stepped"},{"time":2.4,"angle":0}],"translate":[{"time":0,"x":0,"y":0,"curve":"stepped"},{"time":2.4,"x":0,"y":0}],"scale":[{"time":0,"x":1,"y":1,"curve":"stepped"},{"time":2.4,"x":1,"y":1}]},"sdhg_dtrk_xg5":{"rotate":[{"time":0,"angle":0,"curve":"stepped"},{"time":2.4,"angle":0}],"translate":[{"time":0,"x":0,"y":0,"curve":"stepped"},{"time":2.4,"x":0,"y":0}],"scale":[{"time":0,"x":1,"y":1,"curve":"stepped"},{"time":2.4,"x":1,"y":1}]},"sdhg_dtrk_zitisg0":{"rotate":[{"time":0,"angle":0,"curve":"stepped"},{"time":2.4,"angle":0}],"translate":[{"time":0,"x":0,"y":0,"curve":"stepped"},{"time":2.4,"x":0,"y":0}],"scale":[{"time":0,"x":1,"y":1,"curve":"stepped"},{"time":2.4,"x":1,"y":1}]},"ypdai":{"rotate":[{"time":0,"angle":-1.59,"curve":[0.25,0,0.75,1]},{"time":0.4,"angle":0,"curve":[0.25,0,0.75,1]},{"time":1.6,"angle":-5.61,"curve":[0.25,0,0.75,1]},{"time":2.4,"angle":-1.59}],"translate":[{"time":0,"x":1.62,"y":2.97,"curve":[0.25,0,0.75,1]},{"time":1.2,"x":0.46,"y":0.84,"curve":[0.25,0,0.75,1]},{"time":2.4,"x":1.62,"y":2.97}]},"sdhg_dtrk_zsidai":{"rotate":[{"time":0,"angle":0.28,"curve":[0.25,0,0.75,1]},{"time":0.2,"angle":0,"curve":[0.25,0,0.75,1]},{"time":1.4,"angle":2.88,"curve":[0.25,0,0.75,1]},{"time":2.4,"angle":0.28}],"translate":[{"time":0,"x":0,"y":0,"curve":[0.25,0,0.75,1]},{"time":1.2,"x":0,"y":-0.17,"curve":[0.25,0,0.75,1]},{"time":2.4,"x":0,"y":0}],"scale":[{"time":0,"x":1,"y":1,"curve":"stepped"},{"time":2.4,"x":1,"y":1}]},"bone2":{"rotate":[{"time":0,"angle":0.82,"curve":[0.25,0,0.75,1]},{"time":0.4,"angle":0,"curve":[0.25,0,0.75,1]},{"time":1.6,"angle":2.88,"curve":[0.25,0,0.75,1]},{"time":2.4,"angle":0.82}],"translate":[{"time":0,"x":0,"y":0,"curve":"stepped"},{"time":2.4,"x":0,"y":0}],"scale":[{"time":0,"x":1,"y":1,"curve":"stepped"},{"time":2.4,"x":1,"y":1}]},"bone3":{"rotate":[{"time":0,"angle":1.44,"curve":[0.25,0,0.75,1]},{"time":0.6,"angle":0,"curve":[0.25,0,0.75,1]},{"time":1.8,"angle":2.88,"curve":[0.25,0,0.75,1]},{"time":2.4,"angle":1.44}],"translate":[{"time":0,"x":0,"y":0,"curve":"stepped"},{"time":2.4,"x":0,"y":0}],"scale":[{"time":0,"x":1,"y":1,"curve":"stepped"},{"time":2.4,"x":1,"y":1}]}},"deform":{"default":{"sdhg_dtrk_hezi":{"sdhg_dtrk_hezi":[{"time":0,"offset":1,"vertices":[-0.81,0,-0.81,0,-0.81,0,-0.81,0,-1.89001,0,0,0,0,0,0,0,0,0,0,0,0,0,0,0,0,0,-1.89001,0,-1.89001,0,0,0,-1.89001,0,0,0,-1.89001,0,-1.89001],"curve":[0.25,0,0.75,1]},{"time":1.2,"offset":1,"vertices":[-0.32026,0,-0.32026,0,-0.32026,0,-0.32026,0,-0.74727,0,0,0,0,0,0,0,0,0,0,0,0,0,0,0,0,0,-0.74727,0,-0.74727,0,0,0,-0.74727,0,0,0,-0.74727,0,-0.74727],"curve":[0.25,0,0.75,1]},{"time":2.4,"offset":1,"vertices":[-0.81,0,-0.81,0,-0.81,0,-0.81,0,-1.89001,0,0,0,0,0,0,0,0,0,0,0,0,0,0,0,0,0,-1.89001,0,-1.89001,0,0,0,-1.89001,0,0,0,-1.89001,0,-1.89001]}]},"sdhg_dtrk_yjb":{"sdhg_dtrk_yjb":[{"time":0,"curve":[0.25,0,0.75,1]},{"time":1.2,"vertices":[1.45256,3.4E-4,1.06088,2.1E-4,0.30637,9.0E-5,0,0,0,0,0,0,0,0,0,0,0,0,0.30637,9.0E-5,1.06088,2.1E-4,0,0,-0.61287,1.5E-4,-1.04428,2.1E-4,-1.04428,2.1E-4,-0.61287],"curve":[0.25,0,0.75,1]},{"time":2.4}]},"sdhg_dtrk_zjb":{"sdhg_dtrk_zjb":[{"time":0,"offset":5,"vertices":[-0.16464,-0.25548,-0.16466,-0.25551,-3.0E-5,-0.48502,-6.0E-5,-0.48502,-6.0E-5,-0.37894,-4.0E-5,1.0E-5,0.13857,0,0,0,0,0,0,0,0,0,0,0.13431,-3.0E-5,0.21879,-4.0E-5,0.32061,-4.0E-5,0.32061,-4.0E-5,0.21879,-4.0E-5,0.13431,-3.0E-5,1.0E-5,0.13857,0,0,0,0,0,0,0,0,0,0,0,0,1.0E-5,0.13857],"curve":[0.028,0,0.75,1]},{"time":0.4,"curve":[0.25,0,0.75,1]},{"time":1.6,"offset":5,"vertices":[-0.58014,-0.90024,-0.58023,-0.90036,-9.0E-5,-1.70908,-2.3E-4,-1.70908,-2.3E-4,-1.33527,-1.5E-4,3.0E-5,0.4883,0,0,0,0,0,0,0,0,0,0,0.47327,-1.1E-4,0.77094,-1.5E-4,1.12973,-1.4E-4,1.12973,-1.4E-4,0.77094,-1.5E-4,0.47327,-1.1E-4,3.0E-5,0.4883,0,0,0,0,0,0,0,0,0,0,0,0,3.0E-5,0.4883],"curve":[0.25,0,0.96,1]},{"time":2.4,"offset":5,"vertices":[-0.16464,-0.25548,-0.16466,-0.25551,-3.0E-5,-0.48502,-6.0E-5,-0.48502,-6.0E-5,-0.37894,-4.0E-5,1.0E-5,0.13857,0,0,0,0,0,0,0,0,0,0,0.13431,-3.0E-5,0.21879,-4.0E-5,0.32061,-4.0E-5,0.32061,-4.0E-5,0.21879,-4.0E-5,0.13431,-3.0E-5,1.0E-5,0.13857,0,0,0,0,0,0,0,0,0,0,0,0,1.0E-5,0.13857]}]}}}}}}