{"skeleton":{"hash":"GLXn4hWRv+bLbNEbeAU1yJ2KeAU","spine":"3.6.37","width":1021.75,"height":192.19,"images":"./images/"},"bones":[{"name":"root"},{"name":"denglusg","parent":"root","x":10.9,"y":57.58,"scaleX":2,"scaleY":2}],"slots":[{"name":"denglutips","bone":"root","attachment":"denglutips"},{"name":"denglusg","bone":"denglusg","attachment":"denglusg_0","blend":"additive"},{"name":"dengludi","bone":"root","attachment":"dengludi"},{"name":"dengluline1","bone":"root","attachment":"dengluline1"},{"name":"denglutext","bone":"root","attachment":"denglutext"},{"name":"dengluline2","bone":"root","attachment":"dengluline2"},{"name":"dengludp1","bone":"root","attachment":"dengludp1"},{"name":"dengludp2","bone":"root","attachment":"dengludp2"},{"name":"dengludp6","bone":"root","attachment":"dengludp2"},{"name":"dengludp3","bone":"root","attachment":"dengludp3"},{"name":"dengludp8","bone":"root","attachment":"dengludp3"},{"name":"dengludp4","bone":"root","attachment":"dengludp4"},{"name":"dengludp7","bone":"root","attachment":"dengludp4"}],"skins":{"default":{"dengludi":{"dengludi":{"x":10.19,"y":-20.7,"width":804,"height":128}},"dengludp1":{"dengludp1":{"x":431.64,"y":-16.47,"width":44,"height":44}},"dengludp2":{"dengludp2":{"x":331.09,"y":-12.03,"rotation":-27.39,"width":25,"height":22}},"dengludp3":{"dengludp3":{"x":-412.99,"y":-14.34,"rotation":-27.68,"width":44,"height":44}},"dengludp4":{"dengludp4":{"x":-228.69,"y":29.78,"rotation":-35.8,"width":27,"height":23}},"dengludp6":{"dengludp2":{"x":247.22,"y":30.5,"width":25,"height":22}},"dengludp7":{"dengludp4":{"x":-311.46,"y":-11.7,"width":27,"height":23}},"dengludp8":{"dengludp3":{"x":-489.25,"y":-52.47,"width":44,"height":44}},"dengluline1":{"dengluline1":{"x":-336.83,"y":-22.61,"width":316,"height":151}},"dengluline2":{"dengluline2":{"x":353.01,"y":-13.7,"width":315,"height":94}},"denglusg":{"denglusg_0":{"width":281,"height":36},"denglusg_1":{"width":281,"height":36},"denglusg_2":{"width":281,"height":36},"denglusg_3":{"width":281,"height":36},"denglusg_4":{"width":281,"height":36},"denglusg_5":{"width":281,"height":36},"denglusg_6":{"width":281,"height":36},"denglusg_7":{"width":281,"height":36},"denglusg_8":{"width":281,"height":36},"denglusg_9":{"width":281,"height":36},"denglusg_10":{"width":281,"height":36},"denglusg_11":{"width":281,"height":36},"denglusg_12":{"width":281,"height":36},"denglusg_13":{"width":281,"height":36},"denglusg_14":{"width":281,"height":36},"denglusg_15":{"width":281,"height":36},"denglusg_16":{"width":281,"height":36},"denglusg_17":{"width":281,"height":36}},"denglutext":{"denglutext":{"x":9.61,"y":0.95,"width":120,"height":58}},"denglutips":{"denglutips":{"x":8.72,"y":40.57,"width":446,"height":107}}}},"animations":{"animation":{"slots":{"dengludp1":{"color":[{"time":0.3,"color":"fffffffe"},{"time":0.6,"color":"ffffff7c"},{"time":0.9,"color":"fffffffe","curve":"stepped"},{"time":1.2,"color":"fffffffe"},{"time":1.5,"color":"ffffff7c"},{"time":1.8,"color":"fffffffe"}]},"dengludp2":{"color":[{"time":0,"color":"fffffffe"},{"time":0.3,"color":"ffffff7c"},{"time":0.6,"color":"fffffffe","curve":"stepped"},{"time":0.9,"color":"fffffffe"},{"time":1.2,"color":"ffffff7c"},{"time":1.5,"color":"fffffffe"}]},"dengludp3":{"color":[{"time":0,"color":"fffffffe"},{"time":0.3,"color":"ffffff7c"},{"time":0.6,"color":"fffffffe","curve":"stepped"},{"time":0.9,"color":"fffffffe"},{"time":1.2,"color":"ffffff7c"},{"time":1.5,"color":"fffffffe"}]},"dengludp4":{"color":[{"time":0,"color":"fffffffe"},{"time":0.3,"color":"ffffff7c"},{"time":0.6,"color":"fffffffe","curve":"stepped"},{"time":0.9,"color":"fffffffe"},{"time":1.2,"color":"ffffff7c"},{"time":1.5,"color":"fffffffe"}]},"dengludp6":{"color":[{"time":0.3,"color":"fffffffe"},{"time":0.6,"color":"ffffff7c"},{"time":0.9,"color":"fffffffe","curve":"stepped"},{"time":1.2,"color":"fffffffe"},{"time":1.5,"color":"ffffff7c"},{"time":1.8,"color":"fffffffe"}]},"dengludp7":{"color":[{"time":0.3,"color":"fffffffe"},{"time":0.6,"color":"ffffff7c"},{"time":0.9,"color":"fffffffe","curve":"stepped"},{"time":1.2,"color":"fffffffe"},{"time":1.5,"color":"ffffff7c"},{"time":1.8,"color":"fffffffe"}]},"dengludp8":{"color":[{"time":0.3,"color":"fffffffe"},{"time":0.6,"color":"ffffff7c"},{"time":0.9,"color":"fffffffe","curve":"stepped"},{"time":1.2,"color":"fffffffe"},{"time":1.5,"color":"ffffff7c"},{"time":1.8,"color":"fffffffe"}]},"denglusg":{"color":[{"time":0,"color":"ffffff00","curve":[0.25,0,0.75,1]},{"time":0.8,"color":"fffffffe","curve":[0.25,0,0.75,1]},{"time":1.7,"color":"ffffff00"}],"attachment":[{"time":0,"name":"denglusg_0"},{"time":0.1,"name":"denglusg_1"},{"time":0.2,"name":"denglusg_2"},{"time":0.3,"name":"denglusg_3"},{"time":0.4,"name":"denglusg_4"},{"time":0.5,"name":"denglusg_5"},{"time":0.6,"name":"denglusg_6"},{"time":0.7,"name":"denglusg_7"},{"time":0.8,"name":"denglusg_8"},{"time":0.9,"name":"denglusg_9"},{"time":1,"name":"denglusg_10"},{"time":1.1,"name":"denglusg_11"},{"time":1.2,"name":"denglusg_12"},{"time":1.3,"name":"denglusg_13"},{"time":1.4,"name":"denglusg_14"},{"time":1.5,"name":"denglusg_15"},{"time":1.6,"name":"denglusg_16"},{"time":1.7,"name":"denglusg_17"}]}}}}}