{"skeleton":{"hash":"qCrctdd435QDzpN6NymxXuEKSFY","spine":"3.6.37","width":618,"height":731.99,"images":"./images/"},"bones":[{"name":"root"},{"name":"hszp_btk","parent":"root","y":251.6},{"name":"hszp_glass","parent":"root","rotation":135},{"name":"hszp_gz","parent":"root"},{"name":"hszp_gz2","parent":"root","rotation":-60},{"name":"hszp_gz3","parent":"root","rotation":-120},{"name":"hszp_gz4","parent":"root","rotation":180},{"name":"hszp_gz5","parent":"root","rotation":120},{"name":"hszp_gz6","parent":"root","rotation":60},{"name":"hszp_zpgd","parent":"root","x":-5.78,"y":299.56},{"name":"hszp_zpgd2","parent":"root","x":-65.76,"y":290.87},{"name":"hszp_zpgd3","parent":"root","x":-117.04,"y":272.78},{"name":"hszp_zpgd4","parent":"root","x":-160.24,"y":246.49},{"name":"hszp_zpgd5","parent":"root","x":48.92,"y":294.02},{"name":"hszp_zpgd6","parent":"root","x":104.33,"y":277.81},{"name":"hszp_zpgd7","parent":"root","x":142.36,"y":259.77},{"name":"hszp_zpgd8","parent":"root","x":171.27,"y":239.73},{"name":"hszp_zplight","parent":"root","x":-185.42,"y":182.93},{"name":"hszp_zplight2","parent":"root","x":-250.12,"y":66.76},{"name":"hszp_zplight3","parent":"root","x":-248.49,"y":-67.87},{"name":"hszp_zplight4","parent":"root","x":-181.14,"y":-184.91},{"name":"hszp_zplight5","parent":"root","x":-67.14,"y":-250.11},{"name":"hszp_zplight6","parent":"root","x":67.93,"y":-250.49},{"name":"hszp_zplight7","parent":"root","x":183.44,"y":-184.62},{"name":"hszp_zplight8","parent":"root","x":250.33,"y":-67.42},{"name":"hszp_zplight9","parent":"root","x":250.91,"y":66.44},{"name":"hszp_zplight10","parent":"root","x":184.49,"y":183.73},{"name":"hszp_zpwk","parent":"root"},{"name":"hszp_zpwk2","parent":"root","scaleX":-1}],"slots":[{"name":"hszp_zpwk","bone":"hszp_zpwk","attachment":"hszp_zpwk"},{"name":"hszp_zpwk2","bone":"hszp_zpwk2","attachment":"hszp_zpwk"},{"name":"hszp_btk","bone":"hszp_btk","attachment":"hszp_btk"},{"name":"hszp_gz","bone":"hszp_gz","color":"ffb60022","attachment":"hszp_gz","blend":"additive"},{"name":"hszp_gz2","bone":"hszp_gz2","color":"ffb60022","attachment":"hszp_gz","blend":"additive"},{"name":"hszp_gz3","bone":"hszp_gz3","color":"ffb60022","attachment":"hszp_gz","blend":"additive"},{"name":"hszp_gz4","bone":"hszp_gz4","color":"ffb60022","attachment":"hszp_gz","blend":"additive"},{"name":"hszp_gz5","bone":"hszp_gz5","color":"ffb60022","attachment":"hszp_gz","blend":"additive"},{"name":"hszp_gz6","bone":"hszp_gz6","color":"ffb60022","attachment":"hszp_gz","blend":"additive"},{"name":"hszp_zplight","bone":"hszp_zplight","attachment":"hszp_zplight","blend":"additive"},{"name":"hszp_zplight2","bone":"hszp_zplight2","attachment":"hszp_zplight","blend":"additive"},{"name":"hszp_zplight3","bone":"hszp_zplight3","attachment":"hszp_zplight","blend":"additive"},{"name":"hszp_zplight4","bone":"hszp_zplight4","attachment":"hszp_zplight","blend":"additive"},{"name":"hszp_zplight5","bone":"hszp_zplight5","attachment":"hszp_zplight","blend":"additive"},{"name":"hszp_zplight6","bone":"hszp_zplight6","attachment":"hszp_zplight","blend":"additive"},{"name":"hszp_zplight7","bone":"hszp_zplight7","attachment":"hszp_zplight","blend":"additive"},{"name":"hszp_zplight8","bone":"hszp_zplight8","attachment":"hszp_zplight","blend":"additive"},{"name":"hszp_zplight9","bone":"hszp_zplight9","attachment":"hszp_zplight","blend":"additive"},{"name":"hszp_zplight10","bone":"hszp_zplight10","attachment":"hszp_zplight","blend":"additive"},{"name":"hszp_zpgd","bone":"hszp_zpgd","attachment":"hszp_zpgd","blend":"additive"},{"name":"hszp_zpgd5","bone":"hszp_zpgd5","attachment":"hszp_zpgd","blend":"additive"},{"name":"hszp_zpgd6","bone":"hszp_zpgd6","attachment":"hszp_zpgd","blend":"additive"},{"name":"hszp_zpgd7","bone":"hszp_zpgd7","attachment":"hszp_zpgd","blend":"additive"},{"name":"hszp_zpgd8","bone":"hszp_zpgd8","attachment":"hszp_zpgd","blend":"additive"},{"name":"hszp_zpgd2","bone":"hszp_zpgd2","attachment":"hszp_zpgd","blend":"additive"},{"name":"hszp_zpgd3","bone":"hszp_zpgd3","attachment":"hszp_zpgd","blend":"additive"},{"name":"hszp_zpgd4","bone":"hszp_zpgd4","attachment":"hszp_zpgd","blend":"additive"},{"name":"hszp_glass","bone":"hszp_glass","attachment":"hszp_glass","blend":"additive"}],"skins":{"default":{"hszp_btk":{"hszp_btk":{"width":369,"height":112}},"hszp_glass":{"hszp_glass":{"x":-149,"y":149,"scaleX":2,"scaleY":2,"width":149,"height":149}},"hszp_gz":{"hszp_gz":{"x":-0.47,"y":133.5,"scaleX":2,"scaleY":2,"width":69,"height":135}},"hszp_gz2":{"hszp_gz":{"x":-0.47,"y":133.5,"scaleX":2,"scaleY":2,"width":69,"height":135}},"hszp_gz3":{"hszp_gz":{"x":-0.47,"y":133.5,"scaleX":2,"scaleY":2,"width":69,"height":135}},"hszp_gz4":{"hszp_gz":{"x":-0.47,"y":133.5,"scaleX":2,"scaleY":2,"width":69,"height":135}},"hszp_gz5":{"hszp_gz":{"x":-0.47,"y":133.5,"scaleX":2,"scaleY":2,"width":69,"height":135}},"hszp_gz6":{"hszp_gz":{"x":-0.47,"y":133.5,"scaleX":2,"scaleY":2,"width":69,"height":135}},"hszp_zpgd":{"hszp_zpgd":{"width":22,"height":22}},"hszp_zpgd2":{"hszp_zpgd":{"width":22,"height":22}},"hszp_zpgd3":{"hszp_zpgd":{"width":22,"height":22}},"hszp_zpgd4":{"hszp_zpgd":{"width":22,"height":22}},"hszp_zpgd5":{"hszp_zpgd":{"width":22,"height":22}},"hszp_zpgd6":{"hszp_zpgd":{"width":22,"height":22}},"hszp_zpgd7":{"hszp_zpgd":{"width":22,"height":22}},"hszp_zpgd8":{"hszp_zpgd":{"width":22,"height":22}},"hszp_zplight":{"hszp_zplight":{"width":38,"height":37}},"hszp_zplight10":{"hszp_zplight":{"width":38,"height":37}},"hszp_zplight2":{"hszp_zplight":{"width":38,"height":37}},"hszp_zplight3":{"hszp_zplight":{"width":38,"height":37}},"hszp_zplight4":{"hszp_zplight":{"width":38,"height":37}},"hszp_zplight5":{"hszp_zplight":{"width":38,"height":37}},"hszp_zplight6":{"hszp_zplight":{"width":38,"height":37}},"hszp_zplight7":{"hszp_zplight":{"width":38,"height":37}},"hszp_zplight8":{"hszp_zplight":{"width":38,"height":37}},"hszp_zplight9":{"hszp_zplight":{"width":38,"height":37}},"hszp_zpwk":{"hszp_zpwk":{"x":-154.5,"width":309,"height":595}},"hszp_zpwk2":{"hszp_zpwk":{"x":-154.5,"width":309,"height":595}}}},"animations":{"idle":{"slots":{"hszp_btk":{"attachment":[{"time":0,"name":"hszp_btk"},{"time":2,"name":"hszp_btk"}]},"hszp_glass":{"color":[{"time":0,"color":"ffffff22","curve":"stepped"},{"time":2,"color":"ffffff22"}],"attachment":[{"time":0,"name":"hszp_glass"},{"time":2,"name":"hszp_glass"}]},"hszp_gz":{"color":[{"time":0,"color":"ffb60000","curve":[0.25,0,0.75,1]},{"time":1,"color":"ffb60022","curve":[0.25,0,0.75,1]},{"time":2,"color":"ffb60000"}],"attachment":[{"time":0,"name":"hszp_gz"},{"time":2,"name":"hszp_gz"}]},"hszp_gz2":{"color":[{"time":0,"color":"ffb6001e","curve":[0.25,0,0.75,1]},{"time":0.8333,"color":"ffb60000","curve":[0.25,0,0.75,1]},{"time":1.8333,"color":"ffb60022","curve":[0.25,0,0.75,1]},{"time":2,"color":"ffb6001e"}],"attachment":[{"time":0,"name":"hszp_gz"},{"time":2,"name":"hszp_gz"}]},"hszp_gz3":{"color":[{"time":0,"color":"ffb60008","curve":[0.25,0,0.75,1]},{"time":0.3333,"color":"ffb60000","curve":[0.25,0,0.75,1]},{"time":1.3333,"color":"ffb60022","curve":[0.25,0,0.75,1]},{"time":2,"color":"ffb60008"}],"attachment":[{"time":0,"name":"hszp_gz"},{"time":2,"name":"hszp_gz"}]},"hszp_gz4":{"color":[{"time":0,"color":"ffb60010","curve":[0.25,0,0.75,1]},{"time":0.5,"color":"ffb60000","curve":[0.25,0,0.75,1]},{"time":1.5,"color":"ffb60022","curve":[0.25,0,0.75,1]},{"time":2,"color":"ffb60010"}],"attachment":[{"time":0,"name":"hszp_gz"},{"time":2,"name":"hszp_gz"}]},"hszp_gz5":{"color":[{"time":0,"color":"ffb60018","curve":[0.25,0,0.75,1]},{"time":0.6667,"color":"ffb60000","curve":[0.25,0,0.75,1]},{"time":1.6667,"color":"ffb60022","curve":[0.25,0,0.75,1]},{"time":2,"color":"ffb60018"}],"attachment":[{"time":0,"name":"hszp_gz"},{"time":2,"name":"hszp_gz"}]},"hszp_gz6":{"color":[{"time":0,"color":"ffb60002","curve":[0.25,0,0.75,1]},{"time":0.1667,"color":"ffb60000","curve":[0.25,0,0.75,1]},{"time":1.1667,"color":"ffb60022","curve":[0.25,0,0.75,1]},{"time":2,"color":"ffb60002"}],"attachment":[{"time":0,"name":"hszp_gz"},{"time":2,"name":"hszp_gz"}]},"hszp_zpgd":{"color":[{"time":0,"color":"ffffff00","curve":[0.25,0,0.75,1]},{"time":1,"color":"fffffffe","curve":[0.25,0,0.75,1]},{"time":2,"color":"ffffff00"}],"attachment":[{"time":0,"name":"hszp_zpgd"},{"time":2,"name":"hszp_zpgd"}]},"hszp_zpgd2":{"color":[{"time":0,"color":"ffffff20","curve":[0.25,0,0.75,1]},{"time":0.2,"color":"ffffff00","curve":[0.25,0,0.75,1]},{"time":1.2,"color":"fffffffe","curve":[0.25,0,0.75,1]},{"time":2,"color":"ffffff20"}],"attachment":[{"time":0,"name":"hszp_zpgd"},{"time":2,"name":"hszp_zpgd"}]},"hszp_zpgd3":{"color":[{"time":0,"color":"ffffff5c","curve":[0.25,0,0.75,1]},{"time":0.4,"color":"ffffff00","curve":[0.25,0,0.75,1]},{"time":1.4,"color":"fffffffe","curve":[0.25,0,0.75,1]},{"time":2,"color":"ffffff5c"}],"attachment":[{"time":0,"name":"hszp_zpgd"},{"time":2,"name":"hszp_zpgd"}]},"hszp_zpgd4":{"color":[{"time":0,"color":"ffffffa0","curve":[0.25,0,0.75,1]},{"time":0.6,"color":"ffffff00","curve":[0.25,0,0.75,1]},{"time":1.6,"color":"fffffffe","curve":[0.25,0,0.75,1]},{"time":2,"color":"ffffffa0"}],"attachment":[{"time":0,"name":"hszp_zpgd"},{"time":2,"name":"hszp_zpgd"}]},"hszp_zpgd5":{"color":[{"time":0,"color":"ffffff20","curve":[0.25,0,0.75,1]},{"time":0.2,"color":"ffffff00","curve":[0.25,0,0.75,1]},{"time":1.2,"color":"fffffffe","curve":[0.25,0,0.75,1]},{"time":2,"color":"ffffff20"}],"attachment":[{"time":0,"name":"hszp_zpgd"},{"time":2,"name":"hszp_zpgd"}]},"hszp_zpgd6":{"color":[{"time":0,"color":"ffffff5c","curve":[0.25,0,0.75,1]},{"time":0.4,"color":"ffffff00","curve":[0.25,0,0.75,1]},{"time":1.4,"color":"fffffffe","curve":[0.25,0,0.75,1]},{"time":2,"color":"ffffff5c"}],"attachment":[{"time":0,"name":"hszp_zpgd"},{"time":2,"name":"hszp_zpgd"}]},"hszp_zpgd7":{"color":[{"time":0,"color":"ffffffa0","curve":[0.25,0,0.75,1]},{"time":0.6,"color":"ffffff00","curve":[0.25,0,0.75,1]},{"time":1.6,"color":"fffffffe","curve":[0.25,0,0.75,1]},{"time":2,"color":"ffffffa0"}],"attachment":[{"time":0,"name":"hszp_zpgd"},{"time":2,"name":"hszp_zpgd"}]},"hszp_zpgd8":{"color":[{"time":0,"color":"ffffffdc","curve":[0.25,0,0.75,1]},{"time":0.8,"color":"ffffff00","curve":[0.25,0,0.75,1]},{"time":1.8,"color":"fffffffe","curve":[0.25,0,0.75,1]},{"time":2,"color":"ffffffdc"}],"attachment":[{"time":0,"name":"hszp_zpgd"},{"time":2,"name":"hszp_zpgd"}]},"hszp_zplight":{"color":[{"time":0,"color":"ffffff00","curve":[0.25,0,0.75,1]},{"time":0.5,"color":"fffffffe","curve":[0.25,0,0.75,1]},{"time":1,"color":"ffffff00","curve":"stepped"},{"time":2,"color":"ffffff00"}],"attachment":[{"time":0,"name":"hszp_zplight"},{"time":2,"name":"hszp_zplight"}]},"hszp_zplight2":{"color":[{"time":0,"color":"ffffff00","curve":"stepped"},{"time":0.6667,"color":"ffffff00","curve":[0.25,0,0.75,1]},{"time":1.3333,"color":"fffffffe","curve":[0.25,0,0.75,1]},{"time":2,"color":"ffffff00"}],"attachment":[{"time":0,"name":"hszp_zplight"},{"time":2,"name":"hszp_zplight"}]},"hszp_zplight3":{"color":[{"time":0,"color":"ffffff00","curve":[0.25,0,0.75,1]},{"time":0.5,"color":"fffffffe","curve":[0.25,0,0.75,1]},{"time":1,"color":"ffffff00","curve":"stepped"},{"time":2,"color":"ffffff00"}],"attachment":[{"time":0,"name":"hszp_zplight"},{"time":2,"name":"hszp_zplight"}]},"hszp_zplight4":{"color":[{"time":0,"color":"ffffff00","curve":"stepped"},{"time":0.6667,"color":"ffffff00","curve":[0.25,0,0.75,1]},{"time":1.3333,"color":"fffffffe","curve":[0.25,0,0.75,1]},{"time":2,"color":"ffffff00"}],"attachment":[{"time":0,"name":"hszp_zplight"},{"time":2,"name":"hszp_zplight"}]},"hszp_zplight5":{"color":[{"time":0,"color":"ffffff00","curve":[0.25,0,0.75,1]},{"time":0.5,"color":"fffffffe","curve":[0.25,0,0.75,1]},{"time":1,"color":"ffffff00","curve":"stepped"},{"time":2,"color":"ffffff00"}],"attachment":[{"time":0,"name":"hszp_zplight"},{"time":2,"name":"hszp_zplight"}]},"hszp_zplight6":{"color":[{"time":0,"color":"ffffff00","curve":"stepped"},{"time":0.6667,"color":"ffffff00","curve":[0.25,0,0.75,1]},{"time":1.3333,"color":"fffffffe","curve":[0.25,0,0.75,1]},{"time":2,"color":"ffffff00"}],"attachment":[{"time":0,"name":"hszp_zplight"},{"time":2,"name":"hszp_zplight"}]},"hszp_zplight7":{"color":[{"time":0,"color":"ffffff00","curve":[0.25,0,0.75,1]},{"time":0.5,"color":"fffffffe","curve":[0.25,0,0.75,1]},{"time":1,"color":"ffffff00","curve":"stepped"},{"time":2,"color":"ffffff00"}],"attachment":[{"time":0,"name":"hszp_zplight"},{"time":2,"name":"hszp_zplight"}]},"hszp_zplight8":{"color":[{"time":0,"color":"ffffff00","curve":"stepped"},{"time":0.6667,"color":"ffffff00","curve":[0.25,0,0.75,1]},{"time":1.3333,"color":"fffffffe","curve":[0.25,0,0.75,1]},{"time":2,"color":"ffffff00"}],"attachment":[{"time":0,"name":"hszp_zplight"},{"time":2,"name":"hszp_zplight"}]},"hszp_zplight9":{"color":[{"time":0,"color":"ffffff00","curve":[0.25,0,0.75,1]},{"time":0.5,"color":"fffffffe","curve":[0.25,0,0.75,1]},{"time":1,"color":"ffffff00","curve":"stepped"},{"time":2,"color":"ffffff00"}],"attachment":[{"time":0,"name":"hszp_zplight"},{"time":2,"name":"hszp_zplight"}]},"hszp_zplight10":{"color":[{"time":0,"color":"ffffff00","curve":"stepped"},{"time":0.6667,"color":"ffffff00","curve":[0.25,0,0.75,1]},{"time":1.3333,"color":"fffffffe","curve":[0.25,0,0.75,1]},{"time":2,"color":"ffffff00"}],"attachment":[{"time":0,"name":"hszp_zplight"},{"time":2,"name":"hszp_zplight"}]},"hszp_zpwk":{"attachment":[{"time":0,"name":"hszp_zpwk"},{"time":2,"name":"hszp_zpwk"}]},"hszp_zpwk2":{"attachment":[{"time":0,"name":"hszp_zpwk"},{"time":2,"name":"hszp_zpwk"}]}},"bones":{"hszp_glass":{"rotate":[{"time":0,"angle":0},{"time":0.5,"angle":-90},{"time":1,"angle":-180},{"time":1.5,"angle":-270},{"time":2,"angle":0}]}}},"start":{"slots":{"hszp_btk":{"attachment":[{"time":0,"name":"hszp_btk"}]},"hszp_glass":{"color":[{"time":0,"color":"ffffff22"}],"attachment":[{"time":0,"name":null}]},"hszp_gz":{"color":[{"time":0,"color":"ffb60000"}],"attachment":[{"time":0,"name":null}]},"hszp_gz2":{"color":[{"time":0,"color":"ffb6001e"}],"attachment":[{"time":0,"name":null}]},"hszp_gz3":{"color":[{"time":0,"color":"ffb60008"}],"attachment":[{"time":0,"name":null}]},"hszp_gz4":{"color":[{"time":0,"color":"ffb60010"}],"attachment":[{"time":0,"name":null}]},"hszp_gz5":{"color":[{"time":0,"color":"ffb60018"}],"attachment":[{"time":0,"name":null}]},"hszp_gz6":{"color":[{"time":0,"color":"ffb60002"}],"attachment":[{"time":0,"name":null}]},"hszp_zpgd":{"color":[{"time":0,"color":"ffffff00"}],"attachment":[{"time":0,"name":null}]},"hszp_zpgd2":{"color":[{"time":0,"color":"ffffff20"}],"attachment":[{"time":0,"name":null}]},"hszp_zpgd3":{"color":[{"time":0,"color":"ffffff5c"}],"attachment":[{"time":0,"name":null}]},"hszp_zpgd4":{"color":[{"time":0,"color":"ffffffa0"}],"attachment":[{"time":0,"name":null}]},"hszp_zpgd5":{"color":[{"time":0,"color":"ffffff20"}],"attachment":[{"time":0,"name":null}]},"hszp_zpgd6":{"color":[{"time":0,"color":"ffffff5c"}],"attachment":[{"time":0,"name":null}]},"hszp_zpgd7":{"color":[{"time":0,"color":"ffffffa0"}],"attachment":[{"time":0,"name":null}]},"hszp_zpgd8":{"color":[{"time":0,"color":"ffffffdc"}],"attachment":[{"time":0,"name":null}]},"hszp_zplight":{"color":[{"time":0,"color":"ffffff00"}],"attachment":[{"time":0,"name":null}]},"hszp_zplight2":{"color":[{"time":0,"color":"ffffff00"}],"attachment":[{"time":0,"name":null}]},"hszp_zplight3":{"color":[{"time":0,"color":"ffffff00"}],"attachment":[{"time":0,"name":null}]},"hszp_zplight4":{"color":[{"time":0,"color":"ffffff00"}],"attachment":[{"time":0,"name":null}]},"hszp_zplight5":{"color":[{"time":0,"color":"ffffff00"}],"attachment":[{"time":0,"name":null}]},"hszp_zplight6":{"color":[{"time":0,"color":"ffffff00"}],"attachment":[{"time":0,"name":null}]},"hszp_zplight7":{"color":[{"time":0,"color":"ffffff00"}],"attachment":[{"time":0,"name":null}]},"hszp_zplight8":{"color":[{"time":0,"color":"ffffff00"}],"attachment":[{"time":0,"name":null}]},"hszp_zplight9":{"color":[{"time":0,"color":"ffffff00"}],"attachment":[{"time":0,"name":null}]},"hszp_zplight10":{"color":[{"time":0,"color":"ffffff00"}],"attachment":[{"time":0,"name":null}]},"hszp_zpwk":{"attachment":[{"time":0,"name":"hszp_zpwk"}]},"hszp_zpwk2":{"attachment":[{"time":0,"name":"hszp_zpwk"}]}},"bones":{"hszp_glass":{"rotate":[{"time":0,"angle":0}]}}}}}