{"skeleton":{"hash":"ZrEAXCn6FIiQ3Gtfl1D8rDYtHuk","spine":"3.6.37","width":338.13,"height":78.82,"images":"./images/"},"bones":[{"name":"root","rotation":0.1},{"name":"jt","parent":"root"},{"name":"xsydzi_anniudi","parent":"root"},{"name":"xsydzi_jiantou1","parent":"jt","x":74.29},{"name":"xsydzi_jiantou2","parent":"jt","x":85.11},{"name":"xsydzi_sg","parent":"root","x":1.66,"y":-3.31,"scaleX":4,"scaleY":4},{"name":"xsydzi_zi","parent":"root","x":-11.12,"y":-4.55}],"slots":[{"name":"xsydzi_anniudi","bone":"xsydzi_anniudi","attachment":"xsydzi_anniudi"},{"name":"xsydzi_jiantou1","bone":"xsydzi_jiantou1","attachment":"xsydzi_jiantou1"},{"name":"xsydzi_jiantou2","bone":"xsydzi_jiantou2","attachment":"xsydzi_jiantou1"},{"name":"xsydzi_zi","bone":"xsydzi_zi","attachment":"xsydzi_zi"},{"name":"xsydzi_sg","bone":"xsydzi_sg","attachment":"xsydzi_sg00","blend":"additive"}],"skins":{"default":{"xsydzi_anniudi":{"xsydzi_anniudi":{"width":338,"height":78}},"xsydzi_jiantou1":{"xsydzi_jiantou1":{"x":0.74,"y":-4.1,"width":24,"height":35}},"xsydzi_jiantou2":{"xsydzi_jiantou1":{"x":0.74,"y":-4.1,"width":24,"height":35}},"xsydzi_sg":{"xsydzi_sg00":{"width":69,"height":18},"xsydzi_sg01":{"width":69,"height":18},"xsydzi_sg02":{"width":69,"height":18},"xsydzi_sg03":{"width":69,"height":18},"xsydzi_sg04":{"width":69,"height":18},"xsydzi_sg05":{"width":69,"height":18},"xsydzi_sg06":{"width":69,"height":18},"xsydzi_sg07":{"width":69,"height":18},"xsydzi_sg08":{"width":69,"height":18},"xsydzi_sg09":{"width":69,"height":18},"xsydzi_sg10":{"width":69,"height":18},"xsydzi_sg11":{"width":69,"height":18},"xsydzi_sg12":{"width":69,"height":18},"xsydzi_sg13":{"width":69,"height":18},"xsydzi_sg14":{"width":69,"height":18},"xsydzi_sg15":{"width":69,"height":18},"xsydzi_sg16":{"width":69,"height":18},"xsydzi_sg17":{"width":69,"height":18},"xsydzi_sg18":{"width":69,"height":18},"xsydzi_sg19":{"width":69,"height":18},"xsydzi_sg20":{"width":69,"height":18},"xsydzi_sg21":{"width":69,"height":18},"xsydzi_sg22":{"width":69,"height":18},"xsydzi_sg23":{"width":69,"height":18},"xsydzi_sg24":{"width":69,"height":18},"xsydzi_sg25":{"width":69,"height":18},"xsydzi_sg26":{"width":69,"height":18},"xsydzi_sg27":{"width":69,"height":18},"xsydzi_sg28":{"width":69,"height":18},"xsydzi_sg29":{"width":69,"height":18},"xsydzi_sg30":{"width":69,"height":18},"xsydzi_sg31":{"width":69,"height":18},"xsydzi_sg32":{"width":69,"height":18},"xsydzi_sg33":{"width":69,"height":18},"xsydzi_sg34":{"width":69,"height":18},"xsydzi_sg35":{"width":69,"height":18}},"xsydzi_zi":{"xsydzi_zi":{"width":150,"height":43}}}},"animations":{"animation":{"slots":{"xsydzi_jiantou1":{"color":[{"time":0,"color":"ffffff32"},{"time":0.6,"color":"fffffffe"},{"time":1.8,"color":"ffffff32","curve":"stepped"},{"time":2.3333,"color":"ffffff32"}]},"xsydzi_jiantou2":{"color":[{"time":0,"color":"ffffff32","curve":"stepped"},{"time":0.6,"color":"ffffff32"},{"time":1.2,"color":"fffffffe"},{"time":2.3333,"color":"ffffff32"}]},"xsydzi_sg":{"color":[{"time":0,"color":"ffffff86","curve":"stepped"},{"time":2.3333,"color":"ffffff86"}],"attachment":[{"time":0,"name":"xsydzi_sg00"},{"time":0.0667,"name":"xsydzi_sg01"},{"time":0.1333,"name":"xsydzi_sg02"},{"time":0.2,"name":"xsydzi_sg03"},{"time":0.2667,"name":"xsydzi_sg04"},{"time":0.3333,"name":"xsydzi_sg05"},{"time":0.4,"name":"xsydzi_sg06"},{"time":0.4667,"name":"xsydzi_sg07"},{"time":0.5333,"name":"xsydzi_sg08"},{"time":0.6,"name":"xsydzi_sg09"},{"time":0.6667,"name":"xsydzi_sg10"},{"time":0.7333,"name":"xsydzi_sg11"},{"time":0.8,"name":"xsydzi_sg12"},{"time":0.8667,"name":"xsydzi_sg13"},{"time":0.9333,"name":"xsydzi_sg14"},{"time":1,"name":"xsydzi_sg15"},{"time":1.0667,"name":"xsydzi_sg16"},{"time":1.1333,"name":"xsydzi_sg17"},{"time":1.2,"name":"xsydzi_sg18"},{"time":1.2667,"name":"xsydzi_sg19"},{"time":1.3333,"name":"xsydzi_sg20"},{"time":1.4,"name":"xsydzi_sg21"},{"time":1.4667,"name":"xsydzi_sg22"},{"time":1.5333,"name":"xsydzi_sg23"},{"time":1.6,"name":"xsydzi_sg24"},{"time":1.6667,"name":"xsydzi_sg25"},{"time":1.7333,"name":"xsydzi_sg26"},{"time":1.8,"name":"xsydzi_sg27"},{"time":1.8667,"name":"xsydzi_sg28"},{"time":1.9333,"name":"xsydzi_sg29"},{"time":2,"name":"xsydzi_sg30"},{"time":2.0667,"name":"xsydzi_sg31"},{"time":2.1333,"name":"xsydzi_sg32"},{"time":2.2,"name":"xsydzi_sg33"},{"time":2.2667,"name":"xsydzi_sg34"},{"time":2.3333,"name":"xsydzi_sg35"}]}}}}}