{"skeleton":{"hash":"YMHSCi3tnh5zUPlV1Jl4eVpTdZM","spine":"3.6.37","width":99,"height":74.5,"images":"./images/"},"bones":[{"name":"root"},{"name":"hip","parent":"root"},{"name":"rwxt_rkbook2","parent":"hip","length":52.84,"rotation":59.92,"x":-34.61,"y":-13.03},{"name":"rwxt_rkbook1","parent":"rwxt_rkbook2","length":41.35,"rotation":-57.95,"x":27.57,"y":0.71},{"name":"rwxt_rklg","parent":"hip","x":5.45,"y":4.71,"scaleX":2,"scaleY":2}],"slots":[{"name":"rwxt_rkbook2","bone":"rwxt_rkbook2","attachment":"rwxt_rkbook2"},{"name":"rwxt_rkbook1","bone":"rwxt_rkbook1","attachment":"rwxt_rkbook1"},{"name":"rwxt_rktext","bone":"hip","attachment":"rwxt_rktext"},{"name":"rwxt_rklg","bone":"rwxt_rklg","blend":"additive"}],"skins":{"default":{"rwxt_rkbook1":{"rwxt_rkbook1":{"type":"mesh","uvs":[0.95547,0.19631,0.72206,0.88787,0.2336,0.90439,0.05114,0.78548,0.319,0.13036,0.41668,0.08887,0.45328,0.1726,0.94412,0.02633,0.69197,0.80085,0.25776,0.82391],"triangles":[8,6,7,1,9,8,0,8,7,1,8,0,9,6,8,9,3,4,4,5,6,9,4,6,2,3,9,1,2,9],"vertices":[2,2,64.97,-33.11,0.15,3,48.51,13.76,0.85,2,2,21.61,-36.91,0.15,3,28.72,-25.01,0.85,2,2,1.46,-3.99,0.85,3,-9.87,-24.62,0.15,1,2,0.1,11.88,1,1,2,43.02,12.29,1,1,2,48.94,6.79,1,2,2,46.26,1.9,0.85,3,8.9,16.47,0.15,1,3,47.94,23.47,1,1,3,26.52,-19.97,1,2,2,6.39,-3.34,0.85,3,-7.81,-20.1,0.15],"hull":8,"edges":[14,16,16,18,4,18,4,2,2,16,0,2,14,0,12,18,12,14,4,6,12,10,6,8,10,8],"width":79,"height":57}},"rwxt_rkbook2":{"rwxt_rkbook2":{"x":20.73,"y":-21.2,"rotation":-59.92,"width":86,"height":65}},"rwxt_rklg":{"rwxt_rklg0":{"width":57,"height":46},"rwxt_rklg1":{"width":57,"height":46},"rwxt_rklg2":{"width":57,"height":46},"rwxt_rklg3":{"width":57,"height":46},"rwxt_rklg4":{"width":57,"height":46},"rwxt_rklg5":{"width":57,"height":46},"rwxt_rklg6":{"width":57,"height":46},"rwxt_rklg7":{"width":57,"height":46},"rwxt_rklg8":{"width":57,"height":46},"rwxt_rklg9":{"width":57,"height":46},"rwxt_rklg10":{"width":57,"height":46},"rwxt_rklg11":{"width":57,"height":46},"rwxt_rklg12":{"width":57,"height":46},"rwxt_rklg13":{"width":57,"height":46},"rwxt_rklg14":{"width":57,"height":46},"rwxt_rklg15":{"width":57,"height":46},"rwxt_rklg16":{"width":57,"height":46},"rwxt_rklg17":{"width":57,"height":46},"rwxt_rklg18":{"width":57,"height":46},"rwxt_rklg19":{"width":57,"height":46},"rwxt_rklg20":{"width":57,"height":46},"rwxt_rklg21":{"width":57,"height":46},"rwxt_rklg22":{"width":57,"height":46},"rwxt_rklg23":{"width":57,"height":46},"rwxt_rklg24":{"width":57,"height":46},"rwxt_rklg25":{"width":57,"height":46},"rwxt_rklg26":{"width":57,"height":46},"rwxt_rklg27":{"width":57,"height":46},"rwxt_rklg28":{"width":57,"height":46},"rwxt_rklg29":{"width":57,"height":46},"rwxt_rklg30":{"width":57,"height":46},"rwxt_rklg31":{"width":57,"height":46},"rwxt_rklg32":{"width":57,"height":46},"rwxt_rklg33":{"width":57,"height":46},"rwxt_rklg34":{"width":57,"height":46},"rwxt_rklg35":{"width":57,"height":46}},"rwxt_rktext":{"rwxt_rktext":{"x":19.12,"y":-11.72,"width":62,"height":39}}}},"animations":{"animation":{"slots":{"rwxt_rklg":{"attachment":[{"time":0,"name":"rwxt_rklg0"},{"time":0.0333,"name":"rwxt_rklg1"},{"time":0.0667,"name":"rwxt_rklg2"},{"time":0.1,"name":"rwxt_rklg3"},{"time":0.1333,"name":"rwxt_rklg4"},{"time":0.1667,"name":"rwxt_rklg5"},{"time":0.2,"name":"rwxt_rklg6"},{"time":0.2333,"name":"rwxt_rklg7"},{"time":0.2667,"name":"rwxt_rklg8"},{"time":0.3,"name":"rwxt_rklg9"},{"time":0.3333,"name":"rwxt_rklg10"},{"time":0.3667,"name":"rwxt_rklg11"},{"time":0.4,"name":"rwxt_rklg12"},{"time":0.4333,"name":"rwxt_rklg13"},{"time":0.4667,"name":"rwxt_rklg14"},{"time":0.5,"name":"rwxt_rklg15"},{"time":0.5333,"name":"rwxt_rklg16"},{"time":0.5667,"name":"rwxt_rklg17"},{"time":0.6,"name":"rwxt_rklg18"},{"time":0.6333,"name":"rwxt_rklg19"},{"time":0.6667,"name":"rwxt_rklg20"},{"time":0.7,"name":"rwxt_rklg21"},{"time":0.7333,"name":"rwxt_rklg22"},{"time":0.7667,"name":"rwxt_rklg23"},{"time":0.8,"name":"rwxt_rklg24"},{"time":0.8333,"name":"rwxt_rklg25"},{"time":0.8667,"name":"rwxt_rklg26"},{"time":0.9,"name":"rwxt_rklg27"},{"time":0.9333,"name":"rwxt_rklg28"},{"time":0.9667,"name":"rwxt_rklg29"},{"time":1,"name":"rwxt_rklg30"},{"time":1.0333,"name":"rwxt_rklg31"},{"time":1.0667,"name":"rwxt_rklg32"},{"time":1.1,"name":"rwxt_rklg33"},{"time":1.1333,"name":"rwxt_rklg34"},{"time":1.1667,"name":"rwxt_rklg35"},{"time":1.2,"name":"rwxt_rklg0"}]}},"bones":{"rwxt_rkbook2":{"rotate":[{"time":0,"angle":0,"curve":"stepped"},{"time":1.2,"angle":0}],"translate":[{"time":0,"x":0,"y":0,"curve":"stepped"},{"time":1.2,"x":0,"y":0}],"scale":[{"time":0,"x":1,"y":1,"curve":"stepped"},{"time":1.2,"x":1,"y":1}]},"rwxt_rkbook1":{"rotate":[{"time":0,"angle":0,"curve":"stepped"},{"time":1.2,"angle":0}],"translate":[{"time":0,"x":0,"y":0,"curve":[0.25,0,0.75,1]},{"time":0.6,"x":-1.62,"y":-1.01,"curve":[0.25,0,0.75,1]},{"time":1.2,"x":0,"y":0}],"scale":[{"time":0,"x":1,"y":1,"curve":"stepped"},{"time":1.2,"x":1,"y":1}]}},"deform":{"default":{"rwxt_rkbook1":{"rwxt_rkbook1":[{"time":0,"curve":"stepped"},{"time":1.2}]}}}}}}