{"skeleton":{"hash":"N7/3yurqK/xqFtSCE3aMqs1uEaI","spine":"3.6.37","width":65.62,"height":90.55,"images":"./images/"},"bones":[{"name":"root","x":118.12,"y":221.66},{"name":"hip","parent":"root","x":-118.12,"y":-221.66},{"name":"tips","parent":"hip"},{"name":"ph","parent":"tips","x":7.64,"y":31.55},{"name":"tips_xingdian","parent":"tips","rotation":113.98,"x":0.92,"y":12.76,"scaleX":0.25,"scaleY":0.25},{"name":"tips_xingdian2","parent":"tips","rotation":56.04,"x":4.68,"y":-7.52,"scaleX":0.25,"scaleY":0.25},{"name":"tips_xingdian3","parent":"tips","rotation":153.18,"x":16.48,"y":10.47,"scaleX":0.25,"scaleY":0.25},{"name":"tips_xingdian4","parent":"tips","rotation":103.05,"x":-26.68,"y":1.27,"scaleX":0.25,"scaleY":0.25},{"name":"tips_xingdian5","parent":"tips","rotation":153.18,"x":5.8,"y":-19.38,"scaleX":0.25,"scaleY":0.25},{"name":"tips_xingdian6","parent":"tips","rotation":103.05,"x":8.32,"y":4.66,"scaleX":0.25,"scaleY":0.25},{"name":"tips_xingdian7","parent":"tips","rotation":143.21,"x":-11.04,"y":-5.17,"scaleX":0.25,"scaleY":0.25},{"name":"tips_xingdian8","parent":"tips","rotation":-163.8,"x":3.27,"y":26.86,"scaleX":0.25,"scaleY":0.25},{"name":"tips_xingdian9","parent":"tips","rotation":143.21,"x":-4.97,"y":0.68,"scaleX":0.25,"scaleY":0.25},{"name":"tips_xingdian10","parent":"tips","rotation":153.18,"x":-16.69,"y":11.17,"scaleX":0.25,"scaleY":0.25},{"name":"tips_xingdian11","parent":"tips","rotation":-163.8,"x":-3.24,"y":-11.37,"scaleX":0.25,"scaleY":0.25}],"slots":[{"name":"mlxc_rkicon","bone":"tips","attachment":"mlxc_rkicon"},{"name":"tips_xingdian","bone":"tips_xingdian","attachment":"tips_xingdian","blend":"additive"},{"name":"tips_xingdian3","bone":"tips_xingdian3","attachment":"tips_xingdian","blend":"additive"},{"name":"tips_xingdian8","bone":"tips_xingdian8","attachment":"tips_xingdian","blend":"additive"},{"name":"tips_xingdian11","bone":"tips_xingdian11","attachment":"tips_xingdian","blend":"additive"},{"name":"tips_xingdian5","bone":"tips_xingdian5","attachment":"tips_xingdian","blend":"additive"},{"name":"tips_xingdian10","bone":"tips_xingdian10","attachment":"tips_xingdian","blend":"additive"},{"name":"tips_xingdian2","bone":"tips_xingdian2","attachment":"tips_xingdian","blend":"additive"},{"name":"tips_xingdian4","bone":"tips_xingdian4","attachment":"tips_xingdian","blend":"additive"},{"name":"tips_xingdian6","bone":"tips_xingdian6","attachment":"tips_xingdian","blend":"additive"},{"name":"tips_xingdian7","bone":"tips_xingdian7","attachment":"tips_xingdian","blend":"additive"},{"name":"tips_xingdian9","bone":"tips_xingdian9","attachment":"tips_xingdian","blend":"additive"},{"name":"mlxc_dtrk_bph0","bone":"ph","attachment":"mlxc_dtrk_bph0"}],"skins":{"default":{"mlxc_dtrk_bph0":{"mlxc_dtrk_bph0":{"width":53,"height":53},"mlxc_dtrk_bph3":{"width":53,"height":53},"mlxc_dtrk_bph6":{"width":53,"height":53},"mlxc_dtrk_bph9":{"width":53,"height":53},"mlxc_dtrk_bph12":{"width":53,"height":53},"mlxc_dtrk_bph15":{"width":53,"height":53},"mlxc_dtrk_bph18":{"width":53,"height":53},"mlxc_dtrk_bph21":{"width":53,"height":53},"mlxc_dtrk_bph24":{"width":53,"height":53},"mlxc_dtrk_bph27":{"width":53,"height":53},"mlxc_dtrk_bph30":{"width":53,"height":53},"mlxc_dtrk_bph33":{"width":53,"height":53}},"mlxc_rkicon":{"mlxc_rkicon":{"width":62,"height":65}},"tips_xingdian":{"tips_xingdian":{"width":32,"height":32}},"tips_xingdian10":{"tips_xingdian":{"width":32,"height":32}},"tips_xingdian11":{"tips_xingdian":{"width":32,"height":32}},"tips_xingdian2":{"tips_xingdian":{"width":32,"height":32}},"tips_xingdian3":{"tips_xingdian":{"width":32,"height":32}},"tips_xingdian4":{"tips_xingdian":{"width":32,"height":32}},"tips_xingdian5":{"tips_xingdian":{"width":32,"height":32}},"tips_xingdian6":{"tips_xingdian":{"width":32,"height":32}},"tips_xingdian7":{"tips_xingdian":{"width":32,"height":32}},"tips_xingdian8":{"tips_xingdian":{"width":32,"height":32}},"tips_xingdian9":{"tips_xingdian":{"width":32,"height":32}}}},"animations":{"animation":{"slots":{"mlxc_dtrk_bph0":{"color":[{"time":0,"color":"fffffffe","curve":"stepped"},{"time":2.2667,"color":"fffffffe"}],"attachment":[{"time":0,"name":"mlxc_dtrk_bph0"},{"time":0.2,"name":"mlxc_dtrk_bph3"},{"time":0.3667,"name":"mlxc_dtrk_bph6"},{"time":0.5667,"name":"mlxc_dtrk_bph9"},{"time":0.7667,"name":"mlxc_dtrk_bph12"},{"time":0.9333,"name":"mlxc_dtrk_bph15"},{"time":1.1333,"name":"mlxc_dtrk_bph18"},{"time":1.3333,"name":"mlxc_dtrk_bph21"},{"time":1.5,"name":"mlxc_dtrk_bph24"},{"time":1.7,"name":"mlxc_dtrk_bph27"},{"time":1.9,"name":"mlxc_dtrk_bph30"},{"time":2.0667,"name":"mlxc_dtrk_bph33"},{"time":2.2667,"name":"mlxc_dtrk_bph0"}]},"mlxc_rkicon":{"color":[{"time":0,"color":"fffffffe","curve":"stepped"},{"time":2.2667,"color":"fffffffe"}]},"tips_xingdian":{"color":[{"time":0,"color":"ffffff00"},{"time":0.2667,"color":"fffffffe"},{"time":0.6,"color":"ffffff00","curve":"stepped"},{"time":0.7667,"color":"ffffff00"},{"time":0.8,"color":"fffffffe"},{"time":1.2667,"color":"ffffff00"},{"time":1.3,"color":"fffffffe"},{"time":1.9333,"color":"ffffff00","curve":"stepped"},{"time":2.2667,"color":"ffffff00"}]},"tips_xingdian2":{"color":[{"time":0,"color":"ffffff1a","curve":"stepped"},{"time":0.2667,"color":"ffffff1a"},{"time":0.3,"color":"ffffff00"},{"time":0.4667,"color":"fffffffe"},{"time":0.7667,"color":"ffffff1a"},{"time":0.8333,"color":"ffffff00"},{"time":1.2,"color":"fffffffe"},{"time":1.2667,"color":"ffffff1a"},{"time":1.3333,"color":"ffffff00"},{"time":1.7,"color":"fffffffe"},{"time":2.2667,"color":"ffffff1a"}]},"tips_xingdian3":{"color":[{"time":0,"color":"ffffff00","curve":"stepped"},{"time":0.2667,"color":"ffffff00"},{"time":0.3667,"color":"fffffffe"},{"time":0.6667,"color":"ffffff00","curve":"stepped"},{"time":0.7667,"color":"ffffff00"},{"time":0.9667,"color":"fffffffe"},{"time":1.2667,"color":"ffffff00"},{"time":1.4667,"color":"fffffffe"},{"time":2.1,"color":"ffffff00","curve":"stepped"},{"time":2.2667,"color":"ffffff00"}]},"tips_xingdian4":{"color":[{"time":0,"color":"ffffff0c"},{"time":0.2667,"color":"ffffff00"},{"time":0.4667,"color":"fffffffe"},{"time":0.7667,"color":"ffffff0c"},{"time":0.8,"color":"ffffff00"},{"time":1.1667,"color":"fffffffe"},{"time":1.2667,"color":"ffffff0c"},{"time":1.3,"color":"ffffff00"},{"time":1.6667,"color":"fffffffe"},{"time":2.2667,"color":"ffffff0c"}]},"tips_xingdian5":{"color":[{"time":0,"color":"ffffff42","curve":"stepped"},{"time":0.2667,"color":"ffffff42"},{"time":0.3333,"color":"ffffff00"},{"time":0.5333,"color":"fffffffe"},{"time":0.7667,"color":"ffffff42"},{"time":0.9333,"color":"ffffff00"},{"time":1.2667,"color":"ffffff42"},{"time":1.4333,"color":"ffffff00"},{"time":1.8,"color":"fffffffe"},{"time":2.2667,"color":"ffffff42"}]},"tips_xingdian6":{"color":[{"time":0,"color":"ffffffe6","curve":"stepped"},{"time":0.2667,"color":"ffffffe6"},{"time":0.6,"color":"ffffff00"},{"time":0.7667,"color":"ffffffe6","curve":"stepped"},{"time":1.2667,"color":"ffffffe6"},{"time":1.9333,"color":"ffffff00"},{"time":2.2667,"color":"ffffffe6"}]},"tips_xingdian7":{"color":[{"time":0,"color":"ffffffae","curve":"stepped"},{"time":0.2667,"color":"ffffffae"},{"time":0.4667,"color":"ffffff00"},{"time":0.6667,"color":"fffffffe"},{"time":0.7667,"color":"ffffffae"},{"time":1.2,"color":"ffffff00"},{"time":1.2667,"color":"ffffffae"},{"time":1.7,"color":"ffffff00"},{"time":2.0667,"color":"fffffffe"},{"time":2.2667,"color":"ffffffae"}]},"tips_xingdian8":{"color":[{"time":0,"color":"ffffff72","curve":"stepped"},{"time":0.2667,"color":"ffffff72"},{"time":0.6667,"color":"ffffff00"},{"time":0.7667,"color":"ffffff72","curve":"stepped"},{"time":1.2667,"color":"ffffff72"},{"time":2.1,"color":"ffffff00"},{"time":2.2667,"color":"ffffff72"}]},"tips_xingdian9":{"color":[{"time":0,"color":"ffffffd6","curve":"stepped"},{"time":0.2667,"color":"ffffffd6"},{"time":0.5333,"color":"ffffff00"},{"time":0.6667,"color":"fffffffe"},{"time":0.7667,"color":"ffffffd6","curve":"stepped"},{"time":1.2667,"color":"ffffffd6"},{"time":1.8,"color":"ffffff00"},{"time":2.1667,"color":"fffffffe"},{"time":2.2667,"color":"ffffffd6"}]},"tips_xingdian10":{"color":[{"time":0,"color":"ffffffd0","curve":"stepped"},{"time":0.2667,"color":"ffffffd0"},{"time":0.6,"color":"ffffff00"},{"time":0.7667,"color":"ffffffd0","curve":"stepped"},{"time":1.2667,"color":"ffffffd0"},{"time":1.9667,"color":"ffffff00"},{"time":2.2667,"color":"ffffffd0"}]},"tips_xingdian11":{"color":[{"time":0,"color":"ffffff72","curve":"stepped"},{"time":0.1,"color":"ffffff72"},{"time":0.5,"color":"ffffff00"},{"time":0.6,"color":"ffffff72","curve":"stepped"},{"time":1.1,"color":"ffffff72"},{"time":1.9333,"color":"ffffff00"},{"time":2.1,"color":"ffffff72","curve":"stepped"},{"time":2.2667,"color":"ffffff72"}]}},"bones":{"tips":{"rotate":[{"time":0,"angle":0,"curve":"stepped"},{"time":2.2667,"angle":0}],"translate":[{"time":0,"x":0,"y":0,"curve":"stepped"},{"time":2.2667,"x":0,"y":0}],"scale":[{"time":0,"x":1,"y":1,"curve":"stepped"},{"time":0.6667,"x":1,"y":1,"curve":[0.311,0.8,0.7,1]},{"time":0.7333,"x":1.1,"y":0.9,"curve":[0.311,0.8,0.7,1]},{"time":0.8667,"x":0.95,"y":1.05,"curve":[0.311,0.8,0.7,1]},{"time":1,"x":1.04,"y":0.96,"curve":[0.311,0.8,0.7,1]},{"time":1.1333,"x":1,"y":1,"curve":"stepped"},{"time":2.2667,"x":1,"y":1}]},"tips_xingdian":{"rotate":[{"time":0,"angle":0,"curve":"stepped"},{"time":2.2667,"angle":0}],"translate":[{"time":0,"x":0,"y":0,"curve":"stepped"},{"time":2.2667,"x":0,"y":0}],"scale":[{"time":0,"x":1,"y":1,"curve":"stepped"},{"time":2.2667,"x":1,"y":1}]},"tips_xingdian2":{"rotate":[{"time":0,"angle":0,"curve":"stepped"},{"time":2.2667,"angle":0}],"translate":[{"time":0,"x":0,"y":0,"curve":"stepped"},{"time":2.2667,"x":0,"y":0}],"scale":[{"time":0,"x":1,"y":1,"curve":"stepped"},{"time":2.2667,"x":1,"y":1}]},"tips_xingdian3":{"rotate":[{"time":0,"angle":0,"curve":"stepped"},{"time":2.2667,"angle":0}],"translate":[{"time":0,"x":0,"y":0,"curve":"stepped"},{"time":2.2667,"x":0,"y":0}],"scale":[{"time":0,"x":1,"y":1,"curve":"stepped"},{"time":2.2667,"x":1,"y":1}]},"tips_xingdian4":{"rotate":[{"time":0,"angle":0,"curve":"stepped"},{"time":2.2667,"angle":0}],"translate":[{"time":0,"x":0,"y":0,"curve":"stepped"},{"time":2.2667,"x":0,"y":0}],"scale":[{"time":0,"x":1,"y":1,"curve":"stepped"},{"time":2.2667,"x":1,"y":1}]},"tips_xingdian5":{"rotate":[{"time":0,"angle":0,"curve":"stepped"},{"time":2.2667,"angle":0}],"translate":[{"time":0,"x":0,"y":0,"curve":"stepped"},{"time":2.2667,"x":0,"y":0}],"scale":[{"time":0,"x":1,"y":1,"curve":"stepped"},{"time":2.2667,"x":1,"y":1}]},"tips_xingdian6":{"rotate":[{"time":0,"angle":0,"curve":"stepped"},{"time":2.2667,"angle":0}],"translate":[{"time":0,"x":0,"y":0,"curve":"stepped"},{"time":2.2667,"x":0,"y":0}],"scale":[{"time":0,"x":1,"y":1,"curve":"stepped"},{"time":2.2667,"x":1,"y":1}]},"tips_xingdian7":{"rotate":[{"time":0,"angle":0,"curve":"stepped"},{"time":2.2667,"angle":0}],"translate":[{"time":0,"x":0,"y":0,"curve":"stepped"},{"time":2.2667,"x":0,"y":0}],"scale":[{"time":0,"x":1,"y":1,"curve":"stepped"},{"time":2.2667,"x":1,"y":1}]},"tips_xingdian8":{"rotate":[{"time":0,"angle":0,"curve":"stepped"},{"time":2.2667,"angle":0}],"translate":[{"time":0,"x":0,"y":0,"curve":"stepped"},{"time":2.2667,"x":0,"y":0}],"scale":[{"time":0,"x":1,"y":1,"curve":"stepped"},{"time":2.2667,"x":1,"y":1}]},"tips_xingdian9":{"rotate":[{"time":0,"angle":0,"curve":"stepped"},{"time":2.2667,"angle":0}],"translate":[{"time":0,"x":0,"y":0,"curve":"stepped"},{"time":2.2667,"x":0,"y":0}],"scale":[{"time":0,"x":1,"y":1,"curve":"stepped"},{"time":2.2667,"x":1,"y":1}]},"tips_xingdian10":{"rotate":[{"time":0,"angle":0,"curve":"stepped"},{"time":2.2667,"angle":0}],"translate":[{"time":0,"x":0,"y":0,"curve":"stepped"},{"time":2.2667,"x":0,"y":0}],"scale":[{"time":0,"x":1,"y":1,"curve":"stepped"},{"time":2.2667,"x":1,"y":1}]},"hip":{"rotate":[{"time":0,"angle":0,"curve":[0.25,0,0.75,1]},{"time":0.0667,"angle":4,"curve":[0.25,0,0.75,1]},{"time":0.1,"angle":-4,"curve":[0.25,0,0.75,1]},{"time":0.1667,"angle":2,"curve":[0.25,0,0.75,1]},{"time":0.2,"angle":-2,"curve":[0.25,0,0.75,1]},{"time":0.2667,"angle":0,"curve":[0.25,0,0.75,1]},{"time":0.3,"angle":4,"curve":[0.25,0,0.75,1]},{"time":0.3667,"angle":-4,"curve":[0.25,0,0.75,1]},{"time":0.4,"angle":2,"curve":[0.25,0,0.75,1]},{"time":0.4667,"angle":-2,"curve":[0.25,0,0.75,1]},{"time":0.5,"angle":0,"curve":"stepped"},{"time":0.6667,"angle":0},{"time":0.7,"angle":2},{"time":0.7667,"angle":-2},{"time":0.8667,"angle":2},{"time":0.9667,"angle":-2},{"time":1.0667,"angle":2},{"time":1.1667,"angle":-2},{"time":1.2667,"angle":0}]},"tips_xingdian11":{"rotate":[{"time":0,"angle":0,"curve":"stepped"},{"time":2.2667,"angle":0}],"translate":[{"time":0,"x":0,"y":0,"curve":"stepped"},{"time":2.2667,"x":0,"y":0}],"scale":[{"time":0,"x":1,"y":1,"curve":"stepped"},{"time":2.2667,"x":1,"y":1}]},"ph":{"rotate":[{"time":0,"angle":0,"curve":"stepped"},{"time":2.2667,"angle":0}],"translate":[{"time":0,"x":0,"y":0,"curve":"stepped"},{"time":2.2667,"x":0,"y":0}],"scale":[{"time":0,"x":1,"y":1,"curve":"stepped"},{"time":2.2667,"x":1,"y":1}]}}}}}