{"skeleton":{"hash":"wdM/e7XKPK73m1zosVYvsTHkxd0","spine":"3.6.37","width":1006,"height":669.95,"images":"./images/"},"bones":[{"name":"root"},{"name":"hip","parent":"root"},{"name":"haoli_zhucetext","parent":"hip","x":26.42,"y":175.47},{"name":"rote","parent":"hip","x":22.84,"y":26.99,"scaleX":1.48},{"name":"xuanzhuan","parent":"rote"},{"name":"haoli_zhucexzg","parent":"xuanzhuan"},{"name":"haoli_zhucexzg2","parent":"xuanzhuan","rotation":-30},{"name":"haoli_zhucexzg3","parent":"xuanzhuan","rotation":-60},{"name":"haoli_zhucexzg4","parent":"xuanzhuan","rotation":-90},{"name":"haoli_zhucexzg10","parent":"xuanzhuan","rotation":90},{"name":"haoli_zhucexzg11","parent":"xuanzhuan","rotation":60},{"name":"haoli_zhucexzg12","parent":"xuanzhuan","rotation":30},{"name":"zsb_xbsjtextlg","parent":"haoli_zhucetext","x":1.13,"y":-0.96,"scaleX":2,"scaleY":2}],"slots":[{"name":"haoli_zhucexzg","bone":"haoli_zhucexzg","attachment":"haoli_zhucexzg"},{"name":"haoli_zhucexzg3","bone":"haoli_zhucexzg2","attachment":"haoli_zhucexzg"},{"name":"haoli_zhucexzg4","bone":"haoli_zhucexzg3","attachment":"haoli_zhucexzg"},{"name":"haoli_zhucexzg5","bone":"haoli_zhucexzg4","attachment":"haoli_zhucexzg"},{"name":"haoli_zhucexzg11","bone":"haoli_zhucexzg10","attachment":"haoli_zhucexzg"},{"name":"haoli_zhucexzg12","bone":"haoli_zhucexzg11","attachment":"haoli_zhucexzg"},{"name":"haoli_zhucexzg13","bone":"haoli_zhucexzg12","attachment":"haoli_zhucexzg"},{"name":"zsb_bdsjdb","bone":"hip","attachment":"zsb_bdsjdb"},{"name":"zsb_bdsjtextdb","bone":"hip","attachment":"zsb_bdsjtextdb"},{"name":"zsb_xbsjtext","bone":"haoli_zhucetext","attachment":"zsb_xbsjtext"},{"name":"zsb_xbsjtextlg","bone":"zsb_xbsjtextlg","attachment":"zsb_xbsjtextlg0","blend":"additive"}],"skins":{"default":{"haoli_zhucexzg":{"haoli_zhucexzg":{"x":3.75,"y":166,"width":135,"height":332}},"haoli_zhucexzg11":{"haoli_zhucexzg":{"x":3.75,"y":166,"width":135,"height":332}},"haoli_zhucexzg12":{"haoli_zhucexzg":{"x":3.75,"y":166,"width":135,"height":332}},"haoli_zhucexzg13":{"haoli_zhucexzg":{"x":3.75,"y":166,"width":135,"height":332}},"haoli_zhucexzg3":{"haoli_zhucexzg":{"x":3.75,"y":166,"width":135,"height":332}},"haoli_zhucexzg4":{"haoli_zhucexzg":{"x":3.75,"y":166,"width":135,"height":332}},"haoli_zhucexzg5":{"haoli_zhucexzg":{"x":3.75,"y":166,"width":135,"height":332}},"zsb_bdsjdb":{"zsb_bdsjdb":{"x":25.5,"y":13.04,"scaleX":2,"scaleY":2,"width":503,"height":324}},"zsb_bdsjtextdb":{"zsb_bdsjtextdb":{"x":22.79,"y":123.06,"width":712,"height":292}},"zsb_xbsjtext":{"zsb_xbsjtext":{"width":333,"height":95}},"zsb_xbsjtextlg":{"zsb_xbsjtextlg0":{"width":166,"height":47},"zsb_xbsjtextlg1":{"width":166,"height":47},"zsb_xbsjtextlg2":{"width":166,"height":47},"zsb_xbsjtextlg3":{"width":166,"height":47},"zsb_xbsjtextlg4":{"width":166,"height":47},"zsb_xbsjtextlg5":{"width":166,"height":47},"zsb_xbsjtextlg6":{"width":166,"height":47},"zsb_xbsjtextlg7":{"width":166,"height":47},"zsb_xbsjtextlg8":{"width":166,"height":47},"zsb_xbsjtextlg9":{"width":166,"height":47},"zsb_xbsjtextlg10":{"width":166,"height":47},"zsb_xbsjtextlg11":{"width":166,"height":47},"zsb_xbsjtextlg12":{"width":166,"height":47},"zsb_xbsjtextlg13":{"width":166,"height":47},"zsb_xbsjtextlg14":{"width":166,"height":47},"zsb_xbsjtextlg15":{"width":166,"height":47},"zsb_xbsjtextlg16":{"width":166,"height":47},"zsb_xbsjtextlg17":{"width":166,"height":47},"zsb_xbsjtextlg18":{"width":166,"height":47},"zsb_xbsjtextlg19":{"width":166,"height":47},"zsb_xbsjtextlg20":{"width":166,"height":47},"zsb_xbsjtextlg21":{"width":166,"height":47},"zsb_xbsjtextlg22":{"width":166,"height":47},"zsb_xbsjtextlg23":{"width":166,"height":47},"zsb_xbsjtextlg24":{"width":166,"height":47},"zsb_xbsjtextlg25":{"width":166,"height":47},"zsb_xbsjtextlg26":{"width":166,"height":47},"zsb_xbsjtextlg27":{"width":166,"height":47},"zsb_xbsjtextlg28":{"width":166,"height":47},"zsb_xbsjtextlg29":{"width":166,"height":47},"zsb_xbsjtextlg30":{"width":166,"height":47},"zsb_xbsjtextlg31":{"width":166,"height":47},"zsb_xbsjtextlg32":{"width":166,"height":47},"zsb_xbsjtextlg33":{"width":166,"height":47},"zsb_xbsjtextlg34":{"width":166,"height":47},"zsb_xbsjtextlg35":{"width":166,"height":47}}}},"animations":{"animation":{"slots":{"haoli_zhucexzg":{"color":[{"time":0,"color":"ffffffb8","curve":[0.25,0,0.75,1]},{"time":1.6667,"color":"fffffffe","curve":[0.25,0,0.75,1]},{"time":3.3333,"color":"ffffffb8"}]},"haoli_zhucexzg3":{"color":[{"time":0,"color":"ffffffb8","curve":[0.25,0,0.75,1]},{"time":1.6667,"color":"fffffffe","curve":[0.25,0,0.75,1]},{"time":3.3333,"color":"ffffffb8"}]},"haoli_zhucexzg4":{"color":[{"time":0,"color":"ffffffb8","curve":[0.25,0,0.75,1]},{"time":1.6667,"color":"fffffffe","curve":[0.25,0,0.75,1]},{"time":3.3333,"color":"ffffffb8"}]},"haoli_zhucexzg5":{"color":[{"time":0,"color":"ffffffb8","curve":[0.25,0,0.75,1]},{"time":1.6667,"color":"fffffffe","curve":[0.25,0,0.75,1]},{"time":3.3333,"color":"ffffffb8"}]},"haoli_zhucexzg11":{"color":[{"time":0,"color":"ffffffb8","curve":[0.25,0,0.75,1]},{"time":1.6667,"color":"fffffffe","curve":[0.25,0,0.75,1]},{"time":3.3333,"color":"ffffffb8"}]},"haoli_zhucexzg12":{"color":[{"time":0,"color":"ffffffb8","curve":[0.25,0,0.75,1]},{"time":1.6667,"color":"fffffffe","curve":[0.25,0,0.75,1]},{"time":3.3333,"color":"ffffffb8"}]},"haoli_zhucexzg13":{"color":[{"time":0,"color":"ffffffb8","curve":[0.25,0,0.75,1]},{"time":1.6667,"color":"fffffffe","curve":[0.25,0,0.75,1]},{"time":3.3333,"color":"ffffffb8"}]},"zsb_xbsjtextlg":{"attachment":[{"time":0,"name":"zsb_xbsjtextlg0"},{"time":0.0667,"name":"zsb_xbsjtextlg1"},{"time":0.1333,"name":"zsb_xbsjtextlg2"},{"time":0.2,"name":"zsb_xbsjtextlg3"},{"time":0.2667,"name":"zsb_xbsjtextlg4"},{"time":0.3333,"name":"zsb_xbsjtextlg5"},{"time":0.4,"name":"zsb_xbsjtextlg6"},{"time":0.4667,"name":"zsb_xbsjtextlg7"},{"time":0.5333,"name":"zsb_xbsjtextlg8"},{"time":0.6,"name":"zsb_xbsjtextlg9"},{"time":0.6667,"name":"zsb_xbsjtextlg10"},{"time":0.7333,"name":"zsb_xbsjtextlg11"},{"time":0.8,"name":"zsb_xbsjtextlg12"},{"time":0.8667,"name":"zsb_xbsjtextlg13"},{"time":0.9333,"name":"zsb_xbsjtextlg14"},{"time":1,"name":"zsb_xbsjtextlg15"},{"time":1.0667,"name":"zsb_xbsjtextlg16"},{"time":1.1333,"name":"zsb_xbsjtextlg17"},{"time":1.2,"name":"zsb_xbsjtextlg18"},{"time":1.2667,"name":"zsb_xbsjtextlg19"},{"time":1.3333,"name":"zsb_xbsjtextlg20"},{"time":1.4,"name":"zsb_xbsjtextlg21"},{"time":1.4667,"name":"zsb_xbsjtextlg22"},{"time":1.5333,"name":"zsb_xbsjtextlg23"},{"time":1.6,"name":"zsb_xbsjtextlg24"},{"time":1.6667,"name":"zsb_xbsjtextlg25"},{"time":1.7333,"name":"zsb_xbsjtextlg26"},{"time":1.8,"name":"zsb_xbsjtextlg27"},{"time":1.8667,"name":"zsb_xbsjtextlg28"},{"time":1.9333,"name":"zsb_xbsjtextlg29"},{"time":2,"name":"zsb_xbsjtextlg30"},{"time":2.0667,"name":"zsb_xbsjtextlg31"},{"time":2.1333,"name":"zsb_xbsjtextlg32"},{"time":2.2,"name":"zsb_xbsjtextlg33"},{"time":2.2667,"name":"zsb_xbsjtextlg34"},{"time":2.3333,"name":"zsb_xbsjtextlg35"},{"time":2.4,"name":null}]}},"bones":{"xuanzhuan":{"scale":[{"time":0,"x":1,"y":1,"curve":[0.25,0,0.75,1]},{"time":1.6667,"x":1.05,"y":1.05,"curve":[0.25,0,0.75,1]},{"time":3.3333,"x":1,"y":1}]}}}}}