{"skeleton":{"hash":"3nQ8SguSoBWw3LSIrHiD6yyBS6o","spine":"3.6.37","width":733.24,"height":221.36,"images":"./images/"},"bones":[{"name":"root"},{"name":"hip","parent":"root"},{"name":"7qdlj_deng","parent":"hip","x":2.59,"y":-7.86}],"slots":[{"name":"7qdlj_di1_wk","bone":"hip","attachment":"7qdlj_di1_wk"},{"name":"7qdlj_deng2_4","bone":"7qdlj_deng","attachment":"7qdlj_deng2"},{"name":"7qdlj_deng2_5","bone":"7qdlj_deng","attachment":"7qdlj_deng2"},{"name":"7qdlj_deng2_6","bone":"7qdlj_deng","attachment":"7qdlj_deng2"},{"name":"7qdlj_deng2_7","bone":"7qdlj_deng","attachment":"7qdlj_deng2"},{"name":"7qdlj_deng2_3","bone":"7qdlj_deng","attachment":"7qdlj_deng2"},{"name":"7qdlj_deng2_2","bone":"7qdlj_deng","attachment":"7qdlj_deng2"},{"name":"7qdlj_deng2_1","bone":"7qdlj_deng","attachment":"7qdlj_deng2"},{"name":"7qdlj_deng1_4","bone":"7qdlj_deng","attachment":"7qdlj_deng1"},{"name":"7qdlj_deng1_3","bone":"7qdlj_deng","attachment":"7qdlj_deng1"},{"name":"7qdlj_deng1_2","bone":"7qdlj_deng","attachment":"7qdlj_deng1"},{"name":"7qdlj_deng1_5","bone":"7qdlj_deng","attachment":"7qdlj_deng1"},{"name":"7qdlj_deng1_6","bone":"7qdlj_deng","attachment":"7qdlj_deng1"},{"name":"7qdlj_deng1_1","bone":"7qdlj_deng","attachment":"7qdlj_deng1"}],"skins":{"default":{"7qdlj_deng1_1":{"7qdlj_deng1":{"x":-344.24,"y":-24.55,"width":48,"height":47}},"7qdlj_deng1_2":{"7qdlj_deng1":{"x":-230.14,"y":-83.5,"width":48,"height":47}},"7qdlj_deng1_3":{"7qdlj_deng1":{"x":-80.32,"y":-82.86,"width":48,"height":47}},"7qdlj_deng1_4":{"7qdlj_deng1":{"x":69.52,"y":-82.92,"width":48,"height":47}},"7qdlj_deng1_5":{"7qdlj_deng1":{"x":219.53,"y":-82.71,"width":48,"height":47}},"7qdlj_deng1_6":{"7qdlj_deng1":{"x":341,"y":-23.7,"width":48,"height":47}},"7qdlj_deng2_1":{"7qdlj_deng2":{"x":-343.78,"y":52.13,"width":43,"height":43}},"7qdlj_deng2_2":{"7qdlj_deng2":{"x":-304.74,"y":-83.49,"width":43,"height":43}},"7qdlj_deng2_3":{"7qdlj_deng2":{"x":-154.85,"y":-83.15,"width":43,"height":43}},"7qdlj_deng2_4":{"7qdlj_deng2":{"x":-5.81,"y":-82.89,"width":43,"height":43}},"7qdlj_deng2_5":{"7qdlj_deng2":{"x":144.93,"y":-82.67,"width":43,"height":43}},"7qdlj_deng2_6":{"7qdlj_deng2":{"x":295.01,"y":-82.97,"width":43,"height":43}},"7qdlj_deng2_7":{"7qdlj_deng2":{"x":341.65,"y":52.9,"width":43,"height":43}},"7qdlj_di1_wk":{"7qdlj_di1_wk":{"width":712,"height":213}}}},"animations":{"idle":{"slots":{"7qdlj_deng1_1":{"color":[{"time":0,"color":"ffffff00","curve":"stepped"},{"time":0.5,"color":"ffffff00","curve":[0.25,0,0.625,0.5]},{"time":1.5333,"color":"fffffffe","curve":[0.375,0.5,0.75,1]},{"time":2.5667,"color":"ffffff00"}]},"7qdlj_deng1_2":{"color":[{"time":0,"color":"ffffff00","curve":"stepped"},{"time":1.2,"color":"ffffff00","curve":[0.25,0,0.625,0.5]},{"time":2.2333,"color":"fffffffe","curve":[0.375,0.5,0.75,1]},{"time":3.2667,"color":"ffffff00"}]},"7qdlj_deng1_3":{"color":[{"time":0,"color":"ffffff00","curve":"stepped"},{"time":1.8667,"color":"ffffff00","curve":[0.25,0,0.625,0.5]},{"time":2.9,"color":"fffffffe","curve":[0.375,0.5,0.75,1]},{"time":3.9333,"color":"ffffff00"}]},"7qdlj_deng1_4":{"color":[{"time":0,"color":"ffffff00","curve":"stepped"},{"time":2.5667,"color":"ffffff00","curve":[0.25,0,0.625,0.5]},{"time":3.6,"color":"fffffffe","curve":[0.375,0.5,0.75,1]},{"time":4.6333,"color":"ffffff00"}]},"7qdlj_deng1_5":{"color":[{"time":0,"color":"ffffff00","curve":"stepped"},{"time":3.2667,"color":"ffffff00","curve":[0.25,0,0.625,0.5]},{"time":4.2667,"color":"fffffffe","curve":[0.375,0.5,0.75,1]},{"time":5.3,"color":"ffffff00"}]},"7qdlj_deng1_6":{"color":[{"time":0,"color":"ffffff00","curve":"stepped"},{"time":3.9333,"color":"ffffff00","curve":[0.25,0,0.625,0.5]},{"time":4.9667,"color":"fffffffe","curve":[0.375,0.5,0.75,1]},{"time":6,"color":"ffffff00"}]},"7qdlj_deng2_1":{"color":[{"time":0,"color":"ffffff00","curve":"stepped"},{"time":0.1667,"color":"ffffff00","curve":[0.25,0,0.625,0.5]},{"time":1.2,"color":"fffffffe","curve":[0.375,0.5,0.75,1]},{"time":2.2333,"color":"ffffff00"}]},"7qdlj_deng2_2":{"color":[{"time":0,"color":"ffffff00","curve":"stepped"},{"time":0.8667,"color":"ffffff00","curve":[0.25,0,0.625,0.5]},{"time":1.8667,"color":"fffffffe","curve":[0.375,0.5,0.75,1]},{"time":2.9,"color":"ffffff00"}]},"7qdlj_deng2_3":{"color":[{"time":0,"color":"ffffff00","curve":"stepped"},{"time":1.5333,"color":"ffffff00","curve":[0.25,0,0.625,0.5]},{"time":2.5667,"color":"fffffffe","curve":[0.375,0.5,0.75,1]},{"time":3.6,"color":"ffffff00"}]},"7qdlj_deng2_4":{"color":[{"time":0,"color":"ffffff00","curve":"stepped"},{"time":2.2333,"color":"ffffff00","curve":[0.25,0,0.625,0.5]},{"time":3.2667,"color":"fffffffe","curve":[0.375,0.5,0.75,1]},{"time":4.2667,"color":"ffffff00"}]},"7qdlj_deng2_5":{"color":[{"time":0,"color":"ffffff00","curve":"stepped"},{"time":2.9,"color":"ffffff00","curve":[0.25,0,0.625,0.5]},{"time":3.9333,"color":"fffffffe","curve":[0.375,0.5,0.75,1]},{"time":4.9667,"color":"ffffff00"}]},"7qdlj_deng2_6":{"color":[{"time":0,"color":"ffffff00","curve":"stepped"},{"time":3.6,"color":"ffffff00","curve":[0.25,0,0.625,0.5]},{"time":4.6333,"color":"fffffffe","curve":[0.375,0.5,0.75,1]},{"time":5.6333,"color":"ffffff00"}]},"7qdlj_deng2_7":{"color":[{"time":0,"color":"ffffff00","curve":"stepped"},{"time":4.2667,"color":"ffffff00","curve":[0.25,0,0.625,0.5]},{"time":5.3,"color":"fffffffe","curve":[0.375,0.5,0.75,1]},{"time":6.3333,"color":"ffffff00"}]}}},"start":{"slots":{"7qdlj_deng1_1":{"color":[{"time":0,"color":"ffffff00","curve":"stepped"},{"time":0.1,"color":"ffffff00","curve":[0.25,0,0.625,0.5]},{"time":0.2333,"color":"fffffffe","curve":[0.375,0.5,0.75,1]},{"time":0.3667,"color":"ffffff00","curve":"stepped"},{"time":0.9333,"color":"ffffff00","curve":[0.25,0,0.625,0.5]},{"time":1.0667,"color":"fffffffe","curve":[0.375,0.5,0.75,1]},{"time":1.2,"color":"ffffff00","curve":"stepped"},{"time":1.7667,"color":"ffffff00","curve":[0.25,0,0.625,0.5]},{"time":1.9,"color":"fffffffe","curve":[0.375,0.5,0.75,1]},{"time":2.0333,"color":"ffffff00","curve":"stepped"},{"time":2.5667,"color":"ffffff00","curve":[0.25,0,0.625,0.5]},{"time":2.7,"color":"fffffffe","curve":[0.375,0.5,0.75,1]},{"time":2.8333,"color":"ffffff00","curve":"stepped"},{"time":3.4333,"color":"ffffff00","curve":[0.25,0,0.625,0.5]},{"time":3.5667,"color":"fffffffe","curve":[0.375,0.5,0.75,1]},{"time":3.7,"color":"ffffff00","curve":"stepped"},{"time":4.2667,"color":"ffffff00","curve":[0.25,0,0.625,0.5]},{"time":4.4,"color":"fffffffe","curve":[0.375,0.5,0.75,1]},{"time":4.5333,"color":"ffffff00","curve":"stepped"},{"time":5.1,"color":"ffffff00","curve":[0.25,0,0.625,0.5]},{"time":5.2333,"color":"fffffffe","curve":[0.375,0.5,0.75,1]},{"time":5.3667,"color":"ffffff00","curve":"stepped"},{"time":5.9,"color":"ffffff00","curve":[0.25,0,0.625,0.5]},{"time":6.0333,"color":"fffffffe","curve":[0.375,0.5,0.75,1]},{"time":6.1667,"color":"ffffff00"}]},"7qdlj_deng1_2":{"color":[{"time":0,"color":"ffffff00","curve":"stepped"},{"time":0.1667,"color":"ffffff00","curve":[0.25,0,0.625,0.5]},{"time":0.3,"color":"fffffffe","curve":[0.375,0.5,0.75,1]},{"time":0.4333,"color":"ffffff00","curve":"stepped"},{"time":1,"color":"ffffff00","curve":[0.25,0,0.625,0.5]},{"time":1.1333,"color":"fffffffe","curve":[0.375,0.5,0.75,1]},{"time":1.2667,"color":"ffffff00","curve":"stepped"},{"time":1.8333,"color":"ffffff00","curve":[0.25,0,0.625,0.5]},{"time":1.9667,"color":"fffffffe","curve":[0.375,0.5,0.75,1]},{"time":2.1,"color":"ffffff00","curve":"stepped"},{"time":2.6667,"color":"ffffff00","curve":[0.25,0,0.625,0.5]},{"time":2.8,"color":"fffffffe","curve":[0.375,0.5,0.75,1]},{"time":2.9333,"color":"ffffff00","curve":"stepped"},{"time":3.5,"color":"ffffff00","curve":[0.25,0,0.625,0.5]},{"time":3.6333,"color":"fffffffe","curve":[0.375,0.5,0.75,1]},{"time":3.7667,"color":"ffffff00","curve":"stepped"},{"time":4.3333,"color":"ffffff00","curve":[0.25,0,0.625,0.5]},{"time":4.4667,"color":"fffffffe","curve":[0.375,0.5,0.75,1]},{"time":4.6,"color":"ffffff00","curve":"stepped"},{"time":5.1667,"color":"ffffff00","curve":[0.25,0,0.625,0.5]},{"time":5.3,"color":"fffffffe","curve":[0.375,0.5,0.75,1]},{"time":5.4333,"color":"ffffff00","curve":"stepped"},{"time":6,"color":"ffffff00","curve":[0.25,0,0.625,0.5]},{"time":6.1333,"color":"fffffffe","curve":[0.375,0.5,0.75,1]},{"time":6.2667,"color":"ffffff00"}]},"7qdlj_deng1_3":{"color":[{"time":0,"color":"ffffff00","curve":"stepped"},{"time":0.2667,"color":"ffffff00","curve":[0.25,0,0.625,0.5]},{"time":0.4,"color":"fffffffe","curve":[0.375,0.5,0.75,1]},{"time":0.5333,"color":"ffffff00","curve":"stepped"},{"time":1.1,"color":"ffffff00","curve":[0.25,0,0.625,0.5]},{"time":1.2333,"color":"fffffffe","curve":[0.375,0.5,0.75,1]},{"time":1.3667,"color":"ffffff00","curve":"stepped"},{"time":1.9333,"color":"ffffff00","curve":[0.25,0,0.625,0.5]},{"time":2.0667,"color":"fffffffe","curve":[0.375,0.5,0.75,1]},{"time":2.2,"color":"ffffff00","curve":"stepped"},{"time":2.7333,"color":"ffffff00","curve":[0.25,0,0.625,0.5]},{"time":2.8667,"color":"fffffffe","curve":[0.375,0.5,0.75,1]},{"time":3,"color":"ffffff00","curve":"stepped"},{"time":3.6,"color":"ffffff00","curve":[0.25,0,0.625,0.5]},{"time":3.7333,"color":"fffffffe","curve":[0.375,0.5,0.75,1]},{"time":3.8667,"color":"ffffff00","curve":"stepped"},{"time":4.4333,"color":"ffffff00","curve":[0.25,0,0.625,0.5]},{"time":4.5667,"color":"fffffffe","curve":[0.375,0.5,0.75,1]},{"time":4.7,"color":"ffffff00","curve":"stepped"},{"time":5.2667,"color":"ffffff00","curve":[0.25,0,0.625,0.5]},{"time":5.4,"color":"fffffffe","curve":[0.375,0.5,0.75,1]},{"time":5.5333,"color":"ffffff00","curve":"stepped"},{"time":6.0667,"color":"ffffff00","curve":[0.25,0,0.625,0.5]},{"time":6.2,"color":"fffffffe","curve":[0.375,0.5,0.75,1]},{"time":6.3333,"color":"ffffff00"}]},"7qdlj_deng1_4":{"color":[{"time":0,"color":"ffffff00","curve":"stepped"},{"time":0.3667,"color":"ffffff00","curve":[0.25,0,0.625,0.5]},{"time":0.5,"color":"fffffffe","curve":[0.375,0.5,0.75,1]},{"time":0.6333,"color":"ffffff00","curve":"stepped"},{"time":1.2,"color":"ffffff00","curve":[0.25,0,0.625,0.5]},{"time":1.3333,"color":"fffffffe","curve":[0.375,0.5,0.75,1]},{"time":1.4667,"color":"ffffff00","curve":"stepped"},{"time":2.0333,"color":"ffffff00","curve":[0.25,0,0.625,0.5]},{"time":2.1667,"color":"fffffffe","curve":[0.375,0.5,0.75,1]},{"time":2.3,"color":"ffffff00","curve":"stepped"},{"time":2.8333,"color":"ffffff00","curve":[0.25,0,0.625,0.5]},{"time":2.9667,"color":"fffffffe","curve":[0.375,0.5,0.75,1]},{"time":3.1,"color":"ffffff00","curve":"stepped"},{"time":3.7,"color":"ffffff00","curve":[0.25,0,0.625,0.5]},{"time":3.8333,"color":"fffffffe","curve":[0.375,0.5,0.75,1]},{"time":3.9667,"color":"ffffff00","curve":"stepped"},{"time":4.5333,"color":"ffffff00","curve":[0.25,0,0.625,0.5]},{"time":4.6667,"color":"fffffffe","curve":[0.375,0.5,0.75,1]},{"time":4.8,"color":"ffffff00","curve":"stepped"},{"time":5.3667,"color":"ffffff00","curve":[0.25,0,0.625,0.5]},{"time":5.5,"color":"fffffffe","curve":[0.375,0.5,0.75,1]},{"time":5.6333,"color":"ffffff00","curve":"stepped"},{"time":6.1667,"color":"ffffff00","curve":[0.25,0,0.625,0.5]},{"time":6.3,"color":"fffffffe","curve":[0.375,0.5,0.75,1]},{"time":6.4333,"color":"ffffff00"}]},"7qdlj_deng1_5":{"color":[{"time":0,"color":"ffffff00","curve":"stepped"},{"time":0.4333,"color":"ffffff00","curve":[0.25,0,0.625,0.5]},{"time":0.5667,"color":"fffffffe","curve":[0.375,0.5,0.75,1]},{"time":0.7,"color":"ffffff00","curve":"stepped"},{"time":1.2667,"color":"ffffff00","curve":[0.25,0,0.625,0.5]},{"time":1.4,"color":"fffffffe","curve":[0.375,0.5,0.75,1]},{"time":1.5333,"color":"ffffff00","curve":"stepped"},{"time":2.1,"color":"ffffff00","curve":[0.25,0,0.625,0.5]},{"time":2.2333,"color":"fffffffe","curve":[0.375,0.5,0.75,1]},{"time":2.3667,"color":"ffffff00","curve":"stepped"},{"time":2.9333,"color":"ffffff00","curve":[0.25,0,0.625,0.5]},{"time":3.0667,"color":"fffffffe","curve":[0.375,0.5,0.75,1]},{"time":3.2,"color":"ffffff00","curve":"stepped"},{"time":3.7667,"color":"ffffff00","curve":[0.25,0,0.625,0.5]},{"time":3.9,"color":"fffffffe","curve":[0.375,0.5,0.75,1]},{"time":4.0333,"color":"ffffff00","curve":"stepped"},{"time":4.6,"color":"ffffff00","curve":[0.25,0,0.625,0.5]},{"time":4.7333,"color":"fffffffe","curve":[0.375,0.5,0.75,1]},{"time":4.8667,"color":"ffffff00","curve":"stepped"},{"time":5.4333,"color":"ffffff00","curve":[0.25,0,0.625,0.5]},{"time":5.5667,"color":"fffffffe","curve":[0.375,0.5,0.75,1]},{"time":5.7,"color":"ffffff00","curve":"stepped"},{"time":6.2667,"color":"ffffff00","curve":[0.25,0,0.625,0.5]},{"time":6.4,"color":"fffffffe","curve":[0.375,0.5,0.75,1]},{"time":6.5333,"color":"ffffff00"}]},"7qdlj_deng1_6":{"color":[{"time":0,"color":"ffffff00","curve":"stepped"},{"time":0.5333,"color":"ffffff00","curve":[0.25,0,0.625,0.5]},{"time":0.6667,"color":"fffffffe","curve":[0.375,0.5,0.75,1]},{"time":0.8,"color":"ffffff00","curve":"stepped"},{"time":1.3667,"color":"ffffff00","curve":[0.25,0,0.625,0.5]},{"time":1.5,"color":"fffffffe","curve":[0.375,0.5,0.75,1]},{"time":1.6333,"color":"ffffff00","curve":"stepped"},{"time":2.2,"color":"ffffff00","curve":[0.25,0,0.625,0.5]},{"time":2.3333,"color":"fffffffe","curve":[0.375,0.5,0.75,1]},{"time":2.4667,"color":"ffffff00","curve":"stepped"},{"time":3,"color":"ffffff00","curve":[0.25,0,0.625,0.5]},{"time":3.1333,"color":"fffffffe","curve":[0.375,0.5,0.75,1]},{"time":3.2667,"color":"ffffff00","curve":"stepped"},{"time":3.8667,"color":"ffffff00","curve":[0.25,0,0.625,0.5]},{"time":4,"color":"fffffffe","curve":[0.375,0.5,0.75,1]},{"time":4.1333,"color":"ffffff00","curve":"stepped"},{"time":4.7,"color":"ffffff00","curve":[0.25,0,0.625,0.5]},{"time":4.8333,"color":"fffffffe","curve":[0.375,0.5,0.75,1]},{"time":4.9667,"color":"ffffff00","curve":"stepped"},{"time":5.5333,"color":"ffffff00","curve":[0.25,0,0.625,0.5]},{"time":5.6667,"color":"fffffffe","curve":[0.375,0.5,0.75,1]},{"time":5.8,"color":"ffffff00","curve":"stepped"},{"time":6.3333,"color":"ffffff00","curve":[0.25,0,0.625,0.5]},{"time":6.4667,"color":"fffffffe","curve":[0.375,0.5,0.75,1]},{"time":6.6,"color":"ffffff00"}]},"7qdlj_deng2_1":{"color":[{"time":0,"color":"ffffff00","curve":"stepped"},{"time":0.0333,"color":"ffffff00","curve":[0.25,0,0.625,0.5]},{"time":0.1667,"color":"fffffffe","curve":[0.375,0.5,0.75,1]},{"time":0.3,"color":"ffffff00","curve":"stepped"},{"time":0.8667,"color":"ffffff00","curve":[0.25,0,0.625,0.5]},{"time":1,"color":"fffffffe","curve":[0.375,0.5,0.75,1]},{"time":1.1333,"color":"ffffff00","curve":"stepped"},{"time":1.7,"color":"ffffff00","curve":[0.25,0,0.625,0.5]},{"time":1.8333,"color":"fffffffe","curve":[0.375,0.5,0.75,1]},{"time":1.9667,"color":"ffffff00","curve":"stepped"},{"time":2.5333,"color":"ffffff00","curve":[0.25,0,0.625,0.5]},{"time":2.6667,"color":"fffffffe","curve":[0.375,0.5,0.75,1]},{"time":2.8,"color":"ffffff00","curve":"stepped"},{"time":3.3667,"color":"ffffff00","curve":[0.25,0,0.625,0.5]},{"time":3.5,"color":"fffffffe","curve":[0.375,0.5,0.75,1]},{"time":3.6333,"color":"ffffff00","curve":"stepped"},{"time":4.2,"color":"ffffff00","curve":[0.25,0,0.625,0.5]},{"time":4.3333,"color":"fffffffe","curve":[0.375,0.5,0.75,1]},{"time":4.4667,"color":"ffffff00","curve":"stepped"},{"time":5.0333,"color":"ffffff00","curve":[0.25,0,0.625,0.5]},{"time":5.1667,"color":"fffffffe","curve":[0.375,0.5,0.75,1]},{"time":5.3,"color":"ffffff00","curve":"stepped"},{"time":5.8667,"color":"ffffff00","curve":[0.25,0,0.625,0.5]},{"time":6,"color":"fffffffe","curve":[0.375,0.5,0.75,1]},{"time":6.1333,"color":"ffffff00"}]},"7qdlj_deng2_2":{"color":[{"time":0,"color":"ffffff00","curve":"stepped"},{"time":0.1333,"color":"ffffff00","curve":[0.25,0,0.625,0.5]},{"time":0.2667,"color":"fffffffe","curve":[0.375,0.5,0.75,1]},{"time":0.4,"color":"ffffff00","curve":"stepped"},{"time":0.9667,"color":"ffffff00","curve":[0.25,0,0.625,0.5]},{"time":1.1,"color":"fffffffe","curve":[0.375,0.5,0.75,1]},{"time":1.2333,"color":"ffffff00","curve":"stepped"},{"time":1.8,"color":"ffffff00","curve":[0.25,0,0.625,0.5]},{"time":1.9333,"color":"fffffffe","curve":[0.375,0.5,0.75,1]},{"time":2.0667,"color":"ffffff00","curve":"stepped"},{"time":2.6,"color":"ffffff00","curve":[0.25,0,0.625,0.5]},{"time":2.7333,"color":"fffffffe","curve":[0.375,0.5,0.75,1]},{"time":2.8667,"color":"ffffff00","curve":"stepped"},{"time":3.4667,"color":"ffffff00","curve":[0.25,0,0.625,0.5]},{"time":3.6,"color":"fffffffe","curve":[0.375,0.5,0.75,1]},{"time":3.7333,"color":"ffffff00","curve":"stepped"},{"time":4.3,"color":"ffffff00","curve":[0.25,0,0.625,0.5]},{"time":4.4333,"color":"fffffffe","curve":[0.375,0.5,0.75,1]},{"time":4.5667,"color":"ffffff00","curve":"stepped"},{"time":5.1333,"color":"ffffff00","curve":[0.25,0,0.625,0.5]},{"time":5.2667,"color":"fffffffe","curve":[0.375,0.5,0.75,1]},{"time":5.4,"color":"ffffff00","curve":"stepped"},{"time":5.9333,"color":"ffffff00","curve":[0.25,0,0.625,0.5]},{"time":6.0667,"color":"fffffffe","curve":[0.375,0.5,0.75,1]},{"time":6.2,"color":"ffffff00"}]},"7qdlj_deng2_3":{"color":[{"time":0,"color":"ffffff00","curve":"stepped"},{"time":0.2333,"color":"ffffff00","curve":[0.25,0,0.625,0.5]},{"time":0.3667,"color":"fffffffe","curve":[0.375,0.5,0.75,1]},{"time":0.5,"color":"ffffff00","curve":"stepped"},{"time":1.0667,"color":"ffffff00","curve":[0.25,0,0.625,0.5]},{"time":1.2,"color":"fffffffe","curve":[0.375,0.5,0.75,1]},{"time":1.3333,"color":"ffffff00","curve":"stepped"},{"time":1.9,"color":"ffffff00","curve":[0.25,0,0.625,0.5]},{"time":2.0333,"color":"fffffffe","curve":[0.375,0.5,0.75,1]},{"time":2.1667,"color":"ffffff00","curve":"stepped"},{"time":2.7,"color":"ffffff00","curve":[0.25,0,0.625,0.5]},{"time":2.8333,"color":"fffffffe","curve":[0.375,0.5,0.75,1]},{"time":2.9667,"color":"ffffff00","curve":"stepped"},{"time":3.5667,"color":"ffffff00","curve":[0.25,0,0.625,0.5]},{"time":3.7,"color":"fffffffe","curve":[0.375,0.5,0.75,1]},{"time":3.8333,"color":"ffffff00","curve":"stepped"},{"time":4.4,"color":"ffffff00","curve":[0.25,0,0.625,0.5]},{"time":4.5333,"color":"fffffffe","curve":[0.375,0.5,0.75,1]},{"time":4.6667,"color":"ffffff00","curve":"stepped"},{"time":5.2333,"color":"ffffff00","curve":[0.25,0,0.625,0.5]},{"time":5.3667,"color":"fffffffe","curve":[0.375,0.5,0.75,1]},{"time":5.5,"color":"ffffff00","curve":"stepped"},{"time":6.0333,"color":"ffffff00","curve":[0.25,0,0.625,0.5]},{"time":6.1667,"color":"fffffffe","curve":[0.375,0.5,0.75,1]},{"time":6.3,"color":"ffffff00"}]},"7qdlj_deng2_4":{"color":[{"time":0,"color":"ffffff00","curve":"stepped"},{"time":0.3,"color":"ffffff00","curve":[0.25,0,0.625,0.5]},{"time":0.4333,"color":"fffffffe","curve":[0.375,0.5,0.75,1]},{"time":0.5667,"color":"ffffff00","curve":"stepped"},{"time":1.1333,"color":"ffffff00","curve":[0.25,0,0.625,0.5]},{"time":1.2667,"color":"fffffffe","curve":[0.375,0.5,0.75,1]},{"time":1.4,"color":"ffffff00","curve":"stepped"},{"time":1.9667,"color":"ffffff00","curve":[0.25,0,0.625,0.5]},{"time":2.1,"color":"fffffffe","curve":[0.375,0.5,0.75,1]},{"time":2.2333,"color":"ffffff00","curve":"stepped"},{"time":2.8,"color":"ffffff00","curve":[0.25,0,0.625,0.5]},{"time":2.9333,"color":"fffffffe","curve":[0.375,0.5,0.75,1]},{"time":3.0667,"color":"ffffff00","curve":"stepped"},{"time":3.6333,"color":"ffffff00","curve":[0.25,0,0.625,0.5]},{"time":3.7667,"color":"fffffffe","curve":[0.375,0.5,0.75,1]},{"time":3.9,"color":"ffffff00","curve":"stepped"},{"time":4.4667,"color":"ffffff00","curve":[0.25,0,0.625,0.5]},{"time":4.6,"color":"fffffffe","curve":[0.375,0.5,0.75,1]},{"time":4.7333,"color":"ffffff00","curve":"stepped"},{"time":5.3,"color":"ffffff00","curve":[0.25,0,0.625,0.5]},{"time":5.4333,"color":"fffffffe","curve":[0.375,0.5,0.75,1]},{"time":5.5667,"color":"ffffff00","curve":"stepped"},{"time":6.1333,"color":"ffffff00","curve":[0.25,0,0.625,0.5]},{"time":6.2667,"color":"fffffffe","curve":[0.375,0.5,0.75,1]},{"time":6.4,"color":"ffffff00"}]},"7qdlj_deng2_5":{"color":[{"time":0,"color":"ffffff00","curve":"stepped"},{"time":0.4,"color":"ffffff00","curve":[0.25,0,0.625,0.5]},{"time":0.5333,"color":"fffffffe","curve":[0.375,0.5,0.75,1]},{"time":0.6667,"color":"ffffff00","curve":"stepped"},{"time":1.2333,"color":"ffffff00","curve":[0.25,0,0.625,0.5]},{"time":1.3667,"color":"fffffffe","curve":[0.375,0.5,0.75,1]},{"time":1.5,"color":"ffffff00","curve":"stepped"},{"time":2.0667,"color":"ffffff00","curve":[0.25,0,0.625,0.5]},{"time":2.2,"color":"fffffffe","curve":[0.375,0.5,0.75,1]},{"time":2.3333,"color":"ffffff00","curve":"stepped"},{"time":2.8667,"color":"ffffff00","curve":[0.25,0,0.625,0.5]},{"time":3,"color":"fffffffe","curve":[0.375,0.5,0.75,1]},{"time":3.1333,"color":"ffffff00","curve":"stepped"},{"time":3.7333,"color":"ffffff00","curve":[0.25,0,0.625,0.5]},{"time":3.8667,"color":"fffffffe","curve":[0.375,0.5,0.75,1]},{"time":4,"color":"ffffff00","curve":"stepped"},{"time":4.5667,"color":"ffffff00","curve":[0.25,0,0.625,0.5]},{"time":4.7,"color":"fffffffe","curve":[0.375,0.5,0.75,1]},{"time":4.8333,"color":"ffffff00","curve":"stepped"},{"time":5.4,"color":"ffffff00","curve":[0.25,0,0.625,0.5]},{"time":5.5333,"color":"fffffffe","curve":[0.375,0.5,0.75,1]},{"time":5.6667,"color":"ffffff00","curve":"stepped"},{"time":6.2,"color":"ffffff00","curve":[0.25,0,0.625,0.5]},{"time":6.3333,"color":"fffffffe","curve":[0.375,0.5,0.75,1]},{"time":6.4667,"color":"ffffff00"}]},"7qdlj_deng2_6":{"color":[{"time":0,"color":"ffffff00","curve":"stepped"},{"time":0.5,"color":"ffffff00","curve":[0.25,0,0.625,0.5]},{"time":0.6333,"color":"fffffffe","curve":[0.375,0.5,0.75,1]},{"time":0.7667,"color":"ffffff00","curve":"stepped"},{"time":1.3333,"color":"ffffff00","curve":[0.25,0,0.625,0.5]},{"time":1.4667,"color":"fffffffe","curve":[0.375,0.5,0.75,1]},{"time":1.6,"color":"ffffff00","curve":"stepped"},{"time":2.1667,"color":"ffffff00","curve":[0.25,0,0.625,0.5]},{"time":2.3,"color":"fffffffe","curve":[0.375,0.5,0.75,1]},{"time":2.4333,"color":"ffffff00","curve":"stepped"},{"time":2.9667,"color":"ffffff00","curve":[0.25,0,0.625,0.5]},{"time":3.1,"color":"fffffffe","curve":[0.375,0.5,0.75,1]},{"time":3.2333,"color":"ffffff00","curve":"stepped"},{"time":3.8333,"color":"ffffff00","curve":[0.25,0,0.625,0.5]},{"time":3.9667,"color":"fffffffe","curve":[0.375,0.5,0.75,1]},{"time":4.1,"color":"ffffff00","curve":"stepped"},{"time":4.6667,"color":"ffffff00","curve":[0.25,0,0.625,0.5]},{"time":4.8,"color":"fffffffe","curve":[0.375,0.5,0.75,1]},{"time":4.9333,"color":"ffffff00","curve":"stepped"},{"time":5.5,"color":"ffffff00","curve":[0.25,0,0.625,0.5]},{"time":5.6333,"color":"fffffffe","curve":[0.375,0.5,0.75,1]},{"time":5.7667,"color":"ffffff00","curve":"stepped"},{"time":6.3,"color":"ffffff00","curve":[0.25,0,0.625,0.5]},{"time":6.4333,"color":"fffffffe","curve":[0.375,0.5,0.75,1]},{"time":6.5667,"color":"ffffff00"}]},"7qdlj_deng2_7":{"color":[{"time":0,"color":"ffffff00","curve":"stepped"},{"time":0.5667,"color":"ffffff00","curve":[0.25,0,0.625,0.5]},{"time":0.7,"color":"fffffffe","curve":[0.375,0.5,0.75,1]},{"time":0.8333,"color":"ffffff00","curve":"stepped"},{"time":1.4,"color":"ffffff00","curve":[0.25,0,0.625,0.5]},{"time":1.5333,"color":"fffffffe","curve":[0.375,0.5,0.75,1]},{"time":1.6667,"color":"ffffff00","curve":"stepped"},{"time":2.2333,"color":"ffffff00","curve":[0.25,0,0.625,0.5]},{"time":2.3667,"color":"fffffffe","curve":[0.375,0.5,0.75,1]},{"time":2.5,"color":"ffffff00","curve":"stepped"},{"time":3.0667,"color":"ffffff00","curve":[0.25,0,0.625,0.5]},{"time":3.2,"color":"fffffffe","curve":[0.375,0.5,0.75,1]},{"time":3.3333,"color":"ffffff00","curve":"stepped"},{"time":3.9,"color":"ffffff00","curve":[0.25,0,0.625,0.5]},{"time":4.0333,"color":"fffffffe","curve":[0.375,0.5,0.75,1]},{"time":4.1667,"color":"ffffff00","curve":"stepped"},{"time":4.7333,"color":"ffffff00","curve":[0.25,0,0.625,0.5]},{"time":4.8667,"color":"fffffffe","curve":[0.375,0.5,0.75,1]},{"time":5,"color":"ffffff00","curve":"stepped"},{"time":5.5667,"color":"ffffff00","curve":[0.25,0,0.625,0.5]},{"time":5.7,"color":"fffffffe","curve":[0.375,0.5,0.75,1]},{"time":5.8333,"color":"ffffff00","curve":"stepped"},{"time":6.4,"color":"ffffff00","curve":[0.25,0,0.625,0.5]},{"time":6.5333,"color":"fffffffe","curve":[0.375,0.5,0.75,1]},{"time":6.6667,"color":"ffffff00"}]}}},"stop":{"slots":{"7qdlj_deng1_1":{"color":[{"time":0,"color":"ffffff00","curve":"stepped"},{"time":0.3,"color":"ffffff00","curve":[0.25,0,0.75,1]},{"time":0.3333,"color":"ffffff80","curve":[0.25,0,0.75,1]},{"time":0.3667,"color":"fffffffe","curve":"stepped"},{"time":0.6333,"color":"fffffffe","curve":[0.25,0,0.75,1]},{"time":0.6667,"color":"ffffff00","curve":"stepped"},{"time":0.9667,"color":"ffffff00","curve":[0.25,0,0.75,1]},{"time":1,"color":"ffffff80","curve":[0.25,0,0.75,1]},{"time":1.0333,"color":"fffffffe","curve":"stepped"},{"time":1.3,"color":"fffffffe","curve":[0.25,0,0.75,1]},{"time":1.3333,"color":"ffffff00","curve":"stepped"},{"time":1.6333,"color":"ffffff00","curve":[0.25,0,0.75,1]},{"time":1.6667,"color":"ffffff80","curve":[0.25,0,0.75,1]},{"time":1.7,"color":"fffffffe","curve":"stepped"},{"time":1.9667,"color":"fffffffe","curve":[0.25,0,0.75,1]},{"time":2,"color":"ffffff00","curve":"stepped"},{"time":2.3,"color":"ffffff00","curve":[0.25,0,0.75,1]},{"time":2.3333,"color":"ffffff80","curve":[0.25,0,0.75,1]},{"time":2.3667,"color":"fffffffe","curve":"stepped"},{"time":2.6333,"color":"fffffffe","curve":[0.25,0,0.75,1]},{"time":2.6667,"color":"ffffff00","curve":"stepped"},{"time":2.9667,"color":"ffffff00","curve":[0.25,0,0.75,1]},{"time":3,"color":"ffffff80","curve":[0.25,0,0.75,1]},{"time":3.0333,"color":"fffffffe","curve":"stepped"},{"time":3.3,"color":"fffffffe","curve":[0.25,0,0.75,1]},{"time":3.3333,"color":"ffffff00","curve":"stepped"},{"time":3.6333,"color":"ffffff00","curve":[0.25,0,0.75,1]},{"time":3.6667,"color":"ffffff80","curve":[0.25,0,0.75,1]},{"time":3.7,"color":"fffffffe","curve":"stepped"},{"time":3.9667,"color":"fffffffe","curve":[0.25,0,0.75,1]},{"time":4,"color":"ffffff00","curve":"stepped"},{"time":4.3,"color":"ffffff00","curve":[0.25,0,0.75,1]},{"time":4.3333,"color":"ffffff80","curve":[0.25,0,0.75,1]},{"time":4.3667,"color":"fffffffe","curve":"stepped"},{"time":4.6333,"color":"fffffffe","curve":[0.25,0,0.75,1]},{"time":4.6667,"color":"ffffff00","curve":"stepped"},{"time":4.9667,"color":"ffffff00","curve":[0.25,0,0.75,1]},{"time":5,"color":"ffffff80","curve":[0.25,0,0.75,1]},{"time":5.0333,"color":"fffffffe","curve":"stepped"},{"time":5.3,"color":"fffffffe","curve":[0.25,0,0.75,1]},{"time":5.3333,"color":"ffffff00","curve":"stepped"},{"time":5.6333,"color":"ffffff00","curve":[0.25,0,0.75,1]},{"time":5.6667,"color":"ffffff80","curve":[0.25,0,0.75,1]},{"time":5.7,"color":"fffffffe","curve":"stepped"},{"time":5.9667,"color":"fffffffe","curve":[0.25,0,0.75,1]},{"time":6,"color":"ffffff00","curve":"stepped"},{"time":6.3,"color":"ffffff00","curve":[0.25,0,0.75,1]},{"time":6.3333,"color":"ffffff80","curve":[0.25,0,0.75,1]},{"time":6.3667,"color":"fffffffe","curve":"stepped"},{"time":6.6333,"color":"fffffffe"}]},"7qdlj_deng1_2":{"color":[{"time":0,"color":"ffffff00","curve":"stepped"},{"time":0.3,"color":"ffffff00","curve":[0.25,0,0.75,1]},{"time":0.3333,"color":"ffffff80","curve":[0.25,0,0.75,1]},{"time":0.3667,"color":"fffffffe","curve":"stepped"},{"time":0.6333,"color":"fffffffe","curve":[0.25,0,0.75,1]},{"time":0.6667,"color":"ffffff00","curve":"stepped"},{"time":0.9667,"color":"ffffff00","curve":[0.25,0,0.75,1]},{"time":1,"color":"ffffff80","curve":[0.25,0,0.75,1]},{"time":1.0333,"color":"fffffffe","curve":"stepped"},{"time":1.3,"color":"fffffffe","curve":[0.25,0,0.75,1]},{"time":1.3333,"color":"ffffff00","curve":"stepped"},{"time":1.6333,"color":"ffffff00","curve":[0.25,0,0.75,1]},{"time":1.6667,"color":"ffffff80","curve":[0.25,0,0.75,1]},{"time":1.7,"color":"fffffffe","curve":"stepped"},{"time":1.9667,"color":"fffffffe","curve":[0.25,0,0.75,1]},{"time":2,"color":"ffffff00","curve":"stepped"},{"time":2.3,"color":"ffffff00","curve":[0.25,0,0.75,1]},{"time":2.3333,"color":"ffffff80","curve":[0.25,0,0.75,1]},{"time":2.3667,"color":"fffffffe","curve":"stepped"},{"time":2.6333,"color":"fffffffe","curve":[0.25,0,0.75,1]},{"time":2.6667,"color":"ffffff00","curve":"stepped"},{"time":2.9667,"color":"ffffff00","curve":[0.25,0,0.75,1]},{"time":3,"color":"ffffff80","curve":[0.25,0,0.75,1]},{"time":3.0333,"color":"fffffffe","curve":"stepped"},{"time":3.3,"color":"fffffffe","curve":[0.25,0,0.75,1]},{"time":3.3333,"color":"ffffff00","curve":"stepped"},{"time":3.6333,"color":"ffffff00","curve":[0.25,0,0.75,1]},{"time":3.6667,"color":"ffffff80","curve":[0.25,0,0.75,1]},{"time":3.7,"color":"fffffffe","curve":"stepped"},{"time":3.9667,"color":"fffffffe","curve":[0.25,0,0.75,1]},{"time":4,"color":"ffffff00","curve":"stepped"},{"time":4.3,"color":"ffffff00","curve":[0.25,0,0.75,1]},{"time":4.3333,"color":"ffffff80","curve":[0.25,0,0.75,1]},{"time":4.3667,"color":"fffffffe","curve":"stepped"},{"time":4.6333,"color":"fffffffe","curve":[0.25,0,0.75,1]},{"time":4.6667,"color":"ffffff00","curve":"stepped"},{"time":4.9667,"color":"ffffff00","curve":[0.25,0,0.75,1]},{"time":5,"color":"ffffff80","curve":[0.25,0,0.75,1]},{"time":5.0333,"color":"fffffffe","curve":"stepped"},{"time":5.3,"color":"fffffffe","curve":[0.25,0,0.75,1]},{"time":5.3333,"color":"ffffff00","curve":"stepped"},{"time":5.6333,"color":"ffffff00","curve":[0.25,0,0.75,1]},{"time":5.6667,"color":"ffffff80","curve":[0.25,0,0.75,1]},{"time":5.7,"color":"fffffffe","curve":"stepped"},{"time":5.9667,"color":"fffffffe","curve":[0.25,0,0.75,1]},{"time":6,"color":"ffffff00","curve":"stepped"},{"time":6.3,"color":"ffffff00","curve":[0.25,0,0.75,1]},{"time":6.3333,"color":"ffffff80","curve":[0.25,0,0.75,1]},{"time":6.3667,"color":"fffffffe","curve":"stepped"},{"time":6.6333,"color":"fffffffe"}]},"7qdlj_deng1_3":{"color":[{"time":0,"color":"ffffff00","curve":"stepped"},{"time":0.3,"color":"ffffff00","curve":[0.25,0,0.75,1]},{"time":0.3333,"color":"ffffff80","curve":[0.25,0,0.75,1]},{"time":0.3667,"color":"fffffffe","curve":"stepped"},{"time":0.6333,"color":"fffffffe","curve":[0.25,0,0.75,1]},{"time":0.6667,"color":"ffffff00","curve":"stepped"},{"time":0.9667,"color":"ffffff00","curve":[0.25,0,0.75,1]},{"time":1,"color":"ffffff80","curve":[0.25,0,0.75,1]},{"time":1.0333,"color":"fffffffe","curve":"stepped"},{"time":1.3,"color":"fffffffe","curve":[0.25,0,0.75,1]},{"time":1.3333,"color":"ffffff00","curve":"stepped"},{"time":1.6333,"color":"ffffff00","curve":[0.25,0,0.75,1]},{"time":1.6667,"color":"ffffff80","curve":[0.25,0,0.75,1]},{"time":1.7,"color":"fffffffe","curve":"stepped"},{"time":1.9667,"color":"fffffffe","curve":[0.25,0,0.75,1]},{"time":2,"color":"ffffff00","curve":"stepped"},{"time":2.3,"color":"ffffff00","curve":[0.25,0,0.75,1]},{"time":2.3333,"color":"ffffff80","curve":[0.25,0,0.75,1]},{"time":2.3667,"color":"fffffffe","curve":"stepped"},{"time":2.6333,"color":"fffffffe","curve":[0.25,0,0.75,1]},{"time":2.6667,"color":"ffffff00","curve":"stepped"},{"time":2.9667,"color":"ffffff00","curve":[0.25,0,0.75,1]},{"time":3,"color":"ffffff80","curve":[0.25,0,0.75,1]},{"time":3.0333,"color":"fffffffe","curve":"stepped"},{"time":3.3,"color":"fffffffe","curve":[0.25,0,0.75,1]},{"time":3.3333,"color":"ffffff00","curve":"stepped"},{"time":3.6333,"color":"ffffff00","curve":[0.25,0,0.75,1]},{"time":3.6667,"color":"ffffff80","curve":[0.25,0,0.75,1]},{"time":3.7,"color":"fffffffe","curve":"stepped"},{"time":3.9667,"color":"fffffffe","curve":[0.25,0,0.75,1]},{"time":4,"color":"ffffff00","curve":"stepped"},{"time":4.3,"color":"ffffff00","curve":[0.25,0,0.75,1]},{"time":4.3333,"color":"ffffff80","curve":[0.25,0,0.75,1]},{"time":4.3667,"color":"fffffffe","curve":"stepped"},{"time":4.6333,"color":"fffffffe","curve":[0.25,0,0.75,1]},{"time":4.6667,"color":"ffffff00","curve":"stepped"},{"time":4.9667,"color":"ffffff00","curve":[0.25,0,0.75,1]},{"time":5,"color":"ffffff80","curve":[0.25,0,0.75,1]},{"time":5.0333,"color":"fffffffe","curve":"stepped"},{"time":5.3,"color":"fffffffe","curve":[0.25,0,0.75,1]},{"time":5.3333,"color":"ffffff00","curve":"stepped"},{"time":5.6333,"color":"ffffff00","curve":[0.25,0,0.75,1]},{"time":5.6667,"color":"ffffff80","curve":[0.25,0,0.75,1]},{"time":5.7,"color":"fffffffe","curve":"stepped"},{"time":5.9667,"color":"fffffffe","curve":[0.25,0,0.75,1]},{"time":6,"color":"ffffff00","curve":"stepped"},{"time":6.3,"color":"ffffff00","curve":[0.25,0,0.75,1]},{"time":6.3333,"color":"ffffff80","curve":[0.25,0,0.75,1]},{"time":6.3667,"color":"fffffffe","curve":"stepped"},{"time":6.6333,"color":"fffffffe"}]},"7qdlj_deng1_4":{"color":[{"time":0,"color":"ffffff00","curve":"stepped"},{"time":0.3,"color":"ffffff00","curve":[0.25,0,0.75,1]},{"time":0.3333,"color":"ffffff80","curve":[0.25,0,0.75,1]},{"time":0.3667,"color":"fffffffe","curve":"stepped"},{"time":0.6333,"color":"fffffffe","curve":[0.25,0,0.75,1]},{"time":0.6667,"color":"ffffff00","curve":"stepped"},{"time":0.9667,"color":"ffffff00","curve":[0.25,0,0.75,1]},{"time":1,"color":"ffffff80","curve":[0.25,0,0.75,1]},{"time":1.0333,"color":"fffffffe","curve":"stepped"},{"time":1.3,"color":"fffffffe","curve":[0.25,0,0.75,1]},{"time":1.3333,"color":"ffffff00","curve":"stepped"},{"time":1.6333,"color":"ffffff00","curve":[0.25,0,0.75,1]},{"time":1.6667,"color":"ffffff80","curve":[0.25,0,0.75,1]},{"time":1.7,"color":"fffffffe","curve":"stepped"},{"time":1.9667,"color":"fffffffe","curve":[0.25,0,0.75,1]},{"time":2,"color":"ffffff00","curve":"stepped"},{"time":2.3,"color":"ffffff00","curve":[0.25,0,0.75,1]},{"time":2.3333,"color":"ffffff80","curve":[0.25,0,0.75,1]},{"time":2.3667,"color":"fffffffe","curve":"stepped"},{"time":2.6333,"color":"fffffffe","curve":[0.25,0,0.75,1]},{"time":2.6667,"color":"ffffff00","curve":"stepped"},{"time":2.9667,"color":"ffffff00","curve":[0.25,0,0.75,1]},{"time":3,"color":"ffffff80","curve":[0.25,0,0.75,1]},{"time":3.0333,"color":"fffffffe","curve":"stepped"},{"time":3.3,"color":"fffffffe","curve":[0.25,0,0.75,1]},{"time":3.3333,"color":"ffffff00","curve":"stepped"},{"time":3.6333,"color":"ffffff00","curve":[0.25,0,0.75,1]},{"time":3.6667,"color":"ffffff80","curve":[0.25,0,0.75,1]},{"time":3.7,"color":"fffffffe","curve":"stepped"},{"time":3.9667,"color":"fffffffe","curve":[0.25,0,0.75,1]},{"time":4,"color":"ffffff00","curve":"stepped"},{"time":4.3,"color":"ffffff00","curve":[0.25,0,0.75,1]},{"time":4.3333,"color":"ffffff80","curve":[0.25,0,0.75,1]},{"time":4.3667,"color":"fffffffe","curve":"stepped"},{"time":4.6333,"color":"fffffffe","curve":[0.25,0,0.75,1]},{"time":4.6667,"color":"ffffff00","curve":"stepped"},{"time":4.9667,"color":"ffffff00","curve":[0.25,0,0.75,1]},{"time":5,"color":"ffffff80","curve":[0.25,0,0.75,1]},{"time":5.0333,"color":"fffffffe","curve":"stepped"},{"time":5.3,"color":"fffffffe","curve":[0.25,0,0.75,1]},{"time":5.3333,"color":"ffffff00","curve":"stepped"},{"time":5.6333,"color":"ffffff00","curve":[0.25,0,0.75,1]},{"time":5.6667,"color":"ffffff80","curve":[0.25,0,0.75,1]},{"time":5.7,"color":"fffffffe","curve":"stepped"},{"time":5.9667,"color":"fffffffe","curve":[0.25,0,0.75,1]},{"time":6,"color":"ffffff00","curve":"stepped"},{"time":6.3,"color":"ffffff00","curve":[0.25,0,0.75,1]},{"time":6.3333,"color":"ffffff80","curve":[0.25,0,0.75,1]},{"time":6.3667,"color":"fffffffe","curve":"stepped"},{"time":6.6333,"color":"fffffffe"}]},"7qdlj_deng1_5":{"color":[{"time":0,"color":"ffffff00","curve":"stepped"},{"time":0.3,"color":"ffffff00","curve":[0.25,0,0.75,1]},{"time":0.3333,"color":"ffffff80","curve":[0.25,0,0.75,1]},{"time":0.3667,"color":"fffffffe","curve":"stepped"},{"time":0.6333,"color":"fffffffe","curve":[0.25,0,0.75,1]},{"time":0.6667,"color":"ffffff00","curve":"stepped"},{"time":0.9667,"color":"ffffff00","curve":[0.25,0,0.75,1]},{"time":1,"color":"ffffff80","curve":[0.25,0,0.75,1]},{"time":1.0333,"color":"fffffffe","curve":"stepped"},{"time":1.3,"color":"fffffffe","curve":[0.25,0,0.75,1]},{"time":1.3333,"color":"ffffff00","curve":"stepped"},{"time":1.6333,"color":"ffffff00","curve":[0.25,0,0.75,1]},{"time":1.6667,"color":"ffffff80","curve":[0.25,0,0.75,1]},{"time":1.7,"color":"fffffffe","curve":"stepped"},{"time":1.9667,"color":"fffffffe","curve":[0.25,0,0.75,1]},{"time":2,"color":"ffffff00","curve":"stepped"},{"time":2.3,"color":"ffffff00","curve":[0.25,0,0.75,1]},{"time":2.3333,"color":"ffffff80","curve":[0.25,0,0.75,1]},{"time":2.3667,"color":"fffffffe","curve":"stepped"},{"time":2.6333,"color":"fffffffe","curve":[0.25,0,0.75,1]},{"time":2.6667,"color":"ffffff00","curve":"stepped"},{"time":2.9667,"color":"ffffff00","curve":[0.25,0,0.75,1]},{"time":3,"color":"ffffff80","curve":[0.25,0,0.75,1]},{"time":3.0333,"color":"fffffffe","curve":"stepped"},{"time":3.3,"color":"fffffffe","curve":[0.25,0,0.75,1]},{"time":3.3333,"color":"ffffff00","curve":"stepped"},{"time":3.6333,"color":"ffffff00","curve":[0.25,0,0.75,1]},{"time":3.6667,"color":"ffffff80","curve":[0.25,0,0.75,1]},{"time":3.7,"color":"fffffffe","curve":"stepped"},{"time":3.9667,"color":"fffffffe","curve":[0.25,0,0.75,1]},{"time":4,"color":"ffffff00","curve":"stepped"},{"time":4.3,"color":"ffffff00","curve":[0.25,0,0.75,1]},{"time":4.3333,"color":"ffffff80","curve":[0.25,0,0.75,1]},{"time":4.3667,"color":"fffffffe","curve":"stepped"},{"time":4.6333,"color":"fffffffe","curve":[0.25,0,0.75,1]},{"time":4.6667,"color":"ffffff00","curve":"stepped"},{"time":4.9667,"color":"ffffff00","curve":[0.25,0,0.75,1]},{"time":5,"color":"ffffff80","curve":[0.25,0,0.75,1]},{"time":5.0333,"color":"fffffffe","curve":"stepped"},{"time":5.3,"color":"fffffffe","curve":[0.25,0,0.75,1]},{"time":5.3333,"color":"ffffff00","curve":"stepped"},{"time":5.6333,"color":"ffffff00","curve":[0.25,0,0.75,1]},{"time":5.6667,"color":"ffffff80","curve":[0.25,0,0.75,1]},{"time":5.7,"color":"fffffffe","curve":"stepped"},{"time":5.9667,"color":"fffffffe","curve":[0.25,0,0.75,1]},{"time":6,"color":"ffffff00","curve":"stepped"},{"time":6.3,"color":"ffffff00","curve":[0.25,0,0.75,1]},{"time":6.3333,"color":"ffffff80","curve":[0.25,0,0.75,1]},{"time":6.3667,"color":"fffffffe","curve":"stepped"},{"time":6.6333,"color":"fffffffe"}]},"7qdlj_deng1_6":{"color":[{"time":0,"color":"ffffff00","curve":"stepped"},{"time":0.3,"color":"ffffff00","curve":[0.25,0,0.75,1]},{"time":0.3333,"color":"ffffff80","curve":[0.25,0,0.75,1]},{"time":0.3667,"color":"fffffffe","curve":"stepped"},{"time":0.6333,"color":"fffffffe","curve":[0.25,0,0.75,1]},{"time":0.6667,"color":"ffffff00","curve":"stepped"},{"time":0.9667,"color":"ffffff00","curve":[0.25,0,0.75,1]},{"time":1,"color":"ffffff80","curve":[0.25,0,0.75,1]},{"time":1.0333,"color":"fffffffe","curve":"stepped"},{"time":1.3,"color":"fffffffe","curve":[0.25,0,0.75,1]},{"time":1.3333,"color":"ffffff00","curve":"stepped"},{"time":1.6333,"color":"ffffff00","curve":[0.25,0,0.75,1]},{"time":1.6667,"color":"ffffff80","curve":[0.25,0,0.75,1]},{"time":1.7,"color":"fffffffe","curve":"stepped"},{"time":1.9667,"color":"fffffffe","curve":[0.25,0,0.75,1]},{"time":2,"color":"ffffff00","curve":"stepped"},{"time":2.3,"color":"ffffff00","curve":[0.25,0,0.75,1]},{"time":2.3333,"color":"ffffff80","curve":[0.25,0,0.75,1]},{"time":2.3667,"color":"fffffffe","curve":"stepped"},{"time":2.6333,"color":"fffffffe","curve":[0.25,0,0.75,1]},{"time":2.6667,"color":"ffffff00","curve":"stepped"},{"time":2.9667,"color":"ffffff00","curve":[0.25,0,0.75,1]},{"time":3,"color":"ffffff80","curve":[0.25,0,0.75,1]},{"time":3.0333,"color":"fffffffe","curve":"stepped"},{"time":3.3,"color":"fffffffe","curve":[0.25,0,0.75,1]},{"time":3.3333,"color":"ffffff00","curve":"stepped"},{"time":3.6333,"color":"ffffff00","curve":[0.25,0,0.75,1]},{"time":3.6667,"color":"ffffff80","curve":[0.25,0,0.75,1]},{"time":3.7,"color":"fffffffe","curve":"stepped"},{"time":3.9667,"color":"fffffffe","curve":[0.25,0,0.75,1]},{"time":4,"color":"ffffff00","curve":"stepped"},{"time":4.3,"color":"ffffff00","curve":[0.25,0,0.75,1]},{"time":4.3333,"color":"ffffff80","curve":[0.25,0,0.75,1]},{"time":4.3667,"color":"fffffffe","curve":"stepped"},{"time":4.6333,"color":"fffffffe","curve":[0.25,0,0.75,1]},{"time":4.6667,"color":"ffffff00","curve":"stepped"},{"time":4.9667,"color":"ffffff00","curve":[0.25,0,0.75,1]},{"time":5,"color":"ffffff80","curve":[0.25,0,0.75,1]},{"time":5.0333,"color":"fffffffe","curve":"stepped"},{"time":5.3,"color":"fffffffe","curve":[0.25,0,0.75,1]},{"time":5.3333,"color":"ffffff00","curve":"stepped"},{"time":5.6333,"color":"ffffff00","curve":[0.25,0,0.75,1]},{"time":5.6667,"color":"ffffff80","curve":[0.25,0,0.75,1]},{"time":5.7,"color":"fffffffe","curve":"stepped"},{"time":5.9667,"color":"fffffffe","curve":[0.25,0,0.75,1]},{"time":6,"color":"ffffff00","curve":"stepped"},{"time":6.3,"color":"ffffff00","curve":[0.25,0,0.75,1]},{"time":6.3333,"color":"ffffff80","curve":[0.25,0,0.75,1]},{"time":6.3667,"color":"fffffffe","curve":"stepped"},{"time":6.6333,"color":"fffffffe"}]},"7qdlj_deng2_1":{"color":[{"time":0,"color":"fffffffe","curve":"stepped"},{"time":0.3,"color":"fffffffe","curve":[0.25,0,0.75,1]},{"time":0.3333,"color":"ffffff80","curve":[0.25,0,0.75,1]},{"time":0.3667,"color":"ffffff00","curve":"stepped"},{"time":0.6333,"color":"ffffff00","curve":[0.25,0,0.75,1]},{"time":0.6667,"color":"fffffffe","curve":"stepped"},{"time":0.9667,"color":"fffffffe","curve":[0.25,0,0.75,1]},{"time":1,"color":"ffffff80","curve":[0.25,0,0.75,1]},{"time":1.0333,"color":"ffffff00","curve":"stepped"},{"time":1.3,"color":"ffffff00","curve":[0.25,0,0.75,1]},{"time":1.3333,"color":"fffffffe","curve":"stepped"},{"time":1.6333,"color":"fffffffe","curve":[0.25,0,0.75,1]},{"time":1.6667,"color":"ffffff80","curve":[0.25,0,0.75,1]},{"time":1.7,"color":"ffffff00","curve":"stepped"},{"time":1.9667,"color":"ffffff00","curve":[0.25,0,0.75,1]},{"time":2,"color":"fffffffe","curve":"stepped"},{"time":2.3,"color":"fffffffe","curve":[0.25,0,0.75,1]},{"time":2.3333,"color":"ffffff80","curve":[0.25,0,0.75,1]},{"time":2.3667,"color":"ffffff00","curve":"stepped"},{"time":2.6333,"color":"ffffff00","curve":[0.25,0,0.75,1]},{"time":2.6667,"color":"fffffffe","curve":"stepped"},{"time":2.9667,"color":"fffffffe","curve":[0.25,0,0.75,1]},{"time":3,"color":"ffffff80","curve":[0.25,0,0.75,1]},{"time":3.0333,"color":"ffffff00","curve":"stepped"},{"time":3.3,"color":"ffffff00","curve":[0.25,0,0.75,1]},{"time":3.3333,"color":"fffffffe","curve":"stepped"},{"time":3.6333,"color":"fffffffe","curve":[0.25,0,0.75,1]},{"time":3.6667,"color":"ffffff80","curve":[0.25,0,0.75,1]},{"time":3.7,"color":"ffffff00","curve":"stepped"},{"time":3.9667,"color":"ffffff00","curve":[0.25,0,0.75,1]},{"time":4,"color":"fffffffe","curve":"stepped"},{"time":4.3,"color":"fffffffe","curve":[0.25,0,0.75,1]},{"time":4.3333,"color":"ffffff80","curve":[0.25,0,0.75,1]},{"time":4.3667,"color":"ffffff00","curve":"stepped"},{"time":4.6333,"color":"ffffff00","curve":[0.25,0,0.75,1]},{"time":4.6667,"color":"fffffffe","curve":"stepped"},{"time":4.9667,"color":"fffffffe","curve":[0.25,0,0.75,1]},{"time":5,"color":"ffffff80","curve":[0.25,0,0.75,1]},{"time":5.0333,"color":"ffffff00","curve":"stepped"},{"time":5.3,"color":"ffffff00","curve":[0.25,0,0.75,1]},{"time":5.3333,"color":"fffffffe","curve":"stepped"},{"time":5.6333,"color":"fffffffe","curve":[0.25,0,0.75,1]},{"time":5.6667,"color":"ffffff80","curve":[0.25,0,0.75,1]},{"time":5.7,"color":"ffffff00","curve":"stepped"},{"time":5.9667,"color":"ffffff00","curve":[0.25,0,0.75,1]},{"time":6,"color":"fffffffe","curve":"stepped"},{"time":6.3,"color":"fffffffe","curve":[0.25,0,0.75,1]},{"time":6.3333,"color":"ffffff80","curve":[0.25,0,0.75,1]},{"time":6.3667,"color":"ffffff00","curve":"stepped"},{"time":6.6333,"color":"ffffff00"}]},"7qdlj_deng2_2":{"color":[{"time":0,"color":"fffffffe","curve":"stepped"},{"time":0.3,"color":"fffffffe","curve":[0.25,0,0.75,1]},{"time":0.3333,"color":"ffffff80","curve":[0.25,0,0.75,1]},{"time":0.3667,"color":"ffffff00","curve":"stepped"},{"time":0.6333,"color":"ffffff00","curve":[0.25,0,0.75,1]},{"time":0.6667,"color":"fffffffe","curve":"stepped"},{"time":0.9667,"color":"fffffffe","curve":[0.25,0,0.75,1]},{"time":1,"color":"ffffff80","curve":[0.25,0,0.75,1]},{"time":1.0333,"color":"ffffff00","curve":"stepped"},{"time":1.3,"color":"ffffff00","curve":[0.25,0,0.75,1]},{"time":1.3333,"color":"fffffffe","curve":"stepped"},{"time":1.6333,"color":"fffffffe","curve":[0.25,0,0.75,1]},{"time":1.6667,"color":"ffffff80","curve":[0.25,0,0.75,1]},{"time":1.7,"color":"ffffff00","curve":"stepped"},{"time":1.9667,"color":"ffffff00","curve":[0.25,0,0.75,1]},{"time":2,"color":"fffffffe","curve":"stepped"},{"time":2.3,"color":"fffffffe","curve":[0.25,0,0.75,1]},{"time":2.3333,"color":"ffffff80","curve":[0.25,0,0.75,1]},{"time":2.3667,"color":"ffffff00","curve":"stepped"},{"time":2.6333,"color":"ffffff00","curve":[0.25,0,0.75,1]},{"time":2.6667,"color":"fffffffe","curve":"stepped"},{"time":2.9667,"color":"fffffffe","curve":[0.25,0,0.75,1]},{"time":3,"color":"ffffff80","curve":[0.25,0,0.75,1]},{"time":3.0333,"color":"ffffff00","curve":"stepped"},{"time":3.3,"color":"ffffff00","curve":[0.25,0,0.75,1]},{"time":3.3333,"color":"fffffffe","curve":"stepped"},{"time":3.6333,"color":"fffffffe","curve":[0.25,0,0.75,1]},{"time":3.6667,"color":"ffffff80","curve":[0.25,0,0.75,1]},{"time":3.7,"color":"ffffff00","curve":"stepped"},{"time":3.9667,"color":"ffffff00","curve":[0.25,0,0.75,1]},{"time":4,"color":"fffffffe","curve":"stepped"},{"time":4.3,"color":"fffffffe","curve":[0.25,0,0.75,1]},{"time":4.3333,"color":"ffffff80","curve":[0.25,0,0.75,1]},{"time":4.3667,"color":"ffffff00","curve":"stepped"},{"time":4.6333,"color":"ffffff00","curve":[0.25,0,0.75,1]},{"time":4.6667,"color":"fffffffe","curve":"stepped"},{"time":4.9667,"color":"fffffffe","curve":[0.25,0,0.75,1]},{"time":5,"color":"ffffff80","curve":[0.25,0,0.75,1]},{"time":5.0333,"color":"ffffff00","curve":"stepped"},{"time":5.3,"color":"ffffff00","curve":[0.25,0,0.75,1]},{"time":5.3333,"color":"fffffffe","curve":"stepped"},{"time":5.6333,"color":"fffffffe","curve":[0.25,0,0.75,1]},{"time":5.6667,"color":"ffffff80","curve":[0.25,0,0.75,1]},{"time":5.7,"color":"ffffff00","curve":"stepped"},{"time":5.9667,"color":"ffffff00","curve":[0.25,0,0.75,1]},{"time":6,"color":"fffffffe","curve":"stepped"},{"time":6.3,"color":"fffffffe","curve":[0.25,0,0.75,1]},{"time":6.3333,"color":"ffffff80","curve":[0.25,0,0.75,1]},{"time":6.3667,"color":"ffffff00","curve":"stepped"},{"time":6.6333,"color":"ffffff00"}]},"7qdlj_deng2_3":{"color":[{"time":0,"color":"fffffffe","curve":"stepped"},{"time":0.3,"color":"fffffffe","curve":[0.25,0,0.75,1]},{"time":0.3333,"color":"ffffff80","curve":[0.25,0,0.75,1]},{"time":0.3667,"color":"ffffff00","curve":"stepped"},{"time":0.6333,"color":"ffffff00","curve":[0.25,0,0.75,1]},{"time":0.6667,"color":"fffffffe","curve":"stepped"},{"time":0.9667,"color":"fffffffe","curve":[0.25,0,0.75,1]},{"time":1,"color":"ffffff80","curve":[0.25,0,0.75,1]},{"time":1.0333,"color":"ffffff00","curve":"stepped"},{"time":1.3,"color":"ffffff00","curve":[0.25,0,0.75,1]},{"time":1.3333,"color":"fffffffe","curve":"stepped"},{"time":1.6333,"color":"fffffffe","curve":[0.25,0,0.75,1]},{"time":1.6667,"color":"ffffff80","curve":[0.25,0,0.75,1]},{"time":1.7,"color":"ffffff00","curve":"stepped"},{"time":1.9667,"color":"ffffff00","curve":[0.25,0,0.75,1]},{"time":2,"color":"fffffffe","curve":"stepped"},{"time":2.3,"color":"fffffffe","curve":[0.25,0,0.75,1]},{"time":2.3333,"color":"ffffff80","curve":[0.25,0,0.75,1]},{"time":2.3667,"color":"ffffff00","curve":"stepped"},{"time":2.6333,"color":"ffffff00","curve":[0.25,0,0.75,1]},{"time":2.6667,"color":"fffffffe","curve":"stepped"},{"time":2.9667,"color":"fffffffe","curve":[0.25,0,0.75,1]},{"time":3,"color":"ffffff80","curve":[0.25,0,0.75,1]},{"time":3.0333,"color":"ffffff00","curve":"stepped"},{"time":3.3,"color":"ffffff00","curve":[0.25,0,0.75,1]},{"time":3.3333,"color":"fffffffe","curve":"stepped"},{"time":3.6333,"color":"fffffffe","curve":[0.25,0,0.75,1]},{"time":3.6667,"color":"ffffff80","curve":[0.25,0,0.75,1]},{"time":3.7,"color":"ffffff00","curve":"stepped"},{"time":3.9667,"color":"ffffff00","curve":[0.25,0,0.75,1]},{"time":4,"color":"fffffffe","curve":"stepped"},{"time":4.3,"color":"fffffffe","curve":[0.25,0,0.75,1]},{"time":4.3333,"color":"ffffff80","curve":[0.25,0,0.75,1]},{"time":4.3667,"color":"ffffff00","curve":"stepped"},{"time":4.6333,"color":"ffffff00","curve":[0.25,0,0.75,1]},{"time":4.6667,"color":"fffffffe","curve":"stepped"},{"time":4.9667,"color":"fffffffe","curve":[0.25,0,0.75,1]},{"time":5,"color":"ffffff80","curve":[0.25,0,0.75,1]},{"time":5.0333,"color":"ffffff00","curve":"stepped"},{"time":5.3,"color":"ffffff00","curve":[0.25,0,0.75,1]},{"time":5.3333,"color":"fffffffe","curve":"stepped"},{"time":5.6333,"color":"fffffffe","curve":[0.25,0,0.75,1]},{"time":5.6667,"color":"ffffff80","curve":[0.25,0,0.75,1]},{"time":5.7,"color":"ffffff00","curve":"stepped"},{"time":5.9667,"color":"ffffff00","curve":[0.25,0,0.75,1]},{"time":6,"color":"fffffffe","curve":"stepped"},{"time":6.3,"color":"fffffffe","curve":[0.25,0,0.75,1]},{"time":6.3333,"color":"ffffff80","curve":[0.25,0,0.75,1]},{"time":6.3667,"color":"ffffff00","curve":"stepped"},{"time":6.6333,"color":"ffffff00"}]},"7qdlj_deng2_4":{"color":[{"time":0,"color":"fffffffe","curve":"stepped"},{"time":0.3,"color":"fffffffe","curve":[0.25,0,0.75,1]},{"time":0.3333,"color":"ffffff80","curve":[0.25,0,0.75,1]},{"time":0.3667,"color":"ffffff00","curve":"stepped"},{"time":0.6333,"color":"ffffff00","curve":[0.25,0,0.75,1]},{"time":0.6667,"color":"fffffffe","curve":"stepped"},{"time":0.9667,"color":"fffffffe","curve":[0.25,0,0.75,1]},{"time":1,"color":"ffffff80","curve":[0.25,0,0.75,1]},{"time":1.0333,"color":"ffffff00","curve":"stepped"},{"time":1.3,"color":"ffffff00","curve":[0.25,0,0.75,1]},{"time":1.3333,"color":"fffffffe","curve":"stepped"},{"time":1.6333,"color":"fffffffe","curve":[0.25,0,0.75,1]},{"time":1.6667,"color":"ffffff80","curve":[0.25,0,0.75,1]},{"time":1.7,"color":"ffffff00","curve":"stepped"},{"time":1.9667,"color":"ffffff00","curve":[0.25,0,0.75,1]},{"time":2,"color":"fffffffe","curve":"stepped"},{"time":2.3,"color":"fffffffe","curve":[0.25,0,0.75,1]},{"time":2.3333,"color":"ffffff80","curve":[0.25,0,0.75,1]},{"time":2.3667,"color":"ffffff00","curve":"stepped"},{"time":2.6333,"color":"ffffff00","curve":[0.25,0,0.75,1]},{"time":2.6667,"color":"fffffffe","curve":"stepped"},{"time":2.9667,"color":"fffffffe","curve":[0.25,0,0.75,1]},{"time":3,"color":"ffffff80","curve":[0.25,0,0.75,1]},{"time":3.0333,"color":"ffffff00","curve":"stepped"},{"time":3.3,"color":"ffffff00","curve":[0.25,0,0.75,1]},{"time":3.3333,"color":"fffffffe","curve":"stepped"},{"time":3.6333,"color":"fffffffe","curve":[0.25,0,0.75,1]},{"time":3.6667,"color":"ffffff80","curve":[0.25,0,0.75,1]},{"time":3.7,"color":"ffffff00","curve":"stepped"},{"time":3.9667,"color":"ffffff00","curve":[0.25,0,0.75,1]},{"time":4,"color":"fffffffe","curve":"stepped"},{"time":4.3,"color":"fffffffe","curve":[0.25,0,0.75,1]},{"time":4.3333,"color":"ffffff80","curve":[0.25,0,0.75,1]},{"time":4.3667,"color":"ffffff00","curve":"stepped"},{"time":4.6333,"color":"ffffff00","curve":[0.25,0,0.75,1]},{"time":4.6667,"color":"fffffffe","curve":"stepped"},{"time":4.9667,"color":"fffffffe","curve":[0.25,0,0.75,1]},{"time":5,"color":"ffffff80","curve":[0.25,0,0.75,1]},{"time":5.0333,"color":"ffffff00","curve":"stepped"},{"time":5.3,"color":"ffffff00","curve":[0.25,0,0.75,1]},{"time":5.3333,"color":"fffffffe","curve":"stepped"},{"time":5.6333,"color":"fffffffe","curve":[0.25,0,0.75,1]},{"time":5.6667,"color":"ffffff80","curve":[0.25,0,0.75,1]},{"time":5.7,"color":"ffffff00","curve":"stepped"},{"time":5.9667,"color":"ffffff00","curve":[0.25,0,0.75,1]},{"time":6,"color":"fffffffe","curve":"stepped"},{"time":6.3,"color":"fffffffe","curve":[0.25,0,0.75,1]},{"time":6.3333,"color":"ffffff80","curve":[0.25,0,0.75,1]},{"time":6.3667,"color":"ffffff00","curve":"stepped"},{"time":6.6333,"color":"ffffff00"}]},"7qdlj_deng2_5":{"color":[{"time":0,"color":"fffffffe","curve":"stepped"},{"time":0.3,"color":"fffffffe","curve":[0.25,0,0.75,1]},{"time":0.3333,"color":"ffffff80","curve":[0.25,0,0.75,1]},{"time":0.3667,"color":"ffffff00","curve":"stepped"},{"time":0.6333,"color":"ffffff00","curve":[0.25,0,0.75,1]},{"time":0.6667,"color":"fffffffe","curve":"stepped"},{"time":0.9667,"color":"fffffffe","curve":[0.25,0,0.75,1]},{"time":1,"color":"ffffff80","curve":[0.25,0,0.75,1]},{"time":1.0333,"color":"ffffff00","curve":"stepped"},{"time":1.3,"color":"ffffff00","curve":[0.25,0,0.75,1]},{"time":1.3333,"color":"fffffffe","curve":"stepped"},{"time":1.6333,"color":"fffffffe","curve":[0.25,0,0.75,1]},{"time":1.6667,"color":"ffffff80","curve":[0.25,0,0.75,1]},{"time":1.7,"color":"ffffff00","curve":"stepped"},{"time":1.9667,"color":"ffffff00","curve":[0.25,0,0.75,1]},{"time":2,"color":"fffffffe","curve":"stepped"},{"time":2.3,"color":"fffffffe","curve":[0.25,0,0.75,1]},{"time":2.3333,"color":"ffffff80","curve":[0.25,0,0.75,1]},{"time":2.3667,"color":"ffffff00","curve":"stepped"},{"time":2.6333,"color":"ffffff00","curve":[0.25,0,0.75,1]},{"time":2.6667,"color":"fffffffe","curve":"stepped"},{"time":2.9667,"color":"fffffffe","curve":[0.25,0,0.75,1]},{"time":3,"color":"ffffff80","curve":[0.25,0,0.75,1]},{"time":3.0333,"color":"ffffff00","curve":"stepped"},{"time":3.3,"color":"ffffff00","curve":[0.25,0,0.75,1]},{"time":3.3333,"color":"fffffffe","curve":"stepped"},{"time":3.6333,"color":"fffffffe","curve":[0.25,0,0.75,1]},{"time":3.6667,"color":"ffffff80","curve":[0.25,0,0.75,1]},{"time":3.7,"color":"ffffff00","curve":"stepped"},{"time":3.9667,"color":"ffffff00","curve":[0.25,0,0.75,1]},{"time":4,"color":"fffffffe","curve":"stepped"},{"time":4.3,"color":"fffffffe","curve":[0.25,0,0.75,1]},{"time":4.3333,"color":"ffffff80","curve":[0.25,0,0.75,1]},{"time":4.3667,"color":"ffffff00","curve":"stepped"},{"time":4.6333,"color":"ffffff00","curve":[0.25,0,0.75,1]},{"time":4.6667,"color":"fffffffe","curve":"stepped"},{"time":4.9667,"color":"fffffffe","curve":[0.25,0,0.75,1]},{"time":5,"color":"ffffff80","curve":[0.25,0,0.75,1]},{"time":5.0333,"color":"ffffff00","curve":"stepped"},{"time":5.3,"color":"ffffff00","curve":[0.25,0,0.75,1]},{"time":5.3333,"color":"fffffffe","curve":"stepped"},{"time":5.6333,"color":"fffffffe","curve":[0.25,0,0.75,1]},{"time":5.6667,"color":"ffffff80","curve":[0.25,0,0.75,1]},{"time":5.7,"color":"ffffff00","curve":"stepped"},{"time":5.9667,"color":"ffffff00","curve":[0.25,0,0.75,1]},{"time":6,"color":"fffffffe","curve":"stepped"},{"time":6.3,"color":"fffffffe","curve":[0.25,0,0.75,1]},{"time":6.3333,"color":"ffffff80","curve":[0.25,0,0.75,1]},{"time":6.3667,"color":"ffffff00","curve":"stepped"},{"time":6.6333,"color":"ffffff00"}]},"7qdlj_deng2_6":{"color":[{"time":0,"color":"fffffffe","curve":"stepped"},{"time":0.3,"color":"fffffffe","curve":[0.25,0,0.75,1]},{"time":0.3333,"color":"ffffff80","curve":[0.25,0,0.75,1]},{"time":0.3667,"color":"ffffff00","curve":"stepped"},{"time":0.6333,"color":"ffffff00","curve":[0.25,0,0.75,1]},{"time":0.6667,"color":"fffffffe","curve":"stepped"},{"time":0.9667,"color":"fffffffe","curve":[0.25,0,0.75,1]},{"time":1,"color":"ffffff80","curve":[0.25,0,0.75,1]},{"time":1.0333,"color":"ffffff00","curve":"stepped"},{"time":1.3,"color":"ffffff00","curve":[0.25,0,0.75,1]},{"time":1.3333,"color":"fffffffe","curve":"stepped"},{"time":1.6333,"color":"fffffffe","curve":[0.25,0,0.75,1]},{"time":1.6667,"color":"ffffff80","curve":[0.25,0,0.75,1]},{"time":1.7,"color":"ffffff00","curve":"stepped"},{"time":1.9667,"color":"ffffff00","curve":[0.25,0,0.75,1]},{"time":2,"color":"fffffffe","curve":"stepped"},{"time":2.3,"color":"fffffffe","curve":[0.25,0,0.75,1]},{"time":2.3333,"color":"ffffff80","curve":[0.25,0,0.75,1]},{"time":2.3667,"color":"ffffff00","curve":"stepped"},{"time":2.6333,"color":"ffffff00","curve":[0.25,0,0.75,1]},{"time":2.6667,"color":"fffffffe","curve":"stepped"},{"time":2.9667,"color":"fffffffe","curve":[0.25,0,0.75,1]},{"time":3,"color":"ffffff80","curve":[0.25,0,0.75,1]},{"time":3.0333,"color":"ffffff00","curve":"stepped"},{"time":3.3,"color":"ffffff00","curve":[0.25,0,0.75,1]},{"time":3.3333,"color":"fffffffe","curve":"stepped"},{"time":3.6333,"color":"fffffffe","curve":[0.25,0,0.75,1]},{"time":3.6667,"color":"ffffff80","curve":[0.25,0,0.75,1]},{"time":3.7,"color":"ffffff00","curve":"stepped"},{"time":3.9667,"color":"ffffff00","curve":[0.25,0,0.75,1]},{"time":4,"color":"fffffffe","curve":"stepped"},{"time":4.3,"color":"fffffffe","curve":[0.25,0,0.75,1]},{"time":4.3333,"color":"ffffff80","curve":[0.25,0,0.75,1]},{"time":4.3667,"color":"ffffff00","curve":"stepped"},{"time":4.6333,"color":"ffffff00","curve":[0.25,0,0.75,1]},{"time":4.6667,"color":"fffffffe","curve":"stepped"},{"time":4.9667,"color":"fffffffe","curve":[0.25,0,0.75,1]},{"time":5,"color":"ffffff80","curve":[0.25,0,0.75,1]},{"time":5.0333,"color":"ffffff00","curve":"stepped"},{"time":5.3,"color":"ffffff00","curve":[0.25,0,0.75,1]},{"time":5.3333,"color":"fffffffe","curve":"stepped"},{"time":5.6333,"color":"fffffffe","curve":[0.25,0,0.75,1]},{"time":5.6667,"color":"ffffff80","curve":[0.25,0,0.75,1]},{"time":5.7,"color":"ffffff00","curve":"stepped"},{"time":5.9667,"color":"ffffff00","curve":[0.25,0,0.75,1]},{"time":6,"color":"fffffffe","curve":"stepped"},{"time":6.3,"color":"fffffffe","curve":[0.25,0,0.75,1]},{"time":6.3333,"color":"ffffff80","curve":[0.25,0,0.75,1]},{"time":6.3667,"color":"ffffff00","curve":"stepped"},{"time":6.6333,"color":"ffffff00"}]},"7qdlj_deng2_7":{"color":[{"time":0,"color":"fffffffe","curve":"stepped"},{"time":0.3,"color":"fffffffe","curve":[0.25,0,0.75,1]},{"time":0.3333,"color":"ffffff80","curve":[0.25,0,0.75,1]},{"time":0.3667,"color":"ffffff00","curve":"stepped"},{"time":0.6333,"color":"ffffff00","curve":[0.25,0,0.75,1]},{"time":0.6667,"color":"fffffffe","curve":"stepped"},{"time":0.9667,"color":"fffffffe","curve":[0.25,0,0.75,1]},{"time":1,"color":"ffffff80","curve":[0.25,0,0.75,1]},{"time":1.0333,"color":"ffffff00","curve":"stepped"},{"time":1.3,"color":"ffffff00","curve":[0.25,0,0.75,1]},{"time":1.3333,"color":"fffffffe","curve":"stepped"},{"time":1.6333,"color":"fffffffe","curve":[0.25,0,0.75,1]},{"time":1.6667,"color":"ffffff80","curve":[0.25,0,0.75,1]},{"time":1.7,"color":"ffffff00","curve":"stepped"},{"time":1.9667,"color":"ffffff00","curve":[0.25,0,0.75,1]},{"time":2,"color":"fffffffe","curve":"stepped"},{"time":2.3,"color":"fffffffe","curve":[0.25,0,0.75,1]},{"time":2.3333,"color":"ffffff80","curve":[0.25,0,0.75,1]},{"time":2.3667,"color":"ffffff00","curve":"stepped"},{"time":2.6333,"color":"ffffff00","curve":[0.25,0,0.75,1]},{"time":2.6667,"color":"fffffffe","curve":"stepped"},{"time":2.9667,"color":"fffffffe","curve":[0.25,0,0.75,1]},{"time":3,"color":"ffffff80","curve":[0.25,0,0.75,1]},{"time":3.0333,"color":"ffffff00","curve":"stepped"},{"time":3.3,"color":"ffffff00","curve":[0.25,0,0.75,1]},{"time":3.3333,"color":"fffffffe","curve":"stepped"},{"time":3.6333,"color":"fffffffe","curve":[0.25,0,0.75,1]},{"time":3.6667,"color":"ffffff80","curve":[0.25,0,0.75,1]},{"time":3.7,"color":"ffffff00","curve":"stepped"},{"time":3.9667,"color":"ffffff00","curve":[0.25,0,0.75,1]},{"time":4,"color":"fffffffe","curve":"stepped"},{"time":4.3,"color":"fffffffe","curve":[0.25,0,0.75,1]},{"time":4.3333,"color":"ffffff80","curve":[0.25,0,0.75,1]},{"time":4.3667,"color":"ffffff00","curve":"stepped"},{"time":4.6333,"color":"ffffff00","curve":[0.25,0,0.75,1]},{"time":4.6667,"color":"fffffffe","curve":"stepped"},{"time":4.9667,"color":"fffffffe","curve":[0.25,0,0.75,1]},{"time":5,"color":"ffffff80","curve":[0.25,0,0.75,1]},{"time":5.0333,"color":"ffffff00","curve":"stepped"},{"time":5.3,"color":"ffffff00","curve":[0.25,0,0.75,1]},{"time":5.3333,"color":"fffffffe","curve":"stepped"},{"time":5.6333,"color":"fffffffe","curve":[0.25,0,0.75,1]},{"time":5.6667,"color":"ffffff80","curve":[0.25,0,0.75,1]},{"time":5.7,"color":"ffffff00","curve":"stepped"},{"time":5.9667,"color":"ffffff00","curve":[0.25,0,0.75,1]},{"time":6,"color":"fffffffe","curve":"stepped"},{"time":6.3,"color":"fffffffe","curve":[0.25,0,0.75,1]},{"time":6.3333,"color":"ffffff80","curve":[0.25,0,0.75,1]},{"time":6.3667,"color":"ffffff00","curve":"stepped"},{"time":6.6333,"color":"ffffff00"}]}}}}}