{"skeleton":{"hash":"/Y7bwlv6WoM62tFEzvAgQdLW428","spine":"3.6.37","width":81.3,"height":107.81,"images":"./images/"},"bones":[{"name":"root"},{"name":"hip","parent":"root"},{"name":"tkts","parent":"hip","y":-9.68,"color":"ff0000ff"},{"name":"lz","parent":"tkts","x":-3.25,"y":10.46,"scaleX":0.15,"scaleY":0.15,"color":"ff0000ff"},{"name":"lz2","parent":"tkts","x":15.77,"y":14.58,"scaleX":0.15,"scaleY":0.15,"color":"ff0000ff"},{"name":"lz3","parent":"tkts","x":-12.14,"y":16.26,"scaleX":0.15,"scaleY":0.15,"color":"ff0000ff"},{"name":"lz4","parent":"tkts","x":-5.76,"y":3.28,"scaleX":0.15,"scaleY":0.15,"color":"ff0000ff"},{"name":"lz5","parent":"tkts","x":0.58,"y":-2.29,"scaleX":0.15,"scaleY":0.15,"color":"ff0000ff"},{"name":"lz6","parent":"tkts","x":-1.67,"y":-9.62,"scaleX":0.15,"scaleY":0.15,"color":"ff0000ff"},{"name":"lz7","parent":"tkts","x":-1.51,"y":18.91,"scaleX":0.15,"scaleY":0.15,"color":"ff0000ff"},{"name":"rkhy2","parent":"tkts","x":4.11,"y":10.67,"scaleX":1.5,"scaleY":1.5}],"slots":[{"name":"rkhy2","bone":"rkhy2","attachment":"rbay_jnhjfire12"},{"name":"rbay_dtrkts3","bone":"tkts","attachment":"rbay_dtrkts1"},{"name":"rbay_dtrk_hj5","bone":"tkts","attachment":"rbay_dtrk_hj1g"},{"name":"rbay_dtrk_hj6","bone":"tkts","color":"ffffffc4","attachment":"rbay_dtrk_hj1gl"},{"name":"rbay_dtrkts2","bone":"tkts","blend":"additive"},{"name":"rbay_dtrk_hjtslz","bone":"lz","attachment":"rbay_dtrk_hjtslz","blend":"additive"},{"name":"rbay_dtrk_hjtslz7","bone":"lz7","attachment":"rbay_dtrk_hjtslz","blend":"additive"},{"name":"rbay_dtrk_hjtslz2","bone":"lz2","attachment":"rbay_dtrk_hjtslz","blend":"additive"},{"name":"rbay_dtrk_hjtslz3","bone":"lz3","attachment":"rbay_dtrk_hjtslz","blend":"additive"},{"name":"rbay_dtrk_hjtslz4","bone":"lz4","attachment":"rbay_dtrk_hjtslz","blend":"additive"},{"name":"rbay_dtrk_hjtslz5","bone":"lz5","attachment":"rbay_dtrk_hjtslz","blend":"additive"},{"name":"rbay_dtrk_hjtslz6","bone":"lz6","attachment":"rbay_dtrk_hjtslz","blend":"additive"}],"skins":{"default":{"rbay_dtrk_hj5":{"rbay_dtrk_hj1g":{"x":-7.47,"y":4.47,"width":53,"height":30}},"rbay_dtrk_hj6":{"rbay_dtrk_hj1gl":{"x":-0.17,"y":15.11,"scaleY":0.5,"width":42,"height":2}},"rbay_dtrk_hjtslz":{"rbay_dtrk_hjtslz":{"width":9,"height":9}},"rbay_dtrk_hjtslz2":{"rbay_dtrk_hjtslz":{"width":9,"height":9}},"rbay_dtrk_hjtslz3":{"rbay_dtrk_hjtslz":{"width":9,"height":9}},"rbay_dtrk_hjtslz4":{"rbay_dtrk_hjtslz":{"width":9,"height":9}},"rbay_dtrk_hjtslz5":{"rbay_dtrk_hjtslz":{"width":9,"height":9}},"rbay_dtrk_hjtslz6":{"rbay_dtrk_hjtslz":{"width":9,"height":9}},"rbay_dtrk_hjtslz7":{"rbay_dtrk_hjtslz":{"width":9,"height":9}},"rbay_dtrkts2":{"rbay_dtrkts1":{"x":-0.36,"y":-7.54,"width":67,"height":68}},"rbay_dtrkts3":{"rbay_dtrkts1":{"x":-0.36,"y":-7.54,"width":67,"height":68}},"rkhy2":{"rbay_jnhjfire0":{"x":-9.08,"y":15.98,"rotation":-18.5,"width":47,"height":36},"rbay_jnhjfire2":{"x":-9.08,"y":15.98,"rotation":-7.97,"width":47,"height":36},"rbay_jnhjfire4":{"x":-9.08,"y":15.98,"rotation":-7.97,"width":47,"height":36},"rbay_jnhjfire6":{"x":-9.08,"y":15.98,"rotation":-7.97,"width":47,"height":36},"rbay_jnhjfire8":{"x":-9.08,"y":15.98,"rotation":-7.97,"width":47,"height":36},"rbay_jnhjfire10":{"x":-9.08,"y":15.98,"rotation":-7.97,"width":47,"height":36},"rbay_jnhjfire12":{"x":-9.08,"y":15.98,"rotation":-7.97,"width":47,"height":36},"rbay_jnhjfire14":{"x":-9.08,"y":15.98,"rotation":-7.97,"width":47,"height":36},"rbay_jnhjfire16":{"x":-9.08,"y":15.98,"rotation":-7.97,"width":47,"height":36},"rbay_jnhjfire18":{"x":-9.08,"y":15.98,"rotation":-7.97,"width":47,"height":36},"rbay_jnhjfire20":{"x":-9.08,"y":15.98,"rotation":-7.97,"width":47,"height":36},"rbay_jnhjfire22":{"x":-9.08,"y":15.98,"rotation":-7.97,"width":47,"height":36},"rbay_jnhjfire24":{"x":-9.08,"y":15.98,"rotation":-7.97,"width":47,"height":36},"rbay_jnhjfire26":{"x":-9.08,"y":15.98,"rotation":-7.97,"width":47,"height":36},"rbay_jnhjfire28":{"x":-9.08,"y":15.98,"rotation":-7.97,"width":47,"height":36}}}},"animations":{"animation":{"slots":{"rbay_dtrk_hj5":{"color":[{"time":0,"color":"fffffffe"},{"time":0.1667,"color":"ffffff88"},{"time":0.4667,"color":"fffffffe"},{"time":0.7333,"color":"ffffff4e"},{"time":0.9333,"color":"ffffffde"},{"time":1.1333,"color":"ffffff4a"},{"time":1.5,"color":"fffffffe"},{"time":1.7333,"color":"ffffff82"},{"time":1.9667,"color":"fffffffe"},{"time":2.1667,"color":"ffffff82"},{"time":2.4,"color":"fffffffe"}]},"rbay_dtrk_hjtslz":{"color":[{"time":0,"color":"fffffffe"},{"time":0.0667,"color":"ffffff1e"},{"time":0.1333,"color":"ffffffd8"},{"time":0.2,"color":"ffffff2a"},{"time":0.3,"color":"fffffffe"},{"time":0.3667,"color":"ffffff7c"},{"time":0.4333,"color":"fffffffe"},{"time":0.5333,"color":"ffffff6c"},{"time":0.6,"color":"fffffffe"},{"time":0.6667,"color":"ffffff1e"},{"time":0.7333,"color":"ffffffd8"},{"time":0.8,"color":"ffffff2a"},{"time":0.9,"color":"fffffffe"},{"time":0.9667,"color":"ffffff7c"},{"time":1.0333,"color":"fffffffe"},{"time":1.1333,"color":"ffffff6c"},{"time":1.2,"color":"fffffffe"},{"time":1.2667,"color":"ffffff1e"},{"time":1.3333,"color":"ffffffd8"},{"time":1.4,"color":"ffffff2a"},{"time":1.5,"color":"fffffffe"},{"time":1.5667,"color":"ffffff7c"},{"time":1.6333,"color":"fffffffe"},{"time":1.7333,"color":"ffffff6c"},{"time":1.8,"color":"fffffffe"},{"time":1.8667,"color":"ffffff1e"},{"time":1.9333,"color":"ffffffd8"},{"time":2,"color":"ffffff2a"},{"time":2.1,"color":"fffffffe"},{"time":2.1667,"color":"ffffff7c"},{"time":2.2333,"color":"fffffffe"},{"time":2.3333,"color":"ffffff6c"},{"time":2.4,"color":"ffffffd8"}]},"rbay_dtrk_hjtslz2":{"color":[{"time":0,"color":"fffffffe"},{"time":0.0667,"color":"ffffff1e"},{"time":0.1333,"color":"ffffffd8"},{"time":0.2,"color":"ffffff2a"},{"time":0.3,"color":"fffffffe"},{"time":0.3667,"color":"ffffff7c"},{"time":0.4333,"color":"fffffffe"},{"time":0.5333,"color":"ffffff6c"},{"time":0.6,"color":"fffffffe"},{"time":0.6667,"color":"ffffff1e"},{"time":0.7333,"color":"ffffffd8"},{"time":0.8,"color":"ffffff2a"},{"time":0.9,"color":"fffffffe"},{"time":0.9667,"color":"ffffff7c"},{"time":1.0333,"color":"fffffffe"},{"time":1.1333,"color":"ffffff6c"},{"time":1.2,"color":"fffffffe"},{"time":1.2667,"color":"ffffff1e"},{"time":1.3333,"color":"ffffffd8"},{"time":1.4,"color":"ffffff2a"},{"time":1.5,"color":"fffffffe"},{"time":1.5667,"color":"ffffff7c"},{"time":1.6333,"color":"fffffffe"},{"time":1.7333,"color":"ffffff6c"},{"time":1.8,"color":"fffffffe"},{"time":1.8667,"color":"ffffff1e"},{"time":1.9333,"color":"ffffffd8"},{"time":2,"color":"ffffff2a"},{"time":2.1,"color":"fffffffe"},{"time":2.1667,"color":"ffffff7c"},{"time":2.2333,"color":"fffffffe"},{"time":2.3333,"color":"ffffff6c"},{"time":2.4,"color":"ffffffd8"}]},"rbay_dtrk_hjtslz3":{"color":[{"time":0,"color":"fffffffe"},{"time":0.0667,"color":"ffffff1e"},{"time":0.1333,"color":"ffffffd8"},{"time":0.2,"color":"ffffff2a"},{"time":0.3,"color":"fffffffe"},{"time":0.3667,"color":"ffffff7c"},{"time":0.4333,"color":"fffffffe"},{"time":0.5333,"color":"ffffff6c"},{"time":0.6,"color":"fffffffe"},{"time":0.6667,"color":"ffffff1e"},{"time":0.7333,"color":"ffffffd8"},{"time":0.8,"color":"ffffff2a"},{"time":0.9,"color":"fffffffe"},{"time":0.9667,"color":"ffffff7c"},{"time":1.0333,"color":"fffffffe"},{"time":1.1333,"color":"ffffff6c"},{"time":1.2,"color":"fffffffe"},{"time":1.2667,"color":"ffffff1e"},{"time":1.3333,"color":"ffffffd8"},{"time":1.4,"color":"ffffff2a"},{"time":1.5,"color":"fffffffe"},{"time":1.5667,"color":"ffffff7c"},{"time":1.6333,"color":"fffffffe"},{"time":1.7333,"color":"ffffff6c"},{"time":1.8,"color":"fffffffe"},{"time":1.8667,"color":"ffffff1e"},{"time":1.9333,"color":"ffffffd8"},{"time":2,"color":"ffffff2a"},{"time":2.1,"color":"fffffffe"},{"time":2.1667,"color":"ffffff7c"},{"time":2.2333,"color":"fffffffe"},{"time":2.3333,"color":"ffffff6c"},{"time":2.4,"color":"ffffffd8"}]},"rbay_dtrk_hjtslz4":{"color":[{"time":0,"color":"fffffffe"},{"time":0.0667,"color":"ffffff1e"},{"time":0.1333,"color":"ffffffd8"},{"time":0.2,"color":"ffffff2a"},{"time":0.3,"color":"fffffffe"},{"time":0.3667,"color":"ffffff7c"},{"time":0.4333,"color":"fffffffe"},{"time":0.5333,"color":"ffffff6c"},{"time":0.6,"color":"fffffffe"},{"time":0.6667,"color":"ffffff1e"},{"time":0.7333,"color":"ffffffd8"},{"time":0.8,"color":"ffffff2a"},{"time":0.9,"color":"fffffffe"},{"time":0.9667,"color":"ffffff7c"},{"time":1.0333,"color":"fffffffe"},{"time":1.1333,"color":"ffffff6c"},{"time":1.2,"color":"fffffffe"},{"time":1.2667,"color":"ffffff1e"},{"time":1.3333,"color":"ffffffd8"},{"time":1.4,"color":"ffffff2a"},{"time":1.5,"color":"fffffffe"},{"time":1.5667,"color":"ffffff7c"},{"time":1.6333,"color":"fffffffe"},{"time":1.7333,"color":"ffffff6c"},{"time":1.8,"color":"fffffffe"},{"time":1.8667,"color":"ffffff1e"},{"time":1.9333,"color":"ffffffd8"},{"time":2,"color":"ffffff2a"},{"time":2.1,"color":"fffffffe"},{"time":2.1667,"color":"ffffff7c"},{"time":2.2333,"color":"fffffffe"},{"time":2.3333,"color":"ffffff6c"},{"time":2.4,"color":"ffffffd8"}]},"rbay_dtrk_hjtslz5":{"color":[{"time":0,"color":"fffffffe"},{"time":0.0667,"color":"ffffff1e"},{"time":0.1333,"color":"ffffffd8"},{"time":0.2,"color":"ffffff2a"},{"time":0.3,"color":"fffffffe"},{"time":0.3667,"color":"ffffff7c"},{"time":0.4333,"color":"fffffffe"},{"time":0.5333,"color":"ffffff6c"},{"time":0.6,"color":"fffffffe"},{"time":0.6667,"color":"ffffff1e"},{"time":0.7333,"color":"ffffffd8"},{"time":0.8,"color":"ffffff2a"},{"time":0.9,"color":"fffffffe"},{"time":0.9667,"color":"ffffff7c"},{"time":1.0333,"color":"fffffffe"},{"time":1.1333,"color":"ffffff6c"},{"time":1.2,"color":"fffffffe"},{"time":1.2667,"color":"ffffff1e"},{"time":1.3333,"color":"ffffffd8"},{"time":1.4,"color":"ffffff2a"},{"time":1.5,"color":"fffffffe"},{"time":1.5667,"color":"ffffff7c"},{"time":1.6333,"color":"fffffffe"},{"time":1.7333,"color":"ffffff6c"},{"time":1.8,"color":"fffffffe"},{"time":1.8667,"color":"ffffff1e"},{"time":1.9333,"color":"ffffffd8"},{"time":2,"color":"ffffff2a"},{"time":2.1,"color":"fffffffe"},{"time":2.1667,"color":"ffffff7c"},{"time":2.2333,"color":"fffffffe"},{"time":2.3333,"color":"ffffff6c"},{"time":2.4,"color":"ffffffd8"}]},"rbay_dtrk_hjtslz6":{"color":[{"time":0,"color":"fffffffe"},{"time":0.0667,"color":"ffffff1e"},{"time":0.1333,"color":"ffffffd8"},{"time":0.2,"color":"ffffff2a"},{"time":0.3,"color":"fffffffe"},{"time":0.3667,"color":"ffffff7c"},{"time":0.4333,"color":"fffffffe"},{"time":0.5333,"color":"ffffff6c"},{"time":0.6,"color":"fffffffe"},{"time":0.6667,"color":"ffffff1e"},{"time":0.7333,"color":"ffffffd8"},{"time":0.8,"color":"ffffff2a"},{"time":0.9,"color":"fffffffe"},{"time":0.9667,"color":"ffffff7c"},{"time":1.0333,"color":"fffffffe"},{"time":1.1333,"color":"ffffff6c"},{"time":1.2,"color":"fffffffe"},{"time":1.2667,"color":"ffffff1e"},{"time":1.3333,"color":"ffffffd8"},{"time":1.4,"color":"ffffff2a"},{"time":1.5,"color":"fffffffe"},{"time":1.5667,"color":"ffffff7c"},{"time":1.6333,"color":"fffffffe"},{"time":1.7333,"color":"ffffff6c"},{"time":1.8,"color":"fffffffe"},{"time":1.8667,"color":"ffffff1e"},{"time":1.9333,"color":"ffffffd8"},{"time":2,"color":"ffffff2a"},{"time":2.1,"color":"fffffffe"},{"time":2.1667,"color":"ffffff7c"},{"time":2.2333,"color":"fffffffe"},{"time":2.3333,"color":"ffffff6c"},{"time":2.4,"color":"ffffffd8"}]},"rbay_dtrk_hjtslz7":{"color":[{"time":0,"color":"fffffffe"},{"time":0.0667,"color":"ffffff1e"},{"time":0.1333,"color":"ffffffd8"},{"time":0.2,"color":"ffffff2a"},{"time":0.3,"color":"fffffffe"},{"time":0.3667,"color":"ffffff7c"},{"time":0.4333,"color":"fffffffe"},{"time":0.5333,"color":"ffffff6c"},{"time":0.6,"color":"fffffffe"},{"time":0.6667,"color":"ffffff1e"},{"time":0.7333,"color":"ffffffd8"},{"time":0.8,"color":"ffffff2a"},{"time":0.9,"color":"fffffffe"},{"time":0.9667,"color":"ffffff7c"},{"time":1.0333,"color":"fffffffe"},{"time":1.1333,"color":"ffffff6c"},{"time":1.2,"color":"fffffffe"},{"time":1.2667,"color":"ffffff1e"},{"time":1.3333,"color":"ffffffd8"},{"time":1.4,"color":"ffffff2a"},{"time":1.5,"color":"fffffffe"},{"time":1.5667,"color":"ffffff7c"},{"time":1.6333,"color":"fffffffe"},{"time":1.7333,"color":"ffffff6c"},{"time":1.8,"color":"fffffffe"},{"time":1.8667,"color":"ffffff1e"},{"time":1.9333,"color":"ffffffd8"},{"time":2,"color":"ffffff2a"},{"time":2.1,"color":"fffffffe"},{"time":2.1667,"color":"ffffff7c"},{"time":2.2333,"color":"fffffffe"},{"time":2.3333,"color":"ffffff6c"},{"time":2.4,"color":"ffffffd8"}]},"rbay_dtrkts2":{"color":[{"time":0,"color":"ffffff00","curve":[0.25,0,0.75,1]},{"time":0.4,"color":"ffffff3c","curve":[0.25,0,0.75,1]},{"time":0.9,"color":"ffffff10","curve":[0.25,0,0.75,1]},{"time":1.2,"color":"ffffff24","curve":[0.25,0,0.75,1]},{"time":2.4,"color":"ffffff00"}],"attachment":[{"time":0,"name":"rbay_dtrkts1"},{"time":2.4,"name":"rbay_dtrkts1"}]},"rkhy2":{"attachment":[{"time":0,"name":"rbay_jnhjfire0"},{"time":0.0667,"name":"rbay_jnhjfire2"},{"time":0.1667,"name":"rbay_jnhjfire4"},{"time":0.2333,"name":"rbay_jnhjfire6"},{"time":0.3333,"name":"rbay_jnhjfire8"},{"time":0.4,"name":"rbay_jnhjfire10"},{"time":0.4667,"name":"rbay_jnhjfire12"},{"time":0.5667,"name":"rbay_jnhjfire14"},{"time":0.6333,"name":"rbay_jnhjfire16"},{"time":0.7333,"name":"rbay_jnhjfire18"},{"time":0.8,"name":"rbay_jnhjfire20"},{"time":0.8667,"name":"rbay_jnhjfire22"},{"time":0.9667,"name":"rbay_jnhjfire24"},{"time":1.0333,"name":"rbay_jnhjfire26"},{"time":1.1333,"name":"rbay_jnhjfire28"},{"time":1.2,"name":"rbay_jnhjfire0"},{"time":1.2667,"name":"rbay_jnhjfire2"},{"time":1.3667,"name":"rbay_jnhjfire4"},{"time":1.4333,"name":"rbay_jnhjfire6"},{"time":1.5333,"name":"rbay_jnhjfire8"},{"time":1.6,"name":"rbay_jnhjfire10"},{"time":1.6667,"name":"rbay_jnhjfire12"},{"time":1.7667,"name":"rbay_jnhjfire14"},{"time":1.8333,"name":"rbay_jnhjfire16"},{"time":1.9333,"name":"rbay_jnhjfire18"},{"time":2,"name":"rbay_jnhjfire20"},{"time":2.0667,"name":"rbay_jnhjfire22"},{"time":2.1667,"name":"rbay_jnhjfire24"},{"time":2.2333,"name":"rbay_jnhjfire26"},{"time":2.3333,"name":"rbay_jnhjfire28"},{"time":2.4,"name":"rbay_jnhjfire0"}]}},"bones":{"tkts":{"rotate":[{"time":0,"angle":0,"curve":[0.25,0,0.75,1]},{"time":0.1,"angle":5,"curve":[0.25,0,0.75,1]},{"time":0.2,"angle":-6,"curve":[0.25,0,0.75,1]},{"time":0.3,"angle":5,"curve":[0.25,0,0.75,1]},{"time":0.4,"angle":-6,"curve":[0.25,0,0.75,1]},{"time":0.5,"angle":5,"curve":[0.25,0,0.75,1]},{"time":0.6,"angle":-6,"curve":[0.25,0,0.75,1]},{"time":0.7,"angle":2.78,"curve":[0.288,0,0.628,0.38]},{"time":1,"angle":-6.52,"curve":[0.25,0,0.75,1]},{"time":1.4,"angle":4.67,"curve":[0.25,0,0.75,1]},{"time":1.9,"angle":-1.49,"curve":[0.25,0,0.75,1]},{"time":2.4,"angle":0}],"translate":[{"time":0,"x":0,"y":0,"curve":"stepped"},{"time":2.4,"x":0,"y":0}],"scale":[{"time":0,"x":1,"y":1,"curve":"stepped"},{"time":0.6667,"x":1,"y":1,"curve":[0.184,0.52,0.696,1]},{"time":0.7667,"x":1.1,"y":1.1,"curve":[0.25,0,0.75,1]},{"time":0.9,"x":0.953,"y":0.953,"curve":[0.25,0,0.75,1]},{"time":1.0667,"x":1.03,"y":1.03,"curve":[0.25,0,0.75,1]},{"time":1.2667,"x":0.98,"y":0.98,"curve":[0.25,0,0.75,1]},{"time":1.5,"x":1.01,"y":1.01,"curve":[0.25,0,0.75,1]},{"time":1.7667,"x":1,"y":1,"curve":"stepped"},{"time":2.4,"x":1,"y":1}]},"lz":{"rotate":[{"time":0,"angle":0,"curve":"stepped"},{"time":2.4,"angle":0}],"translate":[{"time":0,"x":0,"y":0,"curve":"stepped"},{"time":2.4,"x":0,"y":0}],"scale":[{"time":0,"x":1,"y":1,"curve":"stepped"},{"time":2.4,"x":1,"y":1}]},"lz2":{"rotate":[{"time":0,"angle":0,"curve":"stepped"},{"time":2.4,"angle":0}],"translate":[{"time":0,"x":0,"y":0,"curve":"stepped"},{"time":2.4,"x":0,"y":0}],"scale":[{"time":0,"x":1,"y":1,"curve":"stepped"},{"time":2.4,"x":1,"y":1}]},"lz3":{"rotate":[{"time":0,"angle":0,"curve":"stepped"},{"time":2.4,"angle":0}],"translate":[{"time":0,"x":0,"y":0,"curve":"stepped"},{"time":2.4,"x":0,"y":0}],"scale":[{"time":0,"x":1,"y":1,"curve":"stepped"},{"time":2.4,"x":1,"y":1}]},"lz4":{"rotate":[{"time":0,"angle":0,"curve":"stepped"},{"time":2.4,"angle":0}],"translate":[{"time":0,"x":0,"y":0,"curve":"stepped"},{"time":2.4,"x":0,"y":0}],"scale":[{"time":0,"x":1,"y":1,"curve":"stepped"},{"time":2.4,"x":1,"y":1}]},"lz5":{"rotate":[{"time":0,"angle":0,"curve":"stepped"},{"time":2.4,"angle":0}],"translate":[{"time":0,"x":0,"y":0,"curve":"stepped"},{"time":2.4,"x":0,"y":0}],"scale":[{"time":0,"x":1,"y":1,"curve":"stepped"},{"time":2.4,"x":1,"y":1}]},"lz6":{"rotate":[{"time":0,"angle":0,"curve":"stepped"},{"time":2.4,"angle":0}],"translate":[{"time":0,"x":0,"y":0,"curve":"stepped"},{"time":2.4,"x":0,"y":0}],"scale":[{"time":0,"x":1,"y":1,"curve":"stepped"},{"time":2.4,"x":1,"y":1}]},"lz7":{"rotate":[{"time":0,"angle":0,"curve":"stepped"},{"time":2.4,"angle":0}],"translate":[{"time":0,"x":0,"y":0,"curve":"stepped"},{"time":2.4,"x":0,"y":0}],"scale":[{"time":0,"x":1,"y":1,"curve":"stepped"},{"time":2.4,"x":1,"y":1}]},"rkhy2":{"rotate":[{"time":0,"angle":0,"curve":"stepped"},{"time":2.4,"angle":0}],"translate":[{"time":0,"x":0,"y":0,"curve":"stepped"},{"time":2.4,"x":0,"y":0}],"scale":[{"time":0,"x":1,"y":1,"curve":"stepped"},{"time":2.4,"x":1,"y":1}]}}}}}