{"skeleton":{"hash":"NYJaFQC1tLno150IIxF+8E5eN6k","spine":"3.6.37","width":890.4,"height":217.1,"images":"./images/"},"bones":[{"name":"root"},{"name":"dengpao1","parent":"root","y":2.4},{"name":"dengpao2","parent":"root"}],"slots":[{"name":"xian","bone":"root","attachment":"xian_L"},{"name":"xian_R","bone":"root","attachment":"xian_R"},{"name":"dengpao2-8","bone":"dengpao2","attachment":"dengpao2"},{"name":"dengpao2-7","bone":"dengpao2","attachment":"dengpao2"},{"name":"dengpao2-6","bone":"dengpao2","attachment":"dengpao2"},{"name":"dengpao2-5","bone":"dengpao2","attachment":"dengpao2"},{"name":"dengpao2-4","bone":"dengpao2","attachment":"dengpao2"},{"name":"dengpao2-3","bone":"dengpao2","attachment":"dengpao2"},{"name":"dengpao2-2","bone":"dengpao2","attachment":"dengpao2"},{"name":"dengpao2-1","bone":"dengpao2","attachment":"dengpao2"},{"name":"dengpao1-8","bone":"dengpao1","attachment":"dengpao1"},{"name":"dengpao1-7","bone":"dengpao1","attachment":"dengpao1"},{"name":"dengpao1-6","bone":"dengpao1","attachment":"dengpao1"},{"name":"dengpao1-5","bone":"dengpao1","attachment":"dengpao1"},{"name":"dengpao1-4","bone":"dengpao1","attachment":"dengpao1"},{"name":"dengpao1-3","bone":"dengpao1","attachment":"dengpao1"},{"name":"dengpao1-2","bone":"dengpao1","attachment":"dengpao1"},{"name":"dengpao1-1","bone":"dengpao1","attachment":"dengpao1"},{"name":"tiantianduobaodb","bone":"root","attachment":"tiantianduobaodb"},{"name":"xing","bone":"root","attachment":"xing"},{"name":"zisezi","bone":"root","attachment":"zisezi"}],"skins":{"default":{"tiantianduobaodb":{"tiantianduobaodb":{"x":4.42,"y":90.98,"width":452,"height":170}},"xing":{"xing":{"x":-182.75,"y":98.39,"width":72,"height":73}},"zisezi":{"zisezi":{"x":-17,"y":58,"width":212,"height":68}}},"yi_yuan_duo_bao_1_0":{"xian":{"xian_L":{"color":"ffffff00","x":-307.7,"y":44.88,"width":256,"height":160}},"xian_R":{"xian_R":{"color":"ffffff00","x":287.2,"y":44.88,"width":335,"height":172}}},"yi_yuan_duo_bao_1_1":{"dengpao1-1":{"dengpao1":{"x":218.83,"y":92.55,"rotation":4.55,"width":29,"height":27}},"dengpao1-2":{"dengpao1":{"x":287.68,"y":51.48,"rotation":-20.47,"width":29,"height":27}},"dengpao1-3":{"dengpao1":{"x":373.3,"y":37.59,"rotation":7.94,"width":29,"height":27}},"dengpao1-4":{"dengpao1":{"x":460.21,"y":-33.06,"rotation":-17.87,"width":29,"height":27}},"dengpao1-5":{"dengpao1":{"x":-230.03,"y":87.24,"rotation":167.62,"width":29,"height":27}},"dengpao1-6":{"dengpao1":{"x":-307.48,"y":34.24,"rotation":-167.7,"width":29,"height":27}},"dengpao1-7":{"dengpao1":{"x":-405.51,"y":16.21,"rotation":163.53,"width":29,"height":27}},"dengpao1-8":{"dengpao1":{"x":-441.63,"y":-51.62,"rotation":-171.52,"width":29,"height":27}},"dengpao2-1":{"dengpao2":{"x":218.83,"y":94.95,"rotation":4.55,"width":46,"height":45}},"dengpao2-2":{"dengpao2":{"x":287.68,"y":53.88,"rotation":-20.47,"width":46,"height":45}},"dengpao2-3":{"dengpao2":{"x":373.3,"y":39.99,"rotation":7.94,"width":46,"height":45}},"dengpao2-4":{"dengpao2":{"x":460.21,"y":-30.66,"rotation":-17.87,"width":46,"height":45}},"dengpao2-5":{"dengpao2":{"x":-230.03,"y":89.64,"rotation":167.62,"width":46,"height":45}},"dengpao2-6":{"dengpao2":{"x":-307.48,"y":36.64,"rotation":-167.7,"width":46,"height":45}},"dengpao2-7":{"dengpao2":{"x":-405.51,"y":18.61,"rotation":163.53,"width":46,"height":45}},"dengpao2-8":{"dengpao2":{"x":-441.63,"y":-49.22,"rotation":-171.52,"width":46,"height":45}},"xian":{"xian_L":{"x":-307.74,"y":23.71,"width":256,"height":160}},"xian_R":{"xian_R":{"x":287.23,"y":44.88,"width":335,"height":172}}}},"animations":{"animation":{"slots":{"dengpao1-1":{"color":[{"time":0,"color":"fffffffe","curve":"stepped"},{"time":2.6667,"color":"fffffffe"}]},"dengpao1-2":{"color":[{"time":0,"color":"fffffffe","curve":"stepped"},{"time":2.6667,"color":"fffffffe"}]},"dengpao1-3":{"color":[{"time":0,"color":"fffffffe","curve":"stepped"},{"time":2.6667,"color":"fffffffe"}]},"dengpao1-4":{"color":[{"time":0,"color":"fffffffe","curve":"stepped"},{"time":2.6667,"color":"fffffffe"}]},"dengpao1-5":{"color":[{"time":0,"color":"fffffffe","curve":"stepped"},{"time":2.6667,"color":"fffffffe"}]},"dengpao1-6":{"color":[{"time":0,"color":"fffffffe","curve":"stepped"},{"time":2.6667,"color":"fffffffe"}]},"dengpao1-7":{"color":[{"time":0,"color":"fffffffe","curve":"stepped"},{"time":2.6667,"color":"fffffffe"}]},"dengpao1-8":{"color":[{"time":0,"color":"fffffffe","curve":"stepped"},{"time":2.6667,"color":"fffffffe"}]},"dengpao2-1":{"color":[{"time":0,"color":"ffffff00","curve":"stepped"},{"time":1.3333,"color":"ffffff00"},{"time":2,"color":"fffffffe"},{"time":2.6667,"color":"ffffff00"}]},"dengpao2-2":{"color":[{"time":0,"color":"ffffff00"},{"time":0.6667,"color":"fffffffe"},{"time":1.3333,"color":"ffffff00","curve":"stepped"},{"time":2.6667,"color":"ffffff00"}]},"dengpao2-3":{"color":[{"time":0,"color":"ffffff00","curve":"stepped"},{"time":1.3333,"color":"ffffff00"},{"time":2,"color":"fffffffe"},{"time":2.6667,"color":"ffffff00"}]},"dengpao2-4":{"color":[{"time":0,"color":"ffffff00"},{"time":0.6667,"color":"fffffffe"},{"time":1.3333,"color":"ffffff00","curve":"stepped"},{"time":2.6667,"color":"ffffff00"}]},"dengpao2-5":{"color":[{"time":0,"color":"ffffff00","curve":"stepped"},{"time":1.3333,"color":"ffffff00"},{"time":2,"color":"fffffffe"},{"time":2.6667,"color":"ffffff00"}]},"dengpao2-6":{"color":[{"time":0,"color":"ffffff00"},{"time":0.6667,"color":"fffffffe"},{"time":1.3333,"color":"ffffff00","curve":"stepped"},{"time":2.6667,"color":"ffffff00"}]},"dengpao2-7":{"color":[{"time":0,"color":"ffffff00","curve":"stepped"},{"time":1.3333,"color":"ffffff00"},{"time":2,"color":"fffffffe"},{"time":2.6667,"color":"ffffff00"}]},"dengpao2-8":{"color":[{"time":0,"color":"ffffff00"},{"time":0.6667,"color":"fffffffe"},{"time":1.3333,"color":"ffffff00","curve":"stepped"},{"time":2.6667,"color":"ffffff00"}]},"tiantianduobaodb":{"color":[{"time":0,"color":"fffffffe","curve":"stepped"},{"time":2.6667,"color":"fffffffe"}]},"xian":{"color":[{"time":0,"color":"fffffffe","curve":"stepped"},{"time":2.6667,"color":"fffffffe"}]},"xian_R":{"color":[{"time":0,"color":"fffffffe","curve":"stepped"},{"time":2.6667,"color":"fffffffe"}]},"xing":{"color":[{"time":0,"color":"ffffff80"},{"time":0.6667,"color":"fffffffe"},{"time":1.3333,"color":"ffffff80"},{"time":2,"color":"fffffffe"},{"time":2.6667,"color":"ffffff80"}]},"zisezi":{"color":[{"time":0,"color":"fffffffe"},{"time":1.3333,"color":"ffffff80"},{"time":2.6667,"color":"fffffffe"}]}},"bones":{"dengpao1":{"rotate":[{"time":0,"angle":0,"curve":"stepped"},{"time":2.6667,"angle":0}],"translate":[{"time":0,"x":0,"y":0,"curve":"stepped"},{"time":2.6667,"x":0,"y":0}],"scale":[{"time":0,"x":1,"y":1,"curve":"stepped"},{"time":2.6667,"x":1,"y":1}]},"dengpao2":{"rotate":[{"time":0,"angle":0,"curve":"stepped"},{"time":2.6667,"angle":0}],"translate":[{"time":0,"x":0,"y":0,"curve":"stepped"},{"time":2.6667,"x":0,"y":0}],"scale":[{"time":0,"x":1,"y":1,"curve":"stepped"},{"time":2.6667,"x":1,"y":1}]},"root":{"rotate":[{"time":0,"angle":0,"curve":"stepped"},{"time":2.6667,"angle":0}],"translate":[{"time":0,"x":0,"y":0,"curve":"stepped"},{"time":2.6667,"x":0,"y":0}],"scale":[{"time":0,"x":1,"y":1,"curve":"stepped"},{"time":2.6667,"x":1,"y":1}]}}}}}