{"skeleton":{"hash":"yV7vbS50M3wMTzMJgIbRx/uPqac","spine":"3.6.37","width":123.81,"height":105.86,"images":"./images/"},"bones":[{"name":"root"},{"name":"hip","parent":"root"},{"name":"slhb_hdrkzd","parent":"hip","length":35,"rotation":70.33,"x":-11.67,"y":-30.92},{"name":"bone","parent":"slhb_hdrkzd","length":6.45,"rotation":-86.35,"x":34.84,"y":-0.16},{"name":"bone2","parent":"bone","length":5.54,"rotation":-13.14,"x":6.45},{"name":"bone3","parent":"bone2","length":5.71,"rotation":58.05,"x":5.54},{"name":"slhb_dt_rkhx","parent":"bone3","x":6.07,"y":0.65,"scaleX":1.75,"scaleY":1.75},{"name":"slhb_hdrktext","parent":"hip","x":1.59,"y":-20.18},{"name":"slhb_hdrkgd1","parent":"slhb_hdrktext","rotation":41.32,"x":-42.18,"y":6.11},{"name":"slhb_hdrkhb","parent":"hip","length":61.63,"rotation":78.1,"x":6.15,"y":-28.1},{"name":"slhb_hdrkgd2","parent":"slhb_hdrkhb","rotation":-21.3,"x":47.82,"y":1.49,"scaleX":1.585,"scaleY":1.585},{"name":"slhb_hdrkgd3","parent":"slhb_hdrktext","rotation":81.15,"x":-2.52,"y":13.88,"scaleX":1.882,"scaleY":1.871},{"name":"slhb_hdrkgd4","parent":"slhb_hdrktext","rotation":16.69,"x":26.02,"y":8.57},{"name":"slhb_hdrkgd5","parent":"slhb_hdrktext","rotation":55.69,"x":41,"y":19.82,"scaleX":0.479,"scaleY":0.479},{"name":"slhb_hdrkjinbi","parent":"hip","length":10.82,"rotation":114.58,"x":-21.49,"y":15.62},{"name":"slhb_hdrkjinbi2","parent":"hip","length":9.25,"rotation":30.36,"x":37.05,"y":-2.28},{"name":"slhb_hdrklg","parent":"slhb_hdrktext","x":-1.96,"scaleX":2,"scaleY":2}],"slots":[{"name":"slhb_hdrkhb","bone":"slhb_hdrkhb","attachment":"slhb_hdrkhb"},{"name":"slhb_hdrkjinbi","bone":"slhb_hdrkjinbi","attachment":"slhb_hdrkjinbi"},{"name":"slhb_hdrkjinbi3","bone":"slhb_hdrkjinbi","blend":"additive"},{"name":"slhb_hdrkzd","bone":"slhb_hdrkzd","attachment":"slhb_hdrkzd"},{"name":"slhb_hdrktext","bone":"slhb_hdrktext","attachment":"slhb_hdrktext"},{"name":"slhb_hdrkjinbi2","bone":"slhb_hdrkjinbi2","attachment":"slhb_hdrkjinbi2"},{"name":"slhb_hdrkjinbi4","bone":"slhb_hdrkjinbi2","blend":"additive"},{"name":"slhb_hdrkgd1","bone":"slhb_hdrkgd1","attachment":"slhb_hdrkgd1","blend":"additive"},{"name":"slhb_hdrkgd4","bone":"slhb_hdrkgd4","attachment":"slhb_hdrkgd1","blend":"additive"},{"name":"slhb_hdrkgd5","bone":"slhb_hdrkgd5","attachment":"slhb_hdrkgd1","blend":"additive"},{"name":"slhb_hdrkgd3","bone":"slhb_hdrkgd3","attachment":"slhb_hdrkgd1","blend":"additive"},{"name":"slhb_hdrkgd2","bone":"slhb_hdrkgd2","attachment":"slhb_hdrkgd2","blend":"additive"},{"name":"slhb_dt_rkhx","bone":"slhb_dt_rkhx","color":"ffffff80","attachment":"slhb_dt_rkhx10","blend":"additive"},{"name":"slhb_hdrklg","bone":"slhb_hdrklg","color":"ffffff87","blend":"additive"}],"skins":{"default":{"slhb_dt_rkhx":{"slhb_dt_rkhx0":{"x":-0.11,"y":-1.33,"width":18,"height":19},"slhb_dt_rkhx1":{"x":-0.11,"y":-1.33,"rotation":-28.9,"width":18,"height":19},"slhb_dt_rkhx2":{"x":-0.11,"y":-1.33,"rotation":-28.9,"width":18,"height":19},"slhb_dt_rkhx3":{"x":-0.11,"y":-1.33,"rotation":-28.9,"width":18,"height":19},"slhb_dt_rkhx4":{"x":-0.11,"y":-1.33,"rotation":-28.9,"width":18,"height":19},"slhb_dt_rkhx5":{"x":-0.11,"y":-1.33,"rotation":-28.9,"width":18,"height":19},"slhb_dt_rkhx6":{"x":-0.11,"y":-1.33,"rotation":-28.9,"width":18,"height":19},"slhb_dt_rkhx7":{"x":-0.11,"y":-1.33,"rotation":-28.9,"width":18,"height":19},"slhb_dt_rkhx8":{"x":-0.11,"y":-1.33,"rotation":-28.9,"width":18,"height":19},"slhb_dt_rkhx9":{"x":-0.11,"y":-1.33,"rotation":-28.9,"width":18,"height":19},"slhb_dt_rkhx10":{"x":-0.11,"y":-1.33,"rotation":-28.9,"width":18,"height":19},"slhb_dt_rkhx11":{"x":-0.11,"y":-1.33,"rotation":-28.9,"width":18,"height":19},"slhb_dt_rkhx12":{"x":-0.11,"y":-1.33,"rotation":-28.9,"width":18,"height":19},"slhb_dt_rkhx13":{"x":-0.11,"y":-1.33,"rotation":-28.9,"width":18,"height":19},"slhb_dt_rkhx14":{"x":-0.11,"y":-1.33,"rotation":-28.9,"width":18,"height":19},"slhb_dt_rkhx15":{"x":-0.11,"y":-1.33,"rotation":-28.9,"width":18,"height":19},"slhb_dt_rkhx16":{"x":-0.11,"y":-1.33,"rotation":-28.9,"width":18,"height":19},"slhb_dt_rkhx17":{"x":-0.11,"y":-1.33,"rotation":-28.9,"width":18,"height":19},"slhb_dt_rkhx18":{"x":-0.11,"y":-1.33,"rotation":-28.9,"width":18,"height":19},"slhb_dt_rkhx19":{"x":-0.11,"y":-1.33,"rotation":-28.9,"width":18,"height":19},"slhb_dt_rkhx20":{"x":-0.11,"y":-1.33,"rotation":-28.9,"width":18,"height":19},"slhb_dt_rkhx21":{"x":-0.11,"y":-1.33,"rotation":-28.9,"width":18,"height":19},"slhb_dt_rkhx22":{"x":-0.11,"y":-1.33,"rotation":-28.9,"width":18,"height":19},"slhb_dt_rkhx23":{"x":-0.11,"y":-1.33,"rotation":-28.9,"width":18,"height":19},"slhb_dt_rkhx24":{"x":-0.11,"y":-1.33,"rotation":-28.9,"width":18,"height":19},"slhb_dt_rkhx25":{"x":-0.11,"y":-1.33,"rotation":-28.9,"width":18,"height":19},"slhb_dt_rkhx26":{"x":-0.11,"y":-1.33,"rotation":-28.9,"width":18,"height":19},"slhb_dt_rkhx27":{"x":-0.11,"y":-1.33,"rotation":-28.9,"width":18,"height":19},"slhb_dt_rkhx28":{"x":-0.11,"y":-1.33,"rotation":-28.9,"width":18,"height":19},"slhb_dt_rkhx29":{"x":-0.11,"y":-1.33,"rotation":-28.9,"width":18,"height":19},"slhb_dt_rkhx30":{"x":-0.11,"y":-1.33,"rotation":-28.9,"width":18,"height":19},"slhb_dt_rkhx31":{"x":-0.11,"y":-1.33,"rotation":-28.9,"width":18,"height":19},"slhb_dt_rkhx32":{"x":-0.11,"y":-1.33,"rotation":-28.9,"width":18,"height":19},"slhb_dt_rkhx33":{"x":-0.11,"y":-1.33,"rotation":-28.9,"width":18,"height":19},"slhb_dt_rkhx34":{"x":-0.11,"y":-1.33,"rotation":-28.9,"width":18,"height":19},"slhb_dt_rkhx35":{"x":-0.11,"y":-1.33,"rotation":-28.9,"width":18,"height":19}},"slhb_hdrkgd1":{"slhb_hdrkgd1":{"x":-0.3,"y":-0.07,"width":39,"height":39}},"slhb_hdrkgd2":{"slhb_hdrkgd2":{"x":0.05,"y":-0.05,"rotation":-74.44,"width":39,"height":38}},"slhb_hdrkgd3":{"slhb_hdrkgd1":{"x":-0.3,"y":-0.07,"width":39,"height":39}},"slhb_hdrkgd4":{"slhb_hdrkgd1":{"x":-0.3,"y":-0.07,"width":39,"height":39}},"slhb_hdrkgd5":{"slhb_hdrkgd1":{"x":-0.3,"y":-0.07,"width":39,"height":39}},"slhb_hdrkhb":{"slhb_hdrkhb":{"x":28.85,"y":-3.06,"rotation":-78.1,"width":67,"height":77}},"slhb_hdrkjinbi":{"slhb_hdrkjinbi":{"x":0.02,"y":1.54,"rotation":-114.58,"width":17,"height":16}},"slhb_hdrkjinbi2":{"slhb_hdrkjinbi2":{"x":-1.79,"y":0.79,"rotation":-30.36,"width":19,"height":15}},"slhb_hdrkjinbi3":{"slhb_hdrkjinbi":{"x":0.02,"y":1.54,"rotation":-114.58,"width":17,"height":16}},"slhb_hdrkjinbi4":{"slhb_hdrkjinbi2":{"x":-1.79,"y":0.79,"rotation":-30.36,"width":19,"height":15}},"slhb_hdrklg":{"slhb_hdrklg0":{"width":45,"height":12},"slhb_hdrklg1":{"width":45,"height":12},"slhb_hdrklg2":{"width":45,"height":12},"slhb_hdrklg3":{"width":45,"height":12},"slhb_hdrklg4":{"width":45,"height":12},"slhb_hdrklg5":{"width":45,"height":12},"slhb_hdrklg6":{"width":45,"height":12},"slhb_hdrklg7":{"width":45,"height":12},"slhb_hdrklg8":{"width":45,"height":12},"slhb_hdrklg9":{"width":45,"height":12},"slhb_hdrklg10":{"width":45,"height":12},"slhb_hdrklg11":{"width":45,"height":12},"slhb_hdrklg12":{"width":45,"height":12},"slhb_hdrklg13":{"width":45,"height":12},"slhb_hdrklg14":{"width":45,"height":12},"slhb_hdrklg15":{"width":45,"height":12},"slhb_hdrklg16":{"width":45,"height":12},"slhb_hdrklg17":{"width":45,"height":12},"slhb_hdrklg18":{"width":45,"height":12},"slhb_hdrklg19":{"width":45,"height":12},"slhb_hdrklg20":{"width":45,"height":12},"slhb_hdrklg21":{"width":45,"height":12},"slhb_hdrklg22":{"width":45,"height":12},"slhb_hdrklg23":{"width":45,"height":12},"slhb_hdrklg24":{"width":45,"height":12},"slhb_hdrklg25":{"width":45,"height":12},"slhb_hdrklg26":{"width":45,"height":12},"slhb_hdrklg27":{"width":45,"height":12},"slhb_hdrklg28":{"width":45,"height":12},"slhb_hdrklg29":{"width":45,"height":12},"slhb_hdrklg30":{"width":45,"height":12},"slhb_hdrklg31":{"width":45,"height":12},"slhb_hdrklg32":{"width":45,"height":12},"slhb_hdrklg33":{"width":45,"height":12},"slhb_hdrklg34":{"width":45,"height":12},"slhb_hdrklg35":{"width":45,"height":12}},"slhb_hdrktext":{"slhb_hdrktext":{"x":-1.98,"y":-0.82,"width":93,"height":26}},"slhb_hdrkzd":{"slhb_hdrkzd":{"type":"mesh","uvs":[1,0.25516,0.92577,0.33915,0.79285,0.32781,0.69803,0.2783,1,1,0,1,0,0,0.64692,0,0.71618,0.1513,0.76021,0.13816,0.80577,1.0E-5,1,0,0.58412,0.15524,0.7056,0.20624,0.78931,0.26324,0.8845,0.19324],"triangles":[15,10,11,9,10,15,15,11,0,14,9,15,1,2,14,1,15,0,1,14,15,3,14,2,13,8,9,14,13,9,3,13,14,13,12,8,12,7,8,3,12,13,5,12,3,12,6,7,5,6,12,4,5,3],"vertices":[1,5,10.15,-5.11,1,1,5,5.02,-6.11,1,2,4,6.9,-2.08,0.37101,5,-1.05,-2.25,0.62899,1,2,32.21,-7.57,1,2,2,10.51,-32.64,0.86883,4,29.76,-20.11,0.13117,1,2,-7.66,18.21,1,1,2,30.01,31.68,1,1,2,41.76,-1.22,1,4,2,37.32,-6.78,0.0101,3,6.77,2.05,0.49355,4,-0.16,2.07,0.44707,5,-1.26,5.93,0.04928,3,3,8.91,3.22,0.03417,4,1.66,3.69,0.60705,5,1.08,5.25,0.35878,2,4,1.12,9.71,0.28352,5,5.9,8.89,0.71648,2,4,10.28,14.82,0.04235,5,15.08,3.83,0.95765,1,2,34.77,-0.12,1,3,2,35.06,-6.98,0.00397,3,6.82,-0.22,0.24299,4,0.41,-0.13,0.75305,2,4,5.47,0.09,0.51658,5,0.03,0.11,0.48342,2,4,8.59,5.03,6.5E-4,5,5.89,0.07,0.99935],"hull":12,"edges":[8,10,10,12,24,26,26,28,28,30,24,6,26,6,26,16,12,14,24,14,28,4,4,6,6,8,20,22,18,20,4,2,0,22,2,0,30,22,16,18,18,28,20,30,30,2,16,14],"width":54,"height":40}}}},"animations":{"animation":{"slots":{"slhb_dt_rkhx":{"attachment":[{"time":0,"name":"slhb_dt_rkhx0"},{"time":0.0667,"name":"slhb_dt_rkhx1"},{"time":0.1333,"name":"slhb_dt_rkhx2"},{"time":0.2,"name":"slhb_dt_rkhx3"},{"time":0.2667,"name":"slhb_dt_rkhx4"},{"time":0.3333,"name":"slhb_dt_rkhx5"},{"time":0.4,"name":"slhb_dt_rkhx6"},{"time":0.4667,"name":"slhb_dt_rkhx7"},{"time":0.5333,"name":"slhb_dt_rkhx8"},{"time":0.6,"name":"slhb_dt_rkhx9"},{"time":0.6667,"name":"slhb_dt_rkhx10"},{"time":0.7333,"name":"slhb_dt_rkhx11"},{"time":0.8,"name":"slhb_dt_rkhx12"},{"time":0.8667,"name":"slhb_dt_rkhx13"},{"time":0.9333,"name":"slhb_dt_rkhx14"},{"time":1,"name":"slhb_dt_rkhx15"},{"time":1.0667,"name":"slhb_dt_rkhx16"},{"time":1.1333,"name":"slhb_dt_rkhx17"},{"time":1.2,"name":"slhb_dt_rkhx18"},{"time":1.2667,"name":"slhb_dt_rkhx19"},{"time":1.3333,"name":"slhb_dt_rkhx20"},{"time":1.4,"name":"slhb_dt_rkhx21"},{"time":1.4667,"name":"slhb_dt_rkhx22"},{"time":1.5333,"name":"slhb_dt_rkhx23"},{"time":1.6,"name":"slhb_dt_rkhx24"},{"time":1.6667,"name":"slhb_dt_rkhx25"},{"time":1.7333,"name":"slhb_dt_rkhx26"},{"time":1.8,"name":"slhb_dt_rkhx27"},{"time":1.8667,"name":"slhb_dt_rkhx28"},{"time":1.9333,"name":"slhb_dt_rkhx29"},{"time":2,"name":"slhb_dt_rkhx30"},{"time":2.0667,"name":"slhb_dt_rkhx31"},{"time":2.1333,"name":"slhb_dt_rkhx32"},{"time":2.2,"name":"slhb_dt_rkhx33"},{"time":2.2667,"name":"slhb_dt_rkhx34"},{"time":2.3333,"name":"slhb_dt_rkhx35"},{"time":2.4,"name":"slhb_dt_rkhx0"}]},"slhb_hdrkgd1":{"color":[{"time":0,"color":"ffffff54","curve":[0.25,0,0.75,1]},{"time":0.4,"color":"ffffff4a","curve":[0.25,0,0.75,1]},{"time":1.2,"color":"ffffff80","curve":[0.25,0,0.75,1]},{"time":2.4,"color":"ffffff54"}]},"slhb_hdrkgd2":{"color":[{"time":0,"color":"fff7d140","curve":[0.25,0,0.75,1]},{"time":0.6,"color":"fff0a580","curve":[0.25,0,0.75,1]},{"time":1.8,"color":"ffffff00","curve":[0.25,0,0.75,1]},{"time":2.4,"color":"fff7d140"}]},"slhb_hdrkgd3":{"color":[{"time":0,"color":"ffffff6a","curve":[0.25,0,0.75,1]},{"time":0.6,"color":"ffffff54","curve":[0.25,0,0.75,1]},{"time":1,"color":"ffffff4a","curve":[0.25,0,0.75,1]},{"time":1.8,"color":"ffffff80","curve":[0.25,0,0.75,1]},{"time":2.4,"color":"ffffff6a"}]},"slhb_hdrkgd4":{"color":[{"time":0,"color":"ffffff50","curve":[0.25,0,0.75,1]},{"time":0.6,"color":"ffffff80","curve":[0.25,0,0.75,1]},{"time":1.8,"color":"ffffff22","curve":[0.25,0,0.75,1]},{"time":2.4,"color":"ffffff50"}]},"slhb_hdrkgd5":{"color":[{"time":0,"color":"ffffff00","curve":[0.351,0.4,0.757,1]},{"time":0.6667,"color":"ffffff50","curve":[0.25,0,0.75,1]},{"time":1.2667,"color":"ffffff80","curve":[0.25,0,0.75,1]},{"time":2.4,"color":"ffffff00"}]},"slhb_hdrkjinbi3":{"color":[{"time":0,"color":"ffffff00"},{"time":0.8,"color":"ffffff46"},{"time":2.4,"color":"ffffff00"}],"attachment":[{"time":0,"name":"slhb_hdrkjinbi"},{"time":2.4,"name":null}]},"slhb_hdrkjinbi4":{"color":[{"time":0,"color":"ffffff36","curve":[0.351,0.4,0.757,1]},{"time":0.8,"color":"ffffff00","curve":[0.25,0,0.75,1]},{"time":2,"color":"ffffff4a","curve":[0.265,0,0.618,0.43]},{"time":2.4,"color":"ffffff36"}],"attachment":[{"time":0,"name":"slhb_hdrkjinbi2"},{"time":2.4,"name":null}]},"slhb_hdrklg":{"attachment":[{"time":0,"name":"slhb_hdrklg0"},{"time":0.0667,"name":"slhb_hdrklg1"},{"time":0.1333,"name":"slhb_hdrklg2"},{"time":0.2,"name":"slhb_hdrklg3"},{"time":0.2667,"name":"slhb_hdrklg4"},{"time":0.3333,"name":"slhb_hdrklg5"},{"time":0.4,"name":"slhb_hdrklg6"},{"time":0.4667,"name":"slhb_hdrklg7"},{"time":0.5333,"name":"slhb_hdrklg8"},{"time":0.6,"name":"slhb_hdrklg9"},{"time":0.6667,"name":"slhb_hdrklg10"},{"time":0.7333,"name":"slhb_hdrklg11"},{"time":0.8,"name":"slhb_hdrklg12"},{"time":0.8667,"name":"slhb_hdrklg13"},{"time":0.9333,"name":"slhb_hdrklg14"},{"time":1,"name":"slhb_hdrklg15"},{"time":1.0667,"name":"slhb_hdrklg16"},{"time":1.1333,"name":"slhb_hdrklg17"},{"time":1.2,"name":"slhb_hdrklg18"},{"time":1.2667,"name":"slhb_hdrklg19"},{"time":1.3333,"name":"slhb_hdrklg20"},{"time":1.4,"name":"slhb_hdrklg21"},{"time":1.4667,"name":"slhb_hdrklg22"},{"time":1.5333,"name":"slhb_hdrklg23"},{"time":1.6,"name":"slhb_hdrklg24"},{"time":1.6667,"name":"slhb_hdrklg25"},{"time":1.7333,"name":"slhb_hdrklg26"},{"time":1.8,"name":"slhb_hdrklg27"},{"time":1.8667,"name":"slhb_hdrklg28"},{"time":1.9333,"name":"slhb_hdrklg29"},{"time":2,"name":"slhb_hdrklg30"},{"time":2.0667,"name":"slhb_hdrklg31"},{"time":2.1333,"name":"slhb_hdrklg32"},{"time":2.2,"name":"slhb_hdrklg33"},{"time":2.2667,"name":"slhb_hdrklg34"},{"time":2.3333,"name":"slhb_hdrklg35"},{"time":2.4,"name":"slhb_hdrklg0"}]}},"bones":{"slhb_hdrkzd":{"rotate":[{"time":0,"angle":-2.12,"curve":[0.25,0,0.75,1]},{"time":0.8,"angle":0,"curve":[0.25,0,0.75,1]},{"time":2,"angle":-2.96,"curve":[0.25,0,0.75,1]},{"time":2.4,"angle":-2.12}],"translate":[{"time":0,"x":0,"y":0,"curve":"stepped"},{"time":2.4,"x":0,"y":0}],"scale":[{"time":0,"x":1,"y":1,"curve":[0.29,0,0.629,0.38]},{"time":0.3333,"x":0.98,"y":1.02,"curve":[0.25,0,0.75,1]},{"time":0.7333,"x":1.02,"y":0.98,"curve":[0.25,0,0.75,1]},{"time":1.2667,"x":0.99,"y":1.01,"curve":[0.25,0,0.75,1]},{"time":1.9333,"x":1,"y":1,"curve":"stepped"},{"time":2.4,"x":1,"y":1}]},"bone":{"rotate":[{"time":0,"angle":-0.59,"curve":[0.25,0,0.75,1]},{"time":0.4,"angle":0,"curve":[0.25,0,0.75,1]},{"time":1.6,"angle":-2.09,"curve":[0.25,0,0.75,1]},{"time":2.4,"angle":-0.59}],"translate":[{"time":0,"x":0,"y":0,"curve":"stepped"},{"time":2.4,"x":0,"y":0}],"scale":[{"time":0,"x":1,"y":1,"curve":"stepped"},{"time":2.4,"x":1,"y":1}]},"bone2":{"rotate":[{"time":0,"angle":-1.5,"curve":[0.25,0,0.75,1]},{"time":0.8,"angle":0,"curve":[0.25,0,0.75,1]},{"time":2,"angle":-2.09,"curve":[0.25,0,0.75,1]},{"time":2.4,"angle":-1.5}],"translate":[{"time":0,"x":0,"y":0,"curve":"stepped"},{"time":2.4,"x":0,"y":0}],"scale":[{"time":0,"x":1,"y":1,"curve":"stepped"},{"time":2.4,"x":1,"y":1}]},"bone3":{"rotate":[{"time":0,"angle":-2.09,"curve":[0.25,0,0.75,1]},{"time":1.2,"angle":0,"curve":[0.25,0,0.75,1]},{"time":2.4,"angle":-2.09}],"translate":[{"time":0,"x":0,"y":0,"curve":"stepped"},{"time":2.4,"x":0,"y":0}]},"slhb_hdrkhb":{"rotate":[{"time":0,"angle":0,"curve":[0.25,0,0.75,1]},{"time":1.2,"angle":1.67,"curve":[0.25,0,0.75,1]},{"time":2.4,"angle":0}],"translate":[{"time":0,"x":-0.11,"y":0.02,"curve":[0.25,0,0.75,1]},{"time":0.2667,"x":0,"y":0,"curve":[0.25,0,0.75,1]},{"time":1.4667,"x":-0.69,"y":0.15,"curve":[0.25,0,0.75,1]},{"time":2.4,"x":-0.11,"y":0.02}],"scale":[{"time":0,"x":0.992,"y":1.008,"curve":[0.25,0,0.75,1]},{"time":0.7,"x":0.98,"y":1.02,"curve":[0.25,0,0.75,1]},{"time":1.9,"x":1,"y":1,"curve":[0.25,0,0.75,1]},{"time":2.4,"x":0.992,"y":1.008}]},"slhb_hdrkjinbi2":{"rotate":[{"time":0,"angle":-1.5,"curve":[0.25,0,0.75,1]},{"time":0.4,"angle":0,"curve":[0.25,0,0.75,1]},{"time":1.6,"angle":-7.82,"curve":[0.25,0,0.75,1]},{"time":2.4,"angle":-1.5}],"translate":[{"time":0,"x":0,"y":0,"curve":[0.25,0,0.75,1]},{"time":1.2,"x":1.44,"y":0.84,"curve":[0.25,0,0.75,1]},{"time":2.4,"x":0,"y":0}],"scale":[{"time":0,"x":1,"y":1,"curve":[0.25,0,0.75,1]},{"time":1.2,"x":1.05,"y":1.05,"curve":[0.25,0,0.75,1]},{"time":2.4,"x":1,"y":1}]},"slhb_hdrkjinbi":{"rotate":[{"time":0,"angle":4.71,"curve":[0.25,0,0.75,1]},{"time":0.8,"angle":0,"curve":[0.25,0,0.75,1]},{"time":2,"angle":6.57,"curve":[0.25,0,0.75,1]},{"time":2.4,"angle":4.71}],"translate":[{"time":0,"x":-0.13,"y":0.28,"curve":[0.25,0,0.75,1]},{"time":0.3,"x":0,"y":0,"curve":[0.25,0,0.75,1]},{"time":1.5,"x":-0.69,"y":1.51,"curve":[0.25,0,0.75,1]},{"time":2.4,"x":-0.13,"y":0.28}],"scale":[{"time":0,"x":1.018,"y":1.018,"curve":[0.25,0,0.75,1]},{"time":0.6,"x":1,"y":1,"curve":[0.25,0,0.75,1]},{"time":1.8,"x":1.05,"y":1.05,"curve":[0.25,0,0.75,1]},{"time":2.4,"x":1.018,"y":1.018}]},"slhb_hdrkgd5":{"rotate":[{"time":0,"angle":0},{"time":2.4,"angle":-30}]}},"deform":{"default":{"slhb_hdrkzd":{"slhb_hdrkzd":[{"time":0,"curve":[0.25,0,0.75,1]},{"time":0.1,"vertices":[-1.9498,0.80139,0.4653,1.33347,0,0,0,0,0,0,0,0,0,0,0,0,0,0,0,0,0,0,0,0,0,0,0,0,0,0,0,0,0,0,2.22353,-0.62808,0.71686,-2.19669,-0.27574,-2.3299,-2.0885,-1.06844,0,0,0,0,0,0,0,0,0,0,0,0,0.56772,-1.35858,-0.80927,-1.22842],"curve":[0.25,0,0.75,1]},{"time":0.2,"vertices":[-2.1841,0.33947,-1.92273,0.47298,0,0,0,0,0,0,0,0,0,0,0,0,0,0,0,0,0,0,0,0,0,0,0,0,0.0847,1.38684,-0.25116,1.36697,1.00201,0.96242,2.4821,-0.81027,0.70577,-2.5137,0.35994,-3.7859,-2.95406,-2.40067,0,0,0,0,0,0,0,0,0.11166,1.6857,1.46771,0.83488,-2.17139,-0.55703,-1.65186,1.49775],"curve":[0.25,0,0.75,1]},{"time":0.3,"curve":[0.25,0,0.75,1]},{"time":0.4,"vertices":[-1.9498,0.80139,0.4653,1.33347,0,0,0,0,0,0,0,0,0,0,0,0,0,0,0,0,0,0,0,0,0,0,0,0,0,0,0,0,0,0,2.22353,-0.62808,0.71686,-2.19669,-0.27574,-2.3299,-2.0885,-1.06844,0,0,0,0,0,0,0,0,0,0,0,0,0.56772,-1.35858,-0.80927,-1.22842],"curve":[0.25,0,0.75,1]},{"time":0.5,"vertices":[-2.1841,0.33947,-1.92273,0.47298,0,0,0,0,0,0,0,0,0,0,0,0,0,0,0,0,0,0,0,0,0,0,0,0,0.0847,1.38684,-0.25116,1.36697,1.00201,0.96242,2.4821,-0.81027,0.70577,-2.5137,0.35994,-3.7859,-2.95406,-2.40067,0,0,0,0,0,0,0,0,0.11166,1.6857,1.46771,0.83488,-2.17139,-0.55703,-1.65186,1.49775],"curve":[0.25,0,0.75,1]},{"time":0.6,"curve":[0.25,0,0.75,1]},{"time":0.7,"vertices":[-1.9498,0.80139,0.4653,1.33347,0,0,0,0,0,0,0,0,0,0,0,0,0,0,0,0,0,0,0,0,0,0,0,0,0,0,0,0,0,0,2.22353,-0.62808,0.71686,-2.19669,-0.27574,-2.3299,-2.0885,-1.06844,0,0,0,0,0,0,0,0,0,0,0,0,0.56772,-1.35858,-0.80927,-1.22842],"curve":[0.25,0,0.75,1]},{"time":0.8,"vertices":[-2.1841,0.33947,-1.92273,0.47298,0,0,0,0,0,0,0,0,0,0,0,0,0,0,0,0,0,0,0,0,0,0,0,0,0.0847,1.38684,-0.25116,1.36697,1.00201,0.96242,2.4821,-0.81027,0.70577,-2.5137,0.35994,-3.7859,-2.95406,-2.40067,0,0,0,0,0,0,0,0,0.11166,1.6857,1.46771,0.83488,-2.17139,-0.55703,-1.65186,1.49775],"curve":[0.25,0,0.75,1]},{"time":0.9,"curve":[0.25,0,0.75,1]},{"time":1,"vertices":[-1.9498,0.80139,0.4653,1.33347,0,0,0,0,0,0,0,0,0,0,0,0,0,0,0,0,0,0,0,0,0,0,0,0,0,0,0,0,0,0,2.22353,-0.62808,0.71686,-2.19669,-0.27574,-2.3299,-2.0885,-1.06844,0,0,0,0,0,0,0,0,0,0,0,0,0.56772,-1.35858,-0.80927,-1.22842],"curve":[0.25,0,0.75,1]},{"time":1.1,"vertices":[-2.1841,0.33947,-1.92273,0.47298,0,0,0,0,0,0,0,0,0,0,0,0,0,0,0,0,0,0,0,0,0,0,0,0,0.0847,1.38684,-0.25116,1.36697,1.00201,0.96242,2.4821,-0.81027,0.70577,-2.5137,0.35994,-3.7859,-2.95406,-2.40067,0,0,0,0,0,0,0,0,0.11166,1.6857,1.46771,0.83488,-2.17139,-0.55703,-1.65186,1.49775],"curve":[0.25,0,0.75,1]},{"time":1.2,"curve":[0.25,0,0.75,1]},{"time":1.3,"vertices":[-1.9498,0.80139,0.4653,1.33347,0,0,0,0,0,0,0,0,0,0,0,0,0,0,0,0,0,0,0,0,0,0,0,0,0,0,0,0,0,0,2.22353,-0.62808,0.71686,-2.19669,-0.27574,-2.3299,-2.0885,-1.06844,0,0,0,0,0,0,0,0,0,0,0,0,0.56772,-1.35858,-0.80927,-1.22842],"curve":[0.25,0,0.75,1]},{"time":1.4,"vertices":[-2.1841,0.33947,-1.92273,0.47298,0,0,0,0,0,0,0,0,0,0,0,0,0,0,0,0,0,0,0,0,0,0,0,0,0.0847,1.38684,-0.25116,1.36697,1.00201,0.96242,2.4821,-0.81027,0.70577,-2.5137,0.35994,-3.7859,-2.95406,-2.40067,0,0,0,0,0,0,0,0,0.11166,1.6857,1.46771,0.83488,-2.17139,-0.55703,-1.65186,1.49775],"curve":[0.25,0,0.75,1]},{"time":1.5,"curve":[0.25,0,0.75,1]},{"time":1.6,"vertices":[-1.9498,0.80139,0.4653,1.33347,0,0,0,0,0,0,0,0,0,0,0,0,0,0,0,0,0,0,0,0,0,0,0,0,0,0,0,0,0,0,2.22353,-0.62808,0.71686,-2.19669,-0.27574,-2.3299,-2.0885,-1.06844,0,0,0,0,0,0,0,0,0,0,0,0,0.56772,-1.35858,-0.80927,-1.22842],"curve":[0.25,0,0.75,1]},{"time":1.7,"vertices":[-2.1841,0.33947,-1.92273,0.47298,0,0,0,0,0,0,0,0,0,0,0,0,0,0,0,0,0,0,0,0,0,0,0,0,0.0847,1.38684,-0.25116,1.36697,1.00201,0.96242,2.4821,-0.81027,0.70577,-2.5137,0.35994,-3.7859,-2.95406,-2.40067,0,0,0,0,0,0,0,0,0.11166,1.6857,1.46771,0.83488,-2.17139,-0.55703,-1.65186,1.49775],"curve":[0.25,0,0.75,1]},{"time":1.8,"curve":[0.25,0,0.75,1]},{"time":1.9,"vertices":[-1.9498,0.80139,0.4653,1.33347,0,0,0,0,0,0,0,0,0,0,0,0,0,0,0,0,0,0,0,0,0,0,0,0,0,0,0,0,0,0,2.22353,-0.62808,0.71686,-2.19669,-0.27574,-2.3299,-2.0885,-1.06844,0,0,0,0,0,0,0,0,0,0,0,0,0.56772,-1.35858,-0.80927,-1.22842],"curve":[0.25,0,0.75,1]},{"time":2,"vertices":[-2.1841,0.33947,-1.92273,0.47298,0,0,0,0,0,0,0,0,0,0,0,0,0,0,0,0,0,0,0,0,0,0,0,0,0.0847,1.38684,-0.25116,1.36697,1.00201,0.96242,2.4821,-0.81027,0.70577,-2.5137,0.35994,-3.7859,-2.95406,-2.40067,0,0,0,0,0,0,0,0,0.11166,1.6857,1.46771,0.83488,-2.17139,-0.55703,-1.65186,1.49775],"curve":[0.25,0,0.75,1]},{"time":2.1,"curve":[0.25,0,0.75,1]},{"time":2.2,"vertices":[-1.9498,0.80139,0.4653,1.33347,0,0,0,0,0,0,0,0,0,0,0,0,0,0,0,0,0,0,0,0,0,0,0,0,0,0,0,0,0,0,2.22353,-0.62808,0.71686,-2.19669,-0.27574,-2.3299,-2.0885,-1.06844,0,0,0,0,0,0,0,0,0,0,0,0,0.56772,-1.35858,-0.80927,-1.22842],"curve":[0.25,0,0.75,1]},{"time":2.3,"vertices":[-2.1841,0.33947,-1.92273,0.47298,0,0,0,0,0,0,0,0,0,0,0,0,0,0,0,0,0,0,0,0,0,0,0,0,0.0847,1.38684,-0.25116,1.36697,1.00201,0.96242,2.4821,-0.81027,0.70577,-2.5137,0.35994,-3.7859,-2.95406,-2.40067,0,0,0,0,0,0,0,0,0.11166,1.6857,1.46771,0.83488,-2.17139,-0.55703,-1.65186,1.49775],"curve":[0.25,0,0.75,1]},{"time":2.4}]}}}}}}