{"skeleton":{"hash":"G0Q2NGb1LsmVAgBeSqHuK8+S7yM","spine":"3.6.37","width":1336,"height":752,"images":"./images/"},"bones":[{"name":"root"},{"name":"hip","parent":"root"},{"name":"zsb_yuekatchg","parent":"hip","x":14.5,"y":283.5},{"name":"zsb_yuekatclabaroot","parent":"hip","x":14.5,"y":259.04},{"name":"zsb_yuekatclaba1","parent":"zsb_yuekatclabaroot","length":146.31,"rotation":150.19,"x":-122.37,"y":-38.5},{"name":"zsb_yuekatclabaroot2","parent":"hip","x":14.5,"y":259.04,"scaleX":-1},{"name":"zsb_yuekatclaba2","parent":"zsb_yuekatclabaroot2","length":146.31,"rotation":150.19,"x":-122.37,"y":-38.5},{"name":"zsb_yuekatcsidai","parent":"hip","x":14.5,"y":239.4},{"name":"zsb_yuekatcsidailg","parent":"hip","x":15.95,"y":201.65,"scaleX":2,"scaleY":2},{"name":"zsb_yuekatcsidailg2","parent":"hip","x":15.95,"y":201.65,"scaleX":-2,"scaleY":2},{"name":"zsb_yuekatcxd1","parent":"zsb_yuekatchg","x":-17.5,"y":46.5},{"name":"zsb_yuekatcxd2","parent":"zsb_yuekatchg","rotation":-17.48,"x":75.69,"y":23.29},{"name":"zsb_yuekatcxd3","parent":"zsb_yuekatchg","rotation":-29.82,"x":-42.06,"y":14.62},{"name":"zsb_yuekatcxd4","parent":"zsb_yuekatchg","rotation":39.37,"x":-74.28,"y":23.45},{"name":"zsb_yuekatcxd5","parent":"zsb_yuekatchg","rotation":7.2,"x":40.62,"y":-4.6},{"name":"zsb_yuekatcxd6","parent":"zsb_yuekatchg","rotation":29.65,"x":0.87,"y":60.86}],"slots":[{"name":"zsb_yuekatclaba1","bone":"zsb_yuekatclaba1","attachment":"zsb_yuekatclaba1"},{"name":"zsb_yuekatclaba3","bone":"zsb_yuekatclaba1","blend":"additive"},{"name":"zsb_yuekatclaba2","bone":"zsb_yuekatclaba2","attachment":"zsb_yuekatclaba1"},{"name":"zsb_yuekatclaba4","bone":"zsb_yuekatclaba2","blend":"additive"},{"name":"zsb_yuekatchg","bone":"zsb_yuekatchg","attachment":"zsb_yuekatchg"},{"name":"zsb_yuekatchg2","bone":"zsb_yuekatchg","color":"ff9300ff","blend":"additive"},{"name":"zsb_yuekatcxd1","bone":"zsb_yuekatcxd1","attachment":"zsb_yuekatcxd1","blend":"additive"},{"name":"zsb_yuekatcxd2","bone":"zsb_yuekatcxd2","attachment":"zsb_yuekatcxd1","blend":"additive"},{"name":"zsb_yuekatcxd4","bone":"zsb_yuekatcxd4","attachment":"zsb_yuekatcxd1","blend":"additive"},{"name":"zsb_yuekatcxd5","bone":"zsb_yuekatcxd5","attachment":"zsb_yuekatcxd1","blend":"additive"},{"name":"zsb_yuekatcxd6","bone":"zsb_yuekatcxd6","attachment":"zsb_yuekatcxd1","blend":"additive"},{"name":"zsb_yuekatcxd3","bone":"zsb_yuekatcxd3","attachment":"zsb_yuekatcxd1","blend":"additive"},{"name":"zsb_yuekatcsidai","bone":"zsb_yuekatcsidai","attachment":"zsb_yuekatcsidai"},{"name":"zsb_yuekatcsidailg","bone":"zsb_yuekatcsidailg","attachment":"zsb_yuekatcsidailg1","blend":"additive"},{"name":"zsb_yuekatcsidailg2","bone":"zsb_yuekatcsidailg2","attachment":"zsb_yuekatcsidailg1","blend":"additive"}],"skins":{"default":{"zsb_yuekatchg":{"zsb_yuekatchg":{"width":167,"height":133}},"zsb_yuekatchg2":{"zsb_yuekatchg":{"width":167,"height":133}},"zsb_yuekatclaba1":{"zsb_yuekatclaba1":{"x":85.62,"y":-7.37,"rotation":-150.19,"width":145,"height":105}},"zsb_yuekatclaba2":{"zsb_yuekatclaba1":{"x":85.62,"y":-7.37,"rotation":-150.19,"width":145,"height":105}},"zsb_yuekatclaba3":{"zsb_yuekatclaba1":{"x":85.62,"y":-7.37,"rotation":-150.19,"width":145,"height":105}},"zsb_yuekatclaba4":{"zsb_yuekatclaba1":{"x":85.62,"y":-7.37,"rotation":-150.19,"width":145,"height":105}},"zsb_yuekatcsidai":{"zsb_yuekatcsidai":{"x":0.5,"y":-38.33,"width":708,"height":164}},"zsb_yuekatcsidailg":{"zsb_yuekatcsidailg1":{"x":-88.54,"width":177,"height":82},"zsb_yuekatcsidailg2":{"x":-88.54,"width":177,"height":82},"zsb_yuekatcsidailg3":{"x":-88.54,"width":177,"height":82},"zsb_yuekatcsidailg4":{"x":-88.54,"width":177,"height":82},"zsb_yuekatcsidailg5":{"x":-88.54,"width":177,"height":82},"zsb_yuekatcsidailg6":{"x":-88.54,"width":177,"height":82},"zsb_yuekatcsidailg7":{"x":-88.54,"width":177,"height":82},"zsb_yuekatcsidailg8":{"x":-88.54,"width":177,"height":82},"zsb_yuekatcsidailg9":{"x":-88.54,"width":177,"height":82},"zsb_yuekatcsidailg10":{"x":-88.54,"width":177,"height":82},"zsb_yuekatcsidailg11":{"x":-88.54,"width":177,"height":82},"zsb_yuekatcsidailg12":{"x":-88.54,"width":177,"height":82},"zsb_yuekatcsidailg13":{"x":-88.54,"width":177,"height":82},"zsb_yuekatcsidailg14":{"x":-88.54,"width":177,"height":82},"zsb_yuekatcsidailg15":{"x":-88.54,"width":177,"height":82},"zsb_yuekatcsidailg16":{"x":-88.54,"width":177,"height":82},"zsb_yuekatcsidailg17":{"x":-88.54,"width":177,"height":82},"zsb_yuekatcsidailg18":{"x":-88.54,"width":177,"height":82},"zsb_yuekatcsidailg19":{"x":-88.54,"width":177,"height":82},"zsb_yuekatcsidailg20":{"x":-88.54,"width":177,"height":82},"zsb_yuekatcsidailg21":{"x":-88.54,"width":177,"height":82},"zsb_yuekatcsidailg22":{"x":-88.54,"width":177,"height":82},"zsb_yuekatcsidailg23":{"x":-88.54,"width":177,"height":82},"zsb_yuekatcsidailg24":{"x":-88.54,"width":177,"height":82},"zsb_yuekatcsidailg25":{"x":-88.54,"width":177,"height":82},"zsb_yuekatcsidailg26":{"x":-88.54,"width":177,"height":82},"zsb_yuekatcsidailg27":{"x":-88.54,"width":177,"height":82},"zsb_yuekatcsidailg28":{"x":-88.54,"width":177,"height":82},"zsb_yuekatcsidailg29":{"x":-88.54,"width":177,"height":82},"zsb_yuekatcsidailg30":{"x":-88.54,"width":177,"height":82},"zsb_yuekatcsidailg31":{"x":-88.54,"width":177,"height":82},"zsb_yuekatcsidailg32":{"x":-88.54,"width":177,"height":82},"zsb_yuekatcsidailg33":{"x":-88.54,"width":177,"height":82},"zsb_yuekatcsidailg34":{"x":-88.54,"width":177,"height":82},"zsb_yuekatcsidailg35":{"x":-88.54,"width":177,"height":82}},"zsb_yuekatcsidailg2":{"zsb_yuekatcsidailg1":{"x":-88.54,"width":177,"height":82},"zsb_yuekatcsidailg2":{"x":-88.54,"width":177,"height":82},"zsb_yuekatcsidailg3":{"x":-88.54,"width":177,"height":82},"zsb_yuekatcsidailg4":{"x":-88.54,"width":177,"height":82},"zsb_yuekatcsidailg5":{"x":-88.54,"width":177,"height":82},"zsb_yuekatcsidailg6":{"x":-88.54,"width":177,"height":82},"zsb_yuekatcsidailg7":{"x":-88.54,"width":177,"height":82},"zsb_yuekatcsidailg8":{"x":-88.54,"width":177,"height":82},"zsb_yuekatcsidailg9":{"x":-88.54,"width":177,"height":82},"zsb_yuekatcsidailg10":{"x":-88.54,"width":177,"height":82},"zsb_yuekatcsidailg11":{"x":-88.54,"width":177,"height":82},"zsb_yuekatcsidailg12":{"x":-88.54,"width":177,"height":82},"zsb_yuekatcsidailg13":{"x":-88.54,"width":177,"height":82},"zsb_yuekatcsidailg14":{"x":-88.54,"width":177,"height":82},"zsb_yuekatcsidailg15":{"x":-88.54,"width":177,"height":82},"zsb_yuekatcsidailg16":{"x":-88.54,"width":177,"height":82},"zsb_yuekatcsidailg17":{"x":-88.54,"width":177,"height":82},"zsb_yuekatcsidailg18":{"x":-88.54,"width":177,"height":82},"zsb_yuekatcsidailg19":{"x":-88.54,"width":177,"height":82},"zsb_yuekatcsidailg20":{"x":-88.54,"width":177,"height":82},"zsb_yuekatcsidailg21":{"x":-88.54,"width":177,"height":82},"zsb_yuekatcsidailg22":{"x":-88.54,"width":177,"height":82},"zsb_yuekatcsidailg23":{"x":-88.54,"width":177,"height":82},"zsb_yuekatcsidailg24":{"x":-88.54,"width":177,"height":82},"zsb_yuekatcsidailg25":{"x":-88.54,"width":177,"height":82},"zsb_yuekatcsidailg26":{"x":-88.54,"width":177,"height":82},"zsb_yuekatcsidailg27":{"x":-88.54,"width":177,"height":82},"zsb_yuekatcsidailg28":{"x":-88.54,"width":177,"height":82},"zsb_yuekatcsidailg29":{"x":-88.54,"width":177,"height":82},"zsb_yuekatcsidailg30":{"x":-88.54,"width":177,"height":82},"zsb_yuekatcsidailg31":{"x":-88.54,"width":177,"height":82},"zsb_yuekatcsidailg32":{"x":-88.54,"width":177,"height":82},"zsb_yuekatcsidailg33":{"x":-88.54,"width":177,"height":82},"zsb_yuekatcsidailg34":{"x":-88.54,"width":177,"height":82},"zsb_yuekatcsidailg35":{"x":-88.54,"width":177,"height":82}},"zsb_yuekatcxd1":{"zsb_yuekatcxd1":{"width":44,"height":44}},"zsb_yuekatcxd2":{"zsb_yuekatcxd1":{"width":44,"height":44}},"zsb_yuekatcxd3":{"zsb_yuekatcxd1":{"width":44,"height":44}},"zsb_yuekatcxd4":{"zsb_yuekatcxd1":{"width":44,"height":44}},"zsb_yuekatcxd5":{"zsb_yuekatcxd1":{"width":44,"height":44}},"zsb_yuekatcxd6":{"zsb_yuekatcxd1":{"width":44,"height":44}}}},"animations":{"idle":{"slots":{"zsb_yuekatchg":{"color":[{"time":0,"color":"fffffffe","curve":"stepped"},{"time":2.4,"color":"fffffffe"}]},"zsb_yuekatchg2":{"color":[{"time":0,"color":"ffffff00","curve":[0.25,0,0.75,1]},{"time":1.2,"color":"ffffff4a","curve":[0.25,0,0.75,1]},{"time":2.4,"color":"ffffff00"}],"attachment":[{"time":0,"name":"zsb_yuekatchg"},{"time":2.4,"name":"zsb_yuekatchg"}]},"zsb_yuekatclaba1":{"color":[{"time":0,"color":"fffffffe","curve":"stepped"},{"time":2.4,"color":"fffffffe"}]},"zsb_yuekatclaba2":{"color":[{"time":0,"color":"fffffffe","curve":"stepped"},{"time":2.4,"color":"fffffffe"}]},"zsb_yuekatclaba3":{"color":[{"time":0,"color":"ffffff14","curve":[0.25,0,0.75,1]},{"time":0.5,"color":"ffffff22","curve":[0.25,0,0.75,1]},{"time":1.7,"color":"ffffff00","curve":[0.25,0,0.75,1]},{"time":2.4,"color":"ffffff14"}],"attachment":[{"time":0,"name":"zsb_yuekatclaba1"},{"time":2.4,"name":"zsb_yuekatclaba1"}]},"zsb_yuekatclaba4":{"color":[{"time":0,"color":"ffffff14","curve":[0.25,0,0.75,1]},{"time":0.5,"color":"ffffff22","curve":[0.25,0,0.75,1]},{"time":1.7,"color":"ffffff00","curve":[0.25,0,0.75,1]},{"time":2.4,"color":"ffffff14"}],"attachment":[{"time":0,"name":"zsb_yuekatclaba1"},{"time":2.4,"name":"zsb_yuekatclaba1"}]},"zsb_yuekatcsidai":{"color":[{"time":0,"color":"fffffffe","curve":"stepped"},{"time":2.4,"color":"fffffffe"}]},"zsb_yuekatcsidailg":{"color":[{"time":0,"color":"fffffffe","curve":"stepped"},{"time":2.4,"color":"fffffffe"}],"attachment":[{"time":0,"name":null},{"time":0.0667,"name":"zsb_yuekatcsidailg1"},{"time":0.1333,"name":"zsb_yuekatcsidailg2"},{"time":0.2,"name":"zsb_yuekatcsidailg3"},{"time":0.2667,"name":"zsb_yuekatcsidailg4"},{"time":0.3333,"name":"zsb_yuekatcsidailg5"},{"time":0.4,"name":"zsb_yuekatcsidailg6"},{"time":0.4667,"name":"zsb_yuekatcsidailg7"},{"time":0.5333,"name":"zsb_yuekatcsidailg8"},{"time":0.6,"name":"zsb_yuekatcsidailg9"},{"time":0.6667,"name":"zsb_yuekatcsidailg10"},{"time":0.7333,"name":"zsb_yuekatcsidailg11"},{"time":0.8,"name":"zsb_yuekatcsidailg12"},{"time":0.8667,"name":"zsb_yuekatcsidailg13"},{"time":0.9333,"name":"zsb_yuekatcsidailg14"},{"time":1,"name":"zsb_yuekatcsidailg15"},{"time":1.0667,"name":"zsb_yuekatcsidailg16"},{"time":1.1333,"name":"zsb_yuekatcsidailg17"},{"time":1.2,"name":"zsb_yuekatcsidailg18"},{"time":1.2667,"name":"zsb_yuekatcsidailg19"},{"time":1.3333,"name":"zsb_yuekatcsidailg20"},{"time":1.4,"name":"zsb_yuekatcsidailg21"},{"time":1.4667,"name":"zsb_yuekatcsidailg22"},{"time":1.5333,"name":"zsb_yuekatcsidailg23"},{"time":1.6,"name":"zsb_yuekatcsidailg24"},{"time":1.6667,"name":"zsb_yuekatcsidailg25"},{"time":1.7333,"name":"zsb_yuekatcsidailg26"},{"time":1.8,"name":"zsb_yuekatcsidailg27"},{"time":1.8667,"name":"zsb_yuekatcsidailg28"},{"time":1.9333,"name":"zsb_yuekatcsidailg29"},{"time":2,"name":"zsb_yuekatcsidailg30"},{"time":2.0667,"name":"zsb_yuekatcsidailg31"},{"time":2.1333,"name":"zsb_yuekatcsidailg32"},{"time":2.2,"name":"zsb_yuekatcsidailg33"},{"time":2.2667,"name":"zsb_yuekatcsidailg34"},{"time":2.3333,"name":"zsb_yuekatcsidailg35"},{"time":2.4,"name":null}]},"zsb_yuekatcsidailg2":{"color":[{"time":0,"color":"fffffffe","curve":"stepped"},{"time":2.4,"color":"fffffffe"}],"attachment":[{"time":0,"name":null},{"time":0.0667,"name":"zsb_yuekatcsidailg1"},{"time":0.1333,"name":"zsb_yuekatcsidailg2"},{"time":0.2,"name":"zsb_yuekatcsidailg3"},{"time":0.2667,"name":"zsb_yuekatcsidailg4"},{"time":0.3333,"name":"zsb_yuekatcsidailg5"},{"time":0.4,"name":"zsb_yuekatcsidailg6"},{"time":0.4667,"name":"zsb_yuekatcsidailg7"},{"time":0.5333,"name":"zsb_yuekatcsidailg8"},{"time":0.6,"name":"zsb_yuekatcsidailg9"},{"time":0.6667,"name":"zsb_yuekatcsidailg10"},{"time":0.7333,"name":"zsb_yuekatcsidailg11"},{"time":0.8,"name":"zsb_yuekatcsidailg12"},{"time":0.8667,"name":"zsb_yuekatcsidailg13"},{"time":0.9333,"name":"zsb_yuekatcsidailg14"},{"time":1,"name":"zsb_yuekatcsidailg15"},{"time":1.0667,"name":"zsb_yuekatcsidailg16"},{"time":1.1333,"name":"zsb_yuekatcsidailg17"},{"time":1.2,"name":"zsb_yuekatcsidailg18"},{"time":1.2667,"name":"zsb_yuekatcsidailg19"},{"time":1.3333,"name":"zsb_yuekatcsidailg20"},{"time":1.4,"name":"zsb_yuekatcsidailg21"},{"time":1.4667,"name":"zsb_yuekatcsidailg22"},{"time":1.5333,"name":"zsb_yuekatcsidailg23"},{"time":1.6,"name":"zsb_yuekatcsidailg24"},{"time":1.6667,"name":"zsb_yuekatcsidailg25"},{"time":1.7333,"name":"zsb_yuekatcsidailg26"},{"time":1.8,"name":"zsb_yuekatcsidailg27"},{"time":1.8667,"name":"zsb_yuekatcsidailg28"},{"time":1.9333,"name":"zsb_yuekatcsidailg29"},{"time":2,"name":"zsb_yuekatcsidailg30"},{"time":2.0667,"name":"zsb_yuekatcsidailg31"},{"time":2.1333,"name":"zsb_yuekatcsidailg32"},{"time":2.2,"name":"zsb_yuekatcsidailg33"},{"time":2.2667,"name":"zsb_yuekatcsidailg34"},{"time":2.3333,"name":"zsb_yuekatcsidailg35"},{"time":2.4,"name":null}]},"zsb_yuekatcxd1":{"color":[{"time":0,"color":"ffffff00","curve":[0.311,0.8,0.582,1]},{"time":0.5333,"color":"fffffffe","curve":[0.25,0,0.75,1]},{"time":1.6667,"color":"ffffff00","curve":"stepped"},{"time":2.4,"color":"ffffff00"}]},"zsb_yuekatcxd2":{"color":[{"time":0,"color":"ffffff00","curve":"stepped"},{"time":0.4667,"color":"ffffff00","curve":[0.311,0.8,0.582,1]},{"time":1,"color":"fffffffe","curve":[0.25,0,0.75,1]},{"time":2.1333,"color":"ffffff00","curve":"stepped"},{"time":2.4,"color":"ffffff00"}]},"zsb_yuekatcxd3":{"color":[{"time":0,"color":"ffffff00","curve":"stepped"},{"time":0.7333,"color":"ffffff00","curve":[0.311,0.8,0.582,1]},{"time":1.2667,"color":"fffffffe","curve":[0.25,0,0.75,1]},{"time":2.4,"color":"ffffff00"}]},"zsb_yuekatcxd4":{"color":[{"time":0,"color":"ffffff2a","curve":[0.378,0.6,0.722,1]},{"time":1,"color":"ffffff00","curve":[0.311,0.8,0.582,1]},{"time":1.5333,"color":"fffffffe","curve":[0.242,0,0.67,0.68]},{"time":2.4,"color":"ffffff2a"}]},"zsb_yuekatcxd5":{"color":[{"time":0,"color":"ffffff00","curve":[0.311,0.8,0.582,1]},{"time":1,"color":"fffffffe","curve":[0.25,0,0.75,1]},{"time":2.4,"color":"ffffff00"}]},"zsb_yuekatcxd6":{"color":[{"time":0,"color":"ffffff60","curve":[0.381,0.54,0.743,1]},{"time":1.2,"color":"ffffff00","curve":[0.311,0.8,0.582,1]},{"time":1.7333,"color":"fffffffe","curve":[0.246,0,0.636,0.55]},{"time":2.4,"color":"ffffff60"}]}},"bones":{"hip":{"rotate":[{"time":0,"angle":0,"curve":"stepped"},{"time":2.4,"angle":0}],"translate":[{"time":0,"x":0,"y":0,"curve":"stepped"},{"time":2.4,"x":0,"y":0}],"scale":[{"time":0,"x":1,"y":1,"curve":"stepped"},{"time":2.4,"x":1,"y":1}],"shear":[{"time":0,"x":0,"y":0,"curve":"stepped"},{"time":2.4,"x":0,"y":0}]},"zsb_yuekatchg":{"rotate":[{"time":0,"angle":0,"curve":"stepped"},{"time":2.4,"angle":0}],"translate":[{"time":0,"x":0,"y":0,"curve":[0.25,0,0.75,1]},{"time":1.2,"x":0,"y":1.13,"curve":[0.25,0,0.75,1]},{"time":2.4,"x":0,"y":0}],"scale":[{"time":0,"x":1,"y":1,"curve":"stepped"},{"time":2.4,"x":1,"y":1}],"shear":[{"time":0,"x":0,"y":0,"curve":"stepped"},{"time":2.4,"x":0,"y":0}]},"zsb_yuekatclaba1":{"rotate":[{"time":0,"angle":0,"curve":"stepped"},{"time":2.4,"angle":0}],"translate":[{"time":0,"x":0,"y":0,"curve":"stepped"},{"time":2.4,"x":0,"y":0}],"scale":[{"time":0,"x":1,"y":1,"curve":[0.25,0,0.75,1]},{"time":1.2,"x":1.02,"y":1,"curve":[0.25,0,0.75,1]},{"time":2.4,"x":1,"y":1}],"shear":[{"time":0,"x":0,"y":0,"curve":"stepped"},{"time":2.4,"x":0,"y":0}]},"zsb_yuekatclaba2":{"rotate":[{"time":0,"angle":0,"curve":"stepped"},{"time":2.4,"angle":0}],"translate":[{"time":0,"x":0,"y":0,"curve":"stepped"},{"time":2.4,"x":0,"y":0}],"scale":[{"time":0,"x":1,"y":1,"curve":[0.25,0,0.75,1]},{"time":1.2,"x":1.02,"y":1,"curve":[0.25,0,0.75,1]},{"time":2.4,"x":1,"y":1}],"shear":[{"time":0,"x":0,"y":0,"curve":"stepped"},{"time":2.4,"x":0,"y":0}]},"zsb_yuekatclabaroot":{"rotate":[{"time":0,"angle":0,"curve":"stepped"},{"time":2.4,"angle":0}],"translate":[{"time":0,"x":0,"y":0,"curve":"stepped"},{"time":2.4,"x":0,"y":0}],"scale":[{"time":0,"x":1,"y":1,"curve":"stepped"},{"time":2.4,"x":1,"y":1}],"shear":[{"time":0,"x":0,"y":0,"curve":"stepped"},{"time":2.4,"x":0,"y":0}]},"zsb_yuekatclabaroot2":{"rotate":[{"time":0,"angle":0,"curve":"stepped"},{"time":2.4,"angle":0}],"translate":[{"time":0,"x":0,"y":0,"curve":"stepped"},{"time":2.4,"x":0,"y":0}],"scale":[{"time":0,"x":1,"y":1,"curve":"stepped"},{"time":2.4,"x":1,"y":1}],"shear":[{"time":0,"x":0,"y":0,"curve":"stepped"},{"time":2.4,"x":0,"y":0}]},"zsb_yuekatcsidai":{"rotate":[{"time":0,"angle":0,"curve":"stepped"},{"time":2.4,"angle":0}],"translate":[{"time":0,"x":0,"y":0,"curve":"stepped"},{"time":2.4,"x":0,"y":0}],"scale":[{"time":0,"x":1,"y":1,"curve":"stepped"},{"time":2.4,"x":1,"y":1}],"shear":[{"time":0,"x":0,"y":0,"curve":"stepped"},{"time":2.4,"x":0,"y":0}]},"zsb_yuekatcxd1":{"rotate":[{"time":0,"angle":0,"curve":[0.25,0,0.75,1]},{"time":1.2,"angle":-15,"curve":[0.25,0,0.75,1]},{"time":2.4,"angle":0}],"translate":[{"time":0,"x":0,"y":0,"curve":"stepped"},{"time":2.4,"x":0,"y":0}],"scale":[{"time":0,"x":1,"y":1,"curve":"stepped"},{"time":2.4,"x":1,"y":1}],"shear":[{"time":0,"x":0,"y":0,"curve":"stepped"},{"time":2.4,"x":0,"y":0}]},"zsb_yuekatcxd2":{"rotate":[{"time":0,"angle":0,"curve":[0.25,0,0.75,1]},{"time":1.2,"angle":-15,"curve":[0.25,0,0.75,1]},{"time":2.4,"angle":0}],"translate":[{"time":0,"x":0,"y":0,"curve":"stepped"},{"time":2.4,"x":0,"y":0}],"scale":[{"time":0,"x":1,"y":1,"curve":"stepped"},{"time":2.4,"x":1,"y":1}],"shear":[{"time":0,"x":0,"y":0,"curve":"stepped"},{"time":2.4,"x":0,"y":0}]},"zsb_yuekatcxd3":{"rotate":[{"time":0,"angle":0,"curve":[0.25,0,0.75,1]},{"time":1.2,"angle":-15,"curve":[0.25,0,0.75,1]},{"time":2.4,"angle":0}],"translate":[{"time":0,"x":0,"y":0,"curve":"stepped"},{"time":2.4,"x":0,"y":0}],"scale":[{"time":0,"x":1,"y":1,"curve":"stepped"},{"time":2.4,"x":1,"y":1}],"shear":[{"time":0,"x":0,"y":0,"curve":"stepped"},{"time":2.4,"x":0,"y":0}]},"zsb_yuekatcxd4":{"rotate":[{"time":0,"angle":0,"curve":[0.25,0,0.75,1]},{"time":1.2,"angle":-15,"curve":[0.25,0,0.75,1]},{"time":2.4,"angle":0}],"translate":[{"time":0,"x":0,"y":0,"curve":"stepped"},{"time":2.4,"x":0,"y":0}],"scale":[{"time":0,"x":1,"y":1,"curve":"stepped"},{"time":2.4,"x":1,"y":1}],"shear":[{"time":0,"x":0,"y":0,"curve":"stepped"},{"time":2.4,"x":0,"y":0}]},"zsb_yuekatcxd5":{"rotate":[{"time":0,"angle":0,"curve":[0.25,0,0.75,1]},{"time":1.2,"angle":-15,"curve":[0.25,0,0.75,1]},{"time":2.4,"angle":0}],"translate":[{"time":0,"x":0,"y":0,"curve":"stepped"},{"time":2.4,"x":0,"y":0}],"scale":[{"time":0,"x":1,"y":1,"curve":"stepped"},{"time":2.4,"x":1,"y":1}],"shear":[{"time":0,"x":0,"y":0,"curve":"stepped"},{"time":2.4,"x":0,"y":0}]},"zsb_yuekatcxd6":{"rotate":[{"time":0,"angle":0,"curve":[0.25,0,0.75,1]},{"time":1.2,"angle":-15,"curve":[0.25,0,0.75,1]},{"time":2.4,"angle":0}],"translate":[{"time":0,"x":0,"y":0,"curve":"stepped"},{"time":2.4,"x":0,"y":0}],"scale":[{"time":0,"x":1,"y":1,"curve":"stepped"},{"time":2.4,"x":1,"y":1}],"shear":[{"time":0,"x":0,"y":0,"curve":"stepped"},{"time":2.4,"x":0,"y":0}]},"zsb_yuekatcsidailg":{"rotate":[{"time":0,"angle":0,"curve":"stepped"},{"time":2.4,"angle":0}],"translate":[{"time":0,"x":0,"y":0,"curve":"stepped"},{"time":2.4,"x":0,"y":0}],"scale":[{"time":0,"x":1,"y":1,"curve":"stepped"},{"time":2.4,"x":1,"y":1}],"shear":[{"time":0,"x":0,"y":0,"curve":"stepped"},{"time":2.4,"x":0,"y":0}]},"zsb_yuekatcsidailg2":{"rotate":[{"time":0,"angle":0,"curve":"stepped"},{"time":2.4,"angle":0}],"translate":[{"time":0,"x":0,"y":0,"curve":"stepped"},{"time":2.4,"x":0,"y":0}],"scale":[{"time":0,"x":1,"y":1,"curve":"stepped"},{"time":2.4,"x":1,"y":1}],"shear":[{"time":0,"x":0,"y":0,"curve":"stepped"},{"time":2.4,"x":0,"y":0}]}}},"start":{"slots":{"zsb_yuekatchg":{"color":[{"time":0,"color":"fffffffe","curve":"stepped"},{"time":2.4,"color":"fffffffe"}]},"zsb_yuekatchg2":{"color":[{"time":0,"color":"ffffff00","curve":[0.311,0.8,0.582,1]},{"time":1.2,"color":"ffffff4a","curve":[0.25,0,0.75,1]},{"time":2.4,"color":"ffffff00"}],"attachment":[{"time":0,"name":"zsb_yuekatchg"},{"time":2.4,"name":"zsb_yuekatchg"}]},"zsb_yuekatclaba1":{"color":[{"time":0,"color":"fffffffe","curve":"stepped"},{"time":2.4,"color":"fffffffe"}]},"zsb_yuekatclaba2":{"color":[{"time":0,"color":"fffffffe","curve":"stepped"},{"time":2.4,"color":"fffffffe"}]},"zsb_yuekatclaba3":{"color":[{"time":0,"color":"ffffff14","curve":[0.25,0,0.75,1]},{"time":0.5,"color":"ffffff22","curve":[0.25,0,0.75,1]},{"time":1.7,"color":"ffffff00","curve":[0.25,0,0.75,1]},{"time":2.4,"color":"ffffff14"}],"attachment":[{"time":0,"name":"zsb_yuekatclaba1"},{"time":2.4,"name":"zsb_yuekatclaba1"}]},"zsb_yuekatclaba4":{"color":[{"time":0,"color":"ffffff14","curve":[0.25,0,0.75,1]},{"time":0.5,"color":"ffffff22","curve":[0.25,0,0.75,1]},{"time":1.7,"color":"ffffff00","curve":[0.25,0,0.75,1]},{"time":2.4,"color":"ffffff14"}],"attachment":[{"time":0,"name":"zsb_yuekatclaba1"},{"time":2.4,"name":"zsb_yuekatclaba1"}]},"zsb_yuekatcsidai":{"color":[{"time":0,"color":"fffffffe","curve":"stepped"},{"time":2.4,"color":"fffffffe"}]},"zsb_yuekatcsidailg":{"color":[{"time":0,"color":"fffffffe","curve":"stepped"},{"time":2.4,"color":"fffffffe"}],"attachment":[{"time":0,"name":null},{"time":0.0667,"name":"zsb_yuekatcsidailg1"},{"time":0.1333,"name":"zsb_yuekatcsidailg2"},{"time":0.2,"name":"zsb_yuekatcsidailg3"},{"time":0.2667,"name":"zsb_yuekatcsidailg4"},{"time":0.3333,"name":"zsb_yuekatcsidailg5"},{"time":0.4,"name":"zsb_yuekatcsidailg6"},{"time":0.4667,"name":"zsb_yuekatcsidailg7"},{"time":0.5333,"name":"zsb_yuekatcsidailg8"},{"time":0.6,"name":"zsb_yuekatcsidailg9"},{"time":0.6667,"name":"zsb_yuekatcsidailg10"},{"time":0.7333,"name":"zsb_yuekatcsidailg11"},{"time":0.8,"name":"zsb_yuekatcsidailg12"},{"time":0.8667,"name":"zsb_yuekatcsidailg13"},{"time":0.9333,"name":"zsb_yuekatcsidailg14"},{"time":1,"name":"zsb_yuekatcsidailg15"},{"time":1.0667,"name":"zsb_yuekatcsidailg16"},{"time":1.1333,"name":"zsb_yuekatcsidailg17"},{"time":1.2,"name":"zsb_yuekatcsidailg18"},{"time":1.2667,"name":"zsb_yuekatcsidailg19"},{"time":1.3333,"name":"zsb_yuekatcsidailg20"},{"time":1.4,"name":"zsb_yuekatcsidailg21"},{"time":1.4667,"name":"zsb_yuekatcsidailg22"},{"time":1.5333,"name":"zsb_yuekatcsidailg23"},{"time":1.6,"name":"zsb_yuekatcsidailg24"},{"time":1.6667,"name":"zsb_yuekatcsidailg25"},{"time":1.7333,"name":"zsb_yuekatcsidailg26"},{"time":1.8,"name":"zsb_yuekatcsidailg27"},{"time":1.8667,"name":"zsb_yuekatcsidailg28"},{"time":1.9333,"name":"zsb_yuekatcsidailg29"},{"time":2,"name":"zsb_yuekatcsidailg30"},{"time":2.0667,"name":"zsb_yuekatcsidailg31"},{"time":2.1333,"name":"zsb_yuekatcsidailg32"},{"time":2.2,"name":"zsb_yuekatcsidailg33"},{"time":2.2667,"name":"zsb_yuekatcsidailg34"},{"time":2.3333,"name":"zsb_yuekatcsidailg35"},{"time":2.4,"name":null}]},"zsb_yuekatcsidailg2":{"color":[{"time":0,"color":"fffffffe","curve":"stepped"},{"time":2.4,"color":"fffffffe"}],"attachment":[{"time":0,"name":null},{"time":0.0667,"name":"zsb_yuekatcsidailg1"},{"time":0.1333,"name":"zsb_yuekatcsidailg2"},{"time":0.2,"name":"zsb_yuekatcsidailg3"},{"time":0.2667,"name":"zsb_yuekatcsidailg4"},{"time":0.3333,"name":"zsb_yuekatcsidailg5"},{"time":0.4,"name":"zsb_yuekatcsidailg6"},{"time":0.4667,"name":"zsb_yuekatcsidailg7"},{"time":0.5333,"name":"zsb_yuekatcsidailg8"},{"time":0.6,"name":"zsb_yuekatcsidailg9"},{"time":0.6667,"name":"zsb_yuekatcsidailg10"},{"time":0.7333,"name":"zsb_yuekatcsidailg11"},{"time":0.8,"name":"zsb_yuekatcsidailg12"},{"time":0.8667,"name":"zsb_yuekatcsidailg13"},{"time":0.9333,"name":"zsb_yuekatcsidailg14"},{"time":1,"name":"zsb_yuekatcsidailg15"},{"time":1.0667,"name":"zsb_yuekatcsidailg16"},{"time":1.1333,"name":"zsb_yuekatcsidailg17"},{"time":1.2,"name":"zsb_yuekatcsidailg18"},{"time":1.2667,"name":"zsb_yuekatcsidailg19"},{"time":1.3333,"name":"zsb_yuekatcsidailg20"},{"time":1.4,"name":"zsb_yuekatcsidailg21"},{"time":1.4667,"name":"zsb_yuekatcsidailg22"},{"time":1.5333,"name":"zsb_yuekatcsidailg23"},{"time":1.6,"name":"zsb_yuekatcsidailg24"},{"time":1.6667,"name":"zsb_yuekatcsidailg25"},{"time":1.7333,"name":"zsb_yuekatcsidailg26"},{"time":1.8,"name":"zsb_yuekatcsidailg27"},{"time":1.8667,"name":"zsb_yuekatcsidailg28"},{"time":1.9333,"name":"zsb_yuekatcsidailg29"},{"time":2,"name":"zsb_yuekatcsidailg30"},{"time":2.0667,"name":"zsb_yuekatcsidailg31"},{"time":2.1333,"name":"zsb_yuekatcsidailg32"},{"time":2.2,"name":"zsb_yuekatcsidailg33"},{"time":2.2667,"name":"zsb_yuekatcsidailg34"},{"time":2.3333,"name":"zsb_yuekatcsidailg35"},{"time":2.4,"name":null}]},"zsb_yuekatcxd1":{"color":[{"time":0,"color":"ffffff00","curve":[0.311,0.8,0.582,1]},{"time":0.5333,"color":"fffffffe","curve":[0.25,0,0.75,1]},{"time":1.6667,"color":"ffffff00","curve":"stepped"},{"time":2.4,"color":"ffffff00"}]},"zsb_yuekatcxd2":{"color":[{"time":0,"color":"ffffff00","curve":"stepped"},{"time":0.4667,"color":"ffffff00","curve":[0.311,0.8,0.582,1]},{"time":1,"color":"fffffffe","curve":[0.25,0,0.75,1]},{"time":2.1333,"color":"ffffff00","curve":"stepped"},{"time":2.4,"color":"ffffff00"}]},"zsb_yuekatcxd3":{"color":[{"time":0,"color":"ffffff00","curve":"stepped"},{"time":0.7333,"color":"ffffff00","curve":[0.311,0.8,0.582,1]},{"time":1.2667,"color":"fffffffe","curve":[0.25,0,0.75,1]},{"time":2.4,"color":"ffffff00"}]},"zsb_yuekatcxd4":{"color":[{"time":0,"color":"ffffff2a","curve":[0.378,0.6,0.722,1]},{"time":1,"color":"ffffff00","curve":[0.311,0.8,0.582,1]},{"time":1.5333,"color":"fffffffe","curve":[0.242,0,0.67,0.68]},{"time":2.4,"color":"ffffff2a"}]},"zsb_yuekatcxd5":{"color":[{"time":0,"color":"ffffff00","curve":[0.311,0.8,0.582,1]},{"time":1,"color":"fffffffe","curve":[0.25,0,0.75,1]},{"time":2.4,"color":"ffffff00"}]},"zsb_yuekatcxd6":{"color":[{"time":0,"color":"ffffff60","curve":[0.381,0.54,0.743,1]},{"time":1.2,"color":"ffffff00","curve":[0.311,0.8,0.582,1]},{"time":1.7333,"color":"fffffffe","curve":[0.246,0,0.636,0.55]},{"time":2.4,"color":"ffffff60"}]}},"bones":{"hip":{"rotate":[{"time":0,"angle":0,"curve":"stepped"},{"time":2.4,"angle":0}],"translate":[{"time":0,"x":0,"y":0,"curve":"stepped"},{"time":2.4,"x":0,"y":0}],"scale":[{"time":0,"x":0.65,"y":0.65,"curve":[0.311,0.8,0.582,1]},{"time":0.2,"x":0.99,"y":0.99,"curve":[0.311,0.8,0.582,1]},{"time":0.3333,"x":1,"y":1,"curve":"stepped"},{"time":2.4,"x":1,"y":1}],"shear":[{"time":0,"x":0,"y":0,"curve":"stepped"},{"time":2.4,"x":0,"y":0}]},"zsb_yuekatchg":{"rotate":[{"time":0,"angle":0,"curve":"stepped"},{"time":2.4,"angle":0}],"translate":[{"time":0,"x":0,"y":-42.36,"curve":[0.311,0.8,0.582,1]},{"time":0.4,"x":0,"y":5.13,"curve":[0.351,0.4,0.757,1]},{"time":1.2,"x":0,"y":1.13,"curve":[0.25,0,0.75,1]},{"time":2.4,"x":0,"y":0}],"scale":[{"time":0,"x":1,"y":1,"curve":"stepped"},{"time":2.4,"x":1,"y":1}],"shear":[{"time":0,"x":0,"y":0,"curve":"stepped"},{"time":2.4,"x":0,"y":0}]},"zsb_yuekatclaba1":{"rotate":[{"time":0,"angle":0,"curve":"stepped"},{"time":2.4,"angle":0}],"translate":[{"time":0,"x":0,"y":0,"curve":"stepped"},{"time":2.4,"x":0,"y":0}],"scale":[{"time":0,"x":1,"y":1,"curve":[0.25,0,0.75,1]},{"time":0.2,"x":1.05,"y":1,"curve":[0.25,0,0.75,1]},{"time":0.4,"x":1.06,"y":1,"curve":[0.351,0.4,0.757,1]},{"time":1.2,"x":1.02,"y":1,"curve":[0.25,0,0.75,1]},{"time":2.4,"x":1,"y":1}],"shear":[{"time":0,"x":0,"y":0,"curve":"stepped"},{"time":2.4,"x":0,"y":0}]},"zsb_yuekatclaba2":{"rotate":[{"time":0,"angle":0,"curve":"stepped"},{"time":2.4,"angle":0}],"translate":[{"time":0,"x":0,"y":0,"curve":"stepped"},{"time":2.4,"x":0,"y":0}],"scale":[{"time":0,"x":1,"y":1,"curve":[0.25,0,0.75,1]},{"time":0.2,"x":1.05,"y":1,"curve":[0.25,0,0.75,1]},{"time":0.4,"x":1.06,"y":1,"curve":[0.351,0.4,0.757,1]},{"time":1.2,"x":1.02,"y":1,"curve":[0.25,0,0.75,1]},{"time":2.4,"x":1,"y":1}],"shear":[{"time":0,"x":0,"y":0,"curve":"stepped"},{"time":2.4,"x":0,"y":0}]},"zsb_yuekatclabaroot":{"rotate":[{"time":0,"angle":0,"curve":"stepped"},{"time":2.4,"angle":0}],"translate":[{"time":0,"x":0,"y":0,"curve":"stepped"},{"time":2.4,"x":0,"y":0}],"scale":[{"time":0,"x":1,"y":1,"curve":"stepped"},{"time":2.4,"x":1,"y":1}],"shear":[{"time":0,"x":0,"y":0,"curve":"stepped"},{"time":2.4,"x":0,"y":0}]},"zsb_yuekatclabaroot2":{"rotate":[{"time":0,"angle":0,"curve":"stepped"},{"time":2.4,"angle":0}],"translate":[{"time":0,"x":0,"y":0,"curve":"stepped"},{"time":2.4,"x":0,"y":0}],"scale":[{"time":0,"x":1,"y":1,"curve":"stepped"},{"time":2.4,"x":1,"y":1}],"shear":[{"time":0,"x":0,"y":0,"curve":"stepped"},{"time":2.4,"x":0,"y":0}]},"zsb_yuekatcsidai":{"rotate":[{"time":0,"angle":0,"curve":"stepped"},{"time":2.4,"angle":0}],"translate":[{"time":0,"x":0,"y":0,"curve":"stepped"},{"time":2.4,"x":0,"y":0}],"scale":[{"time":0,"x":1,"y":1,"curve":"stepped"},{"time":2.4,"x":1,"y":1}],"shear":[{"time":0,"x":0,"y":0,"curve":"stepped"},{"time":2.4,"x":0,"y":0}]},"zsb_yuekatcxd1":{"rotate":[{"time":0,"angle":0,"curve":[0.25,0,0.75,1]},{"time":1.2,"angle":-15,"curve":[0.25,0,0.75,1]},{"time":2.4,"angle":0}],"translate":[{"time":0,"x":0,"y":0,"curve":"stepped"},{"time":2.4,"x":0,"y":0}],"scale":[{"time":0,"x":1,"y":1,"curve":"stepped"},{"time":2.4,"x":1,"y":1}],"shear":[{"time":0,"x":0,"y":0,"curve":"stepped"},{"time":2.4,"x":0,"y":0}]},"zsb_yuekatcxd2":{"rotate":[{"time":0,"angle":0,"curve":[0.25,0,0.75,1]},{"time":1.2,"angle":-15,"curve":[0.25,0,0.75,1]},{"time":2.4,"angle":0}],"translate":[{"time":0,"x":0,"y":0,"curve":"stepped"},{"time":2.4,"x":0,"y":0}],"scale":[{"time":0,"x":1,"y":1,"curve":"stepped"},{"time":2.4,"x":1,"y":1}],"shear":[{"time":0,"x":0,"y":0,"curve":"stepped"},{"time":2.4,"x":0,"y":0}]},"zsb_yuekatcxd3":{"rotate":[{"time":0,"angle":0,"curve":[0.25,0,0.75,1]},{"time":1.2,"angle":-15,"curve":[0.25,0,0.75,1]},{"time":2.4,"angle":0}],"translate":[{"time":0,"x":0,"y":0,"curve":"stepped"},{"time":2.4,"x":0,"y":0}],"scale":[{"time":0,"x":1,"y":1,"curve":"stepped"},{"time":2.4,"x":1,"y":1}],"shear":[{"time":0,"x":0,"y":0,"curve":"stepped"},{"time":2.4,"x":0,"y":0}]},"zsb_yuekatcxd4":{"rotate":[{"time":0,"angle":0,"curve":[0.25,0,0.75,1]},{"time":1.2,"angle":-15,"curve":[0.25,0,0.75,1]},{"time":2.4,"angle":0}],"translate":[{"time":0,"x":0,"y":0,"curve":"stepped"},{"time":2.4,"x":0,"y":0}],"scale":[{"time":0,"x":1,"y":1,"curve":"stepped"},{"time":2.4,"x":1,"y":1}],"shear":[{"time":0,"x":0,"y":0,"curve":"stepped"},{"time":2.4,"x":0,"y":0}]},"zsb_yuekatcxd5":{"rotate":[{"time":0,"angle":0,"curve":[0.25,0,0.75,1]},{"time":1.2,"angle":-15,"curve":[0.25,0,0.75,1]},{"time":2.4,"angle":0}],"translate":[{"time":0,"x":0,"y":0,"curve":"stepped"},{"time":2.4,"x":0,"y":0}],"scale":[{"time":0,"x":1,"y":1,"curve":"stepped"},{"time":2.4,"x":1,"y":1}],"shear":[{"time":0,"x":0,"y":0,"curve":"stepped"},{"time":2.4,"x":0,"y":0}]},"zsb_yuekatcxd6":{"rotate":[{"time":0,"angle":0,"curve":[0.25,0,0.75,1]},{"time":1.2,"angle":-15,"curve":[0.25,0,0.75,1]},{"time":2.4,"angle":0}],"translate":[{"time":0,"x":0,"y":0,"curve":"stepped"},{"time":2.4,"x":0,"y":0}],"scale":[{"time":0,"x":1,"y":1,"curve":"stepped"},{"time":2.4,"x":1,"y":1}],"shear":[{"time":0,"x":0,"y":0,"curve":"stepped"},{"time":2.4,"x":0,"y":0}]},"zsb_yuekatcsidailg":{"rotate":[{"time":0,"angle":0,"curve":"stepped"},{"time":2.4,"angle":0}],"translate":[{"time":0,"x":0,"y":0,"curve":"stepped"},{"time":2.4,"x":0,"y":0}],"scale":[{"time":0,"x":1,"y":1,"curve":"stepped"},{"time":2.4,"x":1,"y":1}],"shear":[{"time":0,"x":0,"y":0,"curve":"stepped"},{"time":2.4,"x":0,"y":0}]},"zsb_yuekatcsidailg2":{"rotate":[{"time":0,"angle":0,"curve":"stepped"},{"time":2.4,"angle":0}],"translate":[{"time":0,"x":0,"y":0,"curve":"stepped"},{"time":2.4,"x":0,"y":0}],"scale":[{"time":0,"x":1,"y":1,"curve":"stepped"},{"time":2.4,"x":1,"y":1}],"shear":[{"time":0,"x":0,"y":0,"curve":"stepped"},{"time":2.4,"x":0,"y":0}]}}}}}