{"skeleton":{"hash":"XhbibD4b+it0mE36zB00PXFwHUc","spine":"3.6.37","width":1336,"height":752,"images":"./images/"},"bones":[{"name":"root"},{"name":"hip","parent":"root"},{"name":"zsb_bdsjmenu","parent":"hip"},{"name":"zsb_bdsjmenulg","parent":"zsb_bdsjmenu","scaleX":2,"scaleY":2}],"slots":[{"name":"zsb_bdsjmenu","bone":"zsb_bdsjmenu","attachment":"zsb_bdsjmenu"},{"name":"zsb_bdsjmenulg","bone":"zsb_bdsjmenulg","attachment":"zsb_bdsjmenulg0","blend":"additive"}],"skins":{"default":{"zsb_bdsjmenu":{"zsb_bdsjmenu":{"width":306,"height":84}},"zsb_bdsjmenulg":{"zsb_bdsjmenulg0":{"width":141,"height":37},"zsb_bdsjmenulg1":{"width":141,"height":37},"zsb_bdsjmenulg2":{"width":141,"height":37},"zsb_bdsjmenulg3":{"width":141,"height":37},"zsb_bdsjmenulg4":{"width":141,"height":37},"zsb_bdsjmenulg5":{"width":141,"height":37},"zsb_bdsjmenulg6":{"width":141,"height":37},"zsb_bdsjmenulg7":{"width":141,"height":37},"zsb_bdsjmenulg8":{"width":141,"height":37},"zsb_bdsjmenulg9":{"width":141,"height":37},"zsb_bdsjmenulg10":{"width":141,"height":37},"zsb_bdsjmenulg11":{"width":141,"height":37},"zsb_bdsjmenulg12":{"width":141,"height":37},"zsb_bdsjmenulg13":{"width":141,"height":37},"zsb_bdsjmenulg14":{"width":141,"height":37},"zsb_bdsjmenulg15":{"width":141,"height":37},"zsb_bdsjmenulg16":{"width":141,"height":37},"zsb_bdsjmenulg17":{"width":141,"height":37},"zsb_bdsjmenulg18":{"width":141,"height":37},"zsb_bdsjmenulg19":{"width":141,"height":37},"zsb_bdsjmenulg20":{"width":141,"height":37},"zsb_bdsjmenulg21":{"width":141,"height":37},"zsb_bdsjmenulg22":{"width":141,"height":37},"zsb_bdsjmenulg23":{"width":141,"height":37},"zsb_bdsjmenulg24":{"width":141,"height":37},"zsb_bdsjmenulg25":{"width":141,"height":37},"zsb_bdsjmenulg26":{"width":141,"height":37},"zsb_bdsjmenulg27":{"width":141,"height":37},"zsb_bdsjmenulg28":{"width":141,"height":37},"zsb_bdsjmenulg29":{"width":141,"height":37},"zsb_bdsjmenulg30":{"width":141,"height":37},"zsb_bdsjmenulg31":{"width":141,"height":37},"zsb_bdsjmenulg32":{"width":141,"height":37},"zsb_bdsjmenulg33":{"width":141,"height":37},"zsb_bdsjmenulg34":{"width":141,"height":37},"zsb_bdsjmenulg35":{"width":141,"height":37}}}},"animations":{"animation":{"slots":{"zsb_bdsjmenulg":{"attachment":[{"time":0,"name":"zsb_bdsjmenulg0"},{"time":0.0333,"name":"zsb_bdsjmenulg1"},{"time":0.0667,"name":"zsb_bdsjmenulg2"},{"time":0.1,"name":"zsb_bdsjmenulg3"},{"time":0.1333,"name":"zsb_bdsjmenulg4"},{"time":0.1667,"name":"zsb_bdsjmenulg5"},{"time":0.2,"name":"zsb_bdsjmenulg6"},{"time":0.2333,"name":"zsb_bdsjmenulg7"},{"time":0.2667,"name":"zsb_bdsjmenulg8"},{"time":0.3,"name":"zsb_bdsjmenulg9"},{"time":0.3333,"name":"zsb_bdsjmenulg10"},{"time":0.3667,"name":"zsb_bdsjmenulg11"},{"time":0.4,"name":"zsb_bdsjmenulg12"},{"time":0.4333,"name":"zsb_bdsjmenulg13"},{"time":0.4667,"name":"zsb_bdsjmenulg14"},{"time":0.5,"name":"zsb_bdsjmenulg15"},{"time":0.5333,"name":"zsb_bdsjmenulg16"},{"time":0.5667,"name":"zsb_bdsjmenulg17"},{"time":0.6,"name":"zsb_bdsjmenulg18"},{"time":0.6333,"name":"zsb_bdsjmenulg19"},{"time":0.6667,"name":"zsb_bdsjmenulg20"},{"time":0.7,"name":"zsb_bdsjmenulg21"},{"time":0.7333,"name":"zsb_bdsjmenulg22"},{"time":0.7667,"name":"zsb_bdsjmenulg23"},{"time":0.8,"name":"zsb_bdsjmenulg24"},{"time":0.8333,"name":"zsb_bdsjmenulg25"},{"time":0.8667,"name":"zsb_bdsjmenulg26"},{"time":0.9,"name":"zsb_bdsjmenulg27"},{"time":0.9333,"name":"zsb_bdsjmenulg28"},{"time":0.9667,"name":"zsb_bdsjmenulg29"},{"time":1,"name":"zsb_bdsjmenulg30"},{"time":1.0333,"name":"zsb_bdsjmenulg31"},{"time":1.0667,"name":"zsb_bdsjmenulg32"},{"time":1.1,"name":"zsb_bdsjmenulg33"},{"time":1.1333,"name":"zsb_bdsjmenulg34"},{"time":1.1667,"name":"zsb_bdsjmenulg35"},{"time":1.2,"name":"zsb_bdsjmenulg0"}]}}}}}