{"skeleton":{"hash":"2IyfmQfWpUzK5pzazzjbBLRaHV4","spine":"3.6.37","width":981.21,"height":39.2,"images":"./images/"},"bones":[{"name":"root","scaleY":0.7}],"slots":[{"name":"zsb_firetipskuangeffectyy","bone":"root","attachment":"zsb_firetipskuangeffectyy"},{"name":"zsb_firetipskuangeffectyy1","bone":"root","attachment":"zsb_firetipskuangeffectyy"}],"skins":{"default":{"zsb_firetipskuangeffectyy":{"zsb_firetipskuangeffectyy":{"x":-184.61,"scaleX":2,"scaleY":2,"width":306,"height":28}},"zsb_firetipskuangeffectyy1":{"zsb_firetipskuangeffectyy":{"x":184.6,"scaleX":-2,"scaleY":2,"width":306,"height":28}}}},"animations":{"end":{"slots":{"zsb_firetipskuangeffectyy":{"color":[{"time":0,"color":"fffffffe","curve":[0.311,0.8,0.582,1]},{"time":0.5333,"color":"ffffff00"}]},"zsb_firetipskuangeffectyy1":{"color":[{"time":0,"color":"fffffffe","curve":[0.311,0.8,0.582,1]},{"time":0.5333,"color":"ffffff00"}]}}},"idle":{"slots":{"zsb_firetipskuangeffectyy":{"color":[{"time":0,"color":"fffffffe","curve":"stepped"},{"time":0.4,"color":"fffffffe"}]},"zsb_firetipskuangeffectyy1":{"color":[{"time":0,"color":"fffffffe","curve":"stepped"},{"time":0.4,"color":"fffffffe"}]}}},"start":{"slots":{"zsb_firetipskuangeffectyy":{"color":[{"time":0,"color":"ffffff00","curve":"stepped"},{"time":0.2667,"color":"ffffff00","curve":[0.311,0.8,0.582,1]},{"time":0.8,"color":"fffffffe"}]},"zsb_firetipskuangeffectyy1":{"color":[{"time":0,"color":"ffffff00","curve":"stepped"},{"time":0.2667,"color":"ffffff00","curve":[0.311,0.8,0.582,1]},{"time":0.8,"color":"fffffffe"}]}}}}}