{"skeleton":{"hash":"neKfT6j3Iq8VVkmb6GMdtbW80wk","spine":"3.6.37","width":112,"height":80,"images":"./images/"},"bones":[{"name":"root"},{"name":"zsb_ykrkdb","parent":"root"},{"name":"zsb_tequanrukoulg","parent":"zsb_ykrkdb","x":-1.08,"y":6.53,"scaleX":2,"scaleY":2}],"slots":[{"name":"zsb_ykrkdb","bone":"zsb_ykrkdb","attachment":"zsb_ykrkdb"},{"name":"zsb_tqrktext","bone":"zsb_ykrkdb","attachment":"zsb_tqrktext"},{"name":"zsb_ykrksidai","bone":"zsb_ykrkdb","attachment":"zsb_ykrksidai"},{"name":"zsb_tequanrukoulg","bone":"zsb_tequanrukoulg","attachment":"zsb_tequanrukoulg0","blend":"additive"}],"skins":{"default":{"zsb_tequanrukoulg":{"zsb_tequanrukoulg0":{"width":45,"height":29},"zsb_tequanrukoulg1":{"width":45,"height":29},"zsb_tequanrukoulg2":{"width":45,"height":29},"zsb_tequanrukoulg3":{"width":45,"height":29},"zsb_tequanrukoulg4":{"width":45,"height":29},"zsb_tequanrukoulg5":{"width":45,"height":29},"zsb_tequanrukoulg6":{"width":45,"height":29},"zsb_tequanrukoulg7":{"width":45,"height":29},"zsb_tequanrukoulg8":{"width":45,"height":29},"zsb_tequanrukoulg9":{"width":45,"height":29},"zsb_tequanrukoulg10":{"width":45,"height":29},"zsb_tequanrukoulg11":{"width":45,"height":29},"zsb_tequanrukoulg12":{"width":45,"height":29},"zsb_tequanrukoulg13":{"width":45,"height":29},"zsb_tequanrukoulg14":{"width":45,"height":29},"zsb_tequanrukoulg15":{"width":45,"height":29},"zsb_tequanrukoulg16":{"width":45,"height":29},"zsb_tequanrukoulg17":{"width":45,"height":29},"zsb_tequanrukoulg18":{"width":45,"height":29},"zsb_tequanrukoulg19":{"width":45,"height":29},"zsb_tequanrukoulg20":{"width":45,"height":29},"zsb_tequanrukoulg21":{"width":45,"height":29},"zsb_tequanrukoulg22":{"width":45,"height":29},"zsb_tequanrukoulg23":{"width":45,"height":29},"zsb_tequanrukoulg24":{"width":45,"height":29},"zsb_tequanrukoulg25":{"width":45,"height":29},"zsb_tequanrukoulg26":{"width":45,"height":29},"zsb_tequanrukoulg27":{"width":45,"height":29},"zsb_tequanrukoulg28":{"width":45,"height":29},"zsb_tequanrukoulg29":{"width":45,"height":29},"zsb_tequanrukoulg30":{"width":45,"height":29},"zsb_tequanrukoulg31":{"width":45,"height":29},"zsb_tequanrukoulg32":{"width":45,"height":29},"zsb_tequanrukoulg33":{"width":45,"height":29},"zsb_tequanrukoulg34":{"width":45,"height":29},"zsb_tequanrukoulg35":{"width":45,"height":29}},"zsb_tqrktext":{"zsb_tqrktext":{"x":1.36,"y":4.16,"width":64,"height":28}},"zsb_ykrkdb":{"zsb_ykrkdb":{"width":112,"height":79}},"zsb_ykrksidai":{"zsb_ykrksidai":{"x":-23,"y":12.5,"width":56,"height":56}}}},"animations":{"animation":{"slots":{"zsb_tequanrukoulg":{"attachment":[{"time":0,"name":"zsb_tequanrukoulg0"},{"time":0.0667,"name":"zsb_tequanrukoulg1"},{"time":0.1333,"name":"zsb_tequanrukoulg2"},{"time":0.2,"name":"zsb_tequanrukoulg3"},{"time":0.2667,"name":"zsb_tequanrukoulg4"},{"time":0.3333,"name":"zsb_tequanrukoulg5"},{"time":0.4,"name":"zsb_tequanrukoulg6"},{"time":0.4667,"name":"zsb_tequanrukoulg7"},{"time":0.5333,"name":"zsb_tequanrukoulg8"},{"time":0.6,"name":"zsb_tequanrukoulg9"},{"time":0.6667,"name":"zsb_tequanrukoulg10"},{"time":0.7333,"name":"zsb_tequanrukoulg11"},{"time":0.8,"name":"zsb_tequanrukoulg12"},{"time":0.8667,"name":"zsb_tequanrukoulg13"},{"time":0.9333,"name":"zsb_tequanrukoulg14"},{"time":1,"name":"zsb_tequanrukoulg15"},{"time":1.0667,"name":"zsb_tequanrukoulg16"},{"time":1.1333,"name":"zsb_tequanrukoulg17"},{"time":1.2,"name":"zsb_tequanrukoulg18"},{"time":1.2667,"name":"zsb_tequanrukoulg19"},{"time":1.3333,"name":"zsb_tequanrukoulg20"},{"time":1.4,"name":"zsb_tequanrukoulg21"},{"time":1.4667,"name":"zsb_tequanrukoulg22"},{"time":1.5333,"name":"zsb_tequanrukoulg23"},{"time":1.6,"name":"zsb_tequanrukoulg24"},{"time":1.6667,"name":"zsb_tequanrukoulg25"},{"time":1.7333,"name":"zsb_tequanrukoulg26"},{"time":1.8,"name":"zsb_tequanrukoulg27"},{"time":1.8667,"name":"zsb_tequanrukoulg28"},{"time":1.9333,"name":"zsb_tequanrukoulg29"},{"time":2,"name":"zsb_tequanrukoulg30"},{"time":2.0667,"name":"zsb_tequanrukoulg31"},{"time":2.1333,"name":"zsb_tequanrukoulg32"},{"time":2.2,"name":"zsb_tequanrukoulg33"},{"time":2.2667,"name":"zsb_tequanrukoulg34"},{"time":2.3333,"name":"zsb_tequanrukoulg35"},{"time":2.4,"name":null}]}}}}}