{"skeleton":{"hash":"yXwiNRfD8q3RKol2bO5Ny+2Vik8","spine":"3.6.37","width":138.91,"height":73.02,"images":"./images/"},"bones":[{"name":"root","rotation":-0.02},{"name":"yfsj","parent":"root"},{"name":"yfsj_di_sg","parent":"yfsj","x":-0.27,"y":-1.13,"color":"ff0000ff"},{"name":"yfsj_jb1","parent":"yfsj","x":53.32,"y":6.51,"color":"ffe000ff"},{"name":"yfsj_jb2","parent":"yfsj","x":-57.98,"y":3.47,"color":"ffe000ff"},{"name":"yfsj_jb3","parent":"yfsj","x":-25.74,"y":-23.91,"color":"ffe000ff"},{"name":"yfsj_wz_sg1","parent":"yfsj","x":-0.08,"y":-1.89,"color":"0aff00ff"},{"name":"yfsj_xd","parent":"yfsj","color":"ffffffff"},{"name":"yfsj_xd_fg","parent":"yfsj","color":"ff6600ff"}],"slots":[{"name":"db","bone":"root"},{"name":"yfsjrk_jdbjd3","bone":"yfsj_jb1","attachment":"yfsjrk_jdbjd3"},{"name":"yfsj_di","bone":"yfsj","attachment":"yfsj_di"},{"name":"yfsj_di_sg","bone":"yfsj_di_sg","color":"ffffffbb","blend":"additive"},{"name":"yfsj_xd1","bone":"yfsj_xd","attachment":"yfsj_xd"},{"name":"yfsj_xd5","bone":"yfsj_xd_fg","blend":"additive"},{"name":"yfsj_xd2","bone":"yfsj_xd","attachment":"yfsj_xd"},{"name":"yfsj_xd6","bone":"yfsj_xd_fg","blend":"additive"},{"name":"yfsj_xd3","bone":"yfsj_xd","attachment":"yfsj_xd"},{"name":"yfsj_xd7","bone":"yfsj_xd_fg","blend":"additive"},{"name":"yfsj_xd4","bone":"yfsj_xd","attachment":"yfsj_xd"},{"name":"yfsj_xd8","bone":"yfsj_xd_fg","blend":"additive"},{"name":"yfsjrk_jdbjd2","bone":"yfsj_jb2","attachment":"yfsjrk_jdbjd2"},{"name":"yfsj_wz","bone":"yfsj_wz_sg1","attachment":"yfsj_wz"},{"name":"yfsjrk_jdbjd1","bone":"yfsj_jb3","attachment":"yfsjrk_jdbjd1"},{"name":"yfsj_g1","bone":"yfsj_jb2","attachment":"yfsj_g","blend":"additive"},{"name":"yfsj_g2","bone":"yfsj","attachment":"yfsj_g","blend":"additive"},{"name":"yfsj_g3","bone":"yfsj","attachment":"yfsj_g","blend":"additive"},{"name":"yfsj_g4","bone":"yfsj_jb1","attachment":"yfsj_g","blend":"additive"},{"name":"yfsj_wz_sg1","bone":"yfsj_wz_sg1","blend":"additive"}],"skins":{"default":{"yfsj_di":{"yfsj_di":{"x":0.01,"y":-1.99,"width":89,"height":69}},"yfsj_di_sg":{"yfsj_di_sg/yfsj_di_sg_00":{"width":85,"height":67},"yfsj_di_sg/yfsj_di_sg_01":{"width":85,"height":67},"yfsj_di_sg/yfsj_di_sg_02":{"width":85,"height":67},"yfsj_di_sg/yfsj_di_sg_03":{"width":85,"height":67},"yfsj_di_sg/yfsj_di_sg_04":{"width":85,"height":67},"yfsj_di_sg/yfsj_di_sg_05":{"width":85,"height":67},"yfsj_di_sg/yfsj_di_sg_06":{"width":85,"height":67},"yfsj_di_sg/yfsj_di_sg_07":{"width":85,"height":67},"yfsj_di_sg/yfsj_di_sg_08":{"width":85,"height":67},"yfsj_di_sg/yfsj_di_sg_09":{"width":85,"height":67},"yfsj_di_sg/yfsj_di_sg_10":{"width":85,"height":67},"yfsj_di_sg/yfsj_di_sg_11":{"width":85,"height":67},"yfsj_di_sg/yfsj_di_sg_12":{"width":85,"height":67},"yfsj_di_sg/yfsj_di_sg_13":{"width":85,"height":67},"yfsj_di_sg/yfsj_di_sg_14":{"width":85,"height":67},"yfsj_di_sg/yfsj_di_sg_15":{"width":85,"height":67},"yfsj_di_sg/yfsj_di_sg_16":{"width":85,"height":67},"yfsj_di_sg/yfsj_di_sg_17":{"width":85,"height":67},"yfsj_di_sg/yfsj_di_sg_18":{"width":85,"height":67},"yfsj_di_sg/yfsj_di_sg_19":{"width":85,"height":67},"yfsj_di_sg/yfsj_di_sg_20":{"width":85,"height":67},"yfsj_di_sg/yfsj_di_sg_21":{"width":85,"height":67},"yfsj_di_sg/yfsj_di_sg_22":{"width":85,"height":67},"yfsj_di_sg/yfsj_di_sg_23":{"width":85,"height":67},"yfsj_di_sg/yfsj_di_sg_24":{"width":85,"height":67},"yfsj_di_sg/yfsj_di_sg_25":{"width":85,"height":67},"yfsj_di_sg/yfsj_di_sg_26":{"width":85,"height":67},"yfsj_di_sg/yfsj_di_sg_27":{"width":85,"height":67},"yfsj_di_sg/yfsj_di_sg_28":{"width":85,"height":67},"yfsj_di_sg/yfsj_di_sg_29":{"width":85,"height":67},"yfsj_di_sg/yfsj_di_sg_30":{"width":85,"height":67},"yfsj_di_sg/yfsj_di_sg_31":{"width":85,"height":67},"yfsj_di_sg/yfsj_di_sg_32":{"width":85,"height":67},"yfsj_di_sg/yfsj_di_sg_33":{"width":85,"height":67},"yfsj_di_sg/yfsj_di_sg_34":{"width":85,"height":67},"yfsj_di_sg/yfsj_di_sg_35":{"width":85,"height":67}},"yfsj_g1":{"yfsj_g":{"x":-4.32,"y":10.59,"width":18,"height":20}},"yfsj_g2":{"yfsj_g":{"x":-47.98,"y":0.63,"width":18,"height":20}},"yfsj_g3":{"yfsj_g":{"x":47.36,"y":5.21,"width":18,"height":20}},"yfsj_g4":{"yfsj_g":{"x":5.28,"y":8.32,"width":18,"height":20}},"yfsj_wz":{"yfsj_wz":{"x":-0.92,"y":0.42,"width":111,"height":42}},"yfsj_wz_sg1":{"yfsj_wz_sg1/yfsj_wz_sg1_00":{"width":105,"height":38},"yfsj_wz_sg1/yfsj_wz_sg1_01":{"width":105,"height":38},"yfsj_wz_sg1/yfsj_wz_sg1_02":{"width":105,"height":38},"yfsj_wz_sg1/yfsj_wz_sg1_03":{"width":105,"height":38},"yfsj_wz_sg1/yfsj_wz_sg1_04":{"width":105,"height":38},"yfsj_wz_sg1/yfsj_wz_sg1_05":{"width":105,"height":38},"yfsj_wz_sg1/yfsj_wz_sg1_06":{"width":105,"height":38},"yfsj_wz_sg1/yfsj_wz_sg1_07":{"width":105,"height":38},"yfsj_wz_sg1/yfsj_wz_sg1_08":{"width":105,"height":38},"yfsj_wz_sg1/yfsj_wz_sg1_09":{"width":105,"height":38},"yfsj_wz_sg1/yfsj_wz_sg1_10":{"width":105,"height":38},"yfsj_wz_sg1/yfsj_wz_sg1_11":{"width":105,"height":38},"yfsj_wz_sg1/yfsj_wz_sg1_12":{"width":105,"height":38},"yfsj_wz_sg1/yfsj_wz_sg1_13":{"width":105,"height":38},"yfsj_wz_sg1/yfsj_wz_sg1_14":{"width":105,"height":38},"yfsj_wz_sg1/yfsj_wz_sg1_15":{"width":105,"height":38},"yfsj_wz_sg1/yfsj_wz_sg1_16":{"width":105,"height":38},"yfsj_wz_sg1/yfsj_wz_sg1_17":{"width":105,"height":38},"yfsj_wz_sg1/yfsj_wz_sg1_18":{"width":105,"height":38},"yfsj_wz_sg1/yfsj_wz_sg1_19":{"width":105,"height":38},"yfsj_wz_sg1/yfsj_wz_sg1_20":{"width":105,"height":38},"yfsj_wz_sg1/yfsj_wz_sg1_21":{"width":105,"height":38},"yfsj_wz_sg1/yfsj_wz_sg1_22":{"width":105,"height":38},"yfsj_wz_sg1/yfsj_wz_sg1_23":{"width":105,"height":38},"yfsj_wz_sg1/yfsj_wz_sg1_24":{"width":105,"height":38},"yfsj_wz_sg1/yfsj_wz_sg1_25":{"width":105,"height":38},"yfsj_wz_sg1/yfsj_wz_sg1_26":{"width":105,"height":38},"yfsj_wz_sg1/yfsj_wz_sg1_27":{"width":105,"height":38},"yfsj_wz_sg1/yfsj_wz_sg1_28":{"width":105,"height":38},"yfsj_wz_sg1/yfsj_wz_sg1_29":{"width":105,"height":38},"yfsj_wz_sg1/yfsj_wz_sg1_30":{"width":105,"height":38},"yfsj_wz_sg1/yfsj_wz_sg1_31":{"width":105,"height":38},"yfsj_wz_sg1/yfsj_wz_sg1_32":{"width":105,"height":38},"yfsj_wz_sg1/yfsj_wz_sg1_33":{"width":105,"height":38},"yfsj_wz_sg1/yfsj_wz_sg1_34":{"width":105,"height":38},"yfsj_wz_sg1/yfsj_wz_sg1_35":{"width":105,"height":38}},"yfsj_xd1":{"yfsj_xd":{"x":-16.04,"y":22.45,"width":11,"height":10}},"yfsj_xd2":{"yfsj_xd":{"x":-0.01,"y":31.51,"width":11,"height":10}},"yfsj_xd3":{"yfsj_xd":{"x":18.07,"y":22.49,"width":11,"height":10}},"yfsj_xd4":{"yfsj_xd":{"x":0.03,"y":-23.59,"width":11,"height":10}},"yfsj_xd5":{"yfsj_xd":{"x":-16.45,"y":22.65,"width":11,"height":10}},"yfsj_xd6":{"yfsj_xd":{"x":-0.42,"y":31.71,"width":11,"height":10}},"yfsj_xd7":{"yfsj_xd":{"x":17.66,"y":22.7,"width":11,"height":10}},"yfsj_xd8":{"yfsj_xd":{"x":-0.38,"y":-23.38,"width":11,"height":10}},"yfsjrk_jdbjd1":{"yfsjrk_jdbjd1":{"x":0.75,"y":1.45,"width":31,"height":25}},"yfsjrk_jdbjd2":{"yfsjrk_jdbjd2":{"x":-0.57,"y":0.52,"width":23,"height":26}},"yfsjrk_jdbjd3":{"yfsjrk_jdbjd3":{"x":1.1,"y":-0.44,"width":22,"height":27}}}},"animations":{"animation":{"slots":{"yfsj_di_sg":{"attachment":[{"time":0,"name":"yfsj_di_sg/yfsj_di_sg_00"},{"time":0.0667,"name":"yfsj_di_sg/yfsj_di_sg_01"},{"time":0.1333,"name":"yfsj_di_sg/yfsj_di_sg_02"},{"time":0.2,"name":"yfsj_di_sg/yfsj_di_sg_03"},{"time":0.2667,"name":"yfsj_di_sg/yfsj_di_sg_04"},{"time":0.3333,"name":"yfsj_di_sg/yfsj_di_sg_05"},{"time":0.4,"name":"yfsj_di_sg/yfsj_di_sg_06"},{"time":0.4667,"name":"yfsj_di_sg/yfsj_di_sg_07"},{"time":0.5333,"name":"yfsj_di_sg/yfsj_di_sg_08"},{"time":0.6,"name":"yfsj_di_sg/yfsj_di_sg_09"},{"time":0.6667,"name":"yfsj_di_sg/yfsj_di_sg_10"},{"time":0.7333,"name":"yfsj_di_sg/yfsj_di_sg_11"},{"time":0.8,"name":"yfsj_di_sg/yfsj_di_sg_12"},{"time":0.8667,"name":"yfsj_di_sg/yfsj_di_sg_13"},{"time":0.9333,"name":"yfsj_di_sg/yfsj_di_sg_14"},{"time":1,"name":"yfsj_di_sg/yfsj_di_sg_15"},{"time":1.0667,"name":"yfsj_di_sg/yfsj_di_sg_16"},{"time":1.1333,"name":"yfsj_di_sg/yfsj_di_sg_17"},{"time":1.2,"name":"yfsj_di_sg/yfsj_di_sg_18"},{"time":1.2667,"name":"yfsj_di_sg/yfsj_di_sg_19"},{"time":1.3333,"name":"yfsj_di_sg/yfsj_di_sg_20"},{"time":1.4,"name":"yfsj_di_sg/yfsj_di_sg_21"},{"time":1.4667,"name":"yfsj_di_sg/yfsj_di_sg_22"},{"time":1.5333,"name":"yfsj_di_sg/yfsj_di_sg_23"},{"time":1.6,"name":"yfsj_di_sg/yfsj_di_sg_24"},{"time":1.6667,"name":"yfsj_di_sg/yfsj_di_sg_25"},{"time":1.7333,"name":"yfsj_di_sg/yfsj_di_sg_26"},{"time":1.8,"name":"yfsj_di_sg/yfsj_di_sg_27"},{"time":1.8667,"name":"yfsj_di_sg/yfsj_di_sg_28"},{"time":1.9333,"name":"yfsj_di_sg/yfsj_di_sg_29"},{"time":2,"name":"yfsj_di_sg/yfsj_di_sg_30"},{"time":2.0667,"name":"yfsj_di_sg/yfsj_di_sg_31"},{"time":2.1333,"name":"yfsj_di_sg/yfsj_di_sg_32"},{"time":2.2,"name":"yfsj_di_sg/yfsj_di_sg_33"},{"time":2.2667,"name":"yfsj_di_sg/yfsj_di_sg_34"},{"time":2.3333,"name":"yfsj_di_sg/yfsj_di_sg_35"},{"time":2.4,"name":"yfsj_di_sg/yfsj_di_sg_00"}]},"yfsj_g1":{"color":[{"time":0,"color":"fffffffe","curve":[0.25,0,0.75,1]},{"time":1.2,"color":"ffffff00","curve":[0.25,0,0.75,1]},{"time":2.4,"color":"fffffffe"}]},"yfsj_g2":{"color":[{"time":0,"color":"ffffff40","curve":[0.25,0,0.625,0.5]},{"time":1.2,"color":"fffffffe","curve":[0.375,0.5,0.75,1]},{"time":2.4,"color":"ffffff40"}]},"yfsj_g3":{"color":[{"time":0,"color":"ffffffb8","curve":[0.376,0.61,0.717,1]},{"time":0.5,"color":"fffffffe","curve":[0.25,0,0.625,0.5]},{"time":1.7,"color":"ffffff00","curve":[0.346,0.38,0.693,0.75]},{"time":2.4,"color":"ffffffb8"}]},"yfsj_g4":{"color":[{"time":0,"color":"ffffff40","curve":[0.25,0,0.75,1]},{"time":1.2,"color":"fffffffe","curve":[0.25,0,0.75,1]},{"time":2.4,"color":"ffffff40"}]},"yfsj_wz_sg1":{"attachment":[{"time":0,"name":"yfsj_wz_sg1/yfsj_wz_sg1_00"},{"time":0.0667,"name":"yfsj_wz_sg1/yfsj_wz_sg1_01"},{"time":0.1333,"name":"yfsj_wz_sg1/yfsj_wz_sg1_02"},{"time":0.2,"name":"yfsj_wz_sg1/yfsj_wz_sg1_03"},{"time":0.2667,"name":"yfsj_wz_sg1/yfsj_wz_sg1_04"},{"time":0.3333,"name":"yfsj_wz_sg1/yfsj_wz_sg1_05"},{"time":0.4,"name":"yfsj_wz_sg1/yfsj_wz_sg1_06"},{"time":0.4667,"name":"yfsj_wz_sg1/yfsj_wz_sg1_07"},{"time":0.5333,"name":"yfsj_wz_sg1/yfsj_wz_sg1_08"},{"time":0.6,"name":"yfsj_wz_sg1/yfsj_wz_sg1_09"},{"time":0.6667,"name":"yfsj_wz_sg1/yfsj_wz_sg1_10"},{"time":0.7333,"name":"yfsj_wz_sg1/yfsj_wz_sg1_11"},{"time":0.8,"name":"yfsj_wz_sg1/yfsj_wz_sg1_12"},{"time":0.8667,"name":"yfsj_wz_sg1/yfsj_wz_sg1_13"},{"time":0.9333,"name":"yfsj_wz_sg1/yfsj_wz_sg1_14"},{"time":1,"name":"yfsj_wz_sg1/yfsj_wz_sg1_15"},{"time":1.0667,"name":"yfsj_wz_sg1/yfsj_wz_sg1_16"},{"time":1.1333,"name":"yfsj_wz_sg1/yfsj_wz_sg1_17"},{"time":1.2,"name":"yfsj_wz_sg1/yfsj_wz_sg1_18"},{"time":1.2667,"name":"yfsj_wz_sg1/yfsj_wz_sg1_19"},{"time":1.3333,"name":"yfsj_wz_sg1/yfsj_wz_sg1_20"},{"time":1.4,"name":"yfsj_wz_sg1/yfsj_wz_sg1_21"},{"time":1.4667,"name":"yfsj_wz_sg1/yfsj_wz_sg1_22"},{"time":1.5333,"name":"yfsj_wz_sg1/yfsj_wz_sg1_23"},{"time":1.6,"name":"yfsj_wz_sg1/yfsj_wz_sg1_24"},{"time":1.6667,"name":"yfsj_wz_sg1/yfsj_wz_sg1_25"},{"time":1.7333,"name":"yfsj_wz_sg1/yfsj_wz_sg1_26"},{"time":1.8,"name":"yfsj_wz_sg1/yfsj_wz_sg1_27"},{"time":1.8667,"name":"yfsj_wz_sg1/yfsj_wz_sg1_28"},{"time":1.9333,"name":"yfsj_wz_sg1/yfsj_wz_sg1_29"},{"time":2,"name":"yfsj_wz_sg1/yfsj_wz_sg1_30"},{"time":2.0667,"name":"yfsj_wz_sg1/yfsj_wz_sg1_31"},{"time":2.1333,"name":"yfsj_wz_sg1/yfsj_wz_sg1_32"},{"time":2.2,"name":"yfsj_wz_sg1/yfsj_wz_sg1_33"},{"time":2.2667,"name":"yfsj_wz_sg1/yfsj_wz_sg1_34"},{"time":2.3333,"name":"yfsj_wz_sg1/yfsj_wz_sg1_35"},{"time":2.4,"name":"yfsj_wz_sg1/yfsj_wz_sg1_00"}]},"yfsj_xd5":{"color":[{"time":0,"color":"ffffff00","curve":[0.25,0,0.75,1]},{"time":0.4,"color":"fffffffe","curve":[0.25,0,0.75,1]},{"time":0.8,"color":"ffffff00","curve":"stepped"},{"time":1.2,"color":"ffffff00","curve":[0.25,0,0.75,1]},{"time":1.6,"color":"fffffffe","curve":[0.25,0,0.75,1]},{"time":2,"color":"ffffff00","curve":"stepped"},{"time":2.4,"color":"ffffff00"}],"attachment":[{"time":0,"name":"yfsj_xd"},{"time":2.4,"name":"yfsj_xd"}]},"yfsj_xd6":{"color":[{"time":0,"color":"ffffff00","curve":"stepped"},{"time":0.6,"color":"ffffff00","curve":[0.25,0,0.75,1]},{"time":1,"color":"fffffffe","curve":[0.25,0,0.75,1]},{"time":1.4,"color":"ffffff00","curve":"stepped"},{"time":1.6,"color":"ffffff00","curve":[0.25,0,0.75,1]},{"time":2,"color":"fffffffe","curve":[0.25,0,0.75,1]},{"time":2.4,"color":"ffffff00"}],"attachment":[{"time":0,"name":"yfsj_xd"},{"time":2.4,"name":"yfsj_xd"}]},"yfsj_xd7":{"color":[{"time":0,"color":"ffffff00","curve":[0.25,0,0.75,1]},{"time":0.4,"color":"fffffffe","curve":[0.25,0,0.75,1]},{"time":0.8,"color":"ffffff00","curve":"stepped"},{"time":1.2,"color":"ffffff00","curve":[0.25,0,0.75,1]},{"time":1.6,"color":"fffffffe","curve":[0.25,0,0.75,1]},{"time":2,"color":"ffffff00","curve":"stepped"},{"time":2.4,"color":"ffffff00"}],"attachment":[{"time":0,"name":"yfsj_xd"},{"time":2.4,"name":"yfsj_xd"}]},"yfsj_xd8":{"color":[{"time":0,"color":"ffffff00","curve":"stepped"},{"time":0.6,"color":"ffffff00","curve":[0.25,0,0.75,1]},{"time":1,"color":"fffffffe","curve":[0.25,0,0.75,1]},{"time":1.4,"color":"ffffff00","curve":"stepped"},{"time":1.6,"color":"ffffff00","curve":[0.25,0,0.75,1]},{"time":2,"color":"fffffffe","curve":[0.25,0,0.75,1]},{"time":2.4,"color":"ffffff00"}],"attachment":[{"time":0,"name":"yfsj_xd"},{"time":2.4,"name":"yfsj_xd"}]}},"bones":{"yfsj_jb1":{"rotate":[{"time":0,"angle":-0.9,"curve":[0.25,0,0.75,1]},{"time":0.6,"angle":-1.8,"curve":[0.25,0,0.75,1]},{"time":1.8,"angle":0,"curve":[0.25,0,0.75,1]},{"time":2.4,"angle":-0.9}],"translate":[{"time":0,"x":0,"y":0,"curve":[0.25,0,0.75,1]},{"time":1.2,"x":0,"y":-1.47,"curve":[0.25,0,0.75,1]},{"time":2.4,"x":0,"y":0}]},"yfsj_jb2":{"rotate":[{"time":0,"angle":4.3,"curve":[0.25,0,0.75,1]},{"time":0.4,"angle":6,"curve":[0.25,0,0.75,1]},{"time":1.6,"angle":0,"curve":[0.25,0,0.75,1]},{"time":2.4,"angle":4.3}],"translate":[{"time":0,"x":0,"y":1.51,"curve":[0.25,0,0.75,1]},{"time":1.2,"x":0,"y":0,"curve":[0.25,0,0.75,1]},{"time":2.4,"x":0,"y":1.51}]},"yfsj_jb3":{"rotate":[{"time":0,"angle":0.81,"curve":[0.25,0,0.75,1]},{"time":0.2,"angle":0,"curve":[0.25,0,0.75,1]},{"time":1.4,"angle":8.4,"curve":[0.25,0,0.75,1]},{"time":2.4,"angle":0.81}],"translate":[{"time":0,"x":0,"y":0.8,"curve":[0.25,0,0.75,1]},{"time":0.4,"x":0,"y":0,"curve":[0.25,0,0.75,1]},{"time":1.6,"x":0,"y":2.82,"curve":[0.25,0,0.75,1]},{"time":2.4,"x":0,"y":0.8}],"scale":[{"time":0,"x":1,"y":1,"curve":"stepped"},{"time":2.4,"x":1,"y":1}]}}},"animation2":{"slots":{"yfsj_di_sg":{"attachment":[{"time":0,"name":"yfsj_di_sg/yfsj_di_sg_00"}]},"yfsj_g1":{"color":[{"time":0,"color":"fffffffe"}]},"yfsj_g2":{"color":[{"time":0,"color":"ffffff40"}]},"yfsj_g3":{"color":[{"time":0,"color":"ffffffb8"}]},"yfsj_g4":{"color":[{"time":0,"color":"ffffff40"}]},"yfsj_wz_sg1":{"attachment":[{"time":0,"name":"yfsj_wz_sg1/yfsj_wz_sg1_00"}]},"yfsj_xd5":{"color":[{"time":0,"color":"ffffff00"}],"attachment":[{"time":0,"name":"yfsj_xd"}]},"yfsj_xd6":{"color":[{"time":0,"color":"ffffff00"}],"attachment":[{"time":0,"name":"yfsj_xd"}]},"yfsj_xd7":{"color":[{"time":0,"color":"ffffff00"}],"attachment":[{"time":0,"name":"yfsj_xd"}]},"yfsj_xd8":{"color":[{"time":0,"color":"ffffff00"}],"attachment":[{"time":0,"name":"yfsj_xd"}]}},"bones":{"yfsj_jb1":{"rotate":[{"time":0,"angle":-0.9}],"translate":[{"time":0,"x":0,"y":0}]},"yfsj_jb2":{"rotate":[{"time":0,"angle":4.3}],"translate":[{"time":0,"x":0,"y":1.51}]},"yfsj_jb3":{"rotate":[{"time":0,"angle":0.81}],"translate":[{"time":0,"x":0,"y":0.8}],"scale":[{"time":0,"x":1,"y":1}]}}}}}