{"skeleton":{"hash":"JawzLQ2x45E2e5RNUKpMgAKiCYU","spine":"3.6.37","width":1624,"height":750,"images":"./images/"},"bones":[{"name":"root"},{"name":"hip","parent":"root"},{"name":"zqdw_tc","parent":"hip","y":150},{"name":"zqdw_tcdb","parent":"zqdw_tc"},{"name":"db","parent":"zqdw_tcdb","y":-196.6},{"name":"lizi","parent":"hip","rotation":31.27,"y":-46.6},{"name":"lizi2","parent":"hip","rotation":-178.73,"y":-46.6},{"name":"qtdd_gxhdqd","parent":"hip","x":1.39,"y":-209.65,"color":"ff0000ff"},{"name":"zqdw_tccd1","parent":"hip","length":8.98,"rotation":154.78,"x":-190.14,"y":309.64},{"name":"zqdw_tccd2","parent":"hip","length":7.69,"rotation":-18.6,"x":249.45,"y":249.27},{"name":"zqdw_tccd3","parent":"hip","length":8.29,"rotation":16.95,"x":294.83,"y":310.16},{"name":"zqdw_tccd4","parent":"hip","length":11.48,"rotation":174.44,"x":-368.02,"y":268.43},{"name":"zqdw_tccd5","parent":"hip","length":10.37,"rotation":164.14,"x":-472.39,"y":247.86},{"name":"zqdw_tccd6","parent":"hip","length":8.98,"rotation":154.78,"x":-329.83,"y":263.99},{"name":"zqdw_tccd7","parent":"hip","length":7.88,"rotation":176.46,"x":-331.32,"y":284.58},{"name":"zqdw_tccd8","parent":"hip","length":11.23,"rotation":-168.69,"x":-401.56,"y":303.8},{"name":"zqdw_tccd9","parent":"hip","length":7.88,"rotation":176.46,"x":-224.29,"y":282.18},{"name":"zqdw_tccd10","parent":"hip","length":13.24,"rotation":19.03,"x":-33.86,"y":294.38},{"name":"zqdw_tccd11","parent":"hip","length":8.04,"rotation":27.96,"x":194.54,"y":273.92},{"name":"zqdw_tccd12","parent":"hip","length":7.69,"rotation":5.61,"x":324.1,"y":190.66},{"name":"zqdw_tccd13","parent":"hip","length":8.29,"rotation":16.95,"x":382.68,"y":263.05},{"name":"zqdw_tccd14","parent":"hip","length":8.29,"rotation":16.95,"x":450.26,"y":297.41},{"name":"zqdw_tccd15","parent":"hip","length":11.23,"rotation":-168.69,"x":76.33,"y":317.43},{"name":"zqdw_tcggt","parent":"root","y":253.68},{"name":"zqdw_tcggt2","parent":"root","y":53.27},{"name":"zqdw_tcgq","parent":"root","y":53.27,"scaleX":2,"scaleY":2},{"name":"zqdw_tcgq2","parent":"root","rotation":-150,"y":53.27,"scaleX":0.5,"scaleY":0.5},{"name":"zqdw_tcgt","parent":"zqdw_tc","x":2.08,"y":-91.02},{"name":"zqdw_tcgt1","parent":"zqdw_tcgt","rotation":90},{"name":"zqdw_tcgt2","parent":"zqdw_tcgt","rotation":60},{"name":"zqdw_tcgt3","parent":"zqdw_tcgt","rotation":30},{"name":"zqdw_tcgt4","parent":"zqdw_tcgt"},{"name":"zqdw_tcgt5","parent":"zqdw_tcgt","rotation":-30},{"name":"zqdw_tcgt6","parent":"zqdw_tcgt","rotation":-60},{"name":"zqdw_tcgt7","parent":"zqdw_tcgt","rotation":-90},{"name":"zqdw_tcgt8","parent":"zqdw_tcgt","rotation":-120},{"name":"zqdw_tcgt9","parent":"zqdw_tcgt","rotation":-150},{"name":"zqdw_tcgt10","parent":"zqdw_tcgt","rotation":-180},{"name":"zqdw_tcgt11","parent":"zqdw_tcgt","rotation":150},{"name":"zqdw_tcgt12","parent":"zqdw_tcgt","rotation":120},{"name":"zqdw_tcksd","parent":"lizi","length":7.69,"rotation":-53.22},{"name":"zqdw_tcksd2","parent":"lizi","length":7.69,"rotation":116.49},{"name":"zqdw_tcksd3","parent":"lizi","length":7.69,"rotation":161.05},{"name":"zqdw_tcksd4","parent":"lizi","length":7.69,"rotation":117.43},{"name":"zqdw_tcksd5","parent":"lizi","length":7.69,"rotation":-145.57},{"name":"zqdw_tcksd6","parent":"lizi","length":7.69,"rotation":-82.28},{"name":"zqdw_tcksd7","parent":"lizi","length":7.69,"rotation":-9.48},{"name":"zqdw_tcksd8","parent":"lizi","length":7.69,"rotation":169.53},{"name":"zqdw_tcksd9","parent":"lizi","length":7.69,"rotation":169.33,"scaleX":0.648,"scaleY":0.648},{"name":"zqdw_tcksd10","parent":"lizi2","length":7.69,"rotation":-53.22},{"name":"zqdw_tcksd11","parent":"lizi2","length":7.69,"rotation":116.49},{"name":"zqdw_tcksd12","parent":"lizi2","length":7.69,"rotation":161.05},{"name":"zqdw_tcksd13","parent":"lizi2","length":7.69,"rotation":117.43},{"name":"zqdw_tcksd14","parent":"lizi2","length":7.69,"rotation":-145.57},{"name":"zqdw_tcksd15","parent":"lizi2","length":7.69,"rotation":-82.28},{"name":"zqdw_tcksd16","parent":"lizi2","length":7.69,"rotation":-9.48},{"name":"zqdw_tcksd17","parent":"lizi2","length":7.69,"rotation":169.53},{"name":"zqdw_tcksd18","parent":"lizi2","length":7.69,"rotation":169.33,"scaleX":0.648,"scaleY":0.648},{"name":"zqdw_tcksd19","parent":"lizi","length":7.69,"rotation":80.9},{"name":"zqdw_tcwp","parent":"root","x":2.08,"y":58.98},{"name":"zqdw_tcnumber","parent":"zqdw_tcwp","x":-11.49,"y":-111.92},{"name":"zqdw_tctextdb","parent":"zqdw_tc","y":-196.61},{"name":"zqdw_tctext","parent":"zqdw_tctextdb","x":0.09,"y":301.82},{"name":"zqdw_tctextlg","parent":"zqdw_tctext","x":1.8,"y":10.53,"scaleX":2,"scaleY":2},{"name":"zqdw_tcxd1","parent":"zqdw_tctext","rotation":38.85,"x":-143.34,"y":38.47},{"name":"zqdw_tcxd2","parent":"zqdw_tctext","rotation":38.85,"x":165.7,"y":-22.78,"scaleX":0.5,"scaleY":0.5},{"name":"zqdw_tcxd3","parent":"zqdw_tcwp","rotation":38.85,"x":29.53,"y":42.47,"scaleX":0.75,"scaleY":0.75},{"name":"zqdw_tcxd4","parent":"zqdw_tcwp","rotation":22.2,"x":-87.97,"y":-5.5,"scaleX":0.5,"scaleY":0.5},{"name":"zqdw_tcxd5","parent":"zqdw_tcwp","rotation":-9,"x":100.82,"y":33.24,"scaleX":0.3,"scaleY":0.3}],"slots":[{"name":"db","bone":"root"},{"name":"qtdd_gxhddb","bone":"db","attachment":"qtdd_gxhddb"},{"name":"zqdw_tcgy","bone":"zqdw_tcdb","attachment":"qtdd_gxhdgy","blend":"additive"},{"name":"zqdw_tcgt1","bone":"zqdw_tcgt1","attachment":"zqdw_tcgt","blend":"additive"},{"name":"zqdw_tcgt2","bone":"zqdw_tcgt2","attachment":"zqdw_tcgt","blend":"additive"},{"name":"zqdw_tcgt3","bone":"zqdw_tcgt3","attachment":"zqdw_tcgt","blend":"additive"},{"name":"zqdw_tcgt4","bone":"zqdw_tcgt4","attachment":"zqdw_tcgt","blend":"additive"},{"name":"zqdw_tcgt5","bone":"zqdw_tcgt5","attachment":"zqdw_tcgt","blend":"additive"},{"name":"zqdw_tcgt6","bone":"zqdw_tcgt6","attachment":"zqdw_tcgt","blend":"additive"},{"name":"zqdw_tcgt7","bone":"zqdw_tcgt7","attachment":"zqdw_tcgt","blend":"additive"},{"name":"zqdw_tcgt8","bone":"zqdw_tcgt8","attachment":"zqdw_tcgt","blend":"additive"},{"name":"zqdw_tcgt9","bone":"zqdw_tcgt9","attachment":"zqdw_tcgt","blend":"additive"},{"name":"zqdw_tcgt10","bone":"zqdw_tcgt10","attachment":"zqdw_tcgt","blend":"additive"},{"name":"zqdw_tcgt11","bone":"zqdw_tcgt11","attachment":"zqdw_tcgt","blend":"additive"},{"name":"zqdw_tcgt12","bone":"zqdw_tcgt12","attachment":"zqdw_tcgt","blend":"additive"},{"name":"zqdw_tcggt","bone":"zqdw_tcggt","blend":"additive"},{"name":"zqdw_tcggt2","bone":"zqdw_tcggt2","blend":"additive"},{"name":"zqdw_tctext","bone":"zqdw_tctext","attachment":"qtdd_gxhdtext"},{"name":"zqdw_tcwp","bone":"zqdw_tcwp","attachment":"qtdd_gxhdjb"},{"name":"zqdw_tcwp2","bone":"zqdw_tcwp","blend":"additive"},{"name":"zqdw_tccd8","bone":"zqdw_tccd8","attachment":"zqdw_tccd8"},{"name":"zqdw_tccd15","bone":"zqdw_tccd15","attachment":"zqdw_tccd3"},{"name":"zqdw_tccd5","bone":"zqdw_tccd5","attachment":"zqdw_tccd5"},{"name":"zqdw_tccd4","bone":"zqdw_tccd4","attachment":"zqdw_tccd4"},{"name":"zqdw_tccd12","bone":"zqdw_tccd12","attachment":"zqdw_tccd12"},{"name":"zqdw_tccd2","bone":"zqdw_tccd2","attachment":"zqdw_tccd2"},{"name":"zqdw_tcksd","bone":"zqdw_tcksd"},{"name":"zqdw_tcksd19","bone":"zqdw_tcksd19"},{"name":"zqdw_tcksd10","bone":"zqdw_tcksd10","blend":"additive"},{"name":"zqdw_tcksd4","bone":"zqdw_tcksd4"},{"name":"zqdw_tcksd13","bone":"zqdw_tcksd13","blend":"additive"},{"name":"zqdw_tcksd5","bone":"zqdw_tcksd5"},{"name":"zqdw_tcksd14","bone":"zqdw_tcksd14","blend":"additive"},{"name":"zqdw_tcksd6","bone":"zqdw_tcksd6"},{"name":"zqdw_tcksd15","bone":"zqdw_tcksd15","blend":"additive"},{"name":"zqdw_tcksd7","bone":"zqdw_tcksd7"},{"name":"zqdw_tcksd16","bone":"zqdw_tcksd16","blend":"additive"},{"name":"zqdw_tcksd8","bone":"zqdw_tcksd8"},{"name":"zqdw_tcksd17","bone":"zqdw_tcksd17","blend":"additive"},{"name":"zqdw_tcksd2","bone":"zqdw_tcksd2"},{"name":"zqdw_tcksd11","bone":"zqdw_tcksd11","blend":"additive"},{"name":"zqdw_tcksd9","bone":"zqdw_tcksd9"},{"name":"zqdw_tcksd18","bone":"zqdw_tcksd18","blend":"additive"},{"name":"zqdw_tcksd3","bone":"zqdw_tcksd3"},{"name":"zqdw_tcksd12","bone":"zqdw_tcksd12","blend":"additive"},{"name":"zqdw_tccd11","bone":"zqdw_tccd11","attachment":"zqdw_tccd11"},{"name":"zqdw_tccd7","bone":"zqdw_tccd7","attachment":"zqdw_tccd7"},{"name":"zqdw_tccd9","bone":"zqdw_tccd9","attachment":"zqdw_tccd9"},{"name":"zqdw_tccd10","bone":"zqdw_tccd10","attachment":"zqdw_tccd10"},{"name":"zqdw_tccd1","bone":"zqdw_tccd1","attachment":"zqdw_tccd1"},{"name":"zqdw_tccd6","bone":"zqdw_tccd6","attachment":"zqdw_tccd6"},{"name":"zqdw_tccd3","bone":"zqdw_tccd3","attachment":"zqdw_tccd3"},{"name":"zqdw_tccd13","bone":"zqdw_tccd13","attachment":"zqdw_tccd13"},{"name":"zqdw_tccd14","bone":"zqdw_tccd14","attachment":"zqdw_tccd14"},{"name":"zqdw_tcxd1","bone":"zqdw_tcxd1","attachment":"zqdw_tcxd1","blend":"additive"},{"name":"zqdw_tcxd2","bone":"zqdw_tcxd2","attachment":"zqdw_tcxd1","blend":"additive"},{"name":"zqdw_tcxd3","bone":"zqdw_tcxd3","attachment":"zqdw_tcxd1","blend":"additive"},{"name":"zqdw_tcxd4","bone":"zqdw_tcxd4","attachment":"zqdw_tcxd1","blend":"additive"},{"name":"zqdw_tcxd5","bone":"zqdw_tcxd5","attachment":"zqdw_tcxd1","blend":"additive"},{"name":"zqdw_tcgq","bone":"zqdw_tcgq","blend":"additive"},{"name":"zqdw_tcgq2","bone":"zqdw_tcgq2","blend":"additive"},{"name":"qtdd_gxhdsz","bone":"zqdw_tcwp"},{"name":"qtdd_gxhdqd","bone":"qtdd_gxhdqd"},{"name":"qtdd_gxhdsg0","bone":"zqdw_tctextlg","attachment":"qtdd_gxhdsg17","blend":"additive"}],"skins":{"default":{"qtdd_gxhddb":{"qtdd_gxhddb":{"scaleX":2,"scaleY":2,"width":712,"height":300}},"qtdd_gxhdsg0":{"qtdd_gxhdsg1":{"width":206,"height":72},"qtdd_gxhdsg2":{"width":206,"height":72},"qtdd_gxhdsg3":{"width":206,"height":72},"qtdd_gxhdsg4":{"width":206,"height":72},"qtdd_gxhdsg5":{"width":206,"height":72},"qtdd_gxhdsg6":{"width":206,"height":72},"qtdd_gxhdsg7":{"width":206,"height":72},"qtdd_gxhdsg8":{"width":206,"height":72},"qtdd_gxhdsg9":{"width":206,"height":72},"qtdd_gxhdsg10":{"width":206,"height":72},"qtdd_gxhdsg11":{"width":206,"height":72},"qtdd_gxhdsg12":{"width":206,"height":72},"qtdd_gxhdsg13":{"width":206,"height":72},"qtdd_gxhdsg14":{"width":206,"height":72},"qtdd_gxhdsg15":{"width":206,"height":72},"qtdd_gxhdsg16":{"width":206,"height":72},"qtdd_gxhdsg17":{"width":206,"height":72},"qtdd_gxhdsg18":{"width":206,"height":72},"qtdd_gxhdsg19":{"width":206,"height":72},"qtdd_gxhdsg20":{"width":206,"height":72},"qtdd_gxhdsg21":{"width":206,"height":72},"qtdd_gxhdsg22":{"width":206,"height":72},"qtdd_gxhdsg23":{"width":206,"height":72},"qtdd_gxhdsg24":{"width":206,"height":72},"qtdd_gxhdsg25":{"width":206,"height":72},"qtdd_gxhdsg26":{"width":206,"height":72},"qtdd_gxhdsg27":{"width":206,"height":72},"qtdd_gxhdsg28":{"width":206,"height":72},"qtdd_gxhdsg29":{"width":206,"height":72},"qtdd_gxhdsg30":{"width":206,"height":72},"qtdd_gxhdsg31":{"width":206,"height":72},"qtdd_gxhdsg32":{"width":206,"height":72},"qtdd_gxhdsg33":{"width":206,"height":72},"qtdd_gxhdsg34":{"width":206,"height":72},"qtdd_gxhdsg35":{"width":206,"height":72}},"zqdw_tccd1":{"zqdw_tccd1":{"x":0.1,"y":-0.81,"rotation":-154.78,"width":28,"height":25}},"zqdw_tccd10":{"zqdw_tccd10":{"x":0.42,"y":0.11,"scaleX":0.473,"scaleY":0.473,"rotation":-140.98,"width":33,"height":36}},"zqdw_tccd11":{"zqdw_tccd11":{"x":1.25,"y":-0.98,"rotation":-27.96,"width":29,"height":25}},"zqdw_tccd12":{"zqdw_tccd12":{"x":-0.9,"y":-0.08,"rotation":-5.61,"width":25,"height":31}},"zqdw_tccd13":{"zqdw_tccd13":{"x":-0.35,"y":-0.89,"rotation":-16.95,"width":22,"height":21}},"zqdw_tccd14":{"zqdw_tccd14":{"x":-0.35,"y":-0.89,"rotation":-16.95,"width":20,"height":26}},"zqdw_tccd15":{"zqdw_tccd3":{"x":-0.48,"y":-1.25,"scaleX":0.367,"scaleY":0.367,"rotation":-94.3,"width":53,"height":47}},"zqdw_tccd2":{"zqdw_tccd2":{"x":-0.9,"y":-0.08,"rotation":-5.61,"width":31,"height":28}},"zqdw_tccd3":{"zqdw_tccd3":{"x":-0.35,"y":-0.89,"rotation":-16.95,"width":53,"height":47}},"zqdw_tccd4":{"zqdw_tccd4":{"x":0.35,"y":-0.47,"rotation":-174.44,"width":22,"height":17}},"zqdw_tccd5":{"zqdw_tccd5":{"x":0.23,"y":-0.08,"rotation":-164.14,"width":19,"height":27}},"zqdw_tccd6":{"zqdw_tccd6":{"x":0.1,"y":-0.81,"rotation":-154.78,"width":16,"height":11}},"zqdw_tccd7":{"zqdw_tccd7":{"x":-0.58,"y":-0.25,"rotation":-176.46,"width":44,"height":34}},"zqdw_tccd8":{"zqdw_tccd8":{"x":-0.48,"y":-1.25,"rotation":168.69,"width":54,"height":61}},"zqdw_tccd9":{"zqdw_tccd9":{"x":-0.58,"y":-0.25,"rotation":-176.46,"width":36,"height":31}},"zqdw_tcggt":{"zqdw_tcggt":{"width":406,"height":187}},"zqdw_tcggt2":{"zqdw_tcggt":{"scaleX":4,"scaleY":4,"width":406,"height":187}},"zqdw_tcgq":{"zqdw_tcgq":{"scaleX":2,"scaleY":2,"width":141,"height":141}},"zqdw_tcgq2":{"zqdw_tcgq":{"scaleX":2,"scaleY":2,"width":141,"height":141}},"zqdw_tcgt1":{"zqdw_tcgt":{"x":114.74,"rotation":-90,"width":96,"height":232}},"zqdw_tcgt10":{"zqdw_tcgt":{"x":113.72,"rotation":-90,"width":96,"height":232}},"zqdw_tcgt11":{"zqdw_tcgt":{"x":114.7,"rotation":-90,"width":96,"height":232}},"zqdw_tcgt12":{"zqdw_tcgt":{"x":113.07,"rotation":-90,"width":96,"height":232}},"zqdw_tcgt2":{"zqdw_tcgt":{"x":115.81,"rotation":-90,"width":96,"height":232}},"zqdw_tcgt3":{"zqdw_tcgt":{"x":114.48,"rotation":-90,"width":96,"height":232}},"zqdw_tcgt4":{"zqdw_tcgt":{"x":114.15,"rotation":-90,"width":96,"height":232}},"zqdw_tcgt5":{"zqdw_tcgt":{"x":114.16,"rotation":-90,"width":96,"height":232}},"zqdw_tcgt6":{"zqdw_tcgt":{"x":113.36,"rotation":-90,"width":96,"height":232}},"zqdw_tcgt7":{"zqdw_tcgt":{"x":113.72,"rotation":-90,"width":96,"height":232}},"zqdw_tcgt8":{"zqdw_tcgt":{"x":113.94,"rotation":-90,"width":96,"height":232}},"zqdw_tcgt9":{"zqdw_tcgt":{"x":114.76,"y":0.13,"rotation":-90,"width":96,"height":232}},"zqdw_tcgy":{"qtdd_gxhdgy":{"x":2.12,"y":-91.33,"scaleX":2,"scaleY":2,"width":143,"height":143}},"zqdw_tcksd":{"zqdw_tccd2":{"x":-0.64,"y":0.64,"rotation":-55.48,"width":31,"height":28}},"zqdw_tcksd10":{"zqdw_tcgdlizi":{"x":-0.64,"y":0.64,"rotation":-55.48,"width":64,"height":64}},"zqdw_tcksd11":{"zqdw_tcgdlizi":{"x":-0.64,"y":0.64,"rotation":-55.48,"width":64,"height":64}},"zqdw_tcksd12":{"zqdw_tcgdlizi":{"x":-0.64,"y":0.64,"rotation":-55.48,"width":64,"height":64}},"zqdw_tcksd13":{"zqdw_tcgdlizi":{"x":-0.64,"y":0.64,"rotation":-55.48,"width":64,"height":64}},"zqdw_tcksd14":{"zqdw_tcgdlizi":{"x":-0.64,"y":0.64,"rotation":-55.48,"width":64,"height":64}},"zqdw_tcksd15":{"zqdw_tcgdlizi":{"x":-0.64,"y":0.64,"rotation":-55.48,"width":64,"height":64}},"zqdw_tcksd16":{"zqdw_tcgdlizi":{"x":-0.64,"y":0.64,"rotation":-55.48,"width":64,"height":64}},"zqdw_tcksd17":{"zqdw_tcgdlizi":{"x":-0.64,"y":0.64,"rotation":-55.48,"width":64,"height":64}},"zqdw_tcksd18":{"zqdw_tcgdlizi":{"x":-0.64,"y":0.64,"rotation":-55.48,"width":64,"height":64}},"zqdw_tcksd19":{"zqdw_tccd5":{"x":-0.64,"y":0.64,"rotation":-55.48,"width":19,"height":27}},"zqdw_tcksd2":{"zqdw_tccd3":{"x":-0.64,"y":0.64,"rotation":-55.48,"width":53,"height":47}},"zqdw_tcksd3":{"zqdw_tccd10":{"x":-0.64,"y":0.64,"rotation":-55.48,"width":33,"height":36}},"zqdw_tcksd4":{"zqdw_tccd7":{"x":-0.64,"y":0.64,"rotation":-55.48,"width":44,"height":34}},"zqdw_tcksd5":{"zqdw_tccd13":{"x":-0.64,"y":0.64,"rotation":-55.48,"width":22,"height":21}},"zqdw_tcksd6":{"zqdw_tccd12":{"x":-0.64,"y":0.64,"rotation":-55.48,"width":25,"height":31}},"zqdw_tcksd7":{"zqdw_tccd9":{"x":-0.64,"y":0.64,"rotation":-55.48,"width":36,"height":31}},"zqdw_tcksd8":{"zqdw_tccd2":{"x":-0.64,"y":0.64,"rotation":-55.48,"width":31,"height":28}},"zqdw_tcksd9":{"zqdw_tccd3":{"x":-0.64,"y":0.64,"rotation":-55.48,"width":53,"height":47}},"zqdw_tctext":{"qtdd_gxhdtext":{"y":0.41,"width":378,"height":99}},"zqdw_tcwp":{"qtdd_gxhdjb":{"width":327,"height":157}},"zqdw_tcwp2":{"qtdd_gxhdjb":{"width":327,"height":157}},"zqdw_tcxd1":{"zqdw_tcxd1":{"x":0.34,"y":-0.32,"rotation":-38.85,"width":79,"height":78}},"zqdw_tcxd2":{"zqdw_tcxd1":{"x":0.34,"y":-0.32,"rotation":-38.85,"width":79,"height":78}},"zqdw_tcxd3":{"zqdw_tcxd1":{"x":0.34,"y":-0.32,"rotation":-38.85,"width":79,"height":78}},"zqdw_tcxd4":{"zqdw_tcxd1":{"x":0.34,"y":-0.32,"rotation":-38.85,"width":79,"height":78}},"zqdw_tcxd5":{"zqdw_tcxd1":{"x":0.34,"y":-0.32,"rotation":-38.85,"width":79,"height":78}}}},"animations":{"idle":{"slots":{"qtdd_gxhdsg0":{"attachment":[{"time":0,"name":"qtdd_gxhdsg35"},{"time":0.0667,"name":"qtdd_gxhdsg1"},{"time":0.1333,"name":"qtdd_gxhdsg2"},{"time":0.2,"name":"qtdd_gxhdsg3"},{"time":0.2667,"name":"qtdd_gxhdsg4"},{"time":0.3333,"name":"qtdd_gxhdsg5"},{"time":0.4,"name":"qtdd_gxhdsg6"},{"time":0.4667,"name":"qtdd_gxhdsg7"},{"time":0.5333,"name":"qtdd_gxhdsg8"},{"time":0.6,"name":"qtdd_gxhdsg9"},{"time":0.6667,"name":"qtdd_gxhdsg10"},{"time":0.7333,"name":"qtdd_gxhdsg11"},{"time":0.8,"name":"qtdd_gxhdsg12"},{"time":0.8667,"name":"qtdd_gxhdsg13"},{"time":0.9333,"name":"qtdd_gxhdsg14"},{"time":1,"name":"qtdd_gxhdsg15"},{"time":1.0667,"name":"qtdd_gxhdsg16"},{"time":1.1333,"name":"qtdd_gxhdsg17"},{"time":1.2,"name":"qtdd_gxhdsg18"},{"time":1.2667,"name":"qtdd_gxhdsg19"},{"time":1.3333,"name":"qtdd_gxhdsg20"},{"time":1.4,"name":"qtdd_gxhdsg21"},{"time":1.4667,"name":"qtdd_gxhdsg22"},{"time":1.5333,"name":"qtdd_gxhdsg23"},{"time":1.6,"name":"qtdd_gxhdsg24"},{"time":1.6667,"name":"qtdd_gxhdsg25"},{"time":1.7333,"name":"qtdd_gxhdsg26"},{"time":1.8,"name":"qtdd_gxhdsg27"},{"time":1.8667,"name":"qtdd_gxhdsg28"},{"time":1.9333,"name":"qtdd_gxhdsg29"},{"time":2,"name":"qtdd_gxhdsg30"},{"time":2.0667,"name":"qtdd_gxhdsg31"},{"time":2.1333,"name":"qtdd_gxhdsg32"},{"time":2.2,"name":"qtdd_gxhdsg33"},{"time":2.2667,"name":"qtdd_gxhdsg34"},{"time":2.3333,"name":"qtdd_gxhdsg35"},{"time":2.4,"name":null},{"time":2.5333,"name":"qtdd_gxhdsg1"},{"time":2.6,"name":"qtdd_gxhdsg2"},{"time":2.6667,"name":"qtdd_gxhdsg3"},{"time":2.7333,"name":"qtdd_gxhdsg4"},{"time":2.8,"name":"qtdd_gxhdsg5"},{"time":2.8667,"name":"qtdd_gxhdsg6"},{"time":2.9333,"name":"qtdd_gxhdsg7"},{"time":3,"name":"qtdd_gxhdsg8"},{"time":3.0667,"name":"qtdd_gxhdsg9"},{"time":3.1333,"name":"qtdd_gxhdsg10"},{"time":3.2,"name":"qtdd_gxhdsg11"},{"time":3.2667,"name":"qtdd_gxhdsg12"},{"time":3.3333,"name":"qtdd_gxhdsg13"},{"time":3.4,"name":"qtdd_gxhdsg14"},{"time":3.4667,"name":"qtdd_gxhdsg15"},{"time":3.5333,"name":"qtdd_gxhdsg16"},{"time":3.6,"name":"qtdd_gxhdsg17"},{"time":3.6667,"name":"qtdd_gxhdsg18"},{"time":3.7333,"name":"qtdd_gxhdsg19"},{"time":3.8,"name":"qtdd_gxhdsg20"},{"time":3.8667,"name":"qtdd_gxhdsg21"},{"time":3.9333,"name":"qtdd_gxhdsg22"},{"time":4,"name":"qtdd_gxhdsg23"},{"time":4.0667,"name":"qtdd_gxhdsg24"},{"time":4.1333,"name":"qtdd_gxhdsg25"},{"time":4.2,"name":"qtdd_gxhdsg26"},{"time":4.2667,"name":"qtdd_gxhdsg27"},{"time":4.3333,"name":"qtdd_gxhdsg28"},{"time":4.4,"name":"qtdd_gxhdsg29"},{"time":4.4667,"name":"qtdd_gxhdsg30"},{"time":4.5333,"name":"qtdd_gxhdsg31"},{"time":4.6,"name":"qtdd_gxhdsg32"},{"time":4.6667,"name":"qtdd_gxhdsg33"},{"time":4.7333,"name":"qtdd_gxhdsg34"},{"time":4.8,"name":"qtdd_gxhdsg35"}]},"zqdw_tccd1":{"color":[{"time":0,"color":"ffffff00","curve":"stepped"},{"time":0.8,"color":"ffffff00","curve":[0.25,0,0.75,1]},{"time":1.7667,"color":"fffffffe","curve":[0.25,0,0.75,1]},{"time":3.2,"color":"ffffff00","curve":"stepped"},{"time":4.8,"color":"ffffff00"}]},"zqdw_tccd2":{"color":[{"time":0,"color":"ffffff00"},{"time":2.3667,"color":"fffffffe"},{"time":4.7667,"color":"ffffff00","curve":"stepped"},{"time":4.8,"color":"ffffff00"}]},"zqdw_tccd3":{"color":[{"time":0,"color":"ffffff00","curve":"stepped"},{"time":1.3333,"color":"ffffff00","curve":[0.25,0,0.75,1]},{"time":2.0333,"color":"fffffffe","curve":[0.25,0,0.75,1]},{"time":3,"color":"ffffff00","curve":"stepped"},{"time":4.8,"color":"ffffff00"}]},"zqdw_tccd4":{"color":[{"time":0,"color":"fffffffe","curve":[0.25,0,0.75,1]},{"time":1.3333,"color":"ffffff00","curve":"stepped"},{"time":4,"color":"ffffff00","curve":[0.25,0,0.75,1]},{"time":4.8,"color":"fffffffe"}]},"zqdw_tccd5":{"color":[{"time":0,"color":"ffffff00","curve":"stepped"},{"time":2.3333,"color":"ffffff00","curve":[0.25,0,0.75,1]},{"time":3.1333,"color":"fffffffe","curve":[0.25,0,0.75,1]},{"time":4.7333,"color":"ffffff00","curve":"stepped"},{"time":4.8,"color":"ffffff00"}]},"zqdw_tccd6":{"color":[{"time":0,"color":"ffffff00","curve":"stepped"},{"time":3.1333,"color":"ffffff00","curve":[0.25,0,0.75,1]},{"time":4.1333,"color":"fffffffe","curve":[0.25,0,0.75,1]},{"time":4.7667,"color":"ffffff00","curve":"stepped"},{"time":4.8,"color":"ffffff00"}]},"zqdw_tccd7":{"color":[{"time":0,"color":"ffffff00","curve":"stepped"},{"time":0.3333,"color":"ffffff00","curve":[0.25,0,0.75,1]},{"time":0.7333,"color":"fffffffe","curve":[0.25,0,0.75,1]},{"time":1.5333,"color":"ffffff00","curve":"stepped"},{"time":2.4,"color":"ffffff00","curve":"stepped"},{"time":4.8,"color":"ffffff00"}]},"zqdw_tccd8":{"color":[{"time":0,"color":"ffffff00","curve":"stepped"},{"time":1.4667,"color":"ffffff00","curve":[0.25,0,0.75,1]},{"time":1.9667,"color":"fffffffe","curve":[0.25,0,0.75,1]},{"time":3.1333,"color":"ffffff00","curve":"stepped"},{"time":4.8,"color":"ffffff00"}]},"zqdw_tccd9":{"color":[{"time":0,"color":"fffffffe","curve":[0.25,0,0.75,1]},{"time":2.1333,"color":"ffffff00","curve":"stepped"},{"time":4.1,"color":"ffffff00","curve":[0.25,0,0.75,1]},{"time":4.8,"color":"fffffffe"}]},"zqdw_tccd10":{"color":[{"time":0,"color":"ffffff62","curve":[0.25,0,0.75,1]},{"time":0.4667,"color":"fffffffe","curve":[0.25,0,0.75,1]},{"time":2.0667,"color":"ffffff00","curve":"stepped"},{"time":4.4667,"color":"ffffff00","curve":[0.25,0,0.75,1]},{"time":4.8,"color":"ffffff62"}]},"zqdw_tccd11":{"color":[{"time":0,"color":"ffffff00","curve":[0.256,0,0.619,0.46]},{"time":1,"color":"fffffffe","curve":[0.365,0.45,0.754,1]},{"time":2,"color":"ffffff00","curve":"stepped"},{"time":2.4,"color":"ffffff00","curve":"stepped"},{"time":4.8,"color":"ffffff00"}]},"zqdw_tccd12":{"color":[{"time":0,"color":"fffffffe"},{"time":2.4,"color":"ffffff00","curve":"stepped"},{"time":2.4333,"color":"ffffff00"},{"time":4.8,"color":"fffffffe"}]},"zqdw_tccd13":{"color":[{"time":0,"color":"ffffff00","curve":[0.25,0,0.75,1]},{"time":0.6667,"color":"fffffffe","curve":[0.25,0,0.75,1]},{"time":1.6667,"color":"ffffff00","curve":"stepped"},{"time":2.4,"color":"ffffff00","curve":"stepped"},{"time":4.8,"color":"ffffff00"}]},"zqdw_tccd14":{"color":[{"time":0,"color":"ffffff00","curve":"stepped"},{"time":0.3333,"color":"ffffff00","curve":[0.25,0,0.75,1]},{"time":1.1667,"color":"fffffffe","curve":[0.25,0,0.75,1]},{"time":2.5,"color":"ffffff00","curve":"stepped"},{"time":4.8,"color":"ffffff00"}]},"zqdw_tccd15":{"color":[{"time":0,"color":"ffffff00","curve":"stepped"},{"time":0.5,"color":"ffffff00","curve":[0.25,0,0.75,1]},{"time":1.3,"color":"fffffffe","curve":[0.25,0,0.75,1]},{"time":3,"color":"ffffff00","curve":"stepped"},{"time":4.8,"color":"ffffff00"}]},"zqdw_tcggt":{"color":[{"time":0,"color":"fffffffe","curve":"stepped"},{"time":4.8,"color":"fffffffe"}]},"zqdw_tcggt2":{"color":[{"time":0,"color":"fffffffe","curve":"stepped"},{"time":4.8,"color":"fffffffe"}]},"zqdw_tcgq":{"color":[{"time":0,"color":"fffffffe","curve":"stepped"},{"time":4.8,"color":"fffffffe"}],"attachment":[{"time":0,"name":null},{"time":4.8,"name":null}]},"zqdw_tcgq2":{"color":[{"time":0,"color":"fffffffe","curve":"stepped"},{"time":4.8,"color":"fffffffe"}],"attachment":[{"time":0,"name":null},{"time":4.8,"name":null}]},"zqdw_tcgt1":{"color":[{"time":0,"color":"ffffff4a","curve":"stepped"},{"time":2.4,"color":"ffffff4a","curve":"stepped"},{"time":4.8,"color":"ffffff4a"}]},"zqdw_tcgt2":{"color":[{"time":0,"color":"ffffff4a","curve":"stepped"},{"time":2.4,"color":"ffffff4a","curve":"stepped"},{"time":4.8,"color":"ffffff4a"}]},"zqdw_tcgt3":{"color":[{"time":0,"color":"ffffff4a","curve":"stepped"},{"time":2.4,"color":"ffffff4a","curve":"stepped"},{"time":4.8,"color":"ffffff4a"}]},"zqdw_tcgt4":{"color":[{"time":0,"color":"ffffff4a","curve":"stepped"},{"time":2.4,"color":"ffffff4a","curve":"stepped"},{"time":4.8,"color":"ffffff4a"}]},"zqdw_tcgt5":{"color":[{"time":0,"color":"ffffff4a","curve":"stepped"},{"time":2.4,"color":"ffffff4a","curve":"stepped"},{"time":4.8,"color":"ffffff4a"}]},"zqdw_tcgt6":{"color":[{"time":0,"color":"ffffff4a","curve":"stepped"},{"time":2.4,"color":"ffffff4a","curve":"stepped"},{"time":4.8,"color":"ffffff4a"}]},"zqdw_tcgt7":{"color":[{"time":0,"color":"ffffff4a","curve":"stepped"},{"time":2.4,"color":"ffffff4a","curve":"stepped"},{"time":4.8,"color":"ffffff4a"}]},"zqdw_tcgt8":{"color":[{"time":0,"color":"ffffff4a","curve":"stepped"},{"time":2.4,"color":"ffffff4a","curve":"stepped"},{"time":4.8,"color":"ffffff4a"}]},"zqdw_tcgt9":{"color":[{"time":0,"color":"ffffff4a","curve":"stepped"},{"time":2.4,"color":"ffffff4a","curve":"stepped"},{"time":4.8,"color":"ffffff4a"}]},"zqdw_tcgt10":{"color":[{"time":0,"color":"ffffff4a","curve":"stepped"},{"time":2.4,"color":"ffffff4a","curve":"stepped"},{"time":4.8,"color":"ffffff4a"}]},"zqdw_tcgt11":{"color":[{"time":0,"color":"ffffff4a","curve":"stepped"},{"time":2.4,"color":"ffffff4a","curve":"stepped"},{"time":4.8,"color":"ffffff4a"}]},"zqdw_tcgt12":{"color":[{"time":0,"color":"ffffff4a","curve":"stepped"},{"time":2.4,"color":"ffffff4a","curve":"stepped"},{"time":4.8,"color":"ffffff4a"}]},"zqdw_tcgy":{"color":[{"time":0,"color":"ffffffbc","curve":[0.25,0,0.75,1]},{"time":1.2,"color":"ffffff4a","curve":[0.25,0,0.75,1]},{"time":2.4,"color":"ffffffbc","curve":[0.25,0,0.75,1]},{"time":3.6,"color":"ffffff4a","curve":[0.25,0,0.75,1]},{"time":4.8,"color":"ffffffbc"}]},"zqdw_tcksd":{"color":[{"time":0,"color":"ffffff00"},{"time":2.3667,"color":"fffffffe"},{"time":4.7667,"color":"ffffff00","curve":"stepped"},{"time":4.8,"color":"ffffff00"}],"attachment":[{"time":0,"name":null},{"time":4.8,"name":null}]},"zqdw_tcksd2":{"color":[{"time":0,"color":"ffffff00"},{"time":2.3667,"color":"fffffffe"},{"time":4.7667,"color":"ffffff00","curve":"stepped"},{"time":4.8,"color":"ffffff00"}],"attachment":[{"time":0,"name":null},{"time":4.8,"name":null}]},"zqdw_tcksd3":{"color":[{"time":0,"color":"ffffff00"},{"time":2.3667,"color":"fffffffe"},{"time":4.7667,"color":"ffffff00","curve":"stepped"},{"time":4.8,"color":"ffffff00"}],"attachment":[{"time":0,"name":null},{"time":4.8,"name":null}]},"zqdw_tcksd4":{"color":[{"time":0,"color":"ffffff00"},{"time":2.3667,"color":"fffffffe"},{"time":4.7667,"color":"ffffff00","curve":"stepped"},{"time":4.8,"color":"ffffff00"}],"attachment":[{"time":0,"name":null},{"time":4.8,"name":null}]},"zqdw_tcksd5":{"color":[{"time":0,"color":"ffffff00"},{"time":2.3667,"color":"fffffffe"},{"time":4.7667,"color":"ffffff00","curve":"stepped"},{"time":4.8,"color":"ffffff00"}],"attachment":[{"time":0,"name":null},{"time":4.8,"name":null}]},"zqdw_tcksd6":{"color":[{"time":0,"color":"ffffff00"},{"time":2.3667,"color":"fffffffe"},{"time":4.7667,"color":"ffffff00","curve":"stepped"},{"time":4.8,"color":"ffffff00"}],"attachment":[{"time":0,"name":null},{"time":4.8,"name":null}]},"zqdw_tcksd7":{"color":[{"time":0,"color":"ffffff00"},{"time":2.3667,"color":"fffffffe"},{"time":4.7667,"color":"ffffff00","curve":"stepped"},{"time":4.8,"color":"ffffff00"}],"attachment":[{"time":0,"name":null},{"time":4.8,"name":null}]},"zqdw_tcksd8":{"color":[{"time":0,"color":"ffffff00"},{"time":2.3667,"color":"fffffffe"},{"time":4.7667,"color":"ffffff00","curve":"stepped"},{"time":4.8,"color":"ffffff00"}],"attachment":[{"time":0,"name":null},{"time":4.8,"name":null}]},"zqdw_tcksd9":{"color":[{"time":0,"color":"ffffff00"},{"time":2.3667,"color":"fffffffe"},{"time":4.7667,"color":"ffffff00","curve":"stepped"},{"time":4.8,"color":"ffffff00"}],"attachment":[{"time":0,"name":null},{"time":4.8,"name":null}]},"zqdw_tcksd10":{"color":[{"time":0,"color":"ffffff00"},{"time":2.3667,"color":"fffffffe"},{"time":4.7667,"color":"ffffff00","curve":"stepped"},{"time":4.8,"color":"ffffff00"}],"attachment":[{"time":0,"name":null},{"time":4.8,"name":null}]},"zqdw_tcksd11":{"color":[{"time":0,"color":"ffffff00"},{"time":2.3667,"color":"fffffffe"},{"time":4.7667,"color":"ffffff00","curve":"stepped"},{"time":4.8,"color":"ffffff00"}],"attachment":[{"time":0,"name":null},{"time":4.8,"name":null}]},"zqdw_tcksd12":{"color":[{"time":0,"color":"ffffff00"},{"time":2.3667,"color":"fffffffe"},{"time":4.7667,"color":"ffffff00","curve":"stepped"},{"time":4.8,"color":"ffffff00"}],"attachment":[{"time":0,"name":null},{"time":4.8,"name":null}]},"zqdw_tcksd13":{"color":[{"time":0,"color":"ffffff00"},{"time":2.3667,"color":"fffffffe"},{"time":4.7667,"color":"ffffff00","curve":"stepped"},{"time":4.8,"color":"ffffff00"}],"attachment":[{"time":0,"name":null},{"time":4.8,"name":null}]},"zqdw_tcksd14":{"color":[{"time":0,"color":"ffffff00"},{"time":2.3667,"color":"fffffffe"},{"time":4.7667,"color":"ffffff00","curve":"stepped"},{"time":4.8,"color":"ffffff00"}],"attachment":[{"time":0,"name":null},{"time":4.8,"name":null}]},"zqdw_tcksd15":{"color":[{"time":0,"color":"ffffff00"},{"time":2.3667,"color":"fffffffe"},{"time":4.7667,"color":"ffffff00","curve":"stepped"},{"time":4.8,"color":"ffffff00"}],"attachment":[{"time":0,"name":null},{"time":4.8,"name":null}]},"zqdw_tcksd16":{"color":[{"time":0,"color":"ffffff00"},{"time":2.3667,"color":"fffffffe"},{"time":4.7667,"color":"ffffff00","curve":"stepped"},{"time":4.8,"color":"ffffff00"}],"attachment":[{"time":0,"name":null},{"time":4.8,"name":null}]},"zqdw_tcksd17":{"color":[{"time":0,"color":"ffffff00"},{"time":2.3667,"color":"fffffffe"},{"time":4.7667,"color":"ffffff00","curve":"stepped"},{"time":4.8,"color":"ffffff00"}],"attachment":[{"time":0,"name":null},{"time":4.8,"name":null}]},"zqdw_tcksd18":{"color":[{"time":0,"color":"ffffff00"},{"time":2.3667,"color":"fffffffe"},{"time":4.7667,"color":"ffffff00","curve":"stepped"},{"time":4.8,"color":"ffffff00"}],"attachment":[{"time":0,"name":null},{"time":4.8,"name":null}]},"zqdw_tcksd19":{"color":[{"time":0,"color":"ffffff00"},{"time":2.3667,"color":"fffffffe"},{"time":4.7667,"color":"ffffff00","curve":"stepped"},{"time":4.8,"color":"ffffff00"}],"attachment":[{"time":0,"name":null},{"time":4.8,"name":null}]},"zqdw_tctext":{"color":[{"time":0,"color":"fffffffe","curve":"stepped"},{"time":2.4,"color":"fffffffe","curve":"stepped"},{"time":4.8,"color":"fffffffe"}]},"zqdw_tcwp":{"color":[{"time":0,"color":"fffffffe","curve":"stepped"},{"time":2.4,"color":"fffffffe","curve":"stepped"},{"time":4.8,"color":"fffffffe"}]},"zqdw_tcwp2":{"color":[{"time":0,"color":"ffffff00","curve":[0.25,0,0.75,1]},{"time":2.4,"color":"ffffff22","curve":[0.25,0,0.75,1]},{"time":4.8,"color":"ffffff00"}],"attachment":[{"time":0,"name":"qtdd_gxhdjb"},{"time":4.8,"name":"qtdd_gxhdjb"}]},"zqdw_tcxd1":{"color":[{"time":0,"color":"ffffff00","curve":[0.082,0.68,0.447,1]},{"time":0.6,"color":"fffffffe","curve":[0.25,0,0.75,1]},{"time":2.4,"color":"ffffff00","curve":[0.082,0.68,0.447,1]},{"time":3,"color":"fffffffe","curve":[0.25,0,0.75,1]},{"time":4.8,"color":"ffffff00"}]},"zqdw_tcxd2":{"color":[{"time":0,"color":"ffffff6c","curve":[0.25,0,0.75,1]},{"time":0.8,"color":"ffffff00","curve":[0.25,0,0.75,1]},{"time":1.4,"color":"fffffffe","curve":[0.25,0,0.75,1]},{"time":2.4,"color":"ffffff6c","curve":[0.25,0,0.75,1]},{"time":3.2,"color":"ffffff00","curve":[0.25,0,0.75,1]},{"time":3.8,"color":"fffffffe","curve":[0.25,0,0.75,1]},{"time":4.8,"color":"ffffff6c"}]},"zqdw_tcxd3":{"color":[{"time":0,"color":"ffffff6c","curve":[0.25,0,0.75,1]},{"time":0.8,"color":"ffffff00","curve":[0.25,0,0.75,1]},{"time":1.4,"color":"fffffffe","curve":[0.25,0,0.75,1]},{"time":2.4,"color":"ffffff6c","curve":[0.25,0,0.75,1]},{"time":3.2,"color":"ffffff00","curve":[0.25,0,0.75,1]},{"time":3.8,"color":"fffffffe","curve":[0.25,0,0.75,1]},{"time":4.8,"color":"ffffff6c"}]},"zqdw_tcxd4":{"color":[{"time":0,"color":"ffffff00","curve":[0.25,0,0.75,1]},{"time":0.6,"color":"fffffffe","curve":[0.25,0,0.75,1]},{"time":1.6,"color":"ffffff6c","curve":[0.379,0.53,0.746,1]},{"time":2.4,"color":"ffffff00","curve":[0.25,0,0.75,1]},{"time":3,"color":"fffffffe","curve":[0.25,0,0.75,1]},{"time":4,"color":"ffffff6c","curve":[0.25,0,0.75,1]},{"time":4.8,"color":"ffffff00"}]},"zqdw_tcxd5":{"color":[{"time":0,"color":"ffffffba","curve":[0.372,0.48,0.752,1]},{"time":0.5333,"color":"ffffff6c","curve":[0.25,0,0.75,1]},{"time":1.3333,"color":"ffffff00","curve":[0.25,0,0.75,1]},{"time":1.9333,"color":"fffffffe","curve":[0.25,0,0.75,1]},{"time":2.9333,"color":"ffffff6c","curve":[0.25,0,0.75,1]},{"time":3.7333,"color":"ffffff00","curve":[0.25,0,0.75,1]},{"time":4.3333,"color":"fffffffe","curve":[0.252,0,0.622,0.48]},{"time":4.8,"color":"ffffffba"}]}},"bones":{"zqdw_tctext":{"rotate":[{"time":0,"angle":0,"curve":"stepped"},{"time":2.4,"angle":0,"curve":"stepped"},{"time":4.8,"angle":0}],"translate":[{"time":0,"x":0,"y":0,"curve":"stepped"},{"time":2.4,"x":0,"y":0,"curve":"stepped"},{"time":4.8,"x":0,"y":0}],"scale":[{"time":0,"x":1,"y":1,"curve":"stepped"},{"time":2.4,"x":1,"y":1,"curve":"stepped"},{"time":4.8,"x":1,"y":1}]},"zqdw_tccd11":{"rotate":[{"time":0,"angle":0,"curve":[0.25,0,0.75,1]},{"time":2,"angle":133.1,"curve":[0.25,0,0.75,1]},{"time":2.4,"angle":0}],"translate":[{"time":0,"x":1.31,"y":1.31,"curve":[0.25,0,0.75,1]},{"time":2,"x":1.31,"y":-246.66,"curve":[0.381,0.54,0.744,1]},{"time":2.4,"x":1.31,"y":1.31}],"scale":[{"time":0,"x":1,"y":1,"curve":"stepped"},{"time":2,"x":1,"y":1,"curve":"stepped"},{"time":2.4,"x":1,"y":1}]},"zqdw_tccd10":{"rotate":[{"time":0,"angle":0,"curve":"stepped"},{"time":2.0667,"angle":0,"curve":"stepped"},{"time":4.4667,"angle":0}],"translate":[{"time":0,"x":0,"y":-15.02,"curve":[0.25,0,0.75,1]},{"time":2.0667,"x":0,"y":-202.99,"curve":[0.25,0,0.75,1]},{"time":4.4667,"x":0,"y":0,"curve":[0.25,0,0.75,1]},{"time":4.8,"x":0,"y":-15.02}],"scale":[{"time":0,"x":1,"y":1,"curve":"stepped"},{"time":2.0667,"x":1,"y":1,"curve":"stepped"},{"time":4.4667,"x":1,"y":1}]},"zqdw_tccd3":{"rotate":[{"time":0,"angle":0,"curve":"stepped"},{"time":1.3333,"angle":0,"curve":"stepped"},{"time":3,"angle":0}],"translate":[{"time":0,"x":1.29,"y":0.39,"curve":"stepped"},{"time":1.3333,"x":1.29,"y":0.39,"curve":[0.25,0,0.75,1]},{"time":3,"x":1.29,"y":-229.12}],"scale":[{"time":0,"x":1,"y":1,"curve":"stepped"},{"time":1.3333,"x":1,"y":1,"curve":"stepped"},{"time":3,"x":1,"y":1}]},"zqdw_tccd12":{"rotate":[{"time":0,"angle":-30,"curve":[0.25,0,0.75,1]},{"time":2.4,"angle":-75,"curve":"stepped"},{"time":2.4333,"angle":0},{"time":4.8,"angle":-30}],"translate":[{"time":0,"x":2.36,"y":-22.4},{"time":2.4,"x":2.36,"y":-239.59,"curve":"stepped"},{"time":2.4333,"x":2.36,"y":123.44},{"time":4.8,"x":2.36,"y":-22.4}],"scale":[{"time":0,"x":1,"y":1,"curve":"stepped"},{"time":2.4,"x":1,"y":1,"curve":"stepped"},{"time":4.8,"x":1,"y":1}]},"zqdw_tccd4":{"rotate":[{"time":0,"angle":0,"curve":"stepped"},{"time":1.3333,"angle":0,"curve":"stepped"},{"time":4,"angle":0}],"translate":[{"time":0,"x":-1.34,"y":-68.5,"curve":[0.303,0.23,0.646,0.59]},{"time":1.3333,"x":-1.34,"y":-283.9,"curve":"stepped"},{"time":4,"x":-1.34,"y":0.13,"curve":[0.292,0,0.63,0.37]},{"time":4.8,"x":-1.34,"y":-68.5}],"scale":[{"time":0,"x":1,"y":1,"curve":"stepped"},{"time":1.3333,"x":1,"y":1,"curve":"stepped"},{"time":4,"x":1,"y":1}]},"zqdw_tccd1":{"rotate":[{"time":0,"angle":0,"curve":"stepped"},{"time":0.8,"angle":0,"curve":"stepped"},{"time":3.2,"angle":0}],"translate":[{"time":0,"x":-0.52,"y":0.24,"curve":"stepped"},{"time":0.8,"x":-0.52,"y":0.24,"curve":[0.25,0,0.75,1]},{"time":3.2,"x":-0.52,"y":-228.42}],"scale":[{"time":0,"x":1,"y":1,"curve":"stepped"},{"time":0.8,"x":1,"y":1,"curve":"stepped"},{"time":3.2,"x":1,"y":1}]},"zqdw_tccd7":{"rotate":[{"time":0,"angle":0,"curve":"stepped"},{"time":0.3333,"angle":0,"curve":"stepped"},{"time":1.5333,"angle":0,"curve":"stepped"},{"time":2.4,"angle":0}],"translate":[{"time":0,"x":0,"y":0,"curve":"stepped"},{"time":0.3333,"x":0,"y":0,"curve":[0.25,0,0.75,1]},{"time":1.5333,"x":0,"y":-244.18,"curve":[0.25,0,0.75,1]},{"time":2.4,"x":0,"y":0}],"scale":[{"time":0,"x":1,"y":1,"curve":"stepped"},{"time":0.3333,"x":1,"y":1,"curve":[0.25,0,0.75,1]},{"time":1.5333,"x":0.75,"y":0.75,"curve":[0.25,0,0.75,1]},{"time":2.4,"x":1,"y":1}]},"zqdw_tccd5":{"rotate":[{"time":0,"angle":0,"curve":"stepped"},{"time":2.3333,"angle":0,"curve":"stepped"},{"time":4.7333,"angle":0}],"translate":[{"time":0,"x":-0.96,"y":0.52,"curve":"stepped"},{"time":2.3333,"x":-0.96,"y":0.52,"curve":[0.25,0,0.75,1]},{"time":4.7333,"x":-0.96,"y":-243.68}],"scale":[{"time":0,"x":1,"y":1,"curve":"stepped"},{"time":2.3333,"x":1,"y":1,"curve":"stepped"},{"time":4.7333,"x":1,"y":1}]},"zqdw_tccd8":{"rotate":[{"time":0,"angle":0,"curve":"stepped"},{"time":1.4667,"angle":0,"curve":"stepped"},{"time":3.1333,"angle":0}],"translate":[{"time":0,"x":-1.45,"y":-0.36,"curve":"stepped"},{"time":1.4667,"x":-1.45,"y":-0.36,"curve":[0.25,0,0.75,1]},{"time":3.1333,"x":-1.45,"y":-224.92}],"scale":[{"time":0,"x":1,"y":1,"curve":"stepped"},{"time":1.4667,"x":1,"y":1,"curve":[0.25,0,0.75,1]},{"time":3.1333,"x":0.5,"y":0.5}]},"zqdw_tcwp":{"rotate":[{"time":0,"angle":0,"curve":"stepped"},{"time":2.4,"angle":0,"curve":"stepped"},{"time":4.8,"angle":0}],"translate":[{"time":0,"x":0,"y":0,"curve":"stepped"},{"time":2.4,"x":0,"y":0,"curve":"stepped"},{"time":4.8,"x":0,"y":0}],"scale":[{"time":0,"x":1,"y":1,"curve":"stepped"},{"time":2.4,"x":1,"y":1,"curve":"stepped"},{"time":4.8,"x":1,"y":1}]},"zqdw_tcnumber":{"rotate":[{"time":0,"angle":0,"curve":"stepped"},{"time":2.4,"angle":0,"curve":"stepped"},{"time":4.8,"angle":0}],"translate":[{"time":0,"x":0,"y":0,"curve":"stepped"},{"time":2.4,"x":0,"y":0,"curve":"stepped"},{"time":4.8,"x":0,"y":0}],"scale":[{"time":0,"x":1,"y":1,"curve":"stepped"},{"time":2.4,"x":1,"y":1,"curve":"stepped"},{"time":4.8,"x":1,"y":1}]},"zqdw_tcdb":{"rotate":[{"time":0,"angle":0,"curve":"stepped"},{"time":2.4,"angle":0,"curve":"stepped"},{"time":4.8,"angle":0}],"translate":[{"time":0,"x":0,"y":0,"curve":"stepped"},{"time":4.8,"x":0,"y":0}],"scale":[{"time":0,"x":1,"y":1,"curve":"stepped"},{"time":2.4,"x":1,"y":1,"curve":"stepped"},{"time":4.8,"x":1,"y":1}]},"zqdw_tcgt":{"rotate":[{"time":0,"angle":0},{"time":2.3667,"angle":-88.75,"curve":"stepped"},{"time":2.4,"angle":0},{"time":4.8,"angle":-90}],"translate":[{"time":0,"x":0,"y":0,"curve":"stepped"},{"time":2.4,"x":0,"y":0,"curve":"stepped"},{"time":4.8,"x":0,"y":0}],"scale":[{"time":0,"x":1,"y":1,"curve":"stepped"},{"time":2.4,"x":1,"y":1,"curve":"stepped"},{"time":4.8,"x":1,"y":1}]},"zqdw_tctextdb":{"rotate":[{"time":0,"angle":0,"curve":"stepped"},{"time":2.4,"angle":0,"curve":"stepped"},{"time":4.8,"angle":0}],"translate":[{"time":0,"x":0,"y":0,"curve":"stepped"},{"time":2.4,"x":0,"y":0,"curve":"stepped"},{"time":4.8,"x":0,"y":0}],"scale":[{"time":0,"x":1,"y":1,"curve":"stepped"},{"time":2.4,"x":1,"y":1,"curve":"stepped"},{"time":4.8,"x":1,"y":1}]},"zqdw_tc":{"rotate":[{"time":0,"angle":0,"curve":"stepped"},{"time":2.4,"angle":0,"curve":"stepped"},{"time":4.8,"angle":0}],"translate":[{"time":0,"x":0,"y":0,"curve":"stepped"},{"time":2.4,"x":0,"y":0,"curve":"stepped"},{"time":4.8,"x":0,"y":0}],"scale":[{"time":0,"x":1,"y":1,"curve":"stepped"},{"time":2.4,"x":1,"y":1,"curve":"stepped"},{"time":4.8,"x":1,"y":1}]},"zqdw_tccd13":{"rotate":[{"time":0,"angle":0,"curve":"stepped"},{"time":1.6667,"angle":0,"curve":"stepped"},{"time":2.4,"angle":0}],"translate":[{"time":0,"x":1.29,"y":0.39,"curve":[0.25,0,0.75,1]},{"time":1.6667,"x":1.29,"y":-395.37,"curve":[0.382,0.57,0.735,1]},{"time":2.4,"x":1.29,"y":0.39}],"scale":[{"time":0,"x":1,"y":1,"curve":"stepped"},{"time":1.6667,"x":1,"y":1,"curve":"stepped"},{"time":2.4,"x":1,"y":1}]},"zqdw_tccd14":{"rotate":[{"time":0,"angle":0,"curve":"stepped"},{"time":0.3333,"angle":0,"curve":"stepped"},{"time":2.5,"angle":0}],"translate":[{"time":0,"x":1.29,"y":0.39,"curve":"stepped"},{"time":0.3333,"x":1.29,"y":0.39,"curve":[0.25,0,0.75,1]},{"time":2.5,"x":1.29,"y":-177.92}],"scale":[{"time":0,"x":1,"y":1,"curve":"stepped"},{"time":0.3333,"x":1,"y":1,"curve":[0.25,0,0.75,1]},{"time":2.5,"x":1.36,"y":1.36}]},"zqdw_tccd6":{"rotate":[{"time":0,"angle":0,"curve":"stepped"},{"time":3.1333,"angle":0,"curve":"stepped"},{"time":4.7667,"angle":0}],"translate":[{"time":0,"x":-0.52,"y":0.24,"curve":"stepped"},{"time":3.1333,"x":-0.52,"y":0.24,"curve":[0.25,0,0.75,1]},{"time":4.7667,"x":-0.52,"y":-149.66}],"scale":[{"time":0,"x":1,"y":1,"curve":"stepped"},{"time":3.1333,"x":1,"y":1,"curve":"stepped"},{"time":4.7667,"x":1,"y":1}]},"zqdw_tccd9":{"rotate":[{"time":0,"angle":0,"curve":"stepped"},{"time":2.1333,"angle":0,"curve":"stepped"},{"time":4.1,"angle":0}],"translate":[{"time":0,"x":-2.51,"y":-40.18,"curve":[0.333,0.33,0.758,1]},{"time":2.1333,"x":-13.59,"y":-217.84,"curve":"stepped"},{"time":4.1,"x":0,"y":0,"curve":[0.276,0,0.621,0.4]},{"time":4.8,"x":-2.51,"y":-40.18}],"scale":[{"time":0,"x":1,"y":1,"curve":"stepped"},{"time":2.1333,"x":1,"y":1,"curve":"stepped"},{"time":4.1,"x":1,"y":1}]},"zqdw_tcgt1":{"rotate":[{"time":0,"angle":0,"curve":"stepped"},{"time":2.4,"angle":0,"curve":"stepped"},{"time":4.8,"angle":0}],"translate":[{"time":0,"x":0,"y":0,"curve":"stepped"},{"time":2.4,"x":0,"y":0,"curve":"stepped"},{"time":4.8,"x":0,"y":0}],"scale":[{"time":0,"x":1,"y":1,"curve":"stepped"},{"time":2.4,"x":1,"y":1,"curve":"stepped"},{"time":4.8,"x":1,"y":1}]},"zqdw_tcgt2":{"rotate":[{"time":0,"angle":0,"curve":"stepped"},{"time":2.4,"angle":0,"curve":"stepped"},{"time":4.8,"angle":0}],"translate":[{"time":0,"x":0,"y":0,"curve":"stepped"},{"time":2.4,"x":0,"y":0,"curve":"stepped"},{"time":4.8,"x":0,"y":0}],"scale":[{"time":0,"x":1,"y":1,"curve":"stepped"},{"time":2.4,"x":1,"y":1,"curve":"stepped"},{"time":4.8,"x":1,"y":1}]},"zqdw_tcgt3":{"rotate":[{"time":0,"angle":0,"curve":"stepped"},{"time":2.4,"angle":0,"curve":"stepped"},{"time":4.8,"angle":0}],"translate":[{"time":0,"x":0,"y":0,"curve":"stepped"},{"time":2.4,"x":0,"y":0,"curve":"stepped"},{"time":4.8,"x":0,"y":0}],"scale":[{"time":0,"x":1,"y":1,"curve":"stepped"},{"time":2.4,"x":1,"y":1,"curve":"stepped"},{"time":4.8,"x":1,"y":1}]},"zqdw_tcgt4":{"rotate":[{"time":0,"angle":0,"curve":"stepped"},{"time":2.4,"angle":0,"curve":"stepped"},{"time":4.8,"angle":0}],"translate":[{"time":0,"x":0,"y":0,"curve":"stepped"},{"time":2.4,"x":0,"y":0,"curve":"stepped"},{"time":4.8,"x":0,"y":0}],"scale":[{"time":0,"x":1,"y":1,"curve":"stepped"},{"time":2.4,"x":1,"y":1,"curve":"stepped"},{"time":4.8,"x":1,"y":1}]},"zqdw_tcgt5":{"rotate":[{"time":0,"angle":0,"curve":"stepped"},{"time":2.4,"angle":0,"curve":"stepped"},{"time":4.8,"angle":0}],"translate":[{"time":0,"x":0,"y":0,"curve":"stepped"},{"time":2.4,"x":0,"y":0,"curve":"stepped"},{"time":4.8,"x":0,"y":0}],"scale":[{"time":0,"x":1,"y":1,"curve":"stepped"},{"time":2.4,"x":1,"y":1,"curve":"stepped"},{"time":4.8,"x":1,"y":1}]},"zqdw_tcgt6":{"rotate":[{"time":0,"angle":0,"curve":"stepped"},{"time":2.4,"angle":0,"curve":"stepped"},{"time":4.8,"angle":0}],"translate":[{"time":0,"x":0,"y":0,"curve":"stepped"},{"time":2.4,"x":0,"y":0,"curve":"stepped"},{"time":4.8,"x":0,"y":0}],"scale":[{"time":0,"x":1,"y":1,"curve":"stepped"},{"time":2.4,"x":1,"y":1,"curve":"stepped"},{"time":4.8,"x":1,"y":1}]},"zqdw_tcgt7":{"rotate":[{"time":0,"angle":0,"curve":"stepped"},{"time":2.4,"angle":0,"curve":"stepped"},{"time":4.8,"angle":0}],"translate":[{"time":0,"x":0,"y":0,"curve":"stepped"},{"time":2.4,"x":0,"y":0,"curve":"stepped"},{"time":4.8,"x":0,"y":0}],"scale":[{"time":0,"x":1,"y":1,"curve":"stepped"},{"time":2.4,"x":1,"y":1,"curve":"stepped"},{"time":4.8,"x":1,"y":1}]},"zqdw_tcgt8":{"rotate":[{"time":0,"angle":0,"curve":"stepped"},{"time":2.4,"angle":0,"curve":"stepped"},{"time":4.8,"angle":0}],"translate":[{"time":0,"x":0,"y":0,"curve":"stepped"},{"time":2.4,"x":0,"y":0,"curve":"stepped"},{"time":4.8,"x":0,"y":0}],"scale":[{"time":0,"x":1,"y":1,"curve":"stepped"},{"time":2.4,"x":1,"y":1,"curve":"stepped"},{"time":4.8,"x":1,"y":1}]},"zqdw_tcgt9":{"rotate":[{"time":0,"angle":0,"curve":"stepped"},{"time":2.4,"angle":0,"curve":"stepped"},{"time":4.8,"angle":0}],"translate":[{"time":0,"x":0,"y":0,"curve":"stepped"},{"time":2.4,"x":0,"y":0,"curve":"stepped"},{"time":4.8,"x":0,"y":0}],"scale":[{"time":0,"x":1,"y":1,"curve":"stepped"},{"time":2.4,"x":1,"y":1,"curve":"stepped"},{"time":4.8,"x":1,"y":1}]},"zqdw_tcgt10":{"rotate":[{"time":0,"angle":0,"curve":"stepped"},{"time":2.4,"angle":0,"curve":"stepped"},{"time":4.8,"angle":0}],"translate":[{"time":0,"x":0,"y":0,"curve":"stepped"},{"time":2.4,"x":0,"y":0,"curve":"stepped"},{"time":4.8,"x":0,"y":0}],"scale":[{"time":0,"x":1,"y":1,"curve":"stepped"},{"time":2.4,"x":1,"y":1,"curve":"stepped"},{"time":4.8,"x":1,"y":1}]},"zqdw_tcgt11":{"rotate":[{"time":0,"angle":0,"curve":"stepped"},{"time":2.4,"angle":0,"curve":"stepped"},{"time":4.8,"angle":0}],"translate":[{"time":0,"x":0,"y":0,"curve":"stepped"},{"time":2.4,"x":0,"y":0,"curve":"stepped"},{"time":4.8,"x":0,"y":0}],"scale":[{"time":0,"x":1,"y":1,"curve":"stepped"},{"time":2.4,"x":1,"y":1,"curve":"stepped"},{"time":4.8,"x":1,"y":1}]},"zqdw_tcgt12":{"rotate":[{"time":0,"angle":0,"curve":"stepped"},{"time":2.4,"angle":0,"curve":"stepped"},{"time":4.8,"angle":0}],"translate":[{"time":0,"x":0,"y":0,"curve":"stepped"},{"time":2.4,"x":0,"y":0,"curve":"stepped"},{"time":4.8,"x":0,"y":0}],"scale":[{"time":0,"x":1,"y":1,"curve":"stepped"},{"time":2.4,"x":1,"y":1,"curve":"stepped"},{"time":4.8,"x":1,"y":1}]},"hip":{"rotate":[{"time":0,"angle":0,"curve":"stepped"},{"time":2.4,"angle":0,"curve":"stepped"},{"time":4.8,"angle":0}],"translate":[{"time":0,"x":0,"y":0,"curve":"stepped"},{"time":2.4,"x":0,"y":0,"curve":"stepped"},{"time":4.8,"x":0,"y":0}],"scale":[{"time":0,"x":1,"y":1,"curve":"stepped"},{"time":2.4,"x":1,"y":1,"curve":"stepped"},{"time":4.8,"x":1,"y":1}]},"zqdw_tccd15":{"rotate":[{"time":0,"angle":0,"curve":"stepped"},{"time":0.5,"angle":0,"curve":"stepped"},{"time":3,"angle":0}],"translate":[{"time":0,"x":-1.45,"y":-0.36,"curve":"stepped"},{"time":0.5,"x":-1.45,"y":-0.36,"curve":[0.25,0,0.75,1]},{"time":3,"x":-1.45,"y":-325.14}],"scale":[{"time":0,"x":1,"y":1,"curve":"stepped"},{"time":0.5,"x":1,"y":1,"curve":"stepped"},{"time":3,"x":1,"y":1}]},"zqdw_tccd2":{"rotate":[{"time":0,"angle":0},{"time":2.3667,"angle":-30,"curve":[0.25,0,0.75,1]},{"time":4.7667,"angle":-75,"curve":"stepped"},{"time":4.8,"angle":0}],"translate":[{"time":0,"x":2.36,"y":123.44},{"time":2.3667,"x":2.36,"y":-22.4},{"time":4.7667,"x":2.36,"y":-239.59,"curve":"stepped"},{"time":4.8,"x":2.36,"y":123.44}],"scale":[{"time":2.3667,"x":1,"y":1,"curve":"stepped"},{"time":4.7667,"x":1,"y":1}]},"zqdw_tcksd":{"rotate":[{"time":0,"angle":0},{"time":2.3667,"angle":-30,"curve":[0.25,0,0.75,1]},{"time":4.7667,"angle":-75,"curve":"stepped"},{"time":4.8,"angle":0}],"translate":[{"time":0,"x":2.36,"y":123.44},{"time":2.3667,"x":2.36,"y":-22.4},{"time":4.7667,"x":2.36,"y":-239.59,"curve":"stepped"},{"time":4.8,"x":2.36,"y":123.44}],"scale":[{"time":2.3667,"x":1,"y":1,"curve":"stepped"},{"time":4.7667,"x":1,"y":1}]},"zqdw_tcksd2":{"rotate":[{"time":0,"angle":0},{"time":2.3667,"angle":-30,"curve":[0.25,0,0.75,1]},{"time":4.7667,"angle":-75,"curve":"stepped"},{"time":4.8,"angle":0}],"translate":[{"time":0,"x":2.36,"y":123.44},{"time":2.3667,"x":2.36,"y":-22.4},{"time":4.7667,"x":2.36,"y":-239.59,"curve":"stepped"},{"time":4.8,"x":2.36,"y":123.44}],"scale":[{"time":2.3667,"x":1,"y":1,"curve":"stepped"},{"time":4.7667,"x":1,"y":1}]},"zqdw_tcksd3":{"rotate":[{"time":0,"angle":0},{"time":2.3667,"angle":-30,"curve":[0.25,0,0.75,1]},{"time":4.7667,"angle":-75,"curve":"stepped"},{"time":4.8,"angle":0}],"translate":[{"time":0,"x":2.36,"y":123.44},{"time":2.3667,"x":2.36,"y":-22.4},{"time":4.7667,"x":2.36,"y":-239.59,"curve":"stepped"},{"time":4.8,"x":2.36,"y":123.44}],"scale":[{"time":2.3667,"x":1,"y":1,"curve":"stepped"},{"time":4.7667,"x":1,"y":1}]},"zqdw_tcksd4":{"rotate":[{"time":0,"angle":0},{"time":2.3667,"angle":-30,"curve":[0.25,0,0.75,1]},{"time":4.7667,"angle":-75,"curve":"stepped"},{"time":4.8,"angle":0}],"translate":[{"time":0,"x":2.36,"y":123.44},{"time":2.3667,"x":2.36,"y":-22.4},{"time":4.7667,"x":2.36,"y":-239.59,"curve":"stepped"},{"time":4.8,"x":2.36,"y":123.44}],"scale":[{"time":2.3667,"x":1,"y":1,"curve":"stepped"},{"time":4.7667,"x":1,"y":1}]},"zqdw_tcksd5":{"rotate":[{"time":0,"angle":0},{"time":2.3667,"angle":-30,"curve":[0.25,0,0.75,1]},{"time":4.7667,"angle":-75,"curve":"stepped"},{"time":4.8,"angle":0}],"translate":[{"time":0,"x":2.36,"y":123.44},{"time":2.3667,"x":2.36,"y":-22.4},{"time":4.7667,"x":2.36,"y":-239.59,"curve":"stepped"},{"time":4.8,"x":2.36,"y":123.44}],"scale":[{"time":2.3667,"x":1,"y":1,"curve":"stepped"},{"time":4.7667,"x":1,"y":1}]},"zqdw_tcksd6":{"rotate":[{"time":0,"angle":0},{"time":2.3667,"angle":-30,"curve":[0.25,0,0.75,1]},{"time":4.7667,"angle":-75,"curve":"stepped"},{"time":4.8,"angle":0}],"translate":[{"time":0,"x":2.36,"y":123.44},{"time":2.3667,"x":2.36,"y":-22.4},{"time":4.7667,"x":2.36,"y":-239.59,"curve":"stepped"},{"time":4.8,"x":2.36,"y":123.44}],"scale":[{"time":2.3667,"x":1,"y":1,"curve":"stepped"},{"time":4.7667,"x":1,"y":1}]},"zqdw_tcksd7":{"rotate":[{"time":0,"angle":0},{"time":2.3667,"angle":-30,"curve":[0.25,0,0.75,1]},{"time":4.7667,"angle":-75,"curve":"stepped"},{"time":4.8,"angle":0}],"translate":[{"time":0,"x":2.36,"y":123.44},{"time":2.3667,"x":2.36,"y":-22.4},{"time":4.7667,"x":2.36,"y":-239.59,"curve":"stepped"},{"time":4.8,"x":2.36,"y":123.44}],"scale":[{"time":2.3667,"x":1,"y":1,"curve":"stepped"},{"time":4.7667,"x":1,"y":1}]},"zqdw_tcksd8":{"rotate":[{"time":0,"angle":0},{"time":2.3667,"angle":-30,"curve":[0.25,0,0.75,1]},{"time":4.7667,"angle":-75,"curve":"stepped"},{"time":4.8,"angle":0}],"translate":[{"time":0,"x":2.36,"y":123.44},{"time":2.3667,"x":2.36,"y":-22.4},{"time":4.7667,"x":2.36,"y":-239.59,"curve":"stepped"},{"time":4.8,"x":2.36,"y":123.44}],"scale":[{"time":2.3667,"x":1,"y":1,"curve":"stepped"},{"time":4.7667,"x":1,"y":1}]},"zqdw_tcksd9":{"rotate":[{"time":0,"angle":0},{"time":2.3667,"angle":-30,"curve":[0.25,0,0.75,1]},{"time":4.7667,"angle":-75,"curve":"stepped"},{"time":4.8,"angle":0}],"translate":[{"time":0,"x":2.36,"y":123.44},{"time":2.3667,"x":2.36,"y":-22.4},{"time":4.7667,"x":2.36,"y":-239.59,"curve":"stepped"},{"time":4.8,"x":2.36,"y":123.44}],"scale":[{"time":2.3667,"x":1,"y":1,"curve":"stepped"},{"time":4.7667,"x":1,"y":1}]},"zqdw_tcksd10":{"rotate":[{"time":0,"angle":0},{"time":2.3667,"angle":-30,"curve":[0.25,0,0.75,1]},{"time":4.7667,"angle":-75,"curve":"stepped"},{"time":4.8,"angle":0}],"translate":[{"time":0,"x":2.36,"y":123.44},{"time":2.3667,"x":2.36,"y":-22.4},{"time":4.7667,"x":2.36,"y":-239.59,"curve":"stepped"},{"time":4.8,"x":2.36,"y":123.44}],"scale":[{"time":2.3667,"x":1,"y":1,"curve":"stepped"},{"time":4.7667,"x":1,"y":1}]},"zqdw_tcksd11":{"rotate":[{"time":0,"angle":0},{"time":2.3667,"angle":-30,"curve":[0.25,0,0.75,1]},{"time":4.7667,"angle":-75,"curve":"stepped"},{"time":4.8,"angle":0}],"translate":[{"time":0,"x":2.36,"y":123.44},{"time":2.3667,"x":2.36,"y":-22.4},{"time":4.7667,"x":2.36,"y":-239.59,"curve":"stepped"},{"time":4.8,"x":2.36,"y":123.44}],"scale":[{"time":2.3667,"x":1,"y":1,"curve":"stepped"},{"time":4.7667,"x":1,"y":1}]},"zqdw_tcksd12":{"rotate":[{"time":0,"angle":0},{"time":2.3667,"angle":-30,"curve":[0.25,0,0.75,1]},{"time":4.7667,"angle":-75,"curve":"stepped"},{"time":4.8,"angle":0}],"translate":[{"time":0,"x":2.36,"y":123.44},{"time":2.3667,"x":2.36,"y":-22.4},{"time":4.7667,"x":2.36,"y":-239.59,"curve":"stepped"},{"time":4.8,"x":2.36,"y":123.44}],"scale":[{"time":2.3667,"x":1,"y":1,"curve":"stepped"},{"time":4.7667,"x":1,"y":1}]},"zqdw_tcksd13":{"rotate":[{"time":0,"angle":0},{"time":2.3667,"angle":-30,"curve":[0.25,0,0.75,1]},{"time":4.7667,"angle":-75,"curve":"stepped"},{"time":4.8,"angle":0}],"translate":[{"time":0,"x":2.36,"y":123.44},{"time":2.3667,"x":2.36,"y":-22.4},{"time":4.7667,"x":2.36,"y":-239.59,"curve":"stepped"},{"time":4.8,"x":2.36,"y":123.44}],"scale":[{"time":2.3667,"x":1,"y":1,"curve":"stepped"},{"time":4.7667,"x":1,"y":1}]},"zqdw_tcksd14":{"rotate":[{"time":0,"angle":0},{"time":2.3667,"angle":-30,"curve":[0.25,0,0.75,1]},{"time":4.7667,"angle":-75,"curve":"stepped"},{"time":4.8,"angle":0}],"translate":[{"time":0,"x":2.36,"y":123.44},{"time":2.3667,"x":2.36,"y":-22.4},{"time":4.7667,"x":2.36,"y":-239.59,"curve":"stepped"},{"time":4.8,"x":2.36,"y":123.44}],"scale":[{"time":2.3667,"x":1,"y":1,"curve":"stepped"},{"time":4.7667,"x":1,"y":1}]},"zqdw_tcksd15":{"rotate":[{"time":0,"angle":0},{"time":2.3667,"angle":-30,"curve":[0.25,0,0.75,1]},{"time":4.7667,"angle":-75,"curve":"stepped"},{"time":4.8,"angle":0}],"translate":[{"time":0,"x":2.36,"y":123.44},{"time":2.3667,"x":2.36,"y":-22.4},{"time":4.7667,"x":2.36,"y":-239.59,"curve":"stepped"},{"time":4.8,"x":2.36,"y":123.44}],"scale":[{"time":2.3667,"x":1,"y":1,"curve":"stepped"},{"time":4.7667,"x":1,"y":1}]},"zqdw_tcksd16":{"rotate":[{"time":0,"angle":0},{"time":2.3667,"angle":-30,"curve":[0.25,0,0.75,1]},{"time":4.7667,"angle":-75,"curve":"stepped"},{"time":4.8,"angle":0}],"translate":[{"time":0,"x":2.36,"y":123.44},{"time":2.3667,"x":2.36,"y":-22.4},{"time":4.7667,"x":2.36,"y":-239.59,"curve":"stepped"},{"time":4.8,"x":2.36,"y":123.44}],"scale":[{"time":2.3667,"x":1,"y":1,"curve":"stepped"},{"time":4.7667,"x":1,"y":1}]},"zqdw_tcksd17":{"rotate":[{"time":0,"angle":0},{"time":2.3667,"angle":-30,"curve":[0.25,0,0.75,1]},{"time":4.7667,"angle":-75,"curve":"stepped"},{"time":4.8,"angle":0}],"translate":[{"time":0,"x":2.36,"y":123.44},{"time":2.3667,"x":2.36,"y":-22.4},{"time":4.7667,"x":2.36,"y":-239.59,"curve":"stepped"},{"time":4.8,"x":2.36,"y":123.44}],"scale":[{"time":2.3667,"x":1,"y":1,"curve":"stepped"},{"time":4.7667,"x":1,"y":1}]},"zqdw_tcksd18":{"rotate":[{"time":0,"angle":0},{"time":2.3667,"angle":-30,"curve":[0.25,0,0.75,1]},{"time":4.7667,"angle":-75,"curve":"stepped"},{"time":4.8,"angle":0}],"translate":[{"time":0,"x":2.36,"y":123.44},{"time":2.3667,"x":2.36,"y":-22.4},{"time":4.7667,"x":2.36,"y":-239.59,"curve":"stepped"},{"time":4.8,"x":2.36,"y":123.44}],"scale":[{"time":2.3667,"x":1,"y":1,"curve":"stepped"},{"time":4.7667,"x":1,"y":1}]},"zqdw_tcksd19":{"rotate":[{"time":0,"angle":0},{"time":2.3667,"angle":-30,"curve":[0.25,0,0.75,1]},{"time":4.7667,"angle":-75,"curve":"stepped"},{"time":4.8,"angle":0}],"translate":[{"time":0,"x":2.36,"y":123.44},{"time":2.3667,"x":2.36,"y":-22.4},{"time":4.7667,"x":2.36,"y":-239.59,"curve":"stepped"},{"time":4.8,"x":2.36,"y":123.44}],"scale":[{"time":2.3667,"x":1,"y":1,"curve":"stepped"},{"time":4.7667,"x":1,"y":1}]},"qtdd_gxhdqd":{"rotate":[{"time":0,"angle":0,"curve":"stepped"},{"time":2.4,"angle":0,"curve":"stepped"},{"time":4.8,"angle":0}],"translate":[{"time":0,"x":0,"y":0,"curve":"stepped"},{"time":2.4,"x":0,"y":0,"curve":"stepped"},{"time":4.8,"x":0,"y":0}],"scale":[{"time":0,"x":1,"y":1,"curve":"stepped"},{"time":2.4,"x":1,"y":1,"curve":"stepped"},{"time":4.8,"x":1,"y":1}]}}},"start":{"slots":{"qtdd_gxhddb":{"color":[{"time":0,"color":"ffffff00","curve":"stepped"},{"time":0.1,"color":"ffffff00","curve":[0.25,0,0.75,1]},{"time":0.4667,"color":"fffffffe","curve":"stepped"},{"time":4.8,"color":"fffffffe"}]},"qtdd_gxhdqd":{"color":[{"time":0,"color":"ffffff00","curve":"stepped"},{"time":0.1,"color":"ffffff00","curve":[0.25,0,0.75,1]},{"time":0.2667,"color":"fffffffe","curve":"stepped"},{"time":4.8,"color":"fffffffe"}]},"qtdd_gxhdsg0":{"color":[{"time":0,"color":"ffffff00"},{"time":0.2,"color":"fffffffe"}],"attachment":[{"time":0,"name":null},{"time":0.0667,"name":"qtdd_gxhdsg1"},{"time":0.1333,"name":"qtdd_gxhdsg2"},{"time":0.2,"name":"qtdd_gxhdsg3"},{"time":0.2667,"name":"qtdd_gxhdsg4"},{"time":0.3333,"name":"qtdd_gxhdsg5"},{"time":0.4,"name":"qtdd_gxhdsg6"},{"time":0.4667,"name":"qtdd_gxhdsg7"},{"time":0.5333,"name":"qtdd_gxhdsg8"},{"time":0.6,"name":"qtdd_gxhdsg9"},{"time":0.6667,"name":"qtdd_gxhdsg10"},{"time":0.7333,"name":"qtdd_gxhdsg11"},{"time":0.8,"name":"qtdd_gxhdsg12"},{"time":0.8667,"name":"qtdd_gxhdsg13"},{"time":0.9333,"name":"qtdd_gxhdsg14"},{"time":1,"name":"qtdd_gxhdsg15"},{"time":1.0667,"name":"qtdd_gxhdsg16"},{"time":1.1333,"name":"qtdd_gxhdsg17"},{"time":1.2,"name":"qtdd_gxhdsg18"},{"time":1.2667,"name":"qtdd_gxhdsg19"},{"time":1.3333,"name":"qtdd_gxhdsg20"},{"time":1.4,"name":"qtdd_gxhdsg21"},{"time":1.4667,"name":"qtdd_gxhdsg22"},{"time":1.5333,"name":"qtdd_gxhdsg23"},{"time":1.6,"name":"qtdd_gxhdsg24"},{"time":1.6667,"name":"qtdd_gxhdsg25"},{"time":1.7333,"name":"qtdd_gxhdsg26"},{"time":1.8,"name":"qtdd_gxhdsg27"},{"time":1.8667,"name":"qtdd_gxhdsg28"},{"time":1.9333,"name":"qtdd_gxhdsg29"},{"time":2,"name":"qtdd_gxhdsg30"},{"time":2.0667,"name":"qtdd_gxhdsg31"},{"time":2.1333,"name":"qtdd_gxhdsg32"},{"time":2.2,"name":"qtdd_gxhdsg33"},{"time":2.2667,"name":"qtdd_gxhdsg34"},{"time":2.3333,"name":"qtdd_gxhdsg35"},{"time":2.4,"name":null},{"time":2.4667,"name":null},{"time":2.5333,"name":"qtdd_gxhdsg1"},{"time":2.6,"name":"qtdd_gxhdsg2"},{"time":2.6667,"name":"qtdd_gxhdsg3"},{"time":2.7333,"name":"qtdd_gxhdsg4"},{"time":2.8,"name":"qtdd_gxhdsg5"},{"time":2.8667,"name":"qtdd_gxhdsg6"},{"time":2.9333,"name":"qtdd_gxhdsg7"},{"time":3,"name":"qtdd_gxhdsg8"},{"time":3.0667,"name":"qtdd_gxhdsg9"},{"time":3.1333,"name":"qtdd_gxhdsg10"},{"time":3.2,"name":"qtdd_gxhdsg11"},{"time":3.2667,"name":"qtdd_gxhdsg12"},{"time":3.3333,"name":"qtdd_gxhdsg13"},{"time":3.4,"name":"qtdd_gxhdsg14"},{"time":3.4667,"name":"qtdd_gxhdsg15"},{"time":3.5333,"name":"qtdd_gxhdsg16"},{"time":3.6,"name":"qtdd_gxhdsg17"},{"time":3.6667,"name":"qtdd_gxhdsg18"},{"time":3.7333,"name":"qtdd_gxhdsg19"},{"time":3.8,"name":"qtdd_gxhdsg20"},{"time":3.8667,"name":"qtdd_gxhdsg21"},{"time":3.9333,"name":"qtdd_gxhdsg22"},{"time":4,"name":"qtdd_gxhdsg23"},{"time":4.0667,"name":"qtdd_gxhdsg24"},{"time":4.1333,"name":"qtdd_gxhdsg25"},{"time":4.2,"name":"qtdd_gxhdsg26"},{"time":4.2667,"name":"qtdd_gxhdsg27"},{"time":4.3333,"name":"qtdd_gxhdsg28"},{"time":4.4,"name":"qtdd_gxhdsg29"},{"time":4.4667,"name":"qtdd_gxhdsg30"},{"time":4.5333,"name":"qtdd_gxhdsg31"},{"time":4.6,"name":"qtdd_gxhdsg32"},{"time":4.6667,"name":"qtdd_gxhdsg33"},{"time":4.7333,"name":"qtdd_gxhdsg34"},{"time":4.8,"name":"qtdd_gxhdsg35"}]},"qtdd_gxhdsz":{"color":[{"time":0,"color":"ffffff00","curve":"stepped"},{"time":0.1667,"color":"ffffff00","curve":[0.25,0,0.75,1]},{"time":0.3333,"color":"fffffffe","curve":"stepped"},{"time":4.8,"color":"fffffffe"}]},"zqdw_tccd1":{"color":[{"time":0,"color":"ffffff00","curve":"stepped"},{"time":0.8,"color":"ffffff00","curve":[0.25,0,0.75,1]},{"time":1.7667,"color":"fffffffe","curve":[0.25,0,0.75,1]},{"time":3.2,"color":"ffffff00","curve":"stepped"},{"time":4.8,"color":"ffffff00"}]},"zqdw_tccd2":{"color":[{"time":0,"color":"ffffff00","curve":[0.082,0.68,0.447,1]},{"time":2.3667,"color":"fffffffe"},{"time":4.7667,"color":"ffffff00","curve":"stepped"},{"time":4.8,"color":"ffffff00"}]},"zqdw_tccd3":{"color":[{"time":0,"color":"ffffff00","curve":"stepped"},{"time":1.3333,"color":"ffffff00","curve":[0.25,0,0.75,1]},{"time":2.0333,"color":"fffffffe","curve":[0.25,0,0.75,1]},{"time":3,"color":"ffffff00","curve":"stepped"},{"time":4.8,"color":"ffffff00"}]},"zqdw_tccd4":{"color":[{"time":0,"color":"fffffffe","curve":[0.082,0.68,0.447,1]},{"time":1.3333,"color":"ffffff00","curve":"stepped"},{"time":4,"color":"ffffff00","curve":[0.25,0,0.75,1]},{"time":4.8,"color":"fffffffe"}]},"zqdw_tccd5":{"color":[{"time":0,"color":"ffffff00","curve":"stepped"},{"time":2.3333,"color":"ffffff00","curve":[0.25,0,0.75,1]},{"time":3.1333,"color":"fffffffe","curve":[0.25,0,0.75,1]},{"time":4.7333,"color":"ffffff00","curve":"stepped"},{"time":4.8,"color":"ffffff00"}]},"zqdw_tccd6":{"color":[{"time":0,"color":"ffffff00","curve":"stepped"},{"time":3.1333,"color":"ffffff00","curve":[0.25,0,0.75,1]},{"time":4.1333,"color":"fffffffe","curve":[0.25,0,0.75,1]},{"time":4.7667,"color":"ffffff00","curve":"stepped"},{"time":4.8,"color":"ffffff00"}]},"zqdw_tccd7":{"color":[{"time":0,"color":"ffffff00","curve":"stepped"},{"time":0.3333,"color":"ffffff00","curve":[0.25,0,0.75,1]},{"time":0.7333,"color":"fffffffe","curve":[0.25,0,0.75,1]},{"time":1.5333,"color":"ffffff00","curve":"stepped"},{"time":2.4,"color":"ffffff00","curve":"stepped"},{"time":4.8,"color":"ffffff00"}]},"zqdw_tccd8":{"color":[{"time":0,"color":"ffffff00","curve":"stepped"},{"time":1.4667,"color":"ffffff00","curve":[0.25,0,0.75,1]},{"time":1.9667,"color":"fffffffe","curve":[0.25,0,0.75,1]},{"time":3.1333,"color":"ffffff00","curve":"stepped"},{"time":4.8,"color":"ffffff00"}]},"zqdw_tccd9":{"color":[{"time":0,"color":"fffffffe","curve":[0.082,0.68,0.447,1]},{"time":2.1333,"color":"ffffff00","curve":"stepped"},{"time":4.1,"color":"ffffff00","curve":[0.25,0,0.75,1]},{"time":4.8,"color":"fffffffe"}]},"zqdw_tccd10":{"color":[{"time":0,"color":"ffffff62","curve":[0.082,0.68,0.447,1]},{"time":0.4667,"color":"fffffffe","curve":[0.25,0,0.75,1]},{"time":2.0667,"color":"ffffff00","curve":"stepped"},{"time":4.4667,"color":"ffffff00","curve":[0.25,0,0.75,1]},{"time":4.8,"color":"ffffff62"}]},"zqdw_tccd11":{"color":[{"time":0,"color":"ffffff00","curve":[0.082,0.68,0.447,1]},{"time":1,"color":"fffffffe","curve":[0.365,0.45,0.754,1]},{"time":2,"color":"ffffff00","curve":"stepped"},{"time":2.4,"color":"ffffff00","curve":"stepped"},{"time":4.8,"color":"ffffff00"}]},"zqdw_tccd12":{"color":[{"time":0,"color":"fffffffe","curve":[0.082,0.68,0.447,1]},{"time":2.4,"color":"ffffff00","curve":"stepped"},{"time":2.4333,"color":"ffffff00"},{"time":4.8,"color":"fffffffe"}]},"zqdw_tccd13":{"color":[{"time":0,"color":"ffffff00","curve":[0.082,0.68,0.447,1]},{"time":0.6667,"color":"fffffffe","curve":[0.25,0,0.75,1]},{"time":1.6667,"color":"ffffff00","curve":"stepped"},{"time":2.4,"color":"ffffff00","curve":"stepped"},{"time":4.8,"color":"ffffff00"}]},"zqdw_tccd14":{"color":[{"time":0,"color":"ffffff00","curve":"stepped"},{"time":0.3333,"color":"ffffff00","curve":[0.25,0,0.75,1]},{"time":1.1667,"color":"fffffffe","curve":[0.25,0,0.75,1]},{"time":2.5,"color":"ffffff00","curve":"stepped"},{"time":4.8,"color":"ffffff00"}]},"zqdw_tccd15":{"color":[{"time":0,"color":"ffffff00","curve":"stepped"},{"time":0.5,"color":"ffffff00","curve":[0.25,0,0.75,1]},{"time":1.3,"color":"fffffffe","curve":[0.25,0,0.75,1]},{"time":3,"color":"ffffff00","curve":"stepped"},{"time":4.8,"color":"ffffff00"}]},"zqdw_tcggt":{"color":[{"time":0,"color":"ffffff00","curve":[0.082,0.68,0.447,1]},{"time":0.2,"color":"fffffffe","curve":[0.25,0,0.75,1]},{"time":1.2,"color":"ffffff00","curve":[0.25,0,0.75,1]},{"time":4.8,"color":"fffffffe"}],"attachment":[{"time":0,"name":"zqdw_tcggt"},{"time":4.8,"name":null}]},"zqdw_tcggt2":{"color":[{"time":0,"color":"ffffff00","curve":[0.082,0.68,0.447,1]},{"time":0.0333,"color":"fffffffe","curve":[0.082,0.68,0.447,1]},{"time":0.6,"color":"ffffff00"}],"attachment":[{"time":0,"name":"zqdw_tcggt"},{"time":0.6,"name":null},{"time":4.8,"name":null}]},"zqdw_tcgq":{"color":[{"time":0,"color":"ffffff00","curve":[0.082,0.68,0.447,1]},{"time":0.3,"color":"fffffffe"},{"time":0.8,"color":"ffffff00","curve":"stepped"},{"time":4.8,"color":"ffffff00"}],"attachment":[{"time":0,"name":"zqdw_tcgq"},{"time":4.8,"name":null}]},"zqdw_tcgq2":{"color":[{"time":0,"color":"ffffff00","curve":[0.082,0.68,0.447,1]},{"time":0.3,"color":"ffffff4a"},{"time":0.8,"color":"ffffff00","curve":"stepped"},{"time":4.8,"color":"ffffff00"}],"attachment":[{"time":0,"name":"zqdw_tcgq"},{"time":4.8,"name":null}]},"zqdw_tcgt1":{"color":[{"time":0,"color":"ffffff00","curve":[0.29,0,0.629,0.38]},{"time":0.5,"color":"ffffff4a","curve":"stepped"},{"time":2.4,"color":"ffffff4a","curve":"stepped"},{"time":4.8,"color":"ffffff4a"}]},"zqdw_tcgt2":{"color":[{"time":0,"color":"ffffff00","curve":[0.29,0,0.629,0.38]},{"time":0.5,"color":"ffffff4a","curve":"stepped"},{"time":2.4,"color":"ffffff4a","curve":"stepped"},{"time":4.8,"color":"ffffff4a"}]},"zqdw_tcgt3":{"color":[{"time":0,"color":"ffffff00","curve":[0.29,0,0.629,0.38]},{"time":0.5,"color":"ffffff4a","curve":"stepped"},{"time":2.4,"color":"ffffff4a","curve":"stepped"},{"time":4.8,"color":"ffffff4a"}]},"zqdw_tcgt4":{"color":[{"time":0,"color":"ffffff00","curve":[0.29,0,0.629,0.38]},{"time":0.5,"color":"ffffff4a","curve":"stepped"},{"time":2.4,"color":"ffffff4a","curve":"stepped"},{"time":4.8,"color":"ffffff4a"}]},"zqdw_tcgt5":{"color":[{"time":0,"color":"ffffff00","curve":[0.29,0,0.629,0.38]},{"time":0.5,"color":"ffffff4a","curve":"stepped"},{"time":2.4,"color":"ffffff4a","curve":"stepped"},{"time":4.8,"color":"ffffff4a"}]},"zqdw_tcgt6":{"color":[{"time":0,"color":"ffffff00","curve":[0.29,0,0.629,0.38]},{"time":0.5,"color":"ffffff4a","curve":"stepped"},{"time":2.4,"color":"ffffff4a","curve":"stepped"},{"time":4.8,"color":"ffffff4a"}]},"zqdw_tcgt7":{"color":[{"time":0,"color":"ffffff00","curve":[0.29,0,0.629,0.38]},{"time":0.5,"color":"ffffff4a","curve":"stepped"},{"time":2.4,"color":"ffffff4a","curve":"stepped"},{"time":4.8,"color":"ffffff4a"}]},"zqdw_tcgt8":{"color":[{"time":0,"color":"ffffff00","curve":[0.29,0,0.629,0.38]},{"time":0.5,"color":"ffffff4a","curve":"stepped"},{"time":2.4,"color":"ffffff4a","curve":"stepped"},{"time":4.8,"color":"ffffff4a"}]},"zqdw_tcgt9":{"color":[{"time":0,"color":"ffffff00","curve":[0.29,0,0.629,0.38]},{"time":0.5,"color":"ffffff4a","curve":"stepped"},{"time":2.4,"color":"ffffff4a","curve":"stepped"},{"time":4.8,"color":"ffffff4a"}]},"zqdw_tcgt10":{"color":[{"time":0,"color":"ffffff00","curve":[0.29,0,0.629,0.38]},{"time":0.5,"color":"ffffff4a","curve":"stepped"},{"time":2.4,"color":"ffffff4a","curve":"stepped"},{"time":4.8,"color":"ffffff4a"}]},"zqdw_tcgt11":{"color":[{"time":0,"color":"ffffff00","curve":[0.29,0,0.629,0.38]},{"time":0.5,"color":"ffffff4a","curve":"stepped"},{"time":2.4,"color":"ffffff4a","curve":"stepped"},{"time":4.8,"color":"ffffff4a"}]},"zqdw_tcgt12":{"color":[{"time":0,"color":"ffffff00","curve":[0.29,0,0.629,0.38]},{"time":0.5,"color":"ffffff4a","curve":"stepped"},{"time":2.4,"color":"ffffff4a","curve":"stepped"},{"time":4.8,"color":"ffffff4a"}]},"zqdw_tcgy":{"color":[{"time":0,"color":"ffffff00","curve":"stepped"},{"time":0.1,"color":"ffffff00","curve":[0.311,0.8,0.582,1]},{"time":0.4667,"color":"fffffffe"},{"time":2.4,"color":"ffffff80","curve":[0.25,0,0.75,1]},{"time":3.6,"color":"ffffff4a","curve":[0.25,0,0.75,1]},{"time":4.8,"color":"ffffffbc"}]},"zqdw_tcksd":{"color":[{"time":0,"color":"ffffff00","curve":[0.158,0.41,0.498,0.74]},{"time":0.2667,"color":"fffffffe","curve":[0.21,0.68,0.555,1]},{"time":1.2,"color":"ffffff00","curve":"stepped"},{"time":4.8,"color":"ffffff00"}],"attachment":[{"time":0,"name":"zqdw_tccd2"},{"time":4.8,"name":null}]},"zqdw_tcksd2":{"color":[{"time":0,"color":"ffffff00","curve":[0.158,0.41,0.498,0.74]},{"time":0.2667,"color":"fffffffe","curve":[0.21,0.68,0.555,1]},{"time":0.8,"color":"ffffff00","curve":"stepped"},{"time":4.8,"color":"ffffff00"}],"attachment":[{"time":0,"name":"zqdw_tccd3"},{"time":4.8,"name":null}]},"zqdw_tcksd3":{"color":[{"time":0,"color":"ffffff00","curve":[0.158,0.41,0.498,0.74]},{"time":0.2667,"color":"fffffffe","curve":[0.21,0.68,0.555,1]},{"time":0.8,"color":"ffffff00","curve":"stepped"},{"time":4.8,"color":"ffffff00"}],"attachment":[{"time":0,"name":"zqdw_tccd10"},{"time":4.8,"name":null}]},"zqdw_tcksd4":{"color":[{"time":0,"color":"ffffff00","curve":[0.158,0.41,0.498,0.74]},{"time":0.2667,"color":"fffffffe","curve":[0.21,0.68,0.555,1]},{"time":0.8333,"color":"ffffff00","curve":"stepped"},{"time":4.8,"color":"ffffff00"}],"attachment":[{"time":0,"name":"zqdw_tccd7"},{"time":4.8,"name":null}]},"zqdw_tcksd5":{"color":[{"time":0,"color":"ffffff00","curve":[0.158,0.41,0.498,0.74]},{"time":0.2667,"color":"fffffffe","curve":[0.21,0.68,0.555,1]},{"time":0.8333,"color":"ffffff00","curve":"stepped"},{"time":4.8,"color":"ffffff00"}],"attachment":[{"time":0,"name":"zqdw_tccd13"},{"time":4.8,"name":null}]},"zqdw_tcksd6":{"color":[{"time":0,"color":"ffffff00","curve":[0.158,0.41,0.498,0.74]},{"time":0.1667,"color":"fffffffe","curve":[0.21,0.68,0.555,1]},{"time":0.5,"color":"ffffff00","curve":"stepped"},{"time":4.8,"color":"ffffff00"}],"attachment":[{"time":0,"name":"zqdw_tccd12"},{"time":4.8,"name":null}]},"zqdw_tcksd7":{"color":[{"time":0,"color":"ffffff00","curve":[0.158,0.41,0.498,0.74]},{"time":0.1667,"color":"fffffffe","curve":[0.21,0.68,0.555,1]},{"time":0.8,"color":"ffffff00","curve":"stepped"},{"time":4.8,"color":"ffffff00"}],"attachment":[{"time":0,"name":"zqdw_tccd9"},{"time":4.8,"name":null}]},"zqdw_tcksd8":{"color":[{"time":0,"color":"ffffff00","curve":[0.158,0.41,0.498,0.74]},{"time":0.1667,"color":"fffffffe","curve":[0.21,0.68,0.555,1]},{"time":0.8,"color":"ffffff00","curve":"stepped"},{"time":4.8,"color":"ffffff00"}],"attachment":[{"time":0,"name":"zqdw_tccd2"},{"time":4.8,"name":null}]},"zqdw_tcksd9":{"color":[{"time":0,"color":"ffffff00","curve":[0.158,0.41,0.498,0.74]},{"time":0.2667,"color":"fffffffe","curve":[0.21,0.68,0.555,1]},{"time":1.2,"color":"ffffff00","curve":"stepped"},{"time":4.8,"color":"ffffff00"}],"attachment":[{"time":0,"name":"zqdw_tccd3"},{"time":4.8,"name":null}]},"zqdw_tcksd10":{"color":[{"time":0,"color":"ffffff00","curve":[0.158,0.41,0.498,0.74]},{"time":0.2667,"color":"fffffffe","curve":[0.21,0.68,0.555,1]},{"time":1.2,"color":"ffffff00","curve":"stepped"},{"time":4.8,"color":"ffffff00"}],"attachment":[{"time":0,"name":"zqdw_tcgdlizi"},{"time":4.8,"name":null}]},"zqdw_tcksd11":{"color":[{"time":0,"color":"ffffff00","curve":[0.158,0.41,0.498,0.74]},{"time":0.2667,"color":"fffffffe","curve":[0.21,0.68,0.555,1]},{"time":0.8,"color":"ffffff00","curve":"stepped"},{"time":4.8,"color":"ffffff00"}],"attachment":[{"time":0,"name":"zqdw_tcgdlizi"},{"time":4.8,"name":null}]},"zqdw_tcksd12":{"color":[{"time":0,"color":"ffffff00","curve":[0.158,0.41,0.498,0.74]},{"time":0.2667,"color":"fffffffe","curve":[0.21,0.68,0.555,1]},{"time":0.8,"color":"ffffff00","curve":"stepped"},{"time":4.8,"color":"ffffff00"}],"attachment":[{"time":0,"name":"zqdw_tcgdlizi"},{"time":4.8,"name":null}]},"zqdw_tcksd13":{"color":[{"time":0,"color":"ffffff00","curve":[0.158,0.41,0.498,0.74]},{"time":0.2667,"color":"fffffffe","curve":[0.21,0.68,0.555,1]},{"time":0.8333,"color":"ffffff00","curve":"stepped"},{"time":4.8,"color":"ffffff00"}],"attachment":[{"time":0,"name":"zqdw_tcgdlizi"},{"time":4.8,"name":null}]},"zqdw_tcksd14":{"color":[{"time":0,"color":"ffffff00","curve":[0.158,0.41,0.498,0.74]},{"time":0.2667,"color":"fffffffe","curve":[0.21,0.68,0.555,1]},{"time":0.8333,"color":"ffffff00","curve":"stepped"},{"time":4.8,"color":"ffffff00"}],"attachment":[{"time":0,"name":"zqdw_tcgdlizi"},{"time":4.8,"name":null}]},"zqdw_tcksd15":{"color":[{"time":0,"color":"ffffff00","curve":[0.158,0.41,0.498,0.74]},{"time":0.1667,"color":"fffffffe","curve":[0.21,0.68,0.555,1]},{"time":0.5,"color":"ffffff00","curve":"stepped"},{"time":4.8,"color":"ffffff00"}],"attachment":[{"time":0,"name":"zqdw_tcgdlizi"},{"time":4.8,"name":null}]},"zqdw_tcksd16":{"color":[{"time":0,"color":"ffffff00","curve":[0.158,0.41,0.498,0.74]},{"time":0.1667,"color":"fffffffe","curve":[0.21,0.68,0.555,1]},{"time":0.8,"color":"ffffff00","curve":"stepped"},{"time":4.8,"color":"ffffff00"}],"attachment":[{"time":0,"name":"zqdw_tcgdlizi"},{"time":4.8,"name":null}]},"zqdw_tcksd17":{"color":[{"time":0,"color":"ffffff00","curve":[0.158,0.41,0.498,0.74]},{"time":0.1667,"color":"fffffffe","curve":[0.21,0.68,0.555,1]},{"time":0.8,"color":"ffffff00","curve":"stepped"},{"time":4.8,"color":"ffffff00"}],"attachment":[{"time":0,"name":"zqdw_tcgdlizi"},{"time":4.8,"name":null}]},"zqdw_tcksd18":{"color":[{"time":0,"color":"ffffff00","curve":[0.158,0.41,0.498,0.74]},{"time":0.2667,"color":"fffffffe","curve":[0.21,0.68,0.555,1]},{"time":1.2,"color":"ffffff00","curve":"stepped"},{"time":4.8,"color":"ffffff00"}],"attachment":[{"time":0,"name":"zqdw_tcgdlizi"},{"time":4.8,"name":null}]},"zqdw_tcksd19":{"color":[{"time":0,"color":"ffffff00","curve":[0.158,0.41,0.498,0.74]},{"time":0.2667,"color":"fffffffe","curve":[0.21,0.68,0.555,1]},{"time":1.2,"color":"ffffff00","curve":"stepped"},{"time":4.8,"color":"ffffff00"}],"attachment":[{"time":0,"name":"zqdw_tccd5"},{"time":4.8,"name":null}]},"zqdw_tctext":{"color":[{"time":0,"color":"ffffff00","curve":[0.311,0.8,0.582,1]},{"time":0.1,"color":"fffffffe","curve":"stepped"},{"time":2.4,"color":"fffffffe","curve":"stepped"},{"time":4.8,"color":"fffffffe"}]},"zqdw_tcwp":{"color":[{"time":0,"color":"ffffff00","curve":"stepped"},{"time":0.1667,"color":"ffffff00","curve":[0.311,0.8,0.582,1]},{"time":0.3333,"color":"fffffffe","curve":"stepped"},{"time":2.4,"color":"fffffffe","curve":"stepped"},{"time":4.8,"color":"fffffffe"}]},"zqdw_tcwp2":{"color":[{"time":0,"color":"ffffff00","curve":"stepped"},{"time":0.1667,"color":"ffffff00","curve":"stepped"},{"time":0.3333,"color":"ffffff00","curve":[0.25,0,0.75,1]},{"time":2.4,"color":"ffffff22","curve":[0.25,0,0.75,1]},{"time":4.8,"color":"ffffff00"}],"attachment":[{"time":0,"name":null},{"time":0.3333,"name":"qtdd_gxhdjb"},{"time":4.8,"name":"qtdd_gxhdjb"}]},"zqdw_tcxd1":{"color":[{"time":0,"color":"ffffff00","curve":[0.082,0.68,0.447,1]},{"time":0.6,"color":"fffffffe","curve":[0.25,0,0.75,1]},{"time":2.4,"color":"ffffff00","curve":[0.082,0.68,0.447,1]},{"time":3,"color":"fffffffe","curve":[0.25,0,0.75,1]},{"time":4.8,"color":"ffffff00"}]},"zqdw_tcxd2":{"color":[{"time":0,"color":"ffffff00","curve":"stepped"},{"time":0.8,"color":"ffffff00","curve":[0.25,0,0.75,1]},{"time":1.4,"color":"fffffffe","curve":[0.25,0,0.75,1]},{"time":2.4,"color":"ffffff6c","curve":[0.25,0,0.75,1]},{"time":3.2,"color":"ffffff00","curve":[0.25,0,0.75,1]},{"time":3.8,"color":"fffffffe","curve":[0.25,0,0.75,1]},{"time":4.8,"color":"ffffff6c"}]},"zqdw_tcxd3":{"color":[{"time":0,"color":"ffffff00","curve":[0.27,0,0.619,0.41]},{"time":0.2333,"color":"ffffff52","curve":[0.343,0.37,0.757,1]},{"time":0.8,"color":"ffffff00","curve":[0.25,0,0.75,1]},{"time":1.4,"color":"fffffffe","curve":[0.25,0,0.75,1]},{"time":2.4,"color":"ffffff6c","curve":[0.25,0,0.75,1]},{"time":3.2,"color":"ffffff00","curve":[0.25,0,0.75,1]},{"time":3.8,"color":"fffffffe","curve":[0.25,0,0.75,1]},{"time":4.8,"color":"ffffff6c"}]},"zqdw_tcxd4":{"color":[{"time":0,"color":"ffffff00","curve":[0.25,0,0.75,1]},{"time":0.6,"color":"fffffffe","curve":[0.25,0,0.75,1]},{"time":1.6,"color":"ffffff6c","curve":[0.25,0,0.75,1]},{"time":2.4,"color":"ffffff00","curve":[0.25,0,0.75,1]},{"time":3,"color":"fffffffe","curve":[0.25,0,0.75,1]},{"time":4,"color":"ffffff6c","curve":[0.25,0,0.75,1]},{"time":4.8,"color":"ffffff00"}]},"zqdw_tcxd5":{"color":[{"time":0,"color":"ffffff00","curve":[0.25,0,0.625,0.5]},{"time":0.2667,"color":"ffffff92","curve":[0.375,0.5,0.75,1]},{"time":0.5333,"color":"ffffff6c","curve":[0.25,0,0.75,1]},{"time":1.3333,"color":"ffffff00","curve":[0.25,0,0.75,1]},{"time":1.9333,"color":"fffffffe","curve":[0.25,0,0.75,1]},{"time":2.9333,"color":"ffffff6c","curve":[0.25,0,0.75,1]},{"time":3.7333,"color":"ffffff00","curve":[0.25,0,0.75,1]},{"time":4.3333,"color":"fffffffe","curve":[0.25,0,0.75,1]},{"time":4.8,"color":"ffffffba"}]}},"bones":{"zqdw_tcgt1":{"rotate":[{"time":0,"angle":0,"curve":"stepped"},{"time":2.4,"angle":0,"curve":"stepped"},{"time":4.8,"angle":0}],"translate":[{"time":0,"x":0,"y":0,"curve":"stepped"},{"time":2.4,"x":0,"y":0,"curve":"stepped"},{"time":4.8,"x":0,"y":0}],"scale":[{"time":0,"x":1,"y":1,"curve":"stepped"},{"time":2.4,"x":1,"y":1,"curve":"stepped"},{"time":4.8,"x":1,"y":1}]},"zqdw_tctext":{"rotate":[{"time":0,"angle":0,"curve":"stepped"},{"time":1.3333,"angle":0,"curve":"stepped"},{"time":2.4,"angle":0,"curve":"stepped"},{"time":4.8,"angle":0}],"translate":[{"time":0,"x":0,"y":0,"curve":[0.34,0.41,0.668,0.74]},{"time":0.3667,"x":0.03,"y":-1.91,"curve":[0.293,0.77,0.595,0.99]},{"time":1.3333,"x":0,"y":0,"curve":"stepped"},{"time":2.4,"x":0,"y":0,"curve":"stepped"},{"time":4.8,"x":0,"y":0}],"scale":[{"time":0,"x":1,"y":1,"curve":"stepped"},{"time":2.4,"x":1,"y":1,"curve":"stepped"},{"time":4.8,"x":1,"y":1}]},"zqdw_tcwp":{"rotate":[{"time":0,"angle":0,"curve":"stepped"},{"time":2.4,"angle":0,"curve":"stepped"},{"time":4.8,"angle":0}],"translate":[{"time":0,"x":0,"y":0,"curve":"stepped"},{"time":2.4,"x":0,"y":0,"curve":"stepped"},{"time":4.8,"x":0,"y":0}],"scale":[{"time":0,"x":1,"y":1,"curve":[0.313,0,0.647,0.35]},{"time":0.1667,"x":0.75,"y":0.75,"curve":[0.311,0.8,0.582,1]},{"time":0.3333,"x":1.05,"y":1.05,"curve":[0.25,0,0.75,1]},{"time":0.5333,"x":0.98,"y":0.98,"curve":[0.25,0,0.75,1]},{"time":0.8333,"x":1,"y":1,"curve":"stepped"},{"time":2.4,"x":1,"y":1,"curve":"stepped"},{"time":4.8,"x":1,"y":1}]},"zqdw_tcnumber":{"rotate":[{"time":0,"angle":0,"curve":"stepped"},{"time":2.4,"angle":0,"curve":"stepped"},{"time":4.8,"angle":0}],"translate":[{"time":2.4,"x":0,"y":0,"curve":"stepped"},{"time":4.8,"x":0,"y":0}],"scale":[{"time":0,"x":1,"y":1,"curve":"stepped"},{"time":2.4,"x":1,"y":1,"curve":"stepped"},{"time":4.8,"x":1,"y":1}]},"zqdw_tcdb":{"rotate":[{"time":0,"angle":0,"curve":"stepped"},{"time":0.1,"angle":0,"curve":"stepped"},{"time":2.4,"angle":0,"curve":"stepped"},{"time":4.8,"angle":0}],"translate":[{"time":0,"x":0,"y":0,"curve":"stepped"},{"time":0.1,"x":0,"y":0,"curve":"stepped"},{"time":2.4,"x":0,"y":0,"curve":"stepped"},{"time":4.8,"x":0,"y":0}],"scale":[{"time":0,"x":1,"y":0.01,"curve":[0.25,0,0.75,1]},{"time":0.1,"x":0.01,"y":0.01,"curve":[0.311,0.8,0.582,1]},{"time":0.2667,"x":1,"y":1,"curve":"stepped"},{"time":0.7,"x":1,"y":1,"curve":"stepped"},{"time":2.4,"x":1,"y":1,"curve":"stepped"},{"time":4.8,"x":1,"y":1}]},"zqdw_tcgt":{"rotate":[{"time":0,"angle":0},{"time":2.3667,"angle":-88.75,"curve":"stepped"},{"time":2.4,"angle":0},{"time":4.8,"angle":-90}],"translate":[{"time":0,"x":0,"y":0,"curve":"stepped"},{"time":2.4,"x":0,"y":0,"curve":"stepped"},{"time":4.8,"x":0,"y":0}],"scale":[{"time":0,"x":1,"y":1,"curve":"stepped"},{"time":2.4,"x":1,"y":1,"curve":"stepped"},{"time":4.8,"x":1,"y":1}]},"zqdw_tctextdb":{"rotate":[{"time":0,"angle":0,"curve":"stepped"},{"time":2.4,"angle":0,"curve":"stepped"},{"time":4.8,"angle":0}],"translate":[{"time":0,"x":0,"y":0,"curve":"stepped"},{"time":2.4,"x":0,"y":0,"curve":"stepped"},{"time":4.8,"x":0,"y":0}],"scale":[{"time":0,"x":0.75,"y":0.75,"curve":[0.311,0.8,0.582,1]},{"time":0.1667,"x":1.02,"y":1.02,"curve":[0.25,0,0.75,1]},{"time":0.3667,"x":0.99,"y":0.99,"curve":[0.25,0,0.75,1]},{"time":0.6,"x":1,"y":1,"curve":"stepped"},{"time":2.4,"x":1,"y":1,"curve":"stepped"},{"time":4.8,"x":1,"y":1}]},"zqdw_tc":{"rotate":[{"time":0,"angle":0,"curve":"stepped"},{"time":2.4,"angle":0,"curve":"stepped"},{"time":4.8,"angle":0}],"translate":[{"time":0,"x":0,"y":0,"curve":"stepped"},{"time":2.4,"x":0,"y":0,"curve":"stepped"},{"time":4.8,"x":0,"y":0}],"scale":[{"time":0,"x":0.5,"y":0.5,"curve":[0.311,0.8,0.582,1]},{"time":0.2,"x":1.05,"y":1.05,"curve":[0.25,0,0.75,1]},{"time":0.4333,"x":0.99,"y":0.99,"curve":[0.25,0,0.75,1]},{"time":0.7,"x":1,"y":1,"curve":"stepped"},{"time":2.4,"x":1,"y":1,"curve":"stepped"},{"time":4.8,"x":1,"y":1}]},"zqdw_tcgt2":{"rotate":[{"time":0,"angle":0,"curve":"stepped"},{"time":2.4,"angle":0,"curve":"stepped"},{"time":4.8,"angle":0}],"translate":[{"time":0,"x":0,"y":0,"curve":"stepped"},{"time":2.4,"x":0,"y":0,"curve":"stepped"},{"time":4.8,"x":0,"y":0}],"scale":[{"time":0,"x":1,"y":1,"curve":"stepped"},{"time":2.4,"x":1,"y":1,"curve":"stepped"},{"time":4.8,"x":1,"y":1}]},"zqdw_tcgt3":{"rotate":[{"time":0,"angle":0,"curve":"stepped"},{"time":2.4,"angle":0,"curve":"stepped"},{"time":4.8,"angle":0}],"translate":[{"time":0,"x":0,"y":0,"curve":"stepped"},{"time":2.4,"x":0,"y":0,"curve":"stepped"},{"time":4.8,"x":0,"y":0}],"scale":[{"time":0,"x":1,"y":1,"curve":"stepped"},{"time":2.4,"x":1,"y":1,"curve":"stepped"},{"time":4.8,"x":1,"y":1}]},"zqdw_tcgt4":{"rotate":[{"time":0,"angle":0,"curve":"stepped"},{"time":2.4,"angle":0,"curve":"stepped"},{"time":4.8,"angle":0}],"translate":[{"time":0,"x":0,"y":0,"curve":"stepped"},{"time":2.4,"x":0,"y":0,"curve":"stepped"},{"time":4.8,"x":0,"y":0}],"scale":[{"time":0,"x":1,"y":1,"curve":"stepped"},{"time":2.4,"x":1,"y":1,"curve":"stepped"},{"time":4.8,"x":1,"y":1}]},"zqdw_tcgt5":{"rotate":[{"time":0,"angle":0,"curve":"stepped"},{"time":2.4,"angle":0,"curve":"stepped"},{"time":4.8,"angle":0}],"translate":[{"time":0,"x":0,"y":0,"curve":"stepped"},{"time":2.4,"x":0,"y":0,"curve":"stepped"},{"time":4.8,"x":0,"y":0}],"scale":[{"time":0,"x":1,"y":1,"curve":"stepped"},{"time":2.4,"x":1,"y":1,"curve":"stepped"},{"time":4.8,"x":1,"y":1}]},"zqdw_tcgt6":{"rotate":[{"time":0,"angle":0,"curve":"stepped"},{"time":2.4,"angle":0,"curve":"stepped"},{"time":4.8,"angle":0}],"translate":[{"time":0,"x":0,"y":0,"curve":"stepped"},{"time":2.4,"x":0,"y":0,"curve":"stepped"},{"time":4.8,"x":0,"y":0}],"scale":[{"time":0,"x":1,"y":1,"curve":"stepped"},{"time":2.4,"x":1,"y":1,"curve":"stepped"},{"time":4.8,"x":1,"y":1}]},"zqdw_tcgt7":{"rotate":[{"time":0,"angle":0,"curve":"stepped"},{"time":2.4,"angle":0,"curve":"stepped"},{"time":4.8,"angle":0}],"translate":[{"time":0,"x":0,"y":0,"curve":"stepped"},{"time":2.4,"x":0,"y":0,"curve":"stepped"},{"time":4.8,"x":0,"y":0}],"scale":[{"time":0,"x":1,"y":1,"curve":"stepped"},{"time":2.4,"x":1,"y":1,"curve":"stepped"},{"time":4.8,"x":1,"y":1}]},"zqdw_tcgt8":{"rotate":[{"time":0,"angle":0,"curve":"stepped"},{"time":2.4,"angle":0,"curve":"stepped"},{"time":4.8,"angle":0}],"translate":[{"time":0,"x":0,"y":0,"curve":"stepped"},{"time":2.4,"x":0,"y":0,"curve":"stepped"},{"time":4.8,"x":0,"y":0}],"scale":[{"time":0,"x":1,"y":1,"curve":"stepped"},{"time":2.4,"x":1,"y":1,"curve":"stepped"},{"time":4.8,"x":1,"y":1}]},"zqdw_tcgt9":{"rotate":[{"time":0,"angle":0,"curve":"stepped"},{"time":2.4,"angle":0,"curve":"stepped"},{"time":4.8,"angle":0}],"translate":[{"time":0,"x":0,"y":0,"curve":"stepped"},{"time":2.4,"x":0,"y":0,"curve":"stepped"},{"time":4.8,"x":0,"y":0}],"scale":[{"time":0,"x":1,"y":1,"curve":"stepped"},{"time":2.4,"x":1,"y":1,"curve":"stepped"},{"time":4.8,"x":1,"y":1}]},"zqdw_tcgt10":{"rotate":[{"time":0,"angle":0,"curve":"stepped"},{"time":2.4,"angle":0,"curve":"stepped"},{"time":4.8,"angle":0}],"translate":[{"time":0,"x":0,"y":0,"curve":"stepped"},{"time":2.4,"x":0,"y":0,"curve":"stepped"},{"time":4.8,"x":0,"y":0}],"scale":[{"time":0,"x":1,"y":1,"curve":"stepped"},{"time":2.4,"x":1,"y":1,"curve":"stepped"},{"time":4.8,"x":1,"y":1}]},"zqdw_tcgt11":{"rotate":[{"time":0,"angle":0,"curve":"stepped"},{"time":2.4,"angle":0,"curve":"stepped"},{"time":4.8,"angle":0}],"translate":[{"time":0,"x":0,"y":0,"curve":"stepped"},{"time":2.4,"x":0,"y":0,"curve":"stepped"},{"time":4.8,"x":0,"y":0}],"scale":[{"time":0,"x":1,"y":1,"curve":"stepped"},{"time":2.4,"x":1,"y":1,"curve":"stepped"},{"time":4.8,"x":1,"y":1}]},"zqdw_tcgt12":{"rotate":[{"time":0,"angle":0,"curve":"stepped"},{"time":2.4,"angle":0,"curve":"stepped"},{"time":4.8,"angle":0}],"translate":[{"time":0,"x":0,"y":0,"curve":"stepped"},{"time":2.4,"x":0,"y":0,"curve":"stepped"},{"time":4.8,"x":0,"y":0}],"scale":[{"time":0,"x":1,"y":1,"curve":"stepped"},{"time":2.4,"x":1,"y":1,"curve":"stepped"},{"time":4.8,"x":1,"y":1}]},"hip":{"rotate":[{"time":0,"angle":0,"curve":"stepped"},{"time":2.4,"angle":0,"curve":"stepped"},{"time":4.8,"angle":0}],"translate":[{"time":0,"x":0,"y":0,"curve":"stepped"},{"time":2.4,"x":0,"y":0,"curve":"stepped"},{"time":4.8,"x":0,"y":0}],"scale":[{"time":0,"x":1,"y":1,"curve":"stepped"},{"time":2.4,"x":1,"y":1,"curve":"stepped"},{"time":4.8,"x":1,"y":1}]},"zqdw_tccd5":{"rotate":[{"time":0,"angle":0,"curve":"stepped"},{"time":2.3333,"angle":0,"curve":"stepped"},{"time":4.7333,"angle":0,"curve":"stepped"},{"time":4.8,"angle":0}],"translate":[{"time":0,"x":-0.96,"y":-66.9,"curve":[0.082,0.68,0.447,1]},{"time":2.3333,"x":-0.96,"y":0.52,"curve":[0.25,0,0.75,1]},{"time":4.7333,"x":-0.96,"y":-243.68,"curve":[0.25,0,0.75,1]},{"time":4.8,"x":-0.96,"y":0.52}],"scale":[{"time":0,"x":0.108,"y":0.108,"curve":[0.082,0.68,0.447,1]},{"time":2.3333,"x":1,"y":1,"curve":"stepped"},{"time":4.7333,"x":1,"y":1,"curve":"stepped"},{"time":4.8,"x":1,"y":1}]},"zqdw_tccd13":{"rotate":[{"time":0,"angle":0,"curve":"stepped"},{"time":1.6667,"angle":0,"curve":"stepped"},{"time":2.4,"angle":0,"curve":"stepped"},{"time":4.8,"angle":0}],"translate":[{"time":0,"x":1.29,"y":-67.03,"curve":[0.082,0.68,0.447,1]},{"time":1.6667,"x":1.29,"y":-395.37,"curve":[0.382,0.57,0.735,1]},{"time":2.4,"x":1.29,"y":0.39,"curve":"stepped"},{"time":4.8,"x":1.29,"y":0.39}],"scale":[{"time":0,"x":0.108,"y":0.108,"curve":[0.082,0.68,0.447,1]},{"time":1.6667,"x":1,"y":1,"curve":"stepped"},{"time":2.4,"x":1,"y":1,"curve":"stepped"},{"time":4.8,"x":1,"y":1}]},"zqdw_tccd15":{"rotate":[{"time":0,"angle":0,"curve":"stepped"},{"time":0.5,"angle":0,"curve":"stepped"},{"time":3,"angle":0,"curve":"stepped"},{"time":4.8,"angle":0}],"translate":[{"time":0,"x":-1.45,"y":-67.78,"curve":[0.082,0.68,0.447,1]},{"time":0.5,"x":-1.45,"y":-0.36,"curve":[0.25,0,0.75,1]},{"time":3,"x":-1.45,"y":-325.14,"curve":[0.25,0,0.75,1]},{"time":4.8,"x":-1.45,"y":-0.36}],"scale":[{"time":0,"x":0.108,"y":0.108,"curve":[0.082,0.68,0.447,1]},{"time":0.5,"x":1,"y":1,"curve":"stepped"},{"time":3,"x":1,"y":1,"curve":"stepped"},{"time":4.8,"x":1,"y":1}]},"zqdw_tccd7":{"rotate":[{"time":0,"angle":0,"curve":"stepped"},{"time":0.3333,"angle":0,"curve":"stepped"},{"time":1.5333,"angle":0,"curve":"stepped"},{"time":2.4,"angle":0,"curve":"stepped"},{"time":4.8,"angle":0}],"translate":[{"time":0,"x":0,"y":-67.42,"curve":[0.082,0.68,0.447,1]},{"time":0.3333,"x":0,"y":0,"curve":[0.25,0,0.75,1]},{"time":1.5333,"x":0,"y":-133.46,"curve":[0.25,0,0.75,1]},{"time":2.4,"x":0,"y":0,"curve":"stepped"},{"time":4.8,"x":0,"y":0}],"scale":[{"time":0,"x":0.108,"y":0.108,"curve":[0.082,0.68,0.447,1]},{"time":0.3333,"x":1,"y":1,"curve":[0.25,0,0.75,1]},{"time":1.5333,"x":0.75,"y":0.75,"curve":[0.25,0,0.75,1]},{"time":2.4,"x":1,"y":1,"curve":"stepped"},{"time":4.8,"x":1,"y":1}]},"zqdw_tccd10":{"rotate":[{"time":0,"angle":0,"curve":"stepped"},{"time":2.0667,"angle":0,"curve":"stepped"},{"time":4.4667,"angle":0,"curve":"stepped"},{"time":4.8,"angle":0}],"translate":[{"time":0,"x":0,"y":-82.44,"curve":[0.082,0.68,0.447,1]},{"time":2.0667,"x":0,"y":-202.99,"curve":[0.25,0,0.75,1]},{"time":4.4667,"x":0,"y":0,"curve":[0.25,0,0.75,1]},{"time":4.8,"x":0,"y":-15.02}],"scale":[{"time":0,"x":0.108,"y":0.108,"curve":[0.082,0.68,0.447,1]},{"time":2.0667,"x":1,"y":1,"curve":"stepped"},{"time":4.4667,"x":1,"y":1,"curve":"stepped"},{"time":4.8,"x":1,"y":1}]},"zqdw_tccd14":{"rotate":[{"time":0,"angle":0,"curve":"stepped"},{"time":0.3333,"angle":0,"curve":"stepped"},{"time":2.5,"angle":0,"curve":"stepped"},{"time":4.8,"angle":0}],"translate":[{"time":0,"x":1.29,"y":-67.03,"curve":[0.082,0.68,0.447,1]},{"time":0.3333,"x":1.29,"y":0.39,"curve":[0.25,0,0.75,1]},{"time":2.5,"x":1.29,"y":-177.92,"curve":[0.382,0.57,0.735,1]},{"time":4.8,"x":1.29,"y":0.39}],"scale":[{"time":0,"x":0.108,"y":0.108,"curve":[0.082,0.68,0.447,1]},{"time":0.3333,"x":1,"y":1,"curve":[0.25,0,0.75,1]},{"time":2.5,"x":1.36,"y":1.36,"curve":[0.25,0,0.75,1]},{"time":4.8,"x":1,"y":1}]},"zqdw_tccd12":{"rotate":[{"time":0,"angle":-30,"curve":[0.082,0.68,0.447,1]},{"time":2.4,"angle":-75,"curve":"stepped"},{"time":2.4333,"angle":0},{"time":4.8,"angle":-30}],"translate":[{"time":0,"x":2.36,"y":-89.81,"curve":[0.082,0.68,0.447,1]},{"time":2.4,"x":2.36,"y":-239.59,"curve":"stepped"},{"time":2.4333,"x":2.36,"y":123.44},{"time":4.8,"x":2.36,"y":-22.4}],"scale":[{"time":0,"x":0.108,"y":0.108,"curve":[0.082,0.68,0.447,1]},{"time":2.4,"x":1,"y":1,"curve":"stepped"},{"time":4.8,"x":1,"y":1}]},"zqdw_tccd1":{"rotate":[{"time":0,"angle":0,"curve":"stepped"},{"time":0.8,"angle":0,"curve":"stepped"},{"time":3.2,"angle":0,"curve":"stepped"},{"time":4.8,"angle":0}],"translate":[{"time":0,"x":-0.52,"y":-67.18,"curve":[0.082,0.68,0.447,1]},{"time":0.8,"x":-0.52,"y":0.24,"curve":[0.25,0,0.75,1]},{"time":3.2,"x":-0.52,"y":-228.42,"curve":[0.25,0,0.75,1]},{"time":4.8,"x":-0.52,"y":0.24}],"scale":[{"time":0,"x":0.108,"y":0.108,"curve":[0.082,0.68,0.447,1]},{"time":0.8,"x":1,"y":1,"curve":"stepped"},{"time":3.2,"x":1,"y":1,"curve":"stepped"},{"time":4.8,"x":1,"y":1}]},"zqdw_tccd4":{"rotate":[{"time":0,"angle":0,"curve":"stepped"},{"time":1.3333,"angle":0,"curve":"stepped"},{"time":4,"angle":0,"curve":"stepped"},{"time":4.8,"angle":0}],"translate":[{"time":0,"x":-1.34,"y":-135.92,"curve":[0.082,0.68,0.447,1]},{"time":1.3333,"x":-1.34,"y":-283.9,"curve":"stepped"},{"time":4,"x":-1.34,"y":0.13,"curve":[0.292,0,0.63,0.37]},{"time":4.8,"x":-1.34,"y":-68.5}],"scale":[{"time":0,"x":0.108,"y":0.108,"curve":[0.082,0.68,0.447,1]},{"time":1.3333,"x":1,"y":1,"curve":"stepped"},{"time":4,"x":1,"y":1,"curve":"stepped"},{"time":4.8,"x":1,"y":1}]},"zqdw_tccd6":{"rotate":[{"time":0,"angle":0,"curve":"stepped"},{"time":3.1333,"angle":0,"curve":"stepped"},{"time":4.7667,"angle":0,"curve":"stepped"},{"time":4.8,"angle":0}],"translate":[{"time":0,"x":-0.52,"y":-67.18,"curve":[0.082,0.68,0.447,1]},{"time":3.1333,"x":-0.52,"y":0.24,"curve":[0.25,0,0.75,1]},{"time":4.7667,"x":-0.52,"y":-149.66,"curve":[0.25,0,0.75,1]},{"time":4.8,"x":-0.52,"y":0.24}],"scale":[{"time":0,"x":0.108,"y":0.108,"curve":[0.082,0.68,0.447,1]},{"time":3.1333,"x":1,"y":1,"curve":"stepped"},{"time":4.7667,"x":1,"y":1,"curve":"stepped"},{"time":4.8,"x":1,"y":1}]},"zqdw_tccd2":{"rotate":[{"time":0,"angle":0,"curve":[0.082,0.68,0.447,1]},{"time":2.3667,"angle":-30,"curve":[0.25,0,0.75,1]},{"time":4.7667,"angle":-75,"curve":"stepped"},{"time":4.8,"angle":0}],"translate":[{"time":0,"x":2.36,"y":56.02},{"time":4.7667,"x":2.36,"y":-239.59,"curve":"stepped"},{"time":4.8,"x":2.36,"y":123.44}],"scale":[{"time":0,"x":0.108,"y":0.108,"curve":[0.082,0.68,0.447,1]},{"time":2.3667,"x":1,"y":1,"curve":"stepped"},{"time":4.7667,"x":1,"y":1}]},"zqdw_tccd9":{"rotate":[{"time":0,"angle":0,"curve":"stepped"},{"time":2.1333,"angle":0,"curve":"stepped"},{"time":4.1,"angle":0,"curve":"stepped"},{"time":4.8,"angle":0}],"translate":[{"time":0,"x":-2.51,"y":-107.6,"curve":[0.082,0.68,0.447,1]},{"time":2.1333,"x":-13.59,"y":-217.84,"curve":"stepped"},{"time":4.1,"x":0,"y":0,"curve":[0.276,0,0.621,0.4]},{"time":4.8,"x":-2.51,"y":-40.18}],"scale":[{"time":0,"x":0.108,"y":0.108,"curve":[0.082,0.68,0.447,1]},{"time":2.1333,"x":1,"y":1,"curve":"stepped"},{"time":4.1,"x":1,"y":1,"curve":"stepped"},{"time":4.8,"x":1,"y":1}]},"zqdw_tccd11":{"rotate":[{"time":0,"angle":0,"curve":[0.082,0.68,0.447,1]},{"time":2,"angle":133.1,"curve":[0.25,0,0.75,1]},{"time":2.4,"angle":0,"curve":"stepped"},{"time":4.8,"angle":0}],"translate":[{"time":0,"x":1.31,"y":-66.11,"curve":[0.082,0.68,0.447,1]},{"time":2,"x":1.31,"y":-246.66,"curve":[0.381,0.54,0.744,1]},{"time":2.4,"x":1.31,"y":1.31,"curve":"stepped"},{"time":4.8,"x":1.31,"y":1.31}],"scale":[{"time":0,"x":0.108,"y":0.108,"curve":[0.082,0.68,0.447,1]},{"time":2,"x":1,"y":1,"curve":"stepped"},{"time":2.4,"x":1,"y":1,"curve":"stepped"},{"time":4.8,"x":1,"y":1}]},"zqdw_tccd8":{"rotate":[{"time":0,"angle":0,"curve":"stepped"},{"time":1.4667,"angle":0,"curve":"stepped"},{"time":3.1333,"angle":0,"curve":"stepped"},{"time":4.8,"angle":0}],"translate":[{"time":0,"x":-1.45,"y":-67.78,"curve":[0.082,0.68,0.447,1]},{"time":1.4667,"x":-1.45,"y":-0.36,"curve":[0.25,0,0.75,1]},{"time":3.1333,"x":-1.45,"y":-224.92,"curve":[0.381,0.59,0.728,1]},{"time":4.8,"x":-1.45,"y":-0.36}],"scale":[{"time":0,"x":0.108,"y":0.108,"curve":[0.082,0.68,0.447,1]},{"time":1.4667,"x":1,"y":1,"curve":[0.25,0,0.75,1]},{"time":3.1333,"x":0.5,"y":0.5,"curve":[0.25,0,0.75,1]},{"time":4.8,"x":1,"y":1}]},"zqdw_tccd3":{"rotate":[{"time":0,"angle":0,"curve":"stepped"},{"time":1.3333,"angle":0,"curve":"stepped"},{"time":3,"angle":0,"curve":"stepped"},{"time":4.8,"angle":0}],"translate":[{"time":0,"x":1.29,"y":-67.03,"curve":[0.082,0.68,0.447,1]},{"time":1.3333,"x":1.29,"y":0.39,"curve":[0.25,0,0.75,1]},{"time":3,"x":1.29,"y":-229.12,"curve":[0.382,0.57,0.735,1]},{"time":4.8,"x":1.29,"y":0.39}],"scale":[{"time":0,"x":0.108,"y":0.108,"curve":[0.082,0.68,0.447,1]},{"time":1.3333,"x":1,"y":1,"curve":"stepped"},{"time":3,"x":1,"y":1,"curve":"stepped"},{"time":4.8,"x":1,"y":1}]},"zqdw_tcxd1":{"translate":[{"time":0.4333,"x":1.32,"y":-0.28},{"time":0.7,"x":-1.27,"y":0.27}],"scale":[{"time":0.4333,"x":0.99,"y":0.99},{"time":0.7,"x":1.01,"y":1.01}]},"zqdw_tcxd2":{"translate":[{"time":0.4333,"x":-0.74,"y":0.01},{"time":0.7,"x":0.71,"y":-0.01}],"scale":[{"time":0.4333,"x":0.99,"y":0.99},{"time":0.7,"x":1.01,"y":1.01}]},"zqdw_tcgq":{"scale":[{"time":0,"x":0,"y":0,"curve":[0.082,0.68,0.447,1]},{"time":0.8,"x":3,"y":3}]},"zqdw_tcksd":{"rotate":[{"time":0,"angle":0,"curve":[0.082,0.68,0.447,1]},{"time":1.2,"angle":140.74},{"time":4.8,"angle":0}],"translate":[{"time":0,"x":2.36,"y":56.02,"curve":[0.082,0.68,0.447,1]},{"time":1.2,"x":377.84,"y":-446.27},{"time":4.8,"x":2.36,"y":123.44}],"scale":[{"time":0,"x":1,"y":1}]},"zqdw_tcksd2":{"rotate":[{"time":0,"angle":0,"curve":[0.082,0.68,0.447,1]},{"time":0.8,"angle":-147.96},{"time":4.8,"angle":0}],"translate":[{"time":0,"x":2.36,"y":56.02,"curve":[0.082,0.68,0.447,1]},{"time":0.8,"x":225.33,"y":208.44},{"time":4.8,"x":2.36,"y":123.44}],"scale":[{"time":0,"x":1,"y":1}]},"zqdw_tcgq2":{"scale":[{"time":0,"x":0,"y":0,"curve":[0.082,0.68,0.447,1]},{"time":0.8,"x":12,"y":12}]},"zqdw_tcksd3":{"rotate":[{"time":0,"angle":0,"curve":[0.082,0.68,0.447,1]},{"time":0.8,"angle":-93.01},{"time":4.8,"angle":0}],"translate":[{"time":0,"x":-133.35,"y":102.61,"curve":[0.082,0.68,0.447,1]},{"time":0.8,"x":-539.78,"y":246.94},{"time":4.8,"x":2.36,"y":123.44}],"scale":[{"time":0,"x":1,"y":1}]},"zqdw_tcksd4":{"rotate":[{"time":0,"angle":0,"curve":[0.082,0.68,0.447,1]},{"time":0.8333,"angle":-188.95},{"time":4.8,"angle":0}],"translate":[{"time":0,"x":-73.2,"y":201.6,"curve":[0.082,0.68,0.447,1]},{"time":0.8333,"x":-111.77,"y":342.45},{"time":4.8,"x":2.36,"y":123.44}],"scale":[{"time":0,"x":1,"y":1}]},"zqdw_tcksd5":{"rotate":[{"time":0,"angle":0,"curve":[0.082,0.68,0.447,1]},{"time":0.8333,"angle":-188.95},{"time":4.8,"angle":0}],"translate":[{"time":0,"x":0,"y":0,"curve":[0.082,0.68,0.447,1]},{"time":0.8333,"x":-260.2,"y":-123.99},{"time":4.8,"x":2.36,"y":123.44}],"scale":[{"time":0,"x":1,"y":1}]},"zqdw_tcksd6":{"rotate":[{"time":0,"angle":0,"curve":[0.082,0.68,0.447,1]},{"time":0.5,"angle":-188.95},{"time":4.8,"angle":0}],"translate":[{"time":0,"x":0,"y":0,"curve":[0.082,0.68,0.447,1]},{"time":0.5,"x":-7.99,"y":-370.81},{"time":4.8,"x":2.36,"y":123.44}],"scale":[{"time":0,"x":1,"y":1}]},"zqdw_tcksd7":{"rotate":[{"time":0,"angle":0,"curve":[0.082,0.68,0.447,1]},{"time":0.8,"angle":-188.95},{"time":4.8,"angle":0}],"translate":[{"time":0,"x":0,"y":0,"curve":[0.082,0.68,0.447,1]},{"time":0.8,"x":343.83,"y":-114.62},{"time":4.8,"x":2.36,"y":123.44}],"scale":[{"time":0,"x":1,"y":1}]},"zqdw_tcksd8":{"rotate":[{"time":0,"angle":0,"curve":[0.082,0.68,0.447,1]},{"time":0.8,"angle":-188.95},{"time":4.8,"angle":0}],"translate":[{"time":0,"x":0,"y":0,"curve":[0.082,0.68,0.447,1]},{"time":0.8,"x":-258.49,"y":315.2},{"time":4.8,"x":2.36,"y":123.44}],"scale":[{"time":0,"x":1,"y":1}]},"zqdw_tcksd9":{"rotate":[{"time":0,"angle":0,"curve":[0.082,0.68,0.447,1]},{"time":1.2,"angle":-147.96},{"time":4.8,"angle":0}],"translate":[{"time":0,"x":2.36,"y":56.02,"curve":[0.082,0.68,0.447,1]},{"time":1.2,"x":-416.14,"y":11.31},{"time":4.8,"x":2.36,"y":123.44}],"scale":[{"time":0,"x":1,"y":1}]},"zqdw_tcksd10":{"rotate":[{"time":0,"angle":0,"curve":[0.082,0.68,0.447,1]},{"time":1.2,"angle":140.74},{"time":4.8,"angle":0}],"translate":[{"time":0,"x":2.36,"y":56.02,"curve":[0.082,0.68,0.447,1]},{"time":1.2,"x":287,"y":-301.78},{"time":4.8,"x":2.36,"y":123.44}],"scale":[{"time":0,"x":1,"y":1}]},"zqdw_tcksd11":{"rotate":[{"time":0,"angle":0,"curve":[0.082,0.68,0.447,1]},{"time":0.8,"angle":-147.96},{"time":4.8,"angle":0}],"translate":[{"time":0,"x":2.36,"y":56.02,"curve":[0.082,0.68,0.447,1]},{"time":0.8,"x":225.33,"y":208.44},{"time":4.8,"x":2.36,"y":123.44}],"scale":[{"time":0,"x":1,"y":1}]},"zqdw_tcksd12":{"rotate":[{"time":0,"angle":0,"curve":[0.082,0.68,0.447,1]},{"time":0.8,"angle":-93.01},{"time":4.8,"angle":0}],"translate":[{"time":0,"x":-15.43,"y":11.02,"curve":[0.082,0.68,0.447,1]},{"time":0.8,"x":-223.61,"y":131.24},{"time":4.8,"x":2.36,"y":123.44}],"scale":[{"time":0,"x":1,"y":1}]},"zqdw_tcksd13":{"rotate":[{"time":0,"angle":0,"curve":[0.082,0.68,0.447,1]},{"time":0.8333,"angle":-188.95},{"time":4.8,"angle":0}],"translate":[{"time":0,"x":-22.78,"y":63.07,"curve":[0.082,0.68,0.447,1]},{"time":0.8333,"x":-2.52,"y":215.57},{"time":4.8,"x":2.36,"y":123.44}],"scale":[{"time":0,"x":1,"y":1}]},"zqdw_tcksd14":{"rotate":[{"time":0,"angle":0,"curve":[0.082,0.68,0.447,1]},{"time":0.8333,"angle":-188.95},{"time":4.8,"angle":0}],"translate":[{"time":0,"x":0,"y":0,"curve":[0.082,0.68,0.447,1]},{"time":0.8333,"x":-260.2,"y":-123.99},{"time":4.8,"x":2.36,"y":123.44}],"scale":[{"time":0,"x":1,"y":1}]},"zqdw_tcksd15":{"rotate":[{"time":0,"angle":0,"curve":[0.082,0.68,0.447,1]},{"time":0.5,"angle":-188.95},{"time":4.8,"angle":0}],"translate":[{"time":0,"x":0,"y":0,"curve":[0.082,0.68,0.447,1]},{"time":0.5,"x":-129.72,"y":-197.48},{"time":4.8,"x":2.36,"y":123.44}],"scale":[{"time":0,"x":1,"y":1}]},"zqdw_tcksd16":{"rotate":[{"time":0,"angle":0,"curve":[0.082,0.68,0.447,1]},{"time":0.8,"angle":-188.95},{"time":4.8,"angle":0}],"translate":[{"time":0,"x":-1.2,"y":0.2,"curve":[0.082,0.68,0.447,1]},{"time":0.8,"x":262.78,"y":28.46},{"time":4.8,"x":2.36,"y":123.44}],"scale":[{"time":0,"x":1,"y":1}]},"zqdw_tcksd17":{"rotate":[{"time":0,"angle":0,"curve":[0.082,0.68,0.447,1]},{"time":0.8,"angle":-188.95},{"time":4.8,"angle":0}],"translate":[{"time":0,"x":0,"y":0,"curve":[0.082,0.68,0.447,1]},{"time":0.8,"x":-258.49,"y":315.2},{"time":4.8,"x":2.36,"y":123.44}],"scale":[{"time":0,"x":1,"y":1}]},"zqdw_tcksd18":{"rotate":[{"time":0,"angle":0,"curve":[0.082,0.68,0.447,1]},{"time":1.2,"angle":-147.96},{"time":4.8,"angle":0}],"translate":[{"time":0,"x":2.36,"y":56.02,"curve":[0.082,0.68,0.447,1]},{"time":1.2,"x":-416.14,"y":11.31},{"time":4.8,"x":2.36,"y":123.44}],"scale":[{"time":0,"x":1,"y":1}]},"zqdw_tcksd19":{"rotate":[{"time":0,"angle":0,"curve":[0.082,0.68,0.447,1]},{"time":1.2,"angle":140.74},{"time":4.8,"angle":0}],"translate":[{"time":0,"x":2.36,"y":56.02,"curve":[0.082,0.68,0.447,1]},{"time":1.2,"x":13.18,"y":346.4},{"time":4.8,"x":2.36,"y":123.44}],"scale":[{"time":0,"x":1,"y":1}]},"zqdw_tcggt":{"scale":[{"time":0,"x":0,"y":0,"curve":[0.082,0.68,0.447,1]},{"time":1.2,"x":1,"y":1}]},"zqdw_tcggt2":{"scale":[{"time":0,"x":0,"y":0,"curve":"stepped"},{"time":0.0333,"x":0,"y":0,"curve":[0.082,0.68,0.447,1]},{"time":0.6,"x":2,"y":8}]},"zqdw_tcxd3":{"translate":[{"time":0.4333,"x":-0.74,"y":0.01,"curve":[0.25,0,0.75,1]},{"time":0.7,"x":0.71,"y":-0.01}],"scale":[{"time":0.4333,"x":0.99,"y":0.99,"curve":[0.25,0,0.75,1]},{"time":0.7,"x":1.01,"y":1.01}]},"zqdw_tcxd4":{"translate":[{"time":0.4333,"x":-0.74,"y":0.01,"curve":[0.25,0,0.75,1]},{"time":0.7,"x":0.71,"y":-0.01}],"scale":[{"time":0.4333,"x":0.99,"y":0.99,"curve":[0.25,0,0.75,1]},{"time":0.7,"x":1.01,"y":1.01}]},"zqdw_tcxd5":{"translate":[{"time":0.4333,"x":-0.74,"y":0.01,"curve":[0.25,0,0.75,1]},{"time":0.7,"x":0.71,"y":-0.01}],"scale":[{"time":0.4333,"x":0.99,"y":0.99,"curve":[0.25,0,0.75,1]},{"time":0.7,"x":1.01,"y":1.01}]},"qtdd_gxhdqd":{"rotate":[{"time":0,"angle":0,"curve":"stepped"},{"time":2.4,"angle":0,"curve":"stepped"},{"time":4.8,"angle":0}],"translate":[{"time":0,"x":0,"y":0,"curve":"stepped"},{"time":2.4,"x":0,"y":0,"curve":"stepped"},{"time":4.8,"x":0,"y":0}],"scale":[{"time":0,"x":1,"y":1,"curve":[0.313,0,0.647,0.35]},{"time":0.1,"x":0.5,"y":0.5,"curve":[0.311,0.8,0.582,1]},{"time":0.2667,"x":1.05,"y":1.05,"curve":[0.25,0,0.75,1]},{"time":0.4667,"x":0.99,"y":0.99,"curve":[0.25,0,0.75,1]},{"time":0.7,"x":1,"y":1,"curve":"stepped"},{"time":2.4,"x":1,"y":1,"curve":"stepped"},{"time":4.8,"x":1,"y":1}]}}}}}