{"skeleton":{"hash":"mvQzyePOZzS6NsxShcnY6qUylxM","spine":"3.6.37","width":0,"height":0,"images":"./images/"},"bones":[{"name":"root"},{"name":"other","parent":"root","color":"000000ff"},{"name":"sg1","parent":"other","rotation":-0.05,"x":-0.18,"y":-0.14,"scaleX":4,"scaleY":4}],"slots":[{"name":"sg1","bone":"sg1","color":"ffffffa7","blend":"additive"}],"skins":{"default":{"sg1":{"7qdlj_sg1/7qdlj_sg1_00":{"width":64,"height":20},"7qdlj_sg1/7qdlj_sg1_01":{"width":64,"height":20},"7qdlj_sg1/7qdlj_sg1_02":{"width":64,"height":20},"7qdlj_sg1/7qdlj_sg1_03":{"width":64,"height":20},"7qdlj_sg1/7qdlj_sg1_04":{"width":64,"height":20},"7qdlj_sg1/7qdlj_sg1_05":{"width":64,"height":20},"7qdlj_sg1/7qdlj_sg1_06":{"width":64,"height":20},"7qdlj_sg1/7qdlj_sg1_07":{"width":64,"height":20},"7qdlj_sg1/7qdlj_sg1_08":{"width":64,"height":20},"7qdlj_sg1/7qdlj_sg1_09":{"width":64,"height":20},"7qdlj_sg1/7qdlj_sg1_10":{"width":64,"height":20},"7qdlj_sg1/7qdlj_sg1_11":{"width":64,"height":20},"7qdlj_sg1/7qdlj_sg1_12":{"width":64,"height":20},"7qdlj_sg1/7qdlj_sg1_13":{"width":64,"height":20},"7qdlj_sg1/7qdlj_sg1_14":{"width":64,"height":20},"7qdlj_sg1/7qdlj_sg1_15":{"width":64,"height":20},"7qdlj_sg1/7qdlj_sg1_16":{"width":64,"height":20},"7qdlj_sg1/7qdlj_sg1_17":{"width":64,"height":20},"7qdlj_sg1/7qdlj_sg1_18":{"width":64,"height":20},"7qdlj_sg1/7qdlj_sg1_19":{"width":64,"height":20},"7qdlj_sg1/7qdlj_sg1_20":{"width":64,"height":20},"7qdlj_sg1/7qdlj_sg1_21":{"width":64,"height":20},"7qdlj_sg1/7qdlj_sg1_22":{"width":64,"height":20},"7qdlj_sg1/7qdlj_sg1_23":{"width":64,"height":20},"7qdlj_sg1/7qdlj_sg1_24":{"width":64,"height":20},"7qdlj_sg1/7qdlj_sg1_25":{"width":64,"height":20},"7qdlj_sg1/7qdlj_sg1_26":{"width":64,"height":20},"7qdlj_sg1/7qdlj_sg1_27":{"width":64,"height":20},"7qdlj_sg1/7qdlj_sg1_28":{"width":64,"height":20},"7qdlj_sg1/7qdlj_sg1_29":{"width":64,"height":20},"7qdlj_sg1/7qdlj_sg1_30":{"width":64,"height":20},"7qdlj_sg1/7qdlj_sg1_31":{"width":64,"height":20},"7qdlj_sg1/7qdlj_sg1_32":{"width":64,"height":20},"7qdlj_sg1/7qdlj_sg1_33":{"width":64,"height":20},"7qdlj_sg1/7qdlj_sg1_34":{"width":64,"height":20},"7qdlj_sg1/7qdlj_sg1_35":{"width":64,"height":20}}}},"animations":{"animation":{"slots":{"sg1":{"attachment":[{"time":0,"name":"7qdlj_sg1/7qdlj_sg1_00"},{"time":0.0667,"name":"7qdlj_sg1/7qdlj_sg1_01"},{"time":0.1333,"name":"7qdlj_sg1/7qdlj_sg1_02"},{"time":0.2,"name":"7qdlj_sg1/7qdlj_sg1_03"},{"time":0.2667,"name":"7qdlj_sg1/7qdlj_sg1_04"},{"time":0.3333,"name":"7qdlj_sg1/7qdlj_sg1_05"},{"time":0.4,"name":"7qdlj_sg1/7qdlj_sg1_06"},{"time":0.4667,"name":"7qdlj_sg1/7qdlj_sg1_07"},{"time":0.5333,"name":"7qdlj_sg1/7qdlj_sg1_08"},{"time":0.6,"name":"7qdlj_sg1/7qdlj_sg1_09"},{"time":0.6667,"name":"7qdlj_sg1/7qdlj_sg1_10"},{"time":0.7333,"name":"7qdlj_sg1/7qdlj_sg1_11"},{"time":0.8,"name":"7qdlj_sg1/7qdlj_sg1_12"},{"time":0.8667,"name":"7qdlj_sg1/7qdlj_sg1_13"},{"time":0.9333,"name":"7qdlj_sg1/7qdlj_sg1_14"},{"time":1,"name":"7qdlj_sg1/7qdlj_sg1_15"},{"time":1.0667,"name":"7qdlj_sg1/7qdlj_sg1_16"},{"time":1.1333,"name":"7qdlj_sg1/7qdlj_sg1_17"},{"time":1.2,"name":"7qdlj_sg1/7qdlj_sg1_18"},{"time":1.2667,"name":"7qdlj_sg1/7qdlj_sg1_19"},{"time":1.3333,"name":"7qdlj_sg1/7qdlj_sg1_20"},{"time":1.4,"name":"7qdlj_sg1/7qdlj_sg1_21"},{"time":1.4667,"name":"7qdlj_sg1/7qdlj_sg1_22"},{"time":1.5333,"name":"7qdlj_sg1/7qdlj_sg1_23"},{"time":1.6,"name":"7qdlj_sg1/7qdlj_sg1_24"},{"time":1.6667,"name":"7qdlj_sg1/7qdlj_sg1_25"},{"time":1.7333,"name":"7qdlj_sg1/7qdlj_sg1_26"},{"time":1.8,"name":"7qdlj_sg1/7qdlj_sg1_27"},{"time":1.8667,"name":"7qdlj_sg1/7qdlj_sg1_28"},{"time":1.9333,"name":"7qdlj_sg1/7qdlj_sg1_29"},{"time":2,"name":"7qdlj_sg1/7qdlj_sg1_30"},{"time":2.0667,"name":"7qdlj_sg1/7qdlj_sg1_31"},{"time":2.1333,"name":"7qdlj_sg1/7qdlj_sg1_32"},{"time":2.2,"name":"7qdlj_sg1/7qdlj_sg1_33"},{"time":2.2667,"name":"7qdlj_sg1/7qdlj_sg1_34"},{"time":2.3333,"name":"7qdlj_sg1/7qdlj_sg1_35"},{"time":2.4,"name":"7qdlj_sg1/7qdlj_sg1_00"},{"time":3,"name":"7qdlj_sg1/7qdlj_sg1_00"}]}}}}}