{"skeleton":{"hash":"ICiUOpE7PA7csscPp20EBKMWFac","spine":"3.6.37","width":1336,"height":757.63,"images":"./images/"},"bones":[{"name":"root"},{"name":"zqhd_ymzq_yb","parent":"root","x":-0.03,"y":-1.33},{"name":"bone1","parent":"zqhd_ymzq_yb","length":7.69,"x":-2.85,"y":11.98},{"name":"zqhd_ymzq_xg1","parent":"root","rotation":17.16,"x":-14.29,"y":24.3,"color":"ffd73dff"},{"name":"zqhd_ymzq_xg2","parent":"root","rotation":-28.27,"x":-45.13,"y":-19.86,"color":"ffd73dff"},{"name":"zqhd_ymzq_xg3","parent":"root","x":1.02,"y":-9.76,"color":"ffd73dff"},{"name":"zqhd_ymzq_xg4","parent":"root","rotation":32.26,"x":44.99,"y":-16.59,"color":"ffd73dff"},{"name":"zqhd_ymzq_yz","parent":"root","x":3.46,"y":1.88},{"name":"zqhd_ymzq_zi","parent":"root","x":2.9,"y":-17.46},{"name":"zqhd_ymzq_zisg","parent":"root","y":-16.87,"scaleX":2,"scaleY":2}],"slots":[{"name":"db","bone":"root"},{"name":"zqhd_ymzq_yz","bone":"zqhd_ymzq_yz","attachment":"zqhd_ymzq_yz"},{"name":"zqhd_ymzq_yb","bone":"zqhd_ymzq_yb","attachment":"zqhd_ymzq_yb"},{"name":"zqhd_ymzq_zi","bone":"zqhd_ymzq_zi","attachment":"zqhd_ymzq_zi"},{"name":"zqhd_ymzq_xg4","bone":"zqhd_ymzq_xg4","attachment":"zqhd_ymzq_xg1","blend":"additive"},{"name":"zqhd_ymzq_xg3","bone":"zqhd_ymzq_xg3","attachment":"zqhd_ymzq_xg1","blend":"additive"},{"name":"zqhd_ymzq_xg2","bone":"zqhd_ymzq_xg2","attachment":"zqhd_ymzq_xg1","blend":"additive"},{"name":"zqhd_ymzq_xg1","bone":"zqhd_ymzq_xg1","attachment":"zqhd_ymzq_xg1","blend":"additive"},{"name":"sg","bone":"zqhd_ymzq_zisg","color":"ffffff87","attachment":"sg/zqhd_ymzq_zisg_00","blend":"additive"}],"skins":{"default":{"sg":{"sg/zqhd_ymzq_zisg_00":{"width":53,"height":22},"sg/zqhd_ymzq_zisg_01":{"width":53,"height":22},"sg/zqhd_ymzq_zisg_02":{"width":53,"height":22},"sg/zqhd_ymzq_zisg_04":{"width":53,"height":22},"sg/zqhd_ymzq_zisg_05":{"width":53,"height":22},"sg/zqhd_ymzq_zisg_06":{"width":53,"height":22},"sg/zqhd_ymzq_zisg_07":{"width":53,"height":22},"sg/zqhd_ymzq_zisg_08":{"width":53,"height":22},"sg/zqhd_ymzq_zisg_09":{"width":53,"height":22},"sg/zqhd_ymzq_zisg_10":{"width":53,"height":22},"sg/zqhd_ymzq_zisg_11":{"width":53,"height":22},"sg/zqhd_ymzq_zisg_12":{"width":53,"height":22},"sg/zqhd_ymzq_zisg_13":{"width":53,"height":22},"sg/zqhd_ymzq_zisg_14":{"width":53,"height":22},"sg/zqhd_ymzq_zisg_15":{"width":53,"height":22},"sg/zqhd_ymzq_zisg_16":{"width":53,"height":22},"sg/zqhd_ymzq_zisg_17":{"width":53,"height":22},"sg/zqhd_ymzq_zisg_18":{"width":53,"height":22},"sg/zqhd_ymzq_zisg_19":{"width":53,"height":22},"sg/zqhd_ymzq_zisg_20":{"width":53,"height":22},"sg/zqhd_ymzq_zisg_21":{"width":53,"height":22},"sg/zqhd_ymzq_zisg_22":{"width":53,"height":22},"sg/zqhd_ymzq_zisg_23":{"width":53,"height":22},"sg/zqhd_ymzq_zisg_24":{"width":53,"height":22},"sg/zqhd_ymzq_zisg_25":{"width":53,"height":22},"sg/zqhd_ymzq_zisg_26":{"width":53,"height":22},"sg/zqhd_ymzq_zisg_27":{"width":53,"height":22},"sg/zqhd_ymzq_zisg_28":{"width":53,"height":22},"sg/zqhd_ymzq_zisg_29":{"width":53,"height":22},"sg/zqhd_ymzq_zisg_30":{"width":53,"height":22},"sg/zqhd_ymzq_zisg_31":{"width":53,"height":22},"sg/zqhd_ymzq_zisg_32":{"width":53,"height":22},"sg/zqhd_ymzq_zisg_33":{"width":53,"height":22},"sg/zqhd_ymzq_zisg_34":{"width":53,"height":22},"sg/zqhd_ymzq_zisg_35":{"width":53,"height":22}},"zqhd_ymzq_xg1":{"zqhd_ymzq_xg1":{"x":-0.44,"y":0.04,"width":36,"height":36}},"zqhd_ymzq_xg2":{"zqhd_ymzq_xg1":{"x":-0.36,"y":-0.05,"width":36,"height":36}},"zqhd_ymzq_xg3":{"zqhd_ymzq_xg1":{"x":-0.52,"y":-0.14,"width":36,"height":36}},"zqhd_ymzq_xg4":{"zqhd_ymzq_xg1":{"x":-0.48,"y":-0.32,"width":36,"height":36}},"zqhd_ymzq_yb":{"zqhd_ymzq_yb":{"type":"mesh","uvs":[0.93205,0.2325,1,0.67723,0.73332,0.93041,0.44066,1,0.26034,0.9531,0.16843,0.92919,0.10437,0.72778,0,0.51214,0.04807,0.30338,0.21047,0.12227,0.32231,0.07021,0.47313,0,0.73323,0.00918,0.35444,0.74907,0.63635,0.7053,0.85959,0.48045,0.42747,0.28815,0.39585,0.48776,0.69932,0.25816,0.66636,0.4835,0.22554,0.29626,0.18514,0.50074,0.18778,0.73488],"triangles":[15,0,1,18,11,12,16,10,11,16,11,18,20,9,10,20,10,16,8,9,20,15,18,0,19,16,18,19,18,15,17,20,16,17,16,19,21,8,20,21,20,17,7,8,21,14,17,19,14,19,15,6,7,21,13,22,21,17,13,21,6,21,22,14,13,17,1,2,14,1,14,15,4,22,13,3,13,14,3,14,2,4,13,3,5,6,22,5,22,4,18,12,0],"vertices":[2,1,25.35,22.65,0.308,2,28.2,10.67,0.692,2,1,29.29,-1.81,0.824,2,32.14,-13.79,0.176,2,1,13.82,-15.74,0.25,2,16.67,-27.72,0.75,2,1,-3.15,-19.57,0.25,2,-0.3,-31.54,0.75,2,1,-13.61,-16.99,0.58251,2,-10.76,-28.96,0.41749,2,1,-18.94,-15.67,0.752,2,-16.09,-27.65,0.248,2,1,-22.66,-4.59,0.584,2,-19.81,-16.57,0.416,2,1,-28.71,7.27,0.192,2,-25.86,-4.71,0.808,2,1,-25.92,18.75,0.204,2,-23.07,6.77,0.796,2,1,-16.5,28.71,0.34,2,-13.66,16.73,0.66,2,1,-10.01,31.57,0.41835,2,-7.17,19.6,0.58165,2,1,-1.27,35.43,0.524,2,1.58,23.46,0.476,2,1,13.82,34.93,0.244,2,16.67,22.95,0.756,1,2,-5.3,-17.74,1,1,2,11.05,-15.33,1,1,2,23.99,-2.97,1,1,2,-1.07,7.61,1,1,2,-2.9,-3.37,1,1,2,14.7,9.26,1,1,2,12.79,-3.13,1,2,1,-15.63,19.14,0.1714,2,-12.78,7.16,0.8286,1,2,-15.12,-4.08,1,2,1,-17.82,-4.99,0.008,2,-14.97,-16.96,0.992],"hull":13,"edges":[14,12,26,28,28,30,26,6,28,4,4,6,4,2,12,10,14,16,22,24,0,30,24,0,0,2,16,18,22,32,26,34,34,32,0,36,36,32,24,36,30,38,38,34,36,38,38,28,18,20,20,22,16,40,40,32,20,40,14,42,42,34,40,42,12,44,44,26,42,44,6,8,8,10,44,8],"width":58,"height":55}},"zqhd_ymzq_yz":{"zqhd_ymzq_yz":{"x":-4.46,"y":1.71,"width":92,"height":47}},"zqhd_ymzq_zi":{"zqhd_ymzq_zi":{"x":-2.89,"y":1.05,"width":106,"height":43}}}},"animations":{"animation":{"slots":{"sg":{"attachment":[{"time":0,"name":"sg/zqhd_ymzq_zisg_00"},{"time":0.0667,"name":"sg/zqhd_ymzq_zisg_01"},{"time":0.1333,"name":"sg/zqhd_ymzq_zisg_02"},{"time":0.2,"name":"sg/zqhd_ymzq_zisg_04"},{"time":0.2667,"name":"sg/zqhd_ymzq_zisg_05"},{"time":0.3333,"name":"sg/zqhd_ymzq_zisg_06"},{"time":0.4,"name":"sg/zqhd_ymzq_zisg_07"},{"time":0.4667,"name":"sg/zqhd_ymzq_zisg_08"},{"time":0.5333,"name":"sg/zqhd_ymzq_zisg_09"},{"time":0.6333,"name":"sg/zqhd_ymzq_zisg_10"},{"time":0.7,"name":"sg/zqhd_ymzq_zisg_11"},{"time":0.7667,"name":"sg/zqhd_ymzq_zisg_12"},{"time":0.8333,"name":"sg/zqhd_ymzq_zisg_13"},{"time":0.9,"name":"sg/zqhd_ymzq_zisg_14"},{"time":0.9667,"name":"sg/zqhd_ymzq_zisg_15"},{"time":1.0333,"name":"sg/zqhd_ymzq_zisg_16"},{"time":1.1,"name":"sg/zqhd_ymzq_zisg_17"},{"time":1.1667,"name":"sg/zqhd_ymzq_zisg_18"},{"time":1.2333,"name":"sg/zqhd_ymzq_zisg_19"},{"time":1.3,"name":"sg/zqhd_ymzq_zisg_20"},{"time":1.3667,"name":"sg/zqhd_ymzq_zisg_21"},{"time":1.4333,"name":"sg/zqhd_ymzq_zisg_22"},{"time":1.5,"name":"sg/zqhd_ymzq_zisg_23"},{"time":1.5667,"name":"sg/zqhd_ymzq_zisg_24"},{"time":1.6333,"name":"sg/zqhd_ymzq_zisg_25"},{"time":1.7,"name":"sg/zqhd_ymzq_zisg_26"},{"time":1.7667,"name":"sg/zqhd_ymzq_zisg_27"},{"time":1.8667,"name":"sg/zqhd_ymzq_zisg_28"},{"time":1.9333,"name":"sg/zqhd_ymzq_zisg_29"},{"time":2,"name":"sg/zqhd_ymzq_zisg_30"},{"time":2.0667,"name":"sg/zqhd_ymzq_zisg_31"},{"time":2.1333,"name":"sg/zqhd_ymzq_zisg_32"},{"time":2.2,"name":"sg/zqhd_ymzq_zisg_33"},{"time":2.2667,"name":"sg/zqhd_ymzq_zisg_34"},{"time":2.3333,"name":"sg/zqhd_ymzq_zisg_35"},{"time":2.4,"name":"sg/zqhd_ymzq_zisg_00"}]},"zqhd_ymzq_xg1":{"color":[{"time":0,"color":"ffffff00","curve":[0.25,0,0.75,1]},{"time":1.1667,"color":"fffffffe","curve":[0.25,0,0.75,1]},{"time":2.4,"color":"ffffff00"}]},"zqhd_ymzq_xg2":{"color":[{"time":0,"color":"ffffff00","curve":"stepped"},{"time":0.0333,"color":"ffffff00","curve":[0.233,0.62,0.616,0.98]},{"time":0.7,"color":"fffffffe","curve":[0.233,0.62,0.616,0.98]},{"time":1.3667,"color":"ffffff00","curve":"stepped"},{"time":2.4,"color":"ffffff00"}]},"zqhd_ymzq_xg3":{"color":[{"time":0,"color":"ffffff00","curve":"stepped"},{"time":0.2667,"color":"ffffff00","curve":[0.233,0.62,0.616,0.98]},{"time":0.9333,"color":"fffffffe","curve":[0.233,0.62,0.616,0.98]},{"time":1.6,"color":"ffffff00","curve":"stepped"},{"time":2.4,"color":"ffffff00"}]},"zqhd_ymzq_xg4":{"color":[{"time":0,"color":"ffffff00","curve":"stepped"},{"time":1.0333,"color":"ffffff00","curve":[0.233,0.62,0.616,0.98]},{"time":1.7,"color":"fffffffe","curve":[0.233,0.62,0.616,0.98]},{"time":2.3667,"color":"ffffff00","curve":"stepped"},{"time":2.4,"color":"ffffff00"}]}},"bones":{"zqhd_ymzq_xg1":{"rotate":[{"time":0,"angle":0,"curve":[0.25,0,0.75,1]},{"time":2.4,"angle":-90.85}],"translate":[{"time":0,"x":0,"y":0,"curve":"stepped"},{"time":2.4,"x":0,"y":0}],"scale":[{"time":0,"x":0,"y":0,"curve":[0.25,0,0.75,1]},{"time":2.4,"x":1.2,"y":1.2}]},"zqhd_ymzq_xg2":{"rotate":[{"time":0,"angle":-90.85,"curve":[0.25,0,0.75,1]},{"time":0.0333,"angle":0,"curve":[0.233,0.62,0.616,0.98]},{"time":1.3667,"angle":-90.85,"curve":"stepped"},{"time":2.4,"angle":-90.85}],"scale":[{"time":0,"x":1,"y":1,"curve":[0.25,0,0.75,1]},{"time":0.0333,"x":0,"y":0,"curve":[0.233,0.62,0.616,0.98]},{"time":1.3667,"x":1,"y":1,"curve":"stepped"},{"time":2.4,"x":1,"y":1}]},"zqhd_ymzq_xg3":{"rotate":[{"time":0,"angle":0,"curve":"stepped"},{"time":0.2667,"angle":0,"curve":[0.233,0.62,0.616,0.98]},{"time":1.6,"angle":-90.85,"curve":"stepped"},{"time":2.4,"angle":-90.85}],"scale":[{"time":0,"x":0,"y":0,"curve":"stepped"},{"time":0.2667,"x":0,"y":0,"curve":[0.233,0.62,0.616,0.98]},{"time":1.6,"x":1,"y":1,"curve":"stepped"},{"time":2.4,"x":1,"y":1}]},"zqhd_ymzq_xg4":{"rotate":[{"time":0,"angle":0,"curve":"stepped"},{"time":1.0333,"angle":0,"curve":[0.233,0.62,0.616,0.98]},{"time":2.3667,"angle":-90.85,"curve":[0.25,0,0.75,1]},{"time":2.4,"angle":0}],"scale":[{"time":0,"x":0,"y":0,"curve":"stepped"},{"time":1.0333,"x":0,"y":0,"curve":[0.233,0.62,0.616,0.98]},{"time":2.3667,"x":1,"y":1,"curve":[0.25,0,0.75,1]},{"time":2.4,"x":0,"y":0}]},"zqhd_ymzq_yz":{"rotate":[{"time":0,"angle":0,"curve":[0.25,0,0.75,1]},{"time":1.2,"angle":-1.45,"curve":[0.25,0,0.75,1]},{"time":2.4,"angle":0}],"shear":[{"time":0,"x":0,"y":0.79,"curve":[0.367,0.63,0.704,1]},{"time":0.1667,"x":0,"y":0,"curve":[0.25,0,0.75,1]},{"time":1.3667,"x":0,"y":4.72,"curve":[0.244,0,0.698,0.78]},{"time":2.4,"x":0,"y":0.79}]},"zqhd_ymzq_yb":{"translate":[{"time":0,"x":-0.33,"y":0.1,"curve":[0.25,0,0.75,1]},{"time":0.2,"x":0,"y":0,"curve":[0.25,0,0.75,1]},{"time":1.4,"x":-3.41,"y":1,"curve":[0.25,0,0.75,1]},{"time":2.4,"x":-0.33,"y":0.1}],"scale":[{"time":0,"x":1,"y":0.97,"curve":[0.25,0,0.75,1]},{"time":0.4,"x":1,"y":1,"curve":[0.25,0,0.75,1]},{"time":1.6,"x":1,"y":0.895,"curve":[0.25,0,0.75,1]},{"time":2.4,"x":1,"y":0.97}]},"bone1":{"translate":[{"time":0,"x":0.37,"y":0.22,"curve":[0.25,0,0.75,1]},{"time":0.2,"x":0,"y":0,"curve":[0.25,0,0.75,1]},{"time":1.4,"x":3.83,"y":2.24,"curve":[0.25,0,0.75,1]},{"time":2.4,"x":0.37,"y":0.22}]}},"deform":{"default":{"zqhd_ymzq_yb":{"zqhd_ymzq_yb":[{"time":0,"offset":1,"vertices":[-0.15533,0,-0.15533,0,0,0,0,0.63266,0,0.63266,0,0.63266,0,0.63266,0,0.63266,0,0.63266,0,0,0,0,0,0,0.362,0,0.362,0,0.12546,0,0.12546,0,-0.08726,0,-0.08726,0,-0.26658,0,-0.26658,0,-0.3165,0,-0.3165,0,-0.38381,0,-0.38381,0,-0.38607,0,-0.38607,0.63266,0.35945,0.63266,0.31476,0.63266,0.08511,0.34066,-0.1113,0.63266,0.09257,0.34066,-0.14193,0.63266,0.08822,0.34066,-0.09589,0.34066,-0.09589,0.63266,0.10583,0.63266,0.3453,0.63266,0.3453],"curve":[0.25,0,0.75,1]},{"time":0.6,"curve":[0.25,0,0.75,1]},{"time":1.8,"offset":1,"vertices":[-0.4245,0,-0.4245,0,0,0,0,1.72899,0,1.72899,0,1.72899,0,1.72899,0,1.72899,0,1.72899,0,0,0,0,0,0,0.98932,0,0.98932,0,0.34287,0,0.34287,0,-0.23846,0,-0.23846,0,-0.72853,0,-0.72853,0,-0.86495,0,-0.86495,0,-1.0489,0,-1.0489,0,-1.0551,0,-1.0551,1.72899,0.98235,1.72899,0.8602,1.72899,0.23258,0.931,-0.30418,1.72899,0.25299,0.931,-0.38787,1.72899,0.24109,0.931,-0.26206,0.931,-0.26206,1.72899,0.28921,1.72899,0.94366,1.72899,0.94366],"curve":[0.25,0,0.75,1]},{"time":2.4,"offset":1,"vertices":[-0.15533,0,-0.15533,0,0,0,0,0.63266,0,0.63266,0,0.63266,0,0.63266,0,0.63266,0,0.63266,0,0,0,0,0,0,0.362,0,0.362,0,0.12546,0,0.12546,0,-0.08726,0,-0.08726,0,-0.26658,0,-0.26658,0,-0.3165,0,-0.3165,0,-0.38381,0,-0.38381,0,-0.38607,0,-0.38607,0.63266,0.35945,0.63266,0.31476,0.63266,0.08511,0.34066,-0.1113,0.63266,0.09257,0.34066,-0.14193,0.63266,0.08822,0.34066,-0.09589,0.34066,-0.09589,0.63266,0.10583,0.63266,0.3453,0.63266,0.3453]}]}}}}}}