{"skeleton":{"hash":"Me81RnaM6FsE0EFHmLtQaS1Xwco","spine":"3.6.37","width":0,"height":0,"images":"./images/"},"bones":[{"name":"root"},{"name":"hip","parent":"root","color":"ff0000ff"},{"name":"gy","parent":"hip","x":-831.34,"y":355.6,"scaleX":4.4,"scaleY":4.4,"color":"ff0000ff"},{"name":"liufeng","parent":"hip","scaleX":16,"scaleY":16,"color":"ff0000ff"},{"name":"xxg","parent":"hip","x":-636.26,"y":-296.71,"color":"8367ffff"},{"name":"xxg2","parent":"hip","rotation":-40.04,"x":38.92,"y":-309.55,"color":"8367ffff"},{"name":"zqdw_gs","parent":"hip","rotation":49.73,"x":-816.24,"y":366.89,"scaleY":1.5,"color":"ff0000ff"},{"name":"zqdw_gs2","parent":"hip","rotation":31.77,"x":-818.51,"y":326.08,"scaleX":1.191,"scaleY":1.317,"color":"ff0000ff"},{"name":"zqdw_gs3","parent":"hip","rotation":72.58,"x":-818.51,"y":430.37,"scaleX":0.719,"scaleY":1.5,"color":"ff0000ff"},{"name":"zqdw_xx6","parent":"xxg","rotation":-22.8,"x":-13.06,"y":-12.14,"scaleX":0.1,"scaleY":0.1,"color":"ff0000ff"},{"name":"zqdw_xx7","parent":"xxg","rotation":-22.8,"x":-68.2,"y":-2.08,"scaleX":0.12,"scaleY":0.12,"color":"ff0000ff"},{"name":"zqdw_xx8","parent":"xxg","rotation":-22.8,"x":-12.5,"y":17.57,"scaleX":0.15,"scaleY":0.15,"color":"ff0000ff"},{"name":"zqdw_xx9","parent":"xxg","rotation":-22.8,"x":-86.53,"y":37.99,"scaleX":0.1,"scaleY":0.1,"color":"ff0000ff"},{"name":"zqdw_xx10","parent":"xxg","rotation":-22.8,"x":30.65,"y":-2.08,"scaleX":0.12,"scaleY":0.12,"color":"ff0000ff"},{"name":"zqdw_xx11","parent":"xxg","rotation":-22.8,"x":-80.01,"y":99.63,"scaleX":0.15,"scaleY":0.15,"color":"ff0000ff"},{"name":"zqdw_xx12","parent":"xxg","rotation":-22.8,"x":130.54,"y":78.12,"scaleX":0.1,"scaleY":0.1,"color":"ff0000ff"},{"name":"zqdw_xx13","parent":"xxg","rotation":-22.8,"x":85.48,"y":78.86,"scaleX":0.12,"scaleY":0.12,"color":"ff0000ff"},{"name":"zqdw_xx14","parent":"xxg","rotation":-22.8,"x":150.88,"y":107.47,"scaleX":0.15,"scaleY":0.15,"color":"ff0000ff"},{"name":"zqdw_xx15","parent":"xxg2","rotation":-22.8,"x":-49.8,"y":-14.81,"scaleX":0.1,"scaleY":0.1,"color":"ff0000ff"},{"name":"zqdw_xx16","parent":"xxg2","rotation":-22.8,"x":-103.14,"y":-46.37,"scaleX":0.12,"scaleY":0.12,"color":"ff0000ff"},{"name":"zqdw_xx17","parent":"xxg2","rotation":-22.8,"x":25.64,"y":114.32,"scaleX":0.15,"scaleY":0.15,"color":"ff0000ff"},{"name":"zqdw_xx18","parent":"xxg2","rotation":-22.8,"x":-86.53,"y":37.99,"scaleX":0.1,"scaleY":0.1,"color":"ff0000ff"},{"name":"zqdw_xx19","parent":"xxg2","rotation":-22.8,"x":30.65,"y":-2.08,"scaleX":0.12,"scaleY":0.12,"color":"ff0000ff"},{"name":"zqdw_xx20","parent":"xxg2","rotation":-22.8,"x":-134.54,"y":-4.26,"scaleX":0.15,"scaleY":0.15,"color":"ff0000ff"},{"name":"zqdw_xx21","parent":"xxg2","rotation":-22.8,"x":130.54,"y":78.12,"scaleX":0.1,"scaleY":0.1,"color":"ff0000ff"},{"name":"zqdw_xx22","parent":"xxg2","rotation":-22.8,"x":50.87,"y":111.16,"scaleX":0.12,"scaleY":0.12,"color":"ff0000ff"},{"name":"zqdw_xx23","parent":"xxg2","rotation":-22.8,"x":150.88,"y":107.47,"scaleX":0.15,"scaleY":0.15,"color":"ff0000ff"},{"name":"zqdw_xx24","parent":"xxg","rotation":-22.8,"x":59.54,"y":-54.46,"scaleX":0.15,"scaleY":0.15,"color":"ff0000ff"},{"name":"zqdw_xx25","parent":"xxg","rotation":-22.8,"x":-43.14,"y":-54.54,"scaleX":0.12,"scaleY":0.12,"color":"ff0000ff"},{"name":"zqdw_xx26","parent":"xxg","rotation":-22.8,"x":-134.43,"y":93.56,"scaleX":0.1,"scaleY":0.1,"color":"ff0000ff"},{"name":"zqdw_xx27","parent":"xxg","rotation":-22.8,"x":-87.66,"y":81,"scaleX":0.15,"scaleY":0.15,"color":"ff0000ff"},{"name":"zqdw_xx28","parent":"xxg","rotation":-22.8,"x":-93.32,"y":120.78,"scaleX":0.08,"scaleY":0.08,"color":"ff0000ff"}],"slots":[{"name":"zqdw_qwtzz","bone":"hip","attachment":"zqdw_qwtzz","blend":"multiply"},{"name":"dwqd_gy","bone":"gy","attachment":"dwqd_gy","blend":"additive"},{"name":"zqdw_gs","bone":"zqdw_gs","attachment":"zqdw_gs","blend":"additive"},{"name":"zqdw_gs3","bone":"zqdw_gs3","attachment":"zqdw_gs","blend":"additive"},{"name":"zqdw_gs2","bone":"zqdw_gs2","attachment":"zqdw_gs","blend":"additive"},{"name":"zqdw_xx6","bone":"zqdw_xx6","attachment":"zqdw_xx","blend":"additive"},{"name":"zqdw_xx26","bone":"zqdw_xx26","attachment":"zqdw_xx","blend":"additive"},{"name":"zqdw_xx15","bone":"zqdw_xx15","attachment":"zqdw_xx","blend":"additive"},{"name":"zqdw_xx12","bone":"zqdw_xx12","attachment":"zqdw_xx","blend":"additive"},{"name":"zqdw_xx21","bone":"zqdw_xx21","attachment":"zqdw_xx","blend":"additive"},{"name":"zqdw_xx9","bone":"zqdw_xx9","attachment":"zqdw_xx","blend":"additive"},{"name":"zqdw_xx18","bone":"zqdw_xx18","attachment":"zqdw_xx","blend":"additive"},{"name":"zqdw_xx7","bone":"zqdw_xx7","attachment":"zqdw_xx","blend":"additive"},{"name":"zqdw_xx25","bone":"zqdw_xx25","attachment":"zqdw_xx","blend":"additive"},{"name":"zqdw_xx16","bone":"zqdw_xx16","attachment":"zqdw_xx","blend":"additive"},{"name":"zqdw_xx13","bone":"zqdw_xx13","attachment":"zqdw_xx","blend":"additive"},{"name":"zqdw_xx22","bone":"zqdw_xx22","attachment":"zqdw_xx","blend":"additive"},{"name":"zqdw_xx10","bone":"zqdw_xx10","attachment":"zqdw_xx","blend":"additive"},{"name":"zqdw_xx19","bone":"zqdw_xx19","attachment":"zqdw_xx","blend":"additive"},{"name":"zqdw_xx8","bone":"zqdw_xx8","attachment":"zqdw_xx","blend":"additive"},{"name":"zqdw_xx24","bone":"zqdw_xx24","attachment":"zqdw_xx","blend":"additive"},{"name":"zqdw_xx27","bone":"zqdw_xx27","attachment":"zqdw_xx","blend":"additive"},{"name":"zqdw_xx17","bone":"zqdw_xx17","attachment":"zqdw_xx","blend":"additive"},{"name":"zqdw_xx14","bone":"zqdw_xx14","attachment":"zqdw_xx","blend":"additive"},{"name":"zqdw_xx23","bone":"zqdw_xx23","attachment":"zqdw_xx","blend":"additive"},{"name":"zqdw_xx11","bone":"zqdw_xx11","attachment":"zqdw_xx","blend":"additive"},{"name":"zqdw_xx28","bone":"zqdw_xx28","attachment":"zqdw_xx","blend":"additive"},{"name":"zqdw_xx20","bone":"zqdw_xx20","attachment":"zqdw_xx","blend":"additive"},{"name":"dwqd_liufeng0","bone":"liufeng","attachment":"dwqd_liufeng9","blend":"additive"}],"skins":{"default":{"dwqd_gy":{"dwqd_gy":{"x":188.59,"y":-77.14,"width":406,"height":188}},"dwqd_liufeng0":{"dwqd_liufeng0":{"width":102,"height":47},"dwqd_liufeng1":{"width":102,"height":47},"dwqd_liufeng2":{"width":102,"height":47},"dwqd_liufeng3":{"width":102,"height":47},"dwqd_liufeng4":{"width":102,"height":47},"dwqd_liufeng5":{"width":102,"height":47},"dwqd_liufeng6":{"width":102,"height":47},"dwqd_liufeng7":{"width":102,"height":47},"dwqd_liufeng8":{"width":102,"height":47},"dwqd_liufeng9":{"width":102,"height":47},"dwqd_liufeng10":{"width":102,"height":47},"dwqd_liufeng11":{"width":102,"height":47},"dwqd_liufeng12":{"width":102,"height":47},"dwqd_liufeng13":{"width":102,"height":47},"dwqd_liufeng14":{"width":102,"height":47},"dwqd_liufeng15":{"width":102,"height":47},"dwqd_liufeng16":{"width":102,"height":47},"dwqd_liufeng17":{"width":102,"height":47},"dwqd_liufeng18":{"width":102,"height":47},"dwqd_liufeng19":{"width":102,"height":47},"dwqd_liufeng20":{"width":102,"height":47},"dwqd_liufeng21":{"width":102,"height":47}},"zqdw_gs":{"zqdw_gs":{"x":4.56,"y":-375.87,"scaleX":4,"scaleY":4,"rotation":4.49,"width":56,"height":185}},"zqdw_gs2":{"zqdw_gs":{"x":4.56,"y":-375.87,"scaleX":4,"scaleY":4,"rotation":4.49,"width":56,"height":185}},"zqdw_gs3":{"zqdw_gs":{"x":4.56,"y":-375.87,"scaleX":4,"scaleY":4,"rotation":4.49,"width":56,"height":185}},"zqdw_qwtzz":{"zqdw_qwtzz":{"scaleX":4,"scaleY":4,"width":407,"height":188}},"zqdw_xx10":{"zqdw_xx":{"x":-0.17,"y":-0.05,"scaleX":1.36,"scaleY":1.36,"width":64,"height":64}},"zqdw_xx11":{"zqdw_xx":{"x":-0.17,"y":-0.05,"scaleX":1.36,"scaleY":1.36,"width":64,"height":64}},"zqdw_xx12":{"zqdw_xx":{"x":-0.17,"y":-0.05,"scaleX":1.36,"scaleY":1.36,"width":64,"height":64}},"zqdw_xx13":{"zqdw_xx":{"x":-0.17,"y":-0.05,"scaleX":1.36,"scaleY":1.36,"width":64,"height":64}},"zqdw_xx14":{"zqdw_xx":{"x":-0.17,"y":-0.05,"scaleX":1.36,"scaleY":1.36,"width":64,"height":64}},"zqdw_xx15":{"zqdw_xx":{"x":-0.17,"y":-0.05,"scaleX":1.36,"scaleY":1.36,"width":64,"height":64}},"zqdw_xx16":{"zqdw_xx":{"x":-0.17,"y":-0.05,"scaleX":1.36,"scaleY":1.36,"width":64,"height":64}},"zqdw_xx17":{"zqdw_xx":{"x":-0.17,"y":-0.05,"scaleX":1.36,"scaleY":1.36,"width":64,"height":64}},"zqdw_xx18":{"zqdw_xx":{"x":-0.17,"y":-0.05,"scaleX":1.36,"scaleY":1.36,"width":64,"height":64}},"zqdw_xx19":{"zqdw_xx":{"x":-0.17,"y":-0.05,"scaleX":1.36,"scaleY":1.36,"width":64,"height":64}},"zqdw_xx20":{"zqdw_xx":{"x":-0.17,"y":-0.05,"scaleX":1.36,"scaleY":1.36,"width":64,"height":64}},"zqdw_xx21":{"zqdw_xx":{"x":-0.17,"y":-0.05,"scaleX":1.36,"scaleY":1.36,"width":64,"height":64}},"zqdw_xx22":{"zqdw_xx":{"x":-0.17,"y":-0.05,"scaleX":1.36,"scaleY":1.36,"width":64,"height":64}},"zqdw_xx23":{"zqdw_xx":{"x":-0.17,"y":-0.05,"scaleX":1.36,"scaleY":1.36,"width":64,"height":64}},"zqdw_xx24":{"zqdw_xx":{"x":-0.17,"y":-0.05,"scaleX":1.36,"scaleY":1.36,"width":64,"height":64}},"zqdw_xx25":{"zqdw_xx":{"x":-0.17,"y":-0.05,"scaleX":1.36,"scaleY":1.36,"width":64,"height":64}},"zqdw_xx26":{"zqdw_xx":{"x":-0.17,"y":-0.05,"scaleX":1.36,"scaleY":1.36,"width":64,"height":64}},"zqdw_xx27":{"zqdw_xx":{"x":-0.17,"y":-0.05,"scaleX":1.36,"scaleY":1.36,"width":64,"height":64}},"zqdw_xx28":{"zqdw_xx":{"x":-0.17,"y":-0.05,"scaleX":1.36,"scaleY":1.36,"width":64,"height":64}},"zqdw_xx6":{"zqdw_xx":{"x":-0.17,"y":-0.05,"scaleX":1.36,"scaleY":1.36,"width":64,"height":64}},"zqdw_xx7":{"zqdw_xx":{"x":-0.17,"y":-0.05,"scaleX":1.36,"scaleY":1.36,"width":64,"height":64}},"zqdw_xx8":{"zqdw_xx":{"x":-0.17,"y":-0.05,"scaleX":1.36,"scaleY":1.36,"width":64,"height":64}},"zqdw_xx9":{"zqdw_xx":{"x":-0.17,"y":-0.05,"scaleX":1.36,"scaleY":1.36,"width":64,"height":64}}}},"animations":{"animation":{"slots":{"dwqd_gy":{"color":[{"time":0,"color":"ffffff80","curve":[0.25,0,0.75,1]},{"time":1.1667,"color":"fffffffe","curve":[0.25,0,0.75,1]},{"time":2.3333,"color":"ffffff80"}]},"dwqd_liufeng0":{"color":[{"time":0,"color":"ffffff6a"}],"attachment":[{"time":0,"name":"dwqd_liufeng0"},{"time":0.0667,"name":"dwqd_liufeng1"},{"time":0.1,"name":"dwqd_liufeng2"},{"time":0.1667,"name":"dwqd_liufeng3"},{"time":0.2,"name":"dwqd_liufeng4"},{"time":0.2667,"name":"dwqd_liufeng5"},{"time":0.3333,"name":"dwqd_liufeng6"},{"time":0.3667,"name":"dwqd_liufeng7"},{"time":0.4333,"name":"dwqd_liufeng8"},{"time":0.4667,"name":"dwqd_liufeng9"},{"time":0.5333,"name":"dwqd_liufeng10"},{"time":0.6,"name":"dwqd_liufeng11"},{"time":0.6333,"name":"dwqd_liufeng12"},{"time":0.7,"name":"dwqd_liufeng13"},{"time":0.7333,"name":"dwqd_liufeng14"},{"time":0.8,"name":"dwqd_liufeng15"},{"time":0.8333,"name":"dwqd_liufeng16"},{"time":0.9,"name":"dwqd_liufeng17"},{"time":0.9667,"name":"dwqd_liufeng18"},{"time":1,"name":"dwqd_liufeng19"},{"time":1.0667,"name":"dwqd_liufeng20"},{"time":1.1,"name":"dwqd_liufeng21"},{"time":1.1667,"name":"dwqd_liufeng0"},{"time":1.2333,"name":"dwqd_liufeng1"},{"time":1.2667,"name":"dwqd_liufeng2"},{"time":1.3333,"name":"dwqd_liufeng3"},{"time":1.3667,"name":"dwqd_liufeng4"},{"time":1.4333,"name":"dwqd_liufeng5"},{"time":1.5,"name":"dwqd_liufeng6"},{"time":1.5333,"name":"dwqd_liufeng7"},{"time":1.6,"name":"dwqd_liufeng8"},{"time":1.6333,"name":"dwqd_liufeng9"},{"time":1.7,"name":"dwqd_liufeng10"},{"time":1.7667,"name":"dwqd_liufeng11"},{"time":1.8,"name":"dwqd_liufeng12"},{"time":1.8667,"name":"dwqd_liufeng13"},{"time":1.9,"name":"dwqd_liufeng14"},{"time":1.9667,"name":"dwqd_liufeng15"},{"time":2,"name":"dwqd_liufeng16"},{"time":2.0667,"name":"dwqd_liufeng17"},{"time":2.1333,"name":"dwqd_liufeng18"},{"time":2.1667,"name":"dwqd_liufeng19"},{"time":2.2333,"name":"dwqd_liufeng20"},{"time":2.2667,"name":"dwqd_liufeng21"},{"time":2.3333,"name":"dwqd_liufeng0"}]},"zqdw_gs":{"color":[{"time":0,"color":"ffffff00","curve":[0.39,0.48,0.75,0.95]},{"time":1.2,"color":"ffffff8e","curve":[0.25,0,0.75,1]},{"time":2.1667,"color":"ffffff00"}]},"zqdw_gs2":{"color":[{"time":0,"color":"ffffff2a","curve":[0.25,0,0.75,1]},{"time":0.5,"color":"ffffff00","curve":[0.25,0,0.75,1]},{"time":1.7,"color":"ffffff8e","curve":[0.25,0,0.75,1]},{"time":2.3333,"color":"ffffff2a"}]},"zqdw_gs3":{"color":[{"time":0,"color":"ffffff22","curve":[0.25,0,0.75,1]},{"time":0.8,"color":"ffffff00","curve":[0.25,0,0.75,1]},{"time":2,"color":"ffffff4a","curve":[0.25,0,0.75,1]},{"time":2.3333,"color":"ffffff22"}]},"zqdw_xx6":{"color":[{"time":0,"color":"ffffff00","curve":[0,0,0.75,1]},{"time":0.1333,"color":"ffffff88","curve":[0.25,0,0.75,1]},{"time":0.4,"color":"ffffff00","curve":"stepped"},{"time":0.6667,"color":"ffffff00","curve":[0,0,0.75,1]},{"time":0.8,"color":"ffffff88","curve":[0.25,0,0.75,1]},{"time":1.0667,"color":"ffffff00","curve":"stepped"},{"time":1.2,"color":"ffffff00","curve":[0,0,0.75,1]},{"time":1.3333,"color":"ffffff88","curve":[0.25,0,0.75,1]},{"time":1.6,"color":"ffffff00","curve":"stepped"},{"time":1.8333,"color":"ffffff00","curve":[0,0,0.75,1]},{"time":1.9667,"color":"ffffff88","curve":[0.25,0,0.75,1]},{"time":2.2333,"color":"ffffff00"}]},"zqdw_xx7":{"color":[{"time":0,"color":"ffffff00","curve":[0,0,0.75,1]},{"time":0.1333,"color":"ffffff88","curve":[0.25,0,0.75,1]},{"time":0.4,"color":"ffffff00","curve":"stepped"},{"time":0.5,"color":"ffffff00","curve":[0,0,0.75,1]},{"time":0.6333,"color":"ffffff88","curve":[0.25,0,0.75,1]},{"time":0.9,"color":"ffffff00","curve":"stepped"},{"time":1.1667,"color":"ffffff00","curve":[0,0,0.75,1]},{"time":1.3,"color":"ffffff88","curve":[0.25,0,0.75,1]},{"time":1.5667,"color":"ffffff00","curve":"stepped"},{"time":1.7,"color":"ffffff00","curve":[0,0,0.75,1]},{"time":1.8333,"color":"ffffff88","curve":[0.25,0,0.75,1]},{"time":2.1,"color":"ffffff00","curve":"stepped"},{"time":2.3333,"color":"ffffff00"}]},"zqdw_xx8":{"color":[{"time":0,"color":"ffffff00","curve":[0,0,0.75,1]},{"time":0.1333,"color":"ffffff88","curve":[0.25,0,0.75,1]},{"time":0.4,"color":"ffffff00","curve":"stepped"},{"time":0.7333,"color":"ffffff00","curve":[0,0,0.75,1]},{"time":0.8667,"color":"ffffff88","curve":[0.25,0,0.75,1]},{"time":1.1333,"color":"ffffff00","curve":"stepped"},{"time":1.4,"color":"ffffff00","curve":[0,0,0.75,1]},{"time":1.5333,"color":"ffffff88","curve":[0.25,0,0.75,1]},{"time":1.8,"color":"ffffff00","curve":"stepped"},{"time":1.9333,"color":"ffffff00","curve":[0,0,0.75,1]},{"time":2.0667,"color":"ffffff88","curve":[0.25,0,0.75,1]},{"time":2.3333,"color":"ffffff00"}]},"zqdw_xx9":{"color":[{"time":0,"color":"ffffff00","curve":[0,0,0.75,1]},{"time":0.1333,"color":"ffffff88","curve":[0.25,0,0.75,1]},{"time":0.4,"color":"ffffff00","curve":"stepped"},{"time":0.6667,"color":"ffffff00","curve":[0,0,0.75,1]},{"time":0.8,"color":"ffffff88","curve":[0.25,0,0.75,1]},{"time":1.0667,"color":"ffffff00","curve":"stepped"},{"time":1.2,"color":"ffffff00","curve":[0,0,0.75,1]},{"time":1.3333,"color":"ffffff88","curve":[0.25,0,0.75,1]},{"time":1.6,"color":"ffffff00","curve":"stepped"},{"time":1.8333,"color":"ffffff00","curve":[0,0,0.75,1]},{"time":1.9667,"color":"ffffff88","curve":[0.25,0,0.75,1]},{"time":2.2333,"color":"ffffff00"}]},"zqdw_xx10":{"color":[{"time":0,"color":"ffffff00","curve":[0,0,0.75,1]},{"time":0.1333,"color":"ffffff88","curve":[0.25,0,0.75,1]},{"time":0.4,"color":"ffffff00","curve":"stepped"},{"time":0.5,"color":"ffffff00","curve":[0,0,0.75,1]},{"time":0.6333,"color":"ffffff88","curve":[0.25,0,0.75,1]},{"time":0.9,"color":"ffffff00","curve":"stepped"},{"time":1.1667,"color":"ffffff00","curve":[0,0,0.75,1]},{"time":1.3,"color":"ffffff88","curve":[0.25,0,0.75,1]},{"time":1.5667,"color":"ffffff00","curve":"stepped"},{"time":1.7,"color":"ffffff00","curve":[0,0,0.75,1]},{"time":1.8333,"color":"ffffff88","curve":[0.25,0,0.75,1]},{"time":2.1,"color":"ffffff00","curve":"stepped"},{"time":2.3333,"color":"ffffff00"}]},"zqdw_xx11":{"color":[{"time":0,"color":"ffffff00","curve":[0,0,0.75,1]},{"time":0.1333,"color":"ffffff88","curve":[0.25,0,0.75,1]},{"time":0.4,"color":"ffffff00","curve":"stepped"},{"time":0.7333,"color":"ffffff00","curve":[0,0,0.75,1]},{"time":0.8667,"color":"ffffff88","curve":[0.25,0,0.75,1]},{"time":1.1333,"color":"ffffff00","curve":"stepped"},{"time":1.4,"color":"ffffff00","curve":[0,0,0.75,1]},{"time":1.5333,"color":"ffffff88","curve":[0.25,0,0.75,1]},{"time":1.8,"color":"ffffff00","curve":"stepped"},{"time":1.9333,"color":"ffffff00","curve":[0,0,0.75,1]},{"time":2.0667,"color":"ffffff88","curve":[0.25,0,0.75,1]},{"time":2.3333,"color":"ffffff00"}]},"zqdw_xx12":{"color":[{"time":0,"color":"ffffff00","curve":[0,0,0.75,1]},{"time":0.1333,"color":"ffffff88","curve":[0.25,0,0.75,1]},{"time":0.4,"color":"ffffff00","curve":"stepped"},{"time":0.6667,"color":"ffffff00","curve":[0,0,0.75,1]},{"time":0.8,"color":"ffffff88","curve":[0.25,0,0.75,1]},{"time":1.0667,"color":"ffffff00","curve":"stepped"},{"time":1.2,"color":"ffffff00","curve":[0,0,0.75,1]},{"time":1.3333,"color":"ffffff88","curve":[0.25,0,0.75,1]},{"time":1.6,"color":"ffffff00","curve":"stepped"},{"time":1.8333,"color":"ffffff00","curve":[0,0,0.75,1]},{"time":1.9667,"color":"ffffff88","curve":[0.25,0,0.75,1]},{"time":2.2333,"color":"ffffff00"}]},"zqdw_xx13":{"color":[{"time":0,"color":"ffffff00","curve":[0,0,0.75,1]},{"time":0.1333,"color":"ffffff88","curve":[0.25,0,0.75,1]},{"time":0.4,"color":"ffffff00","curve":"stepped"},{"time":0.5,"color":"ffffff00","curve":[0,0,0.75,1]},{"time":0.6333,"color":"ffffff88","curve":[0.25,0,0.75,1]},{"time":0.9,"color":"ffffff00","curve":"stepped"},{"time":1.1667,"color":"ffffff00","curve":[0,0,0.75,1]},{"time":1.3,"color":"ffffff88","curve":[0.25,0,0.75,1]},{"time":1.5667,"color":"ffffff00","curve":"stepped"},{"time":1.7,"color":"ffffff00","curve":[0,0,0.75,1]},{"time":1.8333,"color":"ffffff88","curve":[0.25,0,0.75,1]},{"time":2.1,"color":"ffffff00","curve":"stepped"},{"time":2.3333,"color":"ffffff00"}]},"zqdw_xx14":{"color":[{"time":0,"color":"ffffff00","curve":[0,0,0.75,1]},{"time":0.1333,"color":"ffffff88","curve":[0.25,0,0.75,1]},{"time":0.4,"color":"ffffff00","curve":"stepped"},{"time":0.7333,"color":"ffffff00","curve":[0,0,0.75,1]},{"time":0.8667,"color":"ffffff88","curve":[0.25,0,0.75,1]},{"time":1.1333,"color":"ffffff00","curve":"stepped"},{"time":1.4,"color":"ffffff00","curve":[0,0,0.75,1]},{"time":1.5333,"color":"ffffff88","curve":[0.25,0,0.75,1]},{"time":1.8,"color":"ffffff00","curve":"stepped"},{"time":1.9333,"color":"ffffff00","curve":[0,0,0.75,1]},{"time":2.0667,"color":"ffffff88","curve":[0.25,0,0.75,1]},{"time":2.3333,"color":"ffffff00"}]},"zqdw_xx15":{"color":[{"time":0,"color":"ffffff00","curve":[0,0,0.75,1]},{"time":0.1333,"color":"ffffff88","curve":[0.25,0,0.75,1]},{"time":0.4,"color":"ffffff00","curve":"stepped"},{"time":0.6667,"color":"ffffff00","curve":[0,0,0.75,1]},{"time":0.8,"color":"ffffff88","curve":[0.25,0,0.75,1]},{"time":1.0667,"color":"ffffff00","curve":"stepped"},{"time":1.2,"color":"ffffff00","curve":[0,0,0.75,1]},{"time":1.3333,"color":"ffffff88","curve":[0.25,0,0.75,1]},{"time":1.6,"color":"ffffff00","curve":"stepped"},{"time":1.8333,"color":"ffffff00","curve":[0,0,0.75,1]},{"time":1.9667,"color":"ffffff88","curve":[0.25,0,0.75,1]},{"time":2.2333,"color":"ffffff00"}]},"zqdw_xx16":{"color":[{"time":0,"color":"ffffff00","curve":[0,0,0.75,1]},{"time":0.1333,"color":"ffffff88","curve":[0.25,0,0.75,1]},{"time":0.4,"color":"ffffff00","curve":"stepped"},{"time":0.5,"color":"ffffff00","curve":[0,0,0.75,1]},{"time":0.6333,"color":"ffffff88","curve":[0.25,0,0.75,1]},{"time":0.9,"color":"ffffff00","curve":"stepped"},{"time":1.1667,"color":"ffffff00","curve":[0,0,0.75,1]},{"time":1.3,"color":"ffffff88","curve":[0.25,0,0.75,1]},{"time":1.5667,"color":"ffffff00","curve":"stepped"},{"time":1.7,"color":"ffffff00","curve":[0,0,0.75,1]},{"time":1.8333,"color":"ffffff88","curve":[0.25,0,0.75,1]},{"time":2.1,"color":"ffffff00","curve":"stepped"},{"time":2.3333,"color":"ffffff00"}]},"zqdw_xx17":{"color":[{"time":0,"color":"ffffff00","curve":[0,0,0.75,1]},{"time":0.1333,"color":"ffffff88","curve":[0.25,0,0.75,1]},{"time":0.4,"color":"ffffff00","curve":"stepped"},{"time":0.7333,"color":"ffffff00","curve":[0,0,0.75,1]},{"time":0.8667,"color":"ffffff88","curve":[0.25,0,0.75,1]},{"time":1.1333,"color":"ffffff00","curve":"stepped"},{"time":1.4,"color":"ffffff00","curve":[0,0,0.75,1]},{"time":1.5333,"color":"ffffff88","curve":[0.25,0,0.75,1]},{"time":1.8,"color":"ffffff00","curve":"stepped"},{"time":1.9333,"color":"ffffff00","curve":[0,0,0.75,1]},{"time":2.0667,"color":"ffffff88","curve":[0.25,0,0.75,1]},{"time":2.3333,"color":"ffffff00"}]},"zqdw_xx18":{"color":[{"time":0,"color":"ffffff00","curve":[0,0,0.75,1]},{"time":0.1333,"color":"ffffff88","curve":[0.25,0,0.75,1]},{"time":0.4,"color":"ffffff00","curve":"stepped"},{"time":0.6667,"color":"ffffff00","curve":[0,0,0.75,1]},{"time":0.8,"color":"ffffff88","curve":[0.25,0,0.75,1]},{"time":1.0667,"color":"ffffff00","curve":"stepped"},{"time":1.2,"color":"ffffff00","curve":[0,0,0.75,1]},{"time":1.3333,"color":"ffffff88","curve":[0.25,0,0.75,1]},{"time":1.6,"color":"ffffff00","curve":"stepped"},{"time":1.8333,"color":"ffffff00","curve":[0,0,0.75,1]},{"time":1.9667,"color":"ffffff88","curve":[0.25,0,0.75,1]},{"time":2.2333,"color":"ffffff00"}]},"zqdw_xx19":{"color":[{"time":0,"color":"ffffff00","curve":[0,0,0.75,1]},{"time":0.1333,"color":"ffffff88","curve":[0.25,0,0.75,1]},{"time":0.4,"color":"ffffff00","curve":"stepped"},{"time":0.5,"color":"ffffff00","curve":[0,0,0.75,1]},{"time":0.6333,"color":"ffffff88","curve":[0.25,0,0.75,1]},{"time":0.9,"color":"ffffff00","curve":"stepped"},{"time":1.1667,"color":"ffffff00","curve":[0,0,0.75,1]},{"time":1.3,"color":"ffffff88","curve":[0.25,0,0.75,1]},{"time":1.5667,"color":"ffffff00","curve":"stepped"},{"time":1.7,"color":"ffffff00","curve":[0,0,0.75,1]},{"time":1.8333,"color":"ffffff88","curve":[0.25,0,0.75,1]},{"time":2.1,"color":"ffffff00","curve":"stepped"},{"time":2.3333,"color":"ffffff00"}]},"zqdw_xx20":{"color":[{"time":0,"color":"ffffff00","curve":[0,0,0.75,1]},{"time":0.1333,"color":"ffffff88","curve":[0.25,0,0.75,1]},{"time":0.4,"color":"ffffff00","curve":"stepped"},{"time":0.7333,"color":"ffffff00","curve":[0,0,0.75,1]},{"time":0.8667,"color":"ffffff88","curve":[0.25,0,0.75,1]},{"time":1.1333,"color":"ffffff00","curve":"stepped"},{"time":1.4,"color":"ffffff00","curve":[0,0,0.75,1]},{"time":1.5333,"color":"ffffff88","curve":[0.25,0,0.75,1]},{"time":1.8,"color":"ffffff00","curve":"stepped"},{"time":1.9333,"color":"ffffff00","curve":[0,0,0.75,1]},{"time":2.0667,"color":"ffffff88","curve":[0.25,0,0.75,1]},{"time":2.3333,"color":"ffffff00"}]},"zqdw_xx21":{"color":[{"time":0,"color":"ffffff00","curve":[0,0,0.75,1]},{"time":0.1333,"color":"ffffff88","curve":[0.25,0,0.75,1]},{"time":0.4,"color":"ffffff00","curve":"stepped"},{"time":0.6667,"color":"ffffff00","curve":[0,0,0.75,1]},{"time":0.8,"color":"ffffff88","curve":[0.25,0,0.75,1]},{"time":1.0667,"color":"ffffff00","curve":"stepped"},{"time":1.2,"color":"ffffff00","curve":[0,0,0.75,1]},{"time":1.3333,"color":"ffffff88","curve":[0.25,0,0.75,1]},{"time":1.6,"color":"ffffff00","curve":"stepped"},{"time":1.8333,"color":"ffffff00","curve":[0,0,0.75,1]},{"time":1.9667,"color":"ffffff88","curve":[0.25,0,0.75,1]},{"time":2.2333,"color":"ffffff00"}]},"zqdw_xx22":{"color":[{"time":0,"color":"ffffff00","curve":[0,0,0.75,1]},{"time":0.1333,"color":"ffffff88","curve":[0.25,0,0.75,1]},{"time":0.4,"color":"ffffff00","curve":"stepped"},{"time":0.5,"color":"ffffff00","curve":[0,0,0.75,1]},{"time":0.6333,"color":"ffffff88","curve":[0.25,0,0.75,1]},{"time":0.9,"color":"ffffff00","curve":"stepped"},{"time":1.1667,"color":"ffffff00","curve":[0,0,0.75,1]},{"time":1.3,"color":"ffffff88","curve":[0.25,0,0.75,1]},{"time":1.5667,"color":"ffffff00","curve":"stepped"},{"time":1.7,"color":"ffffff00","curve":[0,0,0.75,1]},{"time":1.8333,"color":"ffffff88","curve":[0.25,0,0.75,1]},{"time":2.1,"color":"ffffff00","curve":"stepped"},{"time":2.3333,"color":"ffffff00"}]},"zqdw_xx23":{"color":[{"time":0,"color":"ffffff00","curve":[0,0,0.75,1]},{"time":0.1333,"color":"ffffff88","curve":[0.25,0,0.75,1]},{"time":0.4,"color":"ffffff00","curve":"stepped"},{"time":0.7333,"color":"ffffff00","curve":[0,0,0.75,1]},{"time":0.8667,"color":"ffffff88","curve":[0.25,0,0.75,1]},{"time":1.1333,"color":"ffffff00","curve":"stepped"},{"time":1.4,"color":"ffffff00","curve":[0,0,0.75,1]},{"time":1.5333,"color":"ffffff88","curve":[0.25,0,0.75,1]},{"time":1.8,"color":"ffffff00","curve":"stepped"},{"time":1.9333,"color":"ffffff00","curve":[0,0,0.75,1]},{"time":2.0667,"color":"ffffff88","curve":[0.25,0,0.75,1]},{"time":2.3333,"color":"ffffff00"}]},"zqdw_xx24":{"color":[{"time":0,"color":"ffffff00","curve":[0,0,0.75,1]},{"time":0.1333,"color":"ffffff88","curve":[0.25,0,0.75,1]},{"time":0.4,"color":"ffffff00","curve":"stepped"},{"time":0.7333,"color":"ffffff00","curve":[0,0,0.75,1]},{"time":0.8667,"color":"ffffff88","curve":[0.25,0,0.75,1]},{"time":1.1333,"color":"ffffff00","curve":"stepped"},{"time":1.4,"color":"ffffff00","curve":[0,0,0.75,1]},{"time":1.5333,"color":"ffffff88","curve":[0.25,0,0.75,1]},{"time":1.8,"color":"ffffff00","curve":"stepped"},{"time":1.9333,"color":"ffffff00","curve":[0,0,0.75,1]},{"time":2.0667,"color":"ffffff88","curve":[0.25,0,0.75,1]},{"time":2.3333,"color":"ffffff00"}]},"zqdw_xx25":{"color":[{"time":0,"color":"ffffff00","curve":[0,0,0.75,1]},{"time":0.1333,"color":"ffffff88","curve":[0.25,0,0.75,1]},{"time":0.4,"color":"ffffff00","curve":"stepped"},{"time":0.5,"color":"ffffff00","curve":[0,0,0.75,1]},{"time":0.6333,"color":"ffffff88","curve":[0.25,0,0.75,1]},{"time":0.9,"color":"ffffff00","curve":"stepped"},{"time":1.1667,"color":"ffffff00","curve":[0,0,0.75,1]},{"time":1.3,"color":"ffffff88","curve":[0.25,0,0.75,1]},{"time":1.5667,"color":"ffffff00","curve":"stepped"},{"time":1.7,"color":"ffffff00","curve":[0,0,0.75,1]},{"time":1.8333,"color":"ffffff88","curve":[0.25,0,0.75,1]},{"time":2.1,"color":"ffffff00","curve":"stepped"},{"time":2.3333,"color":"ffffff00"}]},"zqdw_xx26":{"color":[{"time":0,"color":"ffffff00","curve":[0,0,0.75,1]},{"time":0.1333,"color":"ffffff88","curve":[0.25,0,0.75,1]},{"time":0.4,"color":"ffffff00","curve":"stepped"},{"time":0.6667,"color":"ffffff00","curve":[0,0,0.75,1]},{"time":0.8,"color":"ffffff88","curve":[0.25,0,0.75,1]},{"time":1.0667,"color":"ffffff00","curve":"stepped"},{"time":1.2,"color":"ffffff00","curve":[0,0,0.75,1]},{"time":1.3333,"color":"ffffff88","curve":[0.25,0,0.75,1]},{"time":1.6,"color":"ffffff00","curve":"stepped"},{"time":1.8333,"color":"ffffff00","curve":[0,0,0.75,1]},{"time":1.9667,"color":"ffffff88","curve":[0.25,0,0.75,1]},{"time":2.2333,"color":"ffffff00"}]},"zqdw_xx27":{"color":[{"time":0,"color":"ffffff00","curve":[0,0,0.75,1]},{"time":0.1333,"color":"ffffff88","curve":[0.25,0,0.75,1]},{"time":0.4,"color":"ffffff00","curve":"stepped"},{"time":0.7333,"color":"ffffff00","curve":[0,0,0.75,1]},{"time":0.8667,"color":"ffffff88","curve":[0.25,0,0.75,1]},{"time":1.1333,"color":"ffffff00","curve":"stepped"},{"time":1.4,"color":"ffffff00","curve":[0,0,0.75,1]},{"time":1.5333,"color":"ffffff88","curve":[0.25,0,0.75,1]},{"time":1.8,"color":"ffffff00","curve":"stepped"},{"time":1.9333,"color":"ffffff00","curve":[0,0,0.75,1]},{"time":2.0667,"color":"ffffff88","curve":[0.25,0,0.75,1]},{"time":2.3333,"color":"ffffff00"}]},"zqdw_xx28":{"color":[{"time":0,"color":"ffffff00","curve":[0,0,0.75,1]},{"time":0.1333,"color":"ffffff88","curve":[0.25,0,0.75,1]},{"time":0.4,"color":"ffffff00","curve":"stepped"},{"time":0.7333,"color":"ffffff00","curve":[0,0,0.75,1]},{"time":0.8667,"color":"ffffff88","curve":[0.25,0,0.75,1]},{"time":1.1333,"color":"ffffff00","curve":"stepped"},{"time":1.4,"color":"ffffff00","curve":[0,0,0.75,1]},{"time":1.5333,"color":"ffffff88","curve":[0.25,0,0.75,1]},{"time":1.8,"color":"ffffff00","curve":"stepped"},{"time":1.9333,"color":"ffffff00","curve":[0,0,0.75,1]},{"time":2.0667,"color":"ffffff88","curve":[0.25,0,0.75,1]},{"time":2.3333,"color":"ffffff00"}]}},"bones":{"gy":{"rotate":[{"time":0,"angle":0,"curve":"stepped"},{"time":2.3333,"angle":0}],"translate":[{"time":0,"x":0,"y":0,"curve":"stepped"},{"time":2.3333,"x":0,"y":0}],"scale":[{"time":0,"x":1,"y":1,"curve":[0.25,0,0.75,1]},{"time":1.1667,"x":1.05,"y":1.05,"curve":[0.25,0,0.75,1]},{"time":2.3333,"x":1,"y":1}]},"zqdw_gs":{"rotate":[{"time":0,"angle":0}],"translate":[{"time":0,"x":0,"y":0}],"scale":[{"time":0,"x":1,"y":0.667,"curve":[0.25,0,0.75,1]},{"time":2.1667,"x":1,"y":1.6}]},"zqdw_gs2":{"rotate":[{"time":0.5,"angle":0}],"translate":[{"time":0.5,"x":0,"y":0}],"scale":[{"time":0,"x":1,"y":1.52,"curve":[0.25,0,0.75,1]},{"time":0.5,"x":1,"y":0.667,"curve":[0.25,0,0.75,1]},{"time":2.3333,"x":1,"y":1.52}]},"zqdw_gs3":{"rotate":[{"time":0.8,"angle":0}],"translate":[{"time":0.8,"x":0,"y":0}],"scale":[{"time":0,"x":1,"y":1.383,"curve":[0.25,0,0.75,1]},{"time":0.8,"x":1,"y":0.667,"curve":[0.25,0,0.75,1]},{"time":2.3333,"x":1,"y":1.383}]},"zqdw_xx6":{"rotate":[{"time":0,"angle":0,"curve":"stepped"},{"time":0.6667,"angle":0,"curve":"stepped"},{"time":1.2,"angle":0,"curve":"stepped"},{"time":1.8333,"angle":0}],"translate":[{"time":0,"x":0,"y":0,"curve":"stepped"},{"time":0.6667,"x":0,"y":0,"curve":"stepped"},{"time":1.2,"x":0,"y":0,"curve":"stepped"},{"time":1.8333,"x":0,"y":0}],"scale":[{"time":0,"x":0.5,"y":0.5,"curve":[0,0,0.75,1]},{"time":0.1333,"x":0.85,"y":0.85,"curve":[0.25,0,0.75,1]},{"time":0.4,"x":1,"y":1,"curve":[0.25,0,0.75,1]},{"time":0.6667,"x":0.5,"y":0.5,"curve":[0,0,0.75,1]},{"time":0.8,"x":0.85,"y":0.85,"curve":[0.25,0,0.75,1]},{"time":1.0667,"x":1,"y":1,"curve":[0.25,0,0.75,1]},{"time":1.2,"x":0.5,"y":0.5,"curve":[0,0,0.75,1]},{"time":1.3333,"x":0.85,"y":0.85,"curve":[0.25,0,0.75,1]},{"time":1.6,"x":1,"y":1,"curve":[0.25,0,0.75,1]},{"time":1.8333,"x":0.5,"y":0.5,"curve":[0,0,0.75,1]},{"time":1.9667,"x":0.85,"y":0.85,"curve":[0.25,0,0.75,1]},{"time":2.2333,"x":1,"y":1}]},"zqdw_xx7":{"rotate":[{"time":0,"angle":0,"curve":"stepped"},{"time":0.5,"angle":0,"curve":"stepped"},{"time":1.1667,"angle":0,"curve":"stepped"},{"time":1.7,"angle":0,"curve":"stepped"},{"time":2.3333,"angle":0}],"translate":[{"time":0,"x":0,"y":0,"curve":"stepped"},{"time":0.5,"x":0,"y":0,"curve":"stepped"},{"time":1.1667,"x":0,"y":0,"curve":"stepped"},{"time":1.7,"x":0,"y":0,"curve":"stepped"},{"time":2.3333,"x":0,"y":0}],"scale":[{"time":0,"x":0.5,"y":0.5,"curve":[0,0,0.75,1]},{"time":0.1333,"x":0.85,"y":0.85,"curve":[0.25,0,0.75,1]},{"time":0.4,"x":1,"y":1,"curve":[0.25,0,0.75,1]},{"time":0.5,"x":0.5,"y":0.5,"curve":[0,0,0.75,1]},{"time":0.6333,"x":0.85,"y":0.85,"curve":[0.25,0,0.75,1]},{"time":0.9,"x":1,"y":1,"curve":[0.25,0,0.75,1]},{"time":1.1667,"x":0.5,"y":0.5,"curve":[0,0,0.75,1]},{"time":1.3,"x":0.85,"y":0.85,"curve":[0.25,0,0.75,1]},{"time":1.5667,"x":1,"y":1,"curve":[0.25,0,0.75,1]},{"time":1.7,"x":0.5,"y":0.5,"curve":[0,0,0.75,1]},{"time":1.8333,"x":0.85,"y":0.85,"curve":[0.25,0,0.75,1]},{"time":2.1,"x":1,"y":1,"curve":[0.25,0,0.75,1]},{"time":2.3333,"x":0.5,"y":0.5}]},"zqdw_xx8":{"rotate":[{"time":0,"angle":0,"curve":"stepped"},{"time":0.7333,"angle":0,"curve":"stepped"},{"time":1.4,"angle":0,"curve":"stepped"},{"time":1.9333,"angle":0}],"translate":[{"time":0,"x":0,"y":0,"curve":"stepped"},{"time":0.7333,"x":0,"y":0,"curve":"stepped"},{"time":1.4,"x":0,"y":0,"curve":"stepped"},{"time":1.9333,"x":0,"y":0}],"scale":[{"time":0,"x":0.5,"y":0.5,"curve":[0,0,0.75,1]},{"time":0.1333,"x":0.85,"y":0.85,"curve":[0.25,0,0.75,1]},{"time":0.4,"x":1,"y":1,"curve":[0.25,0,0.75,1]},{"time":0.7333,"x":0.5,"y":0.5,"curve":[0,0,0.75,1]},{"time":0.8667,"x":0.85,"y":0.85,"curve":[0.25,0,0.75,1]},{"time":1.1333,"x":1,"y":1,"curve":[0.25,0,0.75,1]},{"time":1.4,"x":0.5,"y":0.5,"curve":[0,0,0.75,1]},{"time":1.5333,"x":0.85,"y":0.85,"curve":[0.25,0,0.75,1]},{"time":1.8,"x":1,"y":1,"curve":[0.25,0,0.75,1]},{"time":1.9333,"x":0.5,"y":0.5,"curve":[0,0,0.75,1]},{"time":2.0667,"x":0.85,"y":0.85,"curve":[0.25,0,0.75,1]},{"time":2.3333,"x":1,"y":1}]},"zqdw_xx9":{"rotate":[{"time":0,"angle":0,"curve":"stepped"},{"time":0.6667,"angle":0,"curve":"stepped"},{"time":1.2,"angle":0,"curve":"stepped"},{"time":1.8333,"angle":0}],"translate":[{"time":0,"x":0,"y":0,"curve":"stepped"},{"time":0.6667,"x":0,"y":0,"curve":"stepped"},{"time":1.2,"x":0,"y":0,"curve":"stepped"},{"time":1.8333,"x":0,"y":0}],"scale":[{"time":0,"x":0.5,"y":0.5,"curve":[0,0,0.75,1]},{"time":0.1333,"x":0.85,"y":0.85,"curve":[0.25,0,0.75,1]},{"time":0.4,"x":1,"y":1,"curve":[0.25,0,0.75,1]},{"time":0.6667,"x":0.5,"y":0.5,"curve":[0,0,0.75,1]},{"time":0.8,"x":0.85,"y":0.85,"curve":[0.25,0,0.75,1]},{"time":1.0667,"x":1,"y":1,"curve":[0.25,0,0.75,1]},{"time":1.2,"x":0.5,"y":0.5,"curve":[0,0,0.75,1]},{"time":1.3333,"x":0.85,"y":0.85,"curve":[0.25,0,0.75,1]},{"time":1.6,"x":1,"y":1,"curve":[0.25,0,0.75,1]},{"time":1.8333,"x":0.5,"y":0.5,"curve":[0,0,0.75,1]},{"time":1.9667,"x":0.85,"y":0.85,"curve":[0.25,0,0.75,1]},{"time":2.2333,"x":1,"y":1}]},"zqdw_xx10":{"rotate":[{"time":0,"angle":0,"curve":"stepped"},{"time":0.5,"angle":0,"curve":"stepped"},{"time":1.1667,"angle":0,"curve":"stepped"},{"time":1.7,"angle":0,"curve":"stepped"},{"time":2.3333,"angle":0}],"translate":[{"time":0,"x":0,"y":0,"curve":"stepped"},{"time":0.5,"x":0,"y":0,"curve":"stepped"},{"time":1.1667,"x":0,"y":0,"curve":"stepped"},{"time":1.7,"x":0,"y":0,"curve":"stepped"},{"time":2.3333,"x":0,"y":0}],"scale":[{"time":0,"x":0.5,"y":0.5,"curve":[0,0,0.75,1]},{"time":0.1333,"x":0.85,"y":0.85,"curve":[0.25,0,0.75,1]},{"time":0.4,"x":1,"y":1,"curve":[0.25,0,0.75,1]},{"time":0.5,"x":0.5,"y":0.5,"curve":[0,0,0.75,1]},{"time":0.6333,"x":0.85,"y":0.85,"curve":[0.25,0,0.75,1]},{"time":0.9,"x":1,"y":1,"curve":[0.25,0,0.75,1]},{"time":1.1667,"x":0.5,"y":0.5,"curve":[0,0,0.75,1]},{"time":1.3,"x":0.85,"y":0.85,"curve":[0.25,0,0.75,1]},{"time":1.5667,"x":1,"y":1,"curve":[0.25,0,0.75,1]},{"time":1.7,"x":0.5,"y":0.5,"curve":[0,0,0.75,1]},{"time":1.8333,"x":0.85,"y":0.85,"curve":[0.25,0,0.75,1]},{"time":2.1,"x":1,"y":1,"curve":[0.25,0,0.75,1]},{"time":2.3333,"x":0.5,"y":0.5}]},"zqdw_xx11":{"rotate":[{"time":0,"angle":0,"curve":"stepped"},{"time":0.7333,"angle":0,"curve":"stepped"},{"time":1.4,"angle":0,"curve":"stepped"},{"time":1.9333,"angle":0}],"translate":[{"time":0,"x":0,"y":0,"curve":"stepped"},{"time":0.7333,"x":0,"y":0,"curve":"stepped"},{"time":1.4,"x":0,"y":0,"curve":"stepped"},{"time":1.9333,"x":0,"y":0}],"scale":[{"time":0,"x":0.5,"y":0.5,"curve":[0,0,0.75,1]},{"time":0.1333,"x":0.85,"y":0.85,"curve":[0.25,0,0.75,1]},{"time":0.4,"x":1,"y":1,"curve":[0.25,0,0.75,1]},{"time":0.7333,"x":0.5,"y":0.5,"curve":[0,0,0.75,1]},{"time":0.8667,"x":0.85,"y":0.85,"curve":[0.25,0,0.75,1]},{"time":1.1333,"x":1,"y":1,"curve":[0.25,0,0.75,1]},{"time":1.4,"x":0.5,"y":0.5,"curve":[0,0,0.75,1]},{"time":1.5333,"x":0.85,"y":0.85,"curve":[0.25,0,0.75,1]},{"time":1.8,"x":1,"y":1,"curve":[0.25,0,0.75,1]},{"time":1.9333,"x":0.5,"y":0.5,"curve":[0,0,0.75,1]},{"time":2.0667,"x":0.85,"y":0.85,"curve":[0.25,0,0.75,1]},{"time":2.3333,"x":1,"y":1}]},"zqdw_xx12":{"rotate":[{"time":0,"angle":0,"curve":"stepped"},{"time":0.6667,"angle":0,"curve":"stepped"},{"time":1.2,"angle":0,"curve":"stepped"},{"time":1.8333,"angle":0}],"translate":[{"time":0,"x":0,"y":0,"curve":"stepped"},{"time":0.6667,"x":0,"y":0,"curve":"stepped"},{"time":1.2,"x":0,"y":0,"curve":"stepped"},{"time":1.8333,"x":0,"y":0}],"scale":[{"time":0,"x":0.5,"y":0.5,"curve":[0,0,0.75,1]},{"time":0.1333,"x":0.85,"y":0.85,"curve":[0.25,0,0.75,1]},{"time":0.4,"x":1,"y":1,"curve":[0.25,0,0.75,1]},{"time":0.6667,"x":0.5,"y":0.5,"curve":[0,0,0.75,1]},{"time":0.8,"x":0.85,"y":0.85,"curve":[0.25,0,0.75,1]},{"time":1.0667,"x":1,"y":1,"curve":[0.25,0,0.75,1]},{"time":1.2,"x":0.5,"y":0.5,"curve":[0,0,0.75,1]},{"time":1.3333,"x":0.85,"y":0.85,"curve":[0.25,0,0.75,1]},{"time":1.6,"x":1,"y":1,"curve":[0.25,0,0.75,1]},{"time":1.8333,"x":0.5,"y":0.5,"curve":[0,0,0.75,1]},{"time":1.9667,"x":0.85,"y":0.85,"curve":[0.25,0,0.75,1]},{"time":2.2333,"x":1,"y":1}]},"zqdw_xx13":{"rotate":[{"time":0,"angle":0,"curve":"stepped"},{"time":0.5,"angle":0,"curve":"stepped"},{"time":1.1667,"angle":0,"curve":"stepped"},{"time":1.7,"angle":0,"curve":"stepped"},{"time":2.3333,"angle":0}],"translate":[{"time":0,"x":0,"y":0,"curve":"stepped"},{"time":0.5,"x":0,"y":0,"curve":"stepped"},{"time":1.1667,"x":0,"y":0,"curve":"stepped"},{"time":1.7,"x":0,"y":0,"curve":"stepped"},{"time":2.3333,"x":0,"y":0}],"scale":[{"time":0,"x":0.5,"y":0.5,"curve":[0,0,0.75,1]},{"time":0.1333,"x":0.85,"y":0.85,"curve":[0.25,0,0.75,1]},{"time":0.4,"x":1,"y":1,"curve":[0.25,0,0.75,1]},{"time":0.5,"x":0.5,"y":0.5,"curve":[0,0,0.75,1]},{"time":0.6333,"x":0.85,"y":0.85,"curve":[0.25,0,0.75,1]},{"time":0.9,"x":1,"y":1,"curve":[0.25,0,0.75,1]},{"time":1.1667,"x":0.5,"y":0.5,"curve":[0,0,0.75,1]},{"time":1.3,"x":0.85,"y":0.85,"curve":[0.25,0,0.75,1]},{"time":1.5667,"x":1,"y":1,"curve":[0.25,0,0.75,1]},{"time":1.7,"x":0.5,"y":0.5,"curve":[0,0,0.75,1]},{"time":1.8333,"x":0.85,"y":0.85,"curve":[0.25,0,0.75,1]},{"time":2.1,"x":1,"y":1,"curve":[0.25,0,0.75,1]},{"time":2.3333,"x":0.5,"y":0.5}]},"zqdw_xx14":{"rotate":[{"time":0,"angle":0,"curve":"stepped"},{"time":0.7333,"angle":0,"curve":"stepped"},{"time":1.4,"angle":0,"curve":"stepped"},{"time":1.9333,"angle":0}],"translate":[{"time":0,"x":0,"y":0,"curve":"stepped"},{"time":0.7333,"x":0,"y":0,"curve":"stepped"},{"time":1.4,"x":0,"y":0,"curve":"stepped"},{"time":1.9333,"x":0,"y":0}],"scale":[{"time":0,"x":0.5,"y":0.5,"curve":[0,0,0.75,1]},{"time":0.1333,"x":0.85,"y":0.85,"curve":[0.25,0,0.75,1]},{"time":0.4,"x":1,"y":1,"curve":[0.25,0,0.75,1]},{"time":0.7333,"x":0.5,"y":0.5,"curve":[0,0,0.75,1]},{"time":0.8667,"x":0.85,"y":0.85,"curve":[0.25,0,0.75,1]},{"time":1.1333,"x":1,"y":1,"curve":[0.25,0,0.75,1]},{"time":1.4,"x":0.5,"y":0.5,"curve":[0,0,0.75,1]},{"time":1.5333,"x":0.85,"y":0.85,"curve":[0.25,0,0.75,1]},{"time":1.8,"x":1,"y":1,"curve":[0.25,0,0.75,1]},{"time":1.9333,"x":0.5,"y":0.5,"curve":[0,0,0.75,1]},{"time":2.0667,"x":0.85,"y":0.85,"curve":[0.25,0,0.75,1]},{"time":2.3333,"x":1,"y":1}]},"zqdw_xx15":{"rotate":[{"time":0,"angle":0,"curve":"stepped"},{"time":0.6667,"angle":0,"curve":"stepped"},{"time":1.2,"angle":0,"curve":"stepped"},{"time":1.8333,"angle":0}],"translate":[{"time":0,"x":0,"y":0,"curve":"stepped"},{"time":0.6667,"x":0,"y":0,"curve":"stepped"},{"time":1.2,"x":0,"y":0,"curve":"stepped"},{"time":1.8333,"x":0,"y":0}],"scale":[{"time":0,"x":0.5,"y":0.5,"curve":[0,0,0.75,1]},{"time":0.1333,"x":0.85,"y":0.85,"curve":[0.25,0,0.75,1]},{"time":0.4,"x":1,"y":1,"curve":[0.25,0,0.75,1]},{"time":0.6667,"x":0.5,"y":0.5,"curve":[0,0,0.75,1]},{"time":0.8,"x":0.85,"y":0.85,"curve":[0.25,0,0.75,1]},{"time":1.0667,"x":1,"y":1,"curve":[0.25,0,0.75,1]},{"time":1.2,"x":0.5,"y":0.5,"curve":[0,0,0.75,1]},{"time":1.3333,"x":0.85,"y":0.85,"curve":[0.25,0,0.75,1]},{"time":1.6,"x":1,"y":1,"curve":[0.25,0,0.75,1]},{"time":1.8333,"x":0.5,"y":0.5,"curve":[0,0,0.75,1]},{"time":1.9667,"x":0.85,"y":0.85,"curve":[0.25,0,0.75,1]},{"time":2.2333,"x":1,"y":1}]},"zqdw_xx16":{"rotate":[{"time":0,"angle":0,"curve":"stepped"},{"time":0.5,"angle":0,"curve":"stepped"},{"time":1.1667,"angle":0,"curve":"stepped"},{"time":1.7,"angle":0,"curve":"stepped"},{"time":2.3333,"angle":0}],"translate":[{"time":0,"x":0,"y":0,"curve":"stepped"},{"time":0.5,"x":0,"y":0,"curve":"stepped"},{"time":1.1667,"x":0,"y":0,"curve":"stepped"},{"time":1.7,"x":0,"y":0,"curve":"stepped"},{"time":2.3333,"x":0,"y":0}],"scale":[{"time":0,"x":0.5,"y":0.5,"curve":[0,0,0.75,1]},{"time":0.1333,"x":0.85,"y":0.85,"curve":[0.25,0,0.75,1]},{"time":0.4,"x":1,"y":1,"curve":[0.25,0,0.75,1]},{"time":0.5,"x":0.5,"y":0.5,"curve":[0,0,0.75,1]},{"time":0.6333,"x":0.85,"y":0.85,"curve":[0.25,0,0.75,1]},{"time":0.9,"x":1,"y":1,"curve":[0.25,0,0.75,1]},{"time":1.1667,"x":0.5,"y":0.5,"curve":[0,0,0.75,1]},{"time":1.3,"x":0.85,"y":0.85,"curve":[0.25,0,0.75,1]},{"time":1.5667,"x":1,"y":1,"curve":[0.25,0,0.75,1]},{"time":1.7,"x":0.5,"y":0.5,"curve":[0,0,0.75,1]},{"time":1.8333,"x":0.85,"y":0.85,"curve":[0.25,0,0.75,1]},{"time":2.1,"x":1,"y":1,"curve":[0.25,0,0.75,1]},{"time":2.3333,"x":0.5,"y":0.5}]},"zqdw_xx17":{"rotate":[{"time":0,"angle":0,"curve":"stepped"},{"time":0.7333,"angle":0,"curve":"stepped"},{"time":1.4,"angle":0,"curve":"stepped"},{"time":1.9333,"angle":0}],"translate":[{"time":0,"x":0,"y":0,"curve":"stepped"},{"time":0.7333,"x":0,"y":0,"curve":"stepped"},{"time":1.4,"x":0,"y":0,"curve":"stepped"},{"time":1.9333,"x":0,"y":0}],"scale":[{"time":0,"x":0.5,"y":0.5,"curve":[0,0,0.75,1]},{"time":0.1333,"x":0.85,"y":0.85,"curve":[0.25,0,0.75,1]},{"time":0.4,"x":1,"y":1,"curve":[0.25,0,0.75,1]},{"time":0.7333,"x":0.5,"y":0.5,"curve":[0,0,0.75,1]},{"time":0.8667,"x":0.85,"y":0.85,"curve":[0.25,0,0.75,1]},{"time":1.1333,"x":1,"y":1,"curve":[0.25,0,0.75,1]},{"time":1.4,"x":0.5,"y":0.5,"curve":[0,0,0.75,1]},{"time":1.5333,"x":0.85,"y":0.85,"curve":[0.25,0,0.75,1]},{"time":1.8,"x":1,"y":1,"curve":[0.25,0,0.75,1]},{"time":1.9333,"x":0.5,"y":0.5,"curve":[0,0,0.75,1]},{"time":2.0667,"x":0.85,"y":0.85,"curve":[0.25,0,0.75,1]},{"time":2.3333,"x":1,"y":1}]},"zqdw_xx18":{"rotate":[{"time":0,"angle":0,"curve":"stepped"},{"time":0.6667,"angle":0,"curve":"stepped"},{"time":1.2,"angle":0,"curve":"stepped"},{"time":1.8333,"angle":0}],"translate":[{"time":0,"x":0,"y":0,"curve":"stepped"},{"time":0.6667,"x":0,"y":0,"curve":"stepped"},{"time":1.2,"x":0,"y":0,"curve":"stepped"},{"time":1.8333,"x":0,"y":0}],"scale":[{"time":0,"x":0.5,"y":0.5,"curve":[0,0,0.75,1]},{"time":0.1333,"x":0.85,"y":0.85,"curve":[0.25,0,0.75,1]},{"time":0.4,"x":1,"y":1,"curve":[0.25,0,0.75,1]},{"time":0.6667,"x":0.5,"y":0.5,"curve":[0,0,0.75,1]},{"time":0.8,"x":0.85,"y":0.85,"curve":[0.25,0,0.75,1]},{"time":1.0667,"x":1,"y":1,"curve":[0.25,0,0.75,1]},{"time":1.2,"x":0.5,"y":0.5,"curve":[0,0,0.75,1]},{"time":1.3333,"x":0.85,"y":0.85,"curve":[0.25,0,0.75,1]},{"time":1.6,"x":1,"y":1,"curve":[0.25,0,0.75,1]},{"time":1.8333,"x":0.5,"y":0.5,"curve":[0,0,0.75,1]},{"time":1.9667,"x":0.85,"y":0.85,"curve":[0.25,0,0.75,1]},{"time":2.2333,"x":1,"y":1}]},"zqdw_xx19":{"rotate":[{"time":0,"angle":0,"curve":"stepped"},{"time":0.5,"angle":0,"curve":"stepped"},{"time":1.1667,"angle":0,"curve":"stepped"},{"time":1.7,"angle":0,"curve":"stepped"},{"time":2.3333,"angle":0}],"translate":[{"time":0,"x":0,"y":0,"curve":"stepped"},{"time":0.5,"x":0,"y":0,"curve":"stepped"},{"time":1.1667,"x":0,"y":0,"curve":"stepped"},{"time":1.7,"x":0,"y":0,"curve":"stepped"},{"time":2.3333,"x":0,"y":0}],"scale":[{"time":0,"x":0.5,"y":0.5,"curve":[0,0,0.75,1]},{"time":0.1333,"x":0.85,"y":0.85,"curve":[0.25,0,0.75,1]},{"time":0.4,"x":1,"y":1,"curve":[0.25,0,0.75,1]},{"time":0.5,"x":0.5,"y":0.5,"curve":[0,0,0.75,1]},{"time":0.6333,"x":0.85,"y":0.85,"curve":[0.25,0,0.75,1]},{"time":0.9,"x":1,"y":1,"curve":[0.25,0,0.75,1]},{"time":1.1667,"x":0.5,"y":0.5,"curve":[0,0,0.75,1]},{"time":1.3,"x":0.85,"y":0.85,"curve":[0.25,0,0.75,1]},{"time":1.5667,"x":1,"y":1,"curve":[0.25,0,0.75,1]},{"time":1.7,"x":0.5,"y":0.5,"curve":[0,0,0.75,1]},{"time":1.8333,"x":0.85,"y":0.85,"curve":[0.25,0,0.75,1]},{"time":2.1,"x":1,"y":1,"curve":[0.25,0,0.75,1]},{"time":2.3333,"x":0.5,"y":0.5}]},"zqdw_xx20":{"rotate":[{"time":0,"angle":0,"curve":"stepped"},{"time":0.7333,"angle":0,"curve":"stepped"},{"time":1.4,"angle":0,"curve":"stepped"},{"time":1.9333,"angle":0}],"translate":[{"time":0,"x":0,"y":0,"curve":"stepped"},{"time":0.7333,"x":0,"y":0,"curve":"stepped"},{"time":1.4,"x":0,"y":0,"curve":"stepped"},{"time":1.9333,"x":0,"y":0}],"scale":[{"time":0,"x":0.5,"y":0.5,"curve":[0,0,0.75,1]},{"time":0.1333,"x":0.85,"y":0.85,"curve":[0.25,0,0.75,1]},{"time":0.4,"x":1,"y":1,"curve":[0.25,0,0.75,1]},{"time":0.7333,"x":0.5,"y":0.5,"curve":[0,0,0.75,1]},{"time":0.8667,"x":0.85,"y":0.85,"curve":[0.25,0,0.75,1]},{"time":1.1333,"x":1,"y":1,"curve":[0.25,0,0.75,1]},{"time":1.4,"x":0.5,"y":0.5,"curve":[0,0,0.75,1]},{"time":1.5333,"x":0.85,"y":0.85,"curve":[0.25,0,0.75,1]},{"time":1.8,"x":1,"y":1,"curve":[0.25,0,0.75,1]},{"time":1.9333,"x":0.5,"y":0.5,"curve":[0,0,0.75,1]},{"time":2.0667,"x":0.85,"y":0.85,"curve":[0.25,0,0.75,1]},{"time":2.3333,"x":1,"y":1}]},"zqdw_xx21":{"rotate":[{"time":0,"angle":0,"curve":"stepped"},{"time":0.6667,"angle":0,"curve":"stepped"},{"time":1.2,"angle":0,"curve":"stepped"},{"time":1.8333,"angle":0}],"translate":[{"time":0,"x":0,"y":0,"curve":"stepped"},{"time":0.6667,"x":0,"y":0,"curve":"stepped"},{"time":1.2,"x":0,"y":0,"curve":"stepped"},{"time":1.8333,"x":0,"y":0}],"scale":[{"time":0,"x":0.5,"y":0.5,"curve":[0,0,0.75,1]},{"time":0.1333,"x":0.85,"y":0.85,"curve":[0.25,0,0.75,1]},{"time":0.4,"x":1,"y":1,"curve":[0.25,0,0.75,1]},{"time":0.6667,"x":0.5,"y":0.5,"curve":[0,0,0.75,1]},{"time":0.8,"x":0.85,"y":0.85,"curve":[0.25,0,0.75,1]},{"time":1.0667,"x":1,"y":1,"curve":[0.25,0,0.75,1]},{"time":1.2,"x":0.5,"y":0.5,"curve":[0,0,0.75,1]},{"time":1.3333,"x":0.85,"y":0.85,"curve":[0.25,0,0.75,1]},{"time":1.6,"x":1,"y":1,"curve":[0.25,0,0.75,1]},{"time":1.8333,"x":0.5,"y":0.5,"curve":[0,0,0.75,1]},{"time":1.9667,"x":0.85,"y":0.85,"curve":[0.25,0,0.75,1]},{"time":2.2333,"x":1,"y":1}]},"zqdw_xx22":{"rotate":[{"time":0,"angle":0,"curve":"stepped"},{"time":0.5,"angle":0,"curve":"stepped"},{"time":1.1667,"angle":0,"curve":"stepped"},{"time":1.7,"angle":0,"curve":"stepped"},{"time":2.3333,"angle":0}],"translate":[{"time":0,"x":0,"y":0,"curve":"stepped"},{"time":0.5,"x":0,"y":0,"curve":"stepped"},{"time":1.1667,"x":0,"y":0,"curve":"stepped"},{"time":1.7,"x":0,"y":0,"curve":"stepped"},{"time":2.3333,"x":0,"y":0}],"scale":[{"time":0,"x":0.5,"y":0.5,"curve":[0,0,0.75,1]},{"time":0.1333,"x":0.85,"y":0.85,"curve":[0.25,0,0.75,1]},{"time":0.4,"x":1,"y":1,"curve":[0.25,0,0.75,1]},{"time":0.5,"x":0.5,"y":0.5,"curve":[0,0,0.75,1]},{"time":0.6333,"x":0.85,"y":0.85,"curve":[0.25,0,0.75,1]},{"time":0.9,"x":1,"y":1,"curve":[0.25,0,0.75,1]},{"time":1.1667,"x":0.5,"y":0.5,"curve":[0,0,0.75,1]},{"time":1.3,"x":0.85,"y":0.85,"curve":[0.25,0,0.75,1]},{"time":1.5667,"x":1,"y":1,"curve":[0.25,0,0.75,1]},{"time":1.7,"x":0.5,"y":0.5,"curve":[0,0,0.75,1]},{"time":1.8333,"x":0.85,"y":0.85,"curve":[0.25,0,0.75,1]},{"time":2.1,"x":1,"y":1,"curve":[0.25,0,0.75,1]},{"time":2.3333,"x":0.5,"y":0.5}]},"zqdw_xx23":{"rotate":[{"time":0,"angle":0,"curve":"stepped"},{"time":0.7333,"angle":0,"curve":"stepped"},{"time":1.4,"angle":0,"curve":"stepped"},{"time":1.9333,"angle":0}],"translate":[{"time":0,"x":0,"y":0,"curve":"stepped"},{"time":0.7333,"x":0,"y":0,"curve":"stepped"},{"time":1.4,"x":0,"y":0,"curve":"stepped"},{"time":1.9333,"x":0,"y":0}],"scale":[{"time":0,"x":0.5,"y":0.5,"curve":[0,0,0.75,1]},{"time":0.1333,"x":0.85,"y":0.85,"curve":[0.25,0,0.75,1]},{"time":0.4,"x":1,"y":1,"curve":[0.25,0,0.75,1]},{"time":0.7333,"x":0.5,"y":0.5,"curve":[0,0,0.75,1]},{"time":0.8667,"x":0.85,"y":0.85,"curve":[0.25,0,0.75,1]},{"time":1.1333,"x":1,"y":1,"curve":[0.25,0,0.75,1]},{"time":1.4,"x":0.5,"y":0.5,"curve":[0,0,0.75,1]},{"time":1.5333,"x":0.85,"y":0.85,"curve":[0.25,0,0.75,1]},{"time":1.8,"x":1,"y":1,"curve":[0.25,0,0.75,1]},{"time":1.9333,"x":0.5,"y":0.5,"curve":[0,0,0.75,1]},{"time":2.0667,"x":0.85,"y":0.85,"curve":[0.25,0,0.75,1]},{"time":2.3333,"x":1,"y":1}]},"zqdw_xx24":{"rotate":[{"time":0,"angle":0,"curve":"stepped"},{"time":0.7333,"angle":0,"curve":"stepped"},{"time":1.4,"angle":0,"curve":"stepped"},{"time":1.9333,"angle":0}],"translate":[{"time":0,"x":0,"y":0,"curve":"stepped"},{"time":0.7333,"x":0,"y":0,"curve":"stepped"},{"time":1.4,"x":0,"y":0,"curve":"stepped"},{"time":1.9333,"x":0,"y":0}],"scale":[{"time":0,"x":0.5,"y":0.5,"curve":[0,0,0.75,1]},{"time":0.1333,"x":0.85,"y":0.85,"curve":[0.25,0,0.75,1]},{"time":0.4,"x":1,"y":1,"curve":[0.25,0,0.75,1]},{"time":0.7333,"x":0.5,"y":0.5,"curve":[0,0,0.75,1]},{"time":0.8667,"x":0.85,"y":0.85,"curve":[0.25,0,0.75,1]},{"time":1.1333,"x":1,"y":1,"curve":[0.25,0,0.75,1]},{"time":1.4,"x":0.5,"y":0.5,"curve":[0,0,0.75,1]},{"time":1.5333,"x":0.85,"y":0.85,"curve":[0.25,0,0.75,1]},{"time":1.8,"x":1,"y":1,"curve":[0.25,0,0.75,1]},{"time":1.9333,"x":0.5,"y":0.5,"curve":[0,0,0.75,1]},{"time":2.0667,"x":0.85,"y":0.85,"curve":[0.25,0,0.75,1]},{"time":2.3333,"x":1,"y":1}]},"zqdw_xx25":{"rotate":[{"time":0,"angle":0,"curve":"stepped"},{"time":0.5,"angle":0,"curve":"stepped"},{"time":1.1667,"angle":0,"curve":"stepped"},{"time":1.7,"angle":0,"curve":"stepped"},{"time":2.3333,"angle":0}],"translate":[{"time":0,"x":0,"y":0,"curve":"stepped"},{"time":0.5,"x":0,"y":0,"curve":"stepped"},{"time":1.1667,"x":0,"y":0,"curve":"stepped"},{"time":1.7,"x":0,"y":0,"curve":"stepped"},{"time":2.3333,"x":0,"y":0}],"scale":[{"time":0,"x":0.5,"y":0.5,"curve":[0,0,0.75,1]},{"time":0.1333,"x":0.85,"y":0.85,"curve":[0.25,0,0.75,1]},{"time":0.4,"x":1,"y":1,"curve":[0.25,0,0.75,1]},{"time":0.5,"x":0.5,"y":0.5,"curve":[0,0,0.75,1]},{"time":0.6333,"x":0.85,"y":0.85,"curve":[0.25,0,0.75,1]},{"time":0.9,"x":1,"y":1,"curve":[0.25,0,0.75,1]},{"time":1.1667,"x":0.5,"y":0.5,"curve":[0,0,0.75,1]},{"time":1.3,"x":0.85,"y":0.85,"curve":[0.25,0,0.75,1]},{"time":1.5667,"x":1,"y":1,"curve":[0.25,0,0.75,1]},{"time":1.7,"x":0.5,"y":0.5,"curve":[0,0,0.75,1]},{"time":1.8333,"x":0.85,"y":0.85,"curve":[0.25,0,0.75,1]},{"time":2.1,"x":1,"y":1,"curve":[0.25,0,0.75,1]},{"time":2.3333,"x":0.5,"y":0.5}]},"zqdw_xx26":{"rotate":[{"time":0,"angle":0,"curve":"stepped"},{"time":0.6667,"angle":0,"curve":"stepped"},{"time":1.2,"angle":0,"curve":"stepped"},{"time":1.8333,"angle":0}],"translate":[{"time":0,"x":0,"y":0,"curve":"stepped"},{"time":0.6667,"x":0,"y":0,"curve":"stepped"},{"time":1.2,"x":0,"y":0,"curve":"stepped"},{"time":1.8333,"x":0,"y":0}],"scale":[{"time":0,"x":0.5,"y":0.5,"curve":[0,0,0.75,1]},{"time":0.1333,"x":0.85,"y":0.85,"curve":[0.25,0,0.75,1]},{"time":0.4,"x":1,"y":1,"curve":[0.25,0,0.75,1]},{"time":0.6667,"x":0.5,"y":0.5,"curve":[0,0,0.75,1]},{"time":0.8,"x":0.85,"y":0.85,"curve":[0.25,0,0.75,1]},{"time":1.0667,"x":1,"y":1,"curve":[0.25,0,0.75,1]},{"time":1.2,"x":0.5,"y":0.5,"curve":[0,0,0.75,1]},{"time":1.3333,"x":0.85,"y":0.85,"curve":[0.25,0,0.75,1]},{"time":1.6,"x":1,"y":1,"curve":[0.25,0,0.75,1]},{"time":1.8333,"x":0.5,"y":0.5,"curve":[0,0,0.75,1]},{"time":1.9667,"x":0.85,"y":0.85,"curve":[0.25,0,0.75,1]},{"time":2.2333,"x":1,"y":1}]},"zqdw_xx27":{"rotate":[{"time":0,"angle":0,"curve":"stepped"},{"time":0.7333,"angle":0,"curve":"stepped"},{"time":1.4,"angle":0,"curve":"stepped"},{"time":1.9333,"angle":0}],"translate":[{"time":0,"x":0,"y":0,"curve":"stepped"},{"time":0.7333,"x":0,"y":0,"curve":"stepped"},{"time":1.4,"x":0,"y":0,"curve":"stepped"},{"time":1.9333,"x":0,"y":0}],"scale":[{"time":0,"x":0.5,"y":0.5,"curve":[0,0,0.75,1]},{"time":0.1333,"x":0.85,"y":0.85,"curve":[0.25,0,0.75,1]},{"time":0.4,"x":1,"y":1,"curve":[0.25,0,0.75,1]},{"time":0.7333,"x":0.5,"y":0.5,"curve":[0,0,0.75,1]},{"time":0.8667,"x":0.85,"y":0.85,"curve":[0.25,0,0.75,1]},{"time":1.1333,"x":1,"y":1,"curve":[0.25,0,0.75,1]},{"time":1.4,"x":0.5,"y":0.5,"curve":[0,0,0.75,1]},{"time":1.5333,"x":0.85,"y":0.85,"curve":[0.25,0,0.75,1]},{"time":1.8,"x":1,"y":1,"curve":[0.25,0,0.75,1]},{"time":1.9333,"x":0.5,"y":0.5,"curve":[0,0,0.75,1]},{"time":2.0667,"x":0.85,"y":0.85,"curve":[0.25,0,0.75,1]},{"time":2.3333,"x":1,"y":1}]},"zqdw_xx28":{"rotate":[{"time":0,"angle":0,"curve":"stepped"},{"time":0.7333,"angle":0,"curve":"stepped"},{"time":1.4,"angle":0,"curve":"stepped"},{"time":1.9333,"angle":0}],"translate":[{"time":0,"x":0,"y":0,"curve":"stepped"},{"time":0.7333,"x":0,"y":0,"curve":"stepped"},{"time":1.4,"x":0,"y":0,"curve":"stepped"},{"time":1.9333,"x":0,"y":0}],"scale":[{"time":0,"x":0.5,"y":0.5,"curve":[0,0,0.75,1]},{"time":0.1333,"x":0.85,"y":0.85,"curve":[0.25,0,0.75,1]},{"time":0.4,"x":1,"y":1,"curve":[0.25,0,0.75,1]},{"time":0.7333,"x":0.5,"y":0.5,"curve":[0,0,0.75,1]},{"time":0.8667,"x":0.85,"y":0.85,"curve":[0.25,0,0.75,1]},{"time":1.1333,"x":1,"y":1,"curve":[0.25,0,0.75,1]},{"time":1.4,"x":0.5,"y":0.5,"curve":[0,0,0.75,1]},{"time":1.5333,"x":0.85,"y":0.85,"curve":[0.25,0,0.75,1]},{"time":1.8,"x":1,"y":1,"curve":[0.25,0,0.75,1]},{"time":1.9333,"x":0.5,"y":0.5,"curve":[0,0,0.75,1]},{"time":2.0667,"x":0.85,"y":0.85,"curve":[0.25,0,0.75,1]},{"time":2.3333,"x":1,"y":1}]}}}}}