{"skeleton":{"hash":"nwV29m6XyXH7wC5uUfV6mtvsPbY","spine":"3.6.37","width":168,"height":178,"images":"./images/"},"bones":[{"name":"root"},{"name":"hip","parent":"root"},{"name":"zqdw_hdaaa","parent":"hip","color":"47ff00ff"},{"name":"zqdw_hd_chuanwei","parent":"zqdw_hdaaa","x":508.87,"y":-311.61,"color":"47ff00ff"}],"slots":[{"name":"zqdw_hd_chuanwei","bone":"zqdw_hd_chuanwei","attachment":"zqdw_hd_chuanwei"}],"skins":{"default":{"zqdw_hd_chuanwei":{"zqdw_hd_chuanwei":{"x":-14.87,"y":78.22,"width":168,"height":178}}}},"animations":{"animation":{"bones":{"root":{"rotate":[{"time":0,"angle":0,"curve":"stepped"},{"time":2.4,"angle":0,"curve":"stepped"},{"time":4.8,"angle":0,"curve":"stepped"},{"time":7.2,"angle":0}],"translate":[{"time":0,"x":0,"y":0,"curve":"stepped"},{"time":2.4,"x":0,"y":0,"curve":"stepped"},{"time":4.8,"x":0,"y":0,"curve":"stepped"},{"time":7.2,"x":0,"y":0}],"scale":[{"time":0,"x":1,"y":1,"curve":"stepped"},{"time":2.4,"x":1,"y":1,"curve":"stepped"},{"time":4.8,"x":1,"y":1,"curve":"stepped"},{"time":7.2,"x":1,"y":1}],"shear":[{"time":0,"x":0,"y":0,"curve":"stepped"},{"time":2.4,"x":0,"y":0,"curve":"stepped"},{"time":4.8,"x":0,"y":0,"curve":"stepped"},{"time":7.2,"x":0,"y":0}]},"hip":{"rotate":[{"time":0,"angle":0,"curve":"stepped"},{"time":2.4,"angle":0,"curve":"stepped"},{"time":4.8,"angle":0,"curve":"stepped"},{"time":7.2,"angle":0}],"translate":[{"time":0,"x":0,"y":0,"curve":"stepped"},{"time":2.4,"x":0,"y":0,"curve":"stepped"},{"time":4.8,"x":0,"y":0,"curve":"stepped"},{"time":7.2,"x":0,"y":0}],"scale":[{"time":0,"x":1,"y":1,"curve":"stepped"},{"time":2.4,"x":1,"y":1,"curve":"stepped"},{"time":4.8,"x":1,"y":1,"curve":"stepped"},{"time":7.2,"x":1,"y":1}],"shear":[{"time":0,"x":0,"y":0,"curve":"stepped"},{"time":2.4,"x":0,"y":0,"curve":"stepped"},{"time":4.8,"x":0,"y":0,"curve":"stepped"},{"time":7.2,"x":0,"y":0}]},"zqdw_hdaaa":{"rotate":[{"time":0,"angle":0,"curve":"stepped"},{"time":2.4,"angle":0,"curve":"stepped"},{"time":4.8,"angle":0,"curve":"stepped"},{"time":7.2,"angle":0}],"translate":[{"time":0,"x":0,"y":0,"curve":"stepped"},{"time":2.4,"x":0,"y":0,"curve":"stepped"},{"time":4.8,"x":0,"y":0,"curve":"stepped"},{"time":7.2,"x":0,"y":0}],"scale":[{"time":0,"x":1,"y":1,"curve":"stepped"},{"time":2.4,"x":1,"y":1,"curve":"stepped"},{"time":4.8,"x":1,"y":1,"curve":"stepped"},{"time":7.2,"x":1,"y":1}],"shear":[{"time":0,"x":0,"y":0,"curve":"stepped"},{"time":2.4,"x":0,"y":0,"curve":"stepped"},{"time":4.8,"x":0,"y":0,"curve":"stepped"},{"time":7.2,"x":0,"y":0}]},"zqdw_hd_chuanwei":{"rotate":[{"time":0,"angle":1.15,"curve":[0.25,0,0.75,1]},{"time":1.5333,"angle":-0.5,"curve":[0.25,0,0.75,1]},{"time":3.6,"angle":1.15,"curve":[0.25,0,0.75,1]},{"time":5.1333,"angle":-0.5,"curve":[0.25,0,0.75,1]},{"time":7.2,"angle":1.15}],"translate":[{"time":0,"x":0,"y":-1.59,"curve":[0.25,0,0.75,1]},{"time":3.6,"x":-0.18,"y":7.36,"curve":[0.25,0,0.75,1]},{"time":7.2,"x":0,"y":-1.59}],"scale":[{"time":0,"x":1,"y":1,"curve":"stepped"},{"time":3.6,"x":1,"y":1,"curve":"stepped"},{"time":7.2,"x":1,"y":1}],"shear":[{"time":0,"x":0,"y":0,"curve":"stepped"},{"time":3.6,"x":0,"y":0,"curve":"stepped"},{"time":7.2,"x":0,"y":0}]}}}}}