{"skeleton":{"hash":"98SfjPs5FrySBT5b7O/lmdZcM+c","spine":"3.6.37","width":94,"height":87.22,"images":"./images/"},"bones":[{"name":"root"},{"name":"zdb_xydzpd","parent":"root"},{"name":"zdb_xydzpjt","parent":"root","length":43.01,"rotation":90,"x":-0.16,"y":-0.1},{"name":"zdb_xydzptextsg","parent":"root","x":0.97,"y":-3.96,"scaleX":2,"scaleY":2},{"name":"zdb_xydzpzc","parent":"root","x":-0.1,"y":-0.95}],"slots":[{"name":"zdb_xydzpd","bone":"zdb_xydzpd","attachment":"zdb_xydzpd"},{"name":"zdb_xydzpzc","bone":"zdb_xydzpzc","attachment":"zdb_xydzpzc"},{"name":"zdb_xydzpjt","bone":"zdb_xydzpjt","attachment":"zdb_xydzpjt"},{"name":"zdb_xydzptext","bone":"root","attachment":"zdb_xydzptext"},{"name":"zdb_xydzptextsg","bone":"zdb_xydzptextsg","blend":"additive"}],"skins":{"default":{"zdb_xydzpd":{"zdb_xydzpd":{"width":84,"height":83}},"zdb_xydzpjt":{"zdb_xydzpjt":{"x":28.32,"y":-0.17,"rotation":-90,"width":36,"height":35}},"zdb_xydzptext":{"zdb_xydzptext":{"x":0.01,"y":-3.78,"width":94,"height":61}},"zdb_xydzptextsg":{"zdb_xydzptextsg1":{"width":47,"height":30},"zdb_xydzptextsg2":{"width":47,"height":30},"zdb_xydzptextsg3":{"width":47,"height":30},"zdb_xydzptextsg4":{"width":47,"height":30},"zdb_xydzptextsg5":{"width":47,"height":30},"zdb_xydzptextsg6":{"width":47,"height":30},"zdb_xydzptextsg7":{"width":47,"height":30},"zdb_xydzptextsg8":{"width":47,"height":30},"zdb_xydzptextsg9":{"width":47,"height":30},"zdb_xydzptextsg10":{"width":47,"height":30},"zdb_xydzptextsg11":{"width":47,"height":30},"zdb_xydzptextsg12":{"width":47,"height":30},"zdb_xydzptextsg13":{"width":47,"height":30},"zdb_xydzptextsg14":{"width":47,"height":30},"zdb_xydzptextsg15":{"width":47,"height":30},"zdb_xydzptextsg16":{"width":47,"height":30},"zdb_xydzptextsg17":{"width":47,"height":30},"zdb_xydzptextsg18":{"width":47,"height":30},"zdb_xydzptextsg19":{"width":47,"height":30},"zdb_xydzptextsg20":{"width":47,"height":30},"zdb_xydzptextsg21":{"width":47,"height":30},"zdb_xydzptextsg22":{"width":47,"height":30},"zdb_xydzptextsg23":{"width":47,"height":30},"zdb_xydzptextsg24":{"width":47,"height":30}},"zdb_xydzpzc":{"zdb_xydzpzc":{"x":0.1,"y":-1.18,"width":64,"height":65}}}},"animations":{"animation":{"slots":{"zdb_xydzptextsg":{"attachment":[{"time":0,"name":"zdb_xydzptextsg1"},{"time":0.0667,"name":"zdb_xydzptextsg2"},{"time":0.1333,"name":"zdb_xydzptextsg3"},{"time":0.2,"name":"zdb_xydzptextsg4"},{"time":0.2667,"name":"zdb_xydzptextsg5"},{"time":0.3333,"name":"zdb_xydzptextsg6"},{"time":0.4,"name":"zdb_xydzptextsg7"},{"time":0.4667,"name":"zdb_xydzptextsg8"},{"time":0.5333,"name":"zdb_xydzptextsg9"},{"time":0.6,"name":"zdb_xydzptextsg10"},{"time":0.6667,"name":"zdb_xydzptextsg11"},{"time":0.7333,"name":"zdb_xydzptextsg12"},{"time":0.8,"name":"zdb_xydzptextsg13"},{"time":0.8667,"name":"zdb_xydzptextsg14"},{"time":0.9333,"name":"zdb_xydzptextsg15"},{"time":1,"name":"zdb_xydzptextsg16"},{"time":1.0667,"name":"zdb_xydzptextsg17"},{"time":1.1333,"name":"zdb_xydzptextsg18"},{"time":1.2,"name":"zdb_xydzptextsg19"},{"time":1.2667,"name":"zdb_xydzptextsg20"},{"time":1.3333,"name":"zdb_xydzptextsg21"},{"time":1.4,"name":"zdb_xydzptextsg22"},{"time":1.4667,"name":"zdb_xydzptextsg23"},{"time":1.5333,"name":"zdb_xydzptextsg24"},{"time":1.6,"name":null}]}},"bones":{"zdb_xydzpzc":{"rotate":[{"time":0,"angle":0},{"time":0.6667,"angle":-90},{"time":1.3333,"angle":180},{"time":2,"angle":90},{"time":2.6667,"angle":0}]},"zdb_xydzpjt":{"rotate":[{"time":0,"angle":0,"curve":[0.25,0,0.75,1]},{"time":0.1,"angle":-0.4,"curve":[0.25,0,0.75,1]},{"time":0.2333,"angle":0.46,"curve":[0.25,0,0.75,1]},{"time":0.3333,"angle":0,"curve":[0.25,0,0.75,1]},{"time":0.4333,"angle":-0.4,"curve":[0.25,0,0.75,1]},{"time":0.5667,"angle":0.46,"curve":[0.25,0,0.75,1]},{"time":0.6667,"angle":0,"curve":[0.25,0,0.75,1]},{"time":0.7667,"angle":-0.4,"curve":[0.25,0,0.75,1]},{"time":0.9,"angle":0.46,"curve":[0.25,0,0.75,1]},{"time":1,"angle":0,"curve":[0.25,0,0.75,1]},{"time":1.1,"angle":-0.4,"curve":[0.25,0,0.75,1]},{"time":1.2333,"angle":0.46,"curve":[0.25,0,0.75,1]},{"time":1.3333,"angle":0,"curve":[0.25,0,0.75,1]},{"time":1.4333,"angle":-0.4,"curve":[0.25,0,0.75,1]},{"time":1.5667,"angle":0.46,"curve":[0.25,0,0.75,1]},{"time":1.6667,"angle":0,"curve":[0.25,0,0.75,1]},{"time":1.7667,"angle":-0.4,"curve":[0.25,0,0.75,1]},{"time":1.9,"angle":0.46,"curve":[0.25,0,0.75,1]},{"time":2,"angle":0,"curve":[0.25,0,0.75,1]},{"time":2.1,"angle":-0.4,"curve":[0.25,0,0.75,1]},{"time":2.2333,"angle":0.46,"curve":[0.25,0,0.75,1]},{"time":2.3333,"angle":0,"curve":[0.25,0,0.75,1]},{"time":2.4333,"angle":-0.4,"curve":[0.25,0,0.75,1]},{"time":2.5667,"angle":0.46,"curve":[0.25,0,0.75,1]},{"time":2.6667,"angle":0}]}}}}}