{"skeleton":{"hash":"Df58ZZs+DuaGlaQWozkINwkDr6U","spine":"3.6.37","width":168.59,"height":78.59,"images":"./images/"},"bones":[{"name":"root"},{"name":"hip","parent":"root","color":"ff0000ff"},{"name":"mlhd_mrcj_rkjb1","parent":"hip","rotation":46.65,"x":29.86,"y":28.86,"color":"ff0000ff"},{"name":"mlhd_mrcj_rkjb2","parent":"hip","rotation":-23.55,"x":55.95,"y":-22.26,"color":"ff0000ff"},{"name":"mlhd_mrcj_rkjb3","parent":"hip","rotation":9.89,"x":-53.62,"y":-9.44,"color":"ff0000ff"},{"name":"mlhd_mrcj_rksg","parent":"hip","x":-2.35,"y":-3.76,"scaleX":2,"scaleY":2},{"name":"mlhd_mrcj_xg","parent":"mlhd_mrcj_rkjb2","rotation":23.55,"x":-1.82,"y":8.95,"scaleX":0.457,"scaleY":0.457,"color":"1bff00ff"},{"name":"mlhd_mrcj_xg2","parent":"hip","x":-45.19,"y":-4.98,"scaleX":0.654,"scaleY":0.654,"color":"1bff00ff"},{"name":"mlhd_mrcj_xg3","parent":"hip","x":26.08,"y":11.09,"scaleX":0.514,"scaleY":0.514,"color":"1bff00ff"}],"slots":[{"name":"mlhd_mrcj_rkjb3","bone":"mlhd_mrcj_rkjb3","attachment":"mlhd_mrcj_rkjb3"},{"name":"mlhd_mrcj_rkgl","bone":"hip","attachment":"mlhd_mrcj_rkgl"},{"name":"mlhd_mrcj_rkjb2","bone":"mlhd_mrcj_rkjb2","attachment":"mlhd_mrcj_rkjb2"},{"name":"mlhd_mrcj_rkbt","bone":"hip","attachment":"mlhd_mrcj_rkbt"},{"name":"mlhd_mrcj_rktbsg0","bone":"mlhd_mrcj_rksg","blend":"additive"},{"name":"mlhd_mrcj_rkjb1","bone":"mlhd_mrcj_rkjb1","attachment":"mlhd_mrcj_rkjb1"},{"name":"mlhd_mrcj_xg","bone":"mlhd_mrcj_xg","attachment":"mlhd_mrcj_xg","blend":"additive"},{"name":"mlhd_mrcj_xg2","bone":"mlhd_mrcj_xg2","attachment":"mlhd_mrcj_xg","blend":"additive"},{"name":"mlhd_mrcj_xg3","bone":"mlhd_mrcj_xg3","attachment":"mlhd_mrcj_xg","blend":"additive"}],"skins":{"default":{"mlhd_mrcj_rkbt":{"mlhd_mrcj_rkbt":{"x":-2.5,"y":-18.5,"width":117,"height":40}},"mlhd_mrcj_rkgl":{"mlhd_mrcj_rkgl":{"x":1.5,"y":1.5,"width":105,"height":66}},"mlhd_mrcj_rkjb1":{"mlhd_mrcj_rkjb1":{"x":-4.75,"y":0.14,"rotation":-46.65,"width":27,"height":26}},"mlhd_mrcj_rkjb2":{"mlhd_mrcj_rkjb2":{"x":-0.72,"y":0.51,"rotation":23.55,"width":27,"height":26}},"mlhd_mrcj_rkjb3":{"mlhd_mrcj_rkjb3":{"x":-1.71,"y":-1.8,"rotation":-9.89,"width":28,"height":24}},"mlhd_mrcj_rktbsg0":{"mlhd_mrcj_rktbsg0":{"width":53,"height":29},"mlhd_mrcj_rktbsg1":{"width":53,"height":29},"mlhd_mrcj_rktbsg2":{"width":53,"height":29},"mlhd_mrcj_rktbsg3":{"width":53,"height":29},"mlhd_mrcj_rktbsg4":{"width":53,"height":29},"mlhd_mrcj_rktbsg5":{"width":53,"height":29},"mlhd_mrcj_rktbsg6":{"width":53,"height":29},"mlhd_mrcj_rktbsg7":{"width":53,"height":29},"mlhd_mrcj_rktbsg8":{"width":53,"height":29},"mlhd_mrcj_rktbsg9":{"width":53,"height":29},"mlhd_mrcj_rktbsg10":{"width":53,"height":29},"mlhd_mrcj_rktbsg11":{"width":53,"height":29},"mlhd_mrcj_rktbsg12":{"width":53,"height":29},"mlhd_mrcj_rktbsg13":{"width":53,"height":29},"mlhd_mrcj_rktbsg14":{"width":53,"height":29},"mlhd_mrcj_rktbsg15":{"width":53,"height":29},"mlhd_mrcj_rktbsg16":{"width":53,"height":29},"mlhd_mrcj_rktbsg17":{"width":53,"height":29},"mlhd_mrcj_rktbsg18":{"width":53,"height":29},"mlhd_mrcj_rktbsg19":{"width":53,"height":29},"mlhd_mrcj_rktbsg20":{"width":53,"height":29},"mlhd_mrcj_rktbsg21":{"width":53,"height":29},"mlhd_mrcj_rktbsg22":{"width":53,"height":29},"mlhd_mrcj_rktbsg23":{"width":53,"height":29},"mlhd_mrcj_rktbsg24":{"width":53,"height":29},"mlhd_mrcj_rktbsg25":{"width":53,"height":29},"mlhd_mrcj_rktbsg26":{"width":53,"height":29},"mlhd_mrcj_rktbsg27":{"width":53,"height":29},"mlhd_mrcj_rktbsg28":{"width":53,"height":29},"mlhd_mrcj_rktbsg29":{"width":53,"height":29},"mlhd_mrcj_rktbsg30":{"width":53,"height":29},"mlhd_mrcj_rktbsg31":{"width":53,"height":29},"mlhd_mrcj_rktbsg32":{"width":53,"height":29},"mlhd_mrcj_rktbsg33":{"width":53,"height":29},"mlhd_mrcj_rktbsg34":{"width":53,"height":29},"mlhd_mrcj_rktbsg35":{"width":53,"height":29}},"mlhd_mrcj_xg":{"mlhd_mrcj_xg":{"width":118,"height":107}},"mlhd_mrcj_xg2":{"mlhd_mrcj_xg":{"width":118,"height":107}},"mlhd_mrcj_xg3":{"mlhd_mrcj_xg":{"width":118,"height":107}}}},"animations":{"animation":{"slots":{"mlhd_mrcj_rktbsg0":{"attachment":[{"time":0,"name":"mlhd_mrcj_rktbsg0"},{"time":0.0667,"name":"mlhd_mrcj_rktbsg1"},{"time":0.1333,"name":"mlhd_mrcj_rktbsg2"},{"time":0.2,"name":"mlhd_mrcj_rktbsg3"},{"time":0.2667,"name":"mlhd_mrcj_rktbsg4"},{"time":0.3333,"name":"mlhd_mrcj_rktbsg5"},{"time":0.4,"name":"mlhd_mrcj_rktbsg6"},{"time":0.4667,"name":"mlhd_mrcj_rktbsg7"},{"time":0.5333,"name":"mlhd_mrcj_rktbsg8"},{"time":0.6,"name":"mlhd_mrcj_rktbsg9"},{"time":0.6667,"name":"mlhd_mrcj_rktbsg10"},{"time":0.7333,"name":"mlhd_mrcj_rktbsg11"},{"time":0.8,"name":"mlhd_mrcj_rktbsg12"},{"time":0.8667,"name":"mlhd_mrcj_rktbsg13"},{"time":0.9333,"name":"mlhd_mrcj_rktbsg14"},{"time":1,"name":"mlhd_mrcj_rktbsg15"},{"time":1.0667,"name":"mlhd_mrcj_rktbsg16"},{"time":1.1333,"name":"mlhd_mrcj_rktbsg17"},{"time":1.2,"name":"mlhd_mrcj_rktbsg18"},{"time":1.2667,"name":"mlhd_mrcj_rktbsg19"},{"time":1.3333,"name":"mlhd_mrcj_rktbsg20"},{"time":1.4,"name":"mlhd_mrcj_rktbsg21"},{"time":1.4667,"name":"mlhd_mrcj_rktbsg22"},{"time":1.5333,"name":"mlhd_mrcj_rktbsg23"},{"time":1.6,"name":"mlhd_mrcj_rktbsg24"},{"time":1.6667,"name":"mlhd_mrcj_rktbsg25"},{"time":1.7333,"name":"mlhd_mrcj_rktbsg26"},{"time":1.8,"name":"mlhd_mrcj_rktbsg27"},{"time":1.8667,"name":"mlhd_mrcj_rktbsg28"},{"time":1.9333,"name":"mlhd_mrcj_rktbsg29"},{"time":2,"name":"mlhd_mrcj_rktbsg30"},{"time":2.0667,"name":"mlhd_mrcj_rktbsg31"},{"time":2.1333,"name":"mlhd_mrcj_rktbsg32"},{"time":2.2,"name":"mlhd_mrcj_rktbsg33"},{"time":2.2667,"name":"mlhd_mrcj_rktbsg34"},{"time":2.3333,"name":"mlhd_mrcj_rktbsg35"},{"time":2.4,"name":"mlhd_mrcj_rktbsg0"}]},"mlhd_mrcj_xg":{"color":[{"time":0,"color":"ffffff5a","curve":[0.382,0.55,0.741,1]},{"time":0.4667,"color":"ffffff00","curve":[0.25,0,0.75,1]},{"time":1.6667,"color":"fffffffe","curve":[0.245,0,0.639,0.56]},{"time":2.4,"color":"ffffff5a"}]},"mlhd_mrcj_xg2":{"color":[{"time":0,"color":"ffffff5a","curve":[0.025,0.03,0.755,1]},{"time":0.7333,"color":"fffffffe","curve":[0.25,0,0.75,1]},{"time":1.9333,"color":"ffffff00","curve":[0.25,0,0.96,0.95]},{"time":2.4,"color":"ffffff5a"}]},"mlhd_mrcj_xg3":{"color":[{"time":0,"color":"fffffffe","curve":[0.25,0,0.75,1]},{"time":1.2,"color":"ffffff00","curve":[0.25,0,0.75,1]},{"time":2.4,"color":"fffffffe"}]}},"bones":{"root":{"rotate":[{"time":0,"angle":0,"curve":"stepped"},{"time":2.4,"angle":0}],"translate":[{"time":0,"x":0,"y":0,"curve":"stepped"},{"time":2.4,"x":0,"y":0}],"scale":[{"time":0,"x":1,"y":1,"curve":"stepped"},{"time":2.4,"x":1,"y":1}]},"hip":{"rotate":[{"time":0,"angle":0,"curve":"stepped"},{"time":2.4,"angle":0}],"translate":[{"time":0,"x":0,"y":0,"curve":"stepped"},{"time":2.4,"x":0,"y":0}],"scale":[{"time":0,"x":1,"y":1,"curve":"stepped"},{"time":2.4,"x":1,"y":1}]},"mlhd_mrcj_rksg":{"rotate":[{"time":0,"angle":0,"curve":"stepped"},{"time":2.4,"angle":0}],"translate":[{"time":0,"x":0,"y":0,"curve":"stepped"},{"time":2.4,"x":0,"y":0}],"scale":[{"time":0,"x":1,"y":1,"curve":"stepped"},{"time":2.4,"x":1,"y":1}]},"mlhd_mrcj_xg3":{"rotate":[{"time":0,"angle":0,"curve":"stepped"},{"time":2.4,"angle":0}],"translate":[{"time":0,"x":0,"y":0,"curve":"stepped"},{"time":2.4,"x":0,"y":0}],"scale":[{"time":0,"x":1,"y":1,"curve":"stepped"},{"time":2.4,"x":1,"y":1}]},"mlhd_mrcj_xg2":{"rotate":[{"time":0,"angle":0,"curve":"stepped"},{"time":2.4,"angle":0}],"translate":[{"time":0,"x":0,"y":0,"curve":"stepped"},{"time":2.4,"x":0,"y":0}],"scale":[{"time":0,"x":1,"y":1,"curve":"stepped"},{"time":2.4,"x":1,"y":1}]},"mlhd_mrcj_xg":{"rotate":[{"time":0,"angle":0,"curve":"stepped"},{"time":2.4,"angle":0}],"translate":[{"time":0,"x":0,"y":0,"curve":"stepped"},{"time":2.4,"x":0,"y":0}],"scale":[{"time":0,"x":1,"y":1,"curve":"stepped"},{"time":2.4,"x":1,"y":1}]},"mlhd_mrcj_rkjb3":{"rotate":[{"time":0,"angle":0,"curve":"stepped"},{"time":2.4,"angle":0}],"translate":[{"time":0,"x":-0.95,"y":-0.17,"curve":[0.351,0.4,0.757,1]},{"time":0.8,"x":0,"y":0,"curve":[0.25,0,0.75,1]},{"time":2,"x":-1.33,"y":-0.23,"curve":[0.265,0,0.618,0.43]},{"time":2.4,"x":-0.95,"y":-0.17}],"scale":[{"time":0,"x":1,"y":1,"curve":"stepped"},{"time":2.4,"x":1,"y":1}]},"mlhd_mrcj_rkjb2":{"rotate":[{"time":0,"angle":0,"curve":"stepped"},{"time":2.4,"angle":0}],"translate":[{"time":0,"x":0.74,"y":-0.32,"curve":[0.046,0.06,0.735,1]},{"time":0.4,"x":1.04,"y":-0.45,"curve":[0.25,0,0.75,1]},{"time":1.6,"x":0,"y":0,"curve":[0.25,0,0.97,0.97]},{"time":2.4,"x":0.74,"y":-0.32}],"scale":[{"time":0,"x":1,"y":1,"curve":"stepped"},{"time":2.4,"x":1,"y":1}]},"mlhd_mrcj_rkjb1":{"rotate":[{"time":0,"angle":0,"curve":"stepped"},{"time":2.4,"angle":0}],"translate":[{"time":0,"x":0,"y":0,"curve":[0.25,0,0.75,1]},{"time":1.2,"x":0.63,"y":0.67,"curve":[0.25,0,0.75,1]},{"time":2.4,"x":0,"y":0}],"scale":[{"time":0,"x":1,"y":1,"curve":"stepped"},{"time":2.4,"x":1,"y":1}]}}}}}