{"skeleton":{"hash":"Jt3mhPtDb9xDCK1M8XN1lKpODnk","spine":"3.6.37","width":172.67,"height":94.92,"images":"./images/"},"bones":[{"name":"root"},{"name":"hip","parent":"root","x":6.14,"y":-1.09},{"name":"bth","parent":"hip","x":21.74,"y":5.49,"scaleX":2,"scaleY":2},{"name":"bzh","parent":"hip","x":-64.03,"y":21.81,"scaleX":-1.2,"scaleY":-1.2}],"slots":[{"name":"mlxc_dtrk_bz","bone":"hip","attachment":"mlxc_dtrk_bz"},{"name":"mlxc_dtrk_bz2","bone":"hip"},{"name":"mlxc_dtrk_bt","bone":"hip","attachment":"mlxc_dtrk_bt"},{"name":"mlxc_dtrk_bph0","bone":"bzh","attachment":"mlxc_dtrk_bph0"},{"name":"mlxc_dtrk_bth1","bone":"bth","blend":"additive"}],"skins":{"default":{"mlxc_dtrk_bph0":{"mlxc_dtrk_bph0":{"width":53,"height":53},"mlxc_dtrk_bph3":{"width":53,"height":53},"mlxc_dtrk_bph6":{"width":53,"height":53},"mlxc_dtrk_bph9":{"width":53,"height":53},"mlxc_dtrk_bph12":{"width":53,"height":53},"mlxc_dtrk_bph15":{"width":53,"height":53},"mlxc_dtrk_bph18":{"width":53,"height":53},"mlxc_dtrk_bph21":{"width":53,"height":53},"mlxc_dtrk_bph24":{"width":53,"height":53},"mlxc_dtrk_bph27":{"width":53,"height":53},"mlxc_dtrk_bph30":{"width":53,"height":53},"mlxc_dtrk_bph33":{"width":53,"height":53}},"mlxc_dtrk_bt":{"mlxc_dtrk_bt":{"x":18.34,"y":-1.81,"width":117,"height":79}},"mlxc_dtrk_bth1":{"mlxc_dtrk_bth0":{"width":57,"height":42},"mlxc_dtrk_bth2":{"width":57,"height":42},"mlxc_dtrk_bth4":{"width":57,"height":42},"mlxc_dtrk_bth6":{"width":57,"height":42},"mlxc_dtrk_bth8":{"width":57,"height":42},"mlxc_dtrk_bth10":{"width":57,"height":42},"mlxc_dtrk_bth12":{"width":57,"height":42},"mlxc_dtrk_bth14":{"width":57,"height":42},"mlxc_dtrk_bth16":{"width":57,"height":42},"mlxc_dtrk_bth18":{"width":57,"height":42},"mlxc_dtrk_bth20":{"width":57,"height":42},"mlxc_dtrk_bth22":{"width":57,"height":42},"mlxc_dtrk_bth24":{"width":57,"height":42},"mlxc_dtrk_bth26":{"width":57,"height":42},"mlxc_dtrk_bth28":{"width":57,"height":42},"mlxc_dtrk_bth30":{"width":57,"height":42},"mlxc_dtrk_bth32":{"width":57,"height":42},"mlxc_dtrk_bth34":{"width":57,"height":42}},"mlxc_dtrk_bz":{"mlxc_dtrk_bz":{"x":-38.16,"y":-3.31,"width":74,"height":70}},"mlxc_dtrk_bz2":{"mlxc_dtrk_bzg":{"x":-39.68,"y":0.97,"scaleX":2.6,"scaleY":2.6,"width":24,"height":21}}}},"animations":{"animation":{"slots":{"mlxc_dtrk_bph0":{"attachment":[{"time":0,"name":"mlxc_dtrk_bph0"},{"time":0.1,"name":"mlxc_dtrk_bph3"},{"time":0.2,"name":"mlxc_dtrk_bph6"},{"time":0.3,"name":"mlxc_dtrk_bph9"},{"time":0.4,"name":"mlxc_dtrk_bph12"},{"time":0.5,"name":"mlxc_dtrk_bph15"},{"time":0.6,"name":"mlxc_dtrk_bph18"},{"time":0.7,"name":"mlxc_dtrk_bph21"},{"time":0.8,"name":"mlxc_dtrk_bph24"},{"time":0.9,"name":"mlxc_dtrk_bph27"},{"time":1,"name":"mlxc_dtrk_bph30"},{"time":1.1,"name":"mlxc_dtrk_bph33"},{"time":1.2,"name":"mlxc_dtrk_bph0"},{"time":1.3,"name":"mlxc_dtrk_bph3"},{"time":1.4,"name":"mlxc_dtrk_bph6"},{"time":1.5,"name":"mlxc_dtrk_bph9"},{"time":1.6,"name":"mlxc_dtrk_bph12"},{"time":1.7,"name":"mlxc_dtrk_bph15"},{"time":1.8,"name":"mlxc_dtrk_bph18"},{"time":1.9,"name":"mlxc_dtrk_bph21"},{"time":2,"name":"mlxc_dtrk_bph24"},{"time":2.1,"name":"mlxc_dtrk_bph27"},{"time":2.2,"name":"mlxc_dtrk_bph30"},{"time":2.3,"name":"mlxc_dtrk_bph33"},{"time":2.4,"name":"mlxc_dtrk_bph0"},{"time":2.5,"name":"mlxc_dtrk_bph3"},{"time":2.6,"name":"mlxc_dtrk_bph6"},{"time":2.7,"name":"mlxc_dtrk_bph9"},{"time":2.8,"name":"mlxc_dtrk_bph12"},{"time":2.9,"name":"mlxc_dtrk_bph15"},{"time":3,"name":"mlxc_dtrk_bph18"},{"time":3.1,"name":"mlxc_dtrk_bph21"},{"time":3.2,"name":"mlxc_dtrk_bph24"},{"time":3.3,"name":"mlxc_dtrk_bph27"},{"time":3.4,"name":"mlxc_dtrk_bph30"},{"time":3.5,"name":"mlxc_dtrk_bph33"},{"time":3.6,"name":"mlxc_dtrk_bph0"},{"time":3.7,"name":"mlxc_dtrk_bph3"},{"time":3.8,"name":"mlxc_dtrk_bph6"},{"time":3.9,"name":"mlxc_dtrk_bph9"},{"time":4,"name":"mlxc_dtrk_bph12"},{"time":4.1,"name":"mlxc_dtrk_bph15"},{"time":4.2,"name":"mlxc_dtrk_bph18"},{"time":4.3,"name":"mlxc_dtrk_bph21"},{"time":4.4,"name":"mlxc_dtrk_bph24"},{"time":4.5,"name":"mlxc_dtrk_bph27"},{"time":4.6,"name":"mlxc_dtrk_bph30"},{"time":4.7,"name":"mlxc_dtrk_bph33"},{"time":4.8,"name":"mlxc_dtrk_bph0"}]},"mlxc_dtrk_bth1":{"attachment":[{"time":0,"name":"mlxc_dtrk_bth0"},{"time":0.1333,"name":"mlxc_dtrk_bth2"},{"time":0.2667,"name":"mlxc_dtrk_bth4"},{"time":0.4,"name":"mlxc_dtrk_bth6"},{"time":0.5333,"name":"mlxc_dtrk_bth8"},{"time":0.6667,"name":"mlxc_dtrk_bth10"},{"time":0.8,"name":"mlxc_dtrk_bth12"},{"time":0.9333,"name":"mlxc_dtrk_bth14"},{"time":1.0667,"name":"mlxc_dtrk_bth16"},{"time":1.2,"name":"mlxc_dtrk_bth18"},{"time":1.3333,"name":"mlxc_dtrk_bth20"},{"time":1.4667,"name":"mlxc_dtrk_bth22"},{"time":1.6,"name":"mlxc_dtrk_bth24"},{"time":1.7333,"name":"mlxc_dtrk_bth26"},{"time":1.8667,"name":"mlxc_dtrk_bth28"},{"time":2,"name":"mlxc_dtrk_bth30"},{"time":2.1333,"name":"mlxc_dtrk_bth32"},{"time":2.2667,"name":"mlxc_dtrk_bth34"},{"time":2.4,"name":"mlxc_dtrk_bth0"},{"time":2.5333,"name":"mlxc_dtrk_bth2"},{"time":2.6667,"name":"mlxc_dtrk_bth4"},{"time":2.8,"name":"mlxc_dtrk_bth6"},{"time":2.9333,"name":"mlxc_dtrk_bth8"},{"time":3.0667,"name":"mlxc_dtrk_bth10"},{"time":3.2,"name":"mlxc_dtrk_bth12"},{"time":3.3333,"name":"mlxc_dtrk_bth14"},{"time":3.4667,"name":"mlxc_dtrk_bth16"},{"time":3.6,"name":"mlxc_dtrk_bth18"},{"time":3.7333,"name":"mlxc_dtrk_bth20"},{"time":3.8667,"name":"mlxc_dtrk_bth22"},{"time":4,"name":"mlxc_dtrk_bth24"},{"time":4.1333,"name":"mlxc_dtrk_bth26"},{"time":4.2667,"name":"mlxc_dtrk_bth28"},{"time":4.4,"name":"mlxc_dtrk_bth30"},{"time":4.5333,"name":"mlxc_dtrk_bth32"},{"time":4.6667,"name":"mlxc_dtrk_bth34"},{"time":4.8,"name":"mlxc_dtrk_bth0"}]},"mlxc_dtrk_bz2":{"color":[{"time":0,"color":"ffffff2e"},{"time":0.2,"color":"ffffff00"},{"time":0.4,"color":"ffffff32"},{"time":0.6,"color":"ffffff12"},{"time":0.7667,"color":"ffffff2e"},{"time":1,"color":"ffffff08"},{"time":1.2,"color":"ffffff2e"},{"time":1.4,"color":"ffffff00"},{"time":1.6,"color":"ffffff32"},{"time":1.8,"color":"ffffff12"},{"time":1.9667,"color":"ffffff2e"},{"time":2.2,"color":"ffffff08"},{"time":2.4,"color":"ffffff2e"},{"time":2.6,"color":"ffffff00"},{"time":2.8,"color":"ffffff64"},{"time":3,"color":"ffffff12"},{"time":3.1667,"color":"ffffff4a"},{"time":3.4,"color":"ffffff08"},{"time":3.6,"color":"ffffff2e"},{"time":3.8,"color":"ffffff00"},{"time":4,"color":"ffffff32"},{"time":4.2,"color":"ffffff12"},{"time":4.3667,"color":"ffffff2e"},{"time":4.6,"color":"ffffff08"},{"time":4.8,"color":"ffffff2e"}],"attachment":[{"time":0,"name":"mlxc_dtrk_bzg"},{"time":4.8,"name":"mlxc_dtrk_bzg"}]}}}}}