{"skeleton":{"hash":"B86KPLhFIs/lxeyYIspvCnGGsl8","spine":"3.6.37","width":174.09,"height":212.89,"images":"./images/"},"bones":[{"name":"root"},{"name":"hip","parent":"root"},{"name":"scale","parent":"hip"},{"name":"mlsd_wphbhb","parent":"scale","rotation":0.3},{"name":"mlsd_wphbhbgx1","parent":"hip"},{"name":"mlsd_wphbhbgx2","parent":"hip"},{"name":"mlsd_wphbhbgx3","parent":"hip"},{"name":"mlsd_wphbhbgx4","parent":"hip","rotation":90,"scaleX":0.5,"scaleY":0.5},{"name":"mlsd_wphbhbgx5","parent":"hip","rotation":90,"scaleX":0.5,"scaleY":0.5},{"name":"mlsd_wphbhbgx6","parent":"hip","rotation":-165},{"name":"mlsd_wphbhblizi","parent":"mlsd_wphbhb","x":-66.51,"y":95.73,"scaleX":0.548,"scaleY":0.548},{"name":"mlsd_wphbhblizi2","parent":"mlsd_wphbhb","x":50.41,"y":101.19,"scaleX":0.454,"scaleY":0.454},{"name":"mlsd_wphbhblizi3","parent":"mlsd_wphbhb","x":70.03,"y":-67.08,"scaleX":0.518,"scaleY":0.518},{"name":"mlsd_wphbhblizi4","parent":"mlsd_wphbhb","x":-0.77,"y":-88.76,"scaleX":0.427,"scaleY":0.427},{"name":"mlsd_wphbhblizi5","parent":"mlsd_wphbhb","x":65.3,"y":4.93,"scaleX":0.427,"scaleY":0.427},{"name":"mlsd_wphbhblizi6","parent":"mlsd_wphbhb","x":28.77,"y":64.2,"scaleX":0.427,"scaleY":0.427},{"name":"mlsd_wphbhblizi7","parent":"mlsd_wphbhb","x":-79.8,"y":13.81,"scaleX":0.427,"scaleY":0.427},{"name":"mlsd_wphbhblizi8","parent":"mlsd_wphbhb","x":-31.65,"y":40.72,"scaleX":0.427,"scaleY":0.427},{"name":"mlsd_wphbhblizi9","parent":"mlsd_wphbhb","x":-13.34,"y":-17.62,"scaleX":0.427,"scaleY":0.427},{"name":"mlsd_wphbhblizi10","parent":"mlsd_wphbhb","x":-75.94,"y":-66.74,"scaleX":0.548,"scaleY":0.548},{"name":"mlsd_wphbhblizi11","parent":"mlsd_wphbhb","scaleX":0.36,"scaleY":0.36,"color":"3aff00ff"},{"name":"mlsd_wphbhblizi12","parent":"mlsd_wphbhb","scaleX":0.454,"scaleY":0.454,"color":"3aff00ff"},{"name":"mlsd_wphbhblizi13","parent":"mlsd_wphbhb","scaleX":0.45,"scaleY":0.45,"color":"3aff00ff"},{"name":"mlsd_wphbhblizi14","parent":"mlsd_wphbhb","scaleX":0.427,"scaleY":0.427,"color":"3aff00ff"},{"name":"mlsd_wphbhblizi15","parent":"mlsd_wphbhb","scaleX":0.427,"scaleY":0.427,"color":"3aff00ff"},{"name":"mlsd_wphbhblizi16","parent":"mlsd_wphbhb","scaleX":0.3,"scaleY":0.3,"color":"3aff00ff"},{"name":"mlsd_wphbhblizi17","parent":"mlsd_wphbhb","scaleX":0.427,"scaleY":0.427,"color":"3aff00ff"},{"name":"mlsd_wphbhblizi18","parent":"mlsd_wphbhb","scaleX":0.5,"scaleY":0.5,"color":"3aff00ff"},{"name":"mlsd_wphbhblizi19","parent":"mlsd_wphbhb","scaleX":0.4,"scaleY":0.4,"color":"3aff00ff"},{"name":"mlsd_wphbhblizi20","parent":"mlsd_wphbhb","scaleX":0.36,"scaleY":0.36,"color":"3aff00ff"},{"name":"mlsd_wphbhbnumber","parent":"hip"}],"slots":[{"name":"mlsd_wphbhbgx1","bone":"mlsd_wphbhbgx1","blend":"additive"},{"name":"mlsd_wphbhbgx4","bone":"mlsd_wphbhbgx4","blend":"additive"},{"name":"mlsd_wphbhbgx3","bone":"mlsd_wphbhbgx3","blend":"additive"},{"name":"mlsd_wphbhbgx5","bone":"mlsd_wphbhbgx5","blend":"additive"},{"name":"mlsd_wphbhb","bone":"mlsd_wphbhb","attachment":"mlsd_wphbhb"},{"name":"mlsd_wphbhblizi","bone":"mlsd_wphbhblizi","blend":"additive"},{"name":"mlsd_wphbhblizi2","bone":"mlsd_wphbhblizi2","blend":"additive"},{"name":"mlsd_wphbhblizi3","bone":"mlsd_wphbhblizi3","blend":"additive"},{"name":"mlsd_wphbhblizi4","bone":"mlsd_wphbhblizi4","blend":"additive"},{"name":"mlsd_wphbhblizi5","bone":"mlsd_wphbhblizi5","blend":"additive"},{"name":"mlsd_wphbhblizi6","bone":"mlsd_wphbhblizi6","blend":"additive"},{"name":"mlsd_wphbhblizi7","bone":"mlsd_wphbhblizi7","blend":"additive"},{"name":"mlsd_wphbhblizi8","bone":"mlsd_wphbhblizi8","blend":"additive"},{"name":"mlsd_wphbhblizi9","bone":"mlsd_wphbhblizi9","blend":"additive"},{"name":"mlsd_wphbhblizi10","bone":"mlsd_wphbhblizi10","blend":"additive"},{"name":"mlsd_wphbhblizi11","bone":"mlsd_wphbhblizi11","blend":"additive"},{"name":"mlsd_wphbhblizi12","bone":"mlsd_wphbhblizi12","blend":"additive"},{"name":"mlsd_wphbhblizi13","bone":"mlsd_wphbhblizi13","blend":"additive"},{"name":"mlsd_wphbhblizi14","bone":"mlsd_wphbhblizi14","blend":"additive"},{"name":"mlsd_wphbhblizi15","bone":"mlsd_wphbhblizi15","blend":"additive"},{"name":"mlsd_wphbhblizi16","bone":"mlsd_wphbhblizi16","blend":"additive"},{"name":"mlsd_wphbhblizi17","bone":"mlsd_wphbhblizi17","blend":"additive"},{"name":"mlsd_wphbhblizi18","bone":"mlsd_wphbhblizi18","blend":"additive"},{"name":"mlsd_wphbhblizi19","bone":"mlsd_wphbhblizi19","blend":"additive"},{"name":"mlsd_wphbhblizi20","bone":"mlsd_wphbhblizi20","blend":"additive"},{"name":"mlsd_wphbhbgx2","bone":"mlsd_wphbhbgx2","blend":"additive"},{"name":"mlsd_wphbhbgx6","bone":"mlsd_wphbhbgx6","blend":"additive"}],"skins":{"default":{"mlsd_wphbhb":{"mlsd_wphbhb":{"width":173,"height":212}},"mlsd_wphbhbgx1":{"mlsd_wphbhbgx1":{"scaleX":1.33,"scaleY":1.33,"rotation":-70,"width":192,"height":192}},"mlsd_wphbhbgx2":{"mlsd_wphbhbgx2":{"scaleX":1.33,"scaleY":1.33,"rotation":-70,"width":192,"height":192}},"mlsd_wphbhbgx3":{"mlsd_wphbhbgx3":{"scaleX":1.33,"scaleY":1.33,"rotation":110,"width":192,"height":192}},"mlsd_wphbhbgx4":{"mlsd_wphbhbgx1":{"scaleX":1.33,"scaleY":1.33,"rotation":-70,"width":192,"height":192}},"mlsd_wphbhbgx5":{"mlsd_wphbhbgx3":{"scaleX":1.33,"scaleY":1.33,"rotation":110,"width":192,"height":192}},"mlsd_wphbhbgx6":{"mlsd_wphbhbgx2":{"scaleX":1.33,"scaleY":1.33,"rotation":-70,"width":192,"height":192}},"mlsd_wphbhblizi":{"mlsd_wphbhblizi":{"width":96,"height":100}},"mlsd_wphbhblizi10":{"mlsd_wphbhblizi":{"width":96,"height":100}},"mlsd_wphbhblizi11":{"mlsd_wphbhblizi":{"width":96,"height":100}},"mlsd_wphbhblizi12":{"mlsd_wphbhblizi":{"width":96,"height":100}},"mlsd_wphbhblizi13":{"mlsd_wphbhblizi":{"width":96,"height":100}},"mlsd_wphbhblizi14":{"mlsd_wphbhblizi":{"width":96,"height":100}},"mlsd_wphbhblizi15":{"mlsd_wphbhblizi":{"width":96,"height":100}},"mlsd_wphbhblizi16":{"mlsd_wphbhblizi":{"width":96,"height":100}},"mlsd_wphbhblizi17":{"mlsd_wphbhblizi":{"width":96,"height":100}},"mlsd_wphbhblizi18":{"mlsd_wphbhblizi":{"width":96,"height":100}},"mlsd_wphbhblizi19":{"mlsd_wphbhblizi":{"width":96,"height":100}},"mlsd_wphbhblizi2":{"mlsd_wphbhblizi":{"width":96,"height":100}},"mlsd_wphbhblizi20":{"mlsd_wphbhblizi":{"width":96,"height":100}},"mlsd_wphbhblizi3":{"mlsd_wphbhblizi":{"width":96,"height":100}},"mlsd_wphbhblizi4":{"mlsd_wphbhblizi":{"width":96,"height":100}},"mlsd_wphbhblizi5":{"mlsd_wphbhblizi":{"width":96,"height":100}},"mlsd_wphbhblizi6":{"mlsd_wphbhblizi":{"width":96,"height":100}},"mlsd_wphbhblizi7":{"mlsd_wphbhblizi":{"width":96,"height":100}},"mlsd_wphbhblizi8":{"mlsd_wphbhblizi":{"width":96,"height":100}},"mlsd_wphbhblizi9":{"mlsd_wphbhblizi":{"width":96,"height":100}}}},"animations":{"end":{"slots":{"mlsd_wphbhb":{"color":[{"time":0,"color":"fffffffe","curve":"stepped"},{"time":0.6,"color":"fffffffe"},{"time":1,"color":"ffffff00"}],"attachment":[{"time":0,"name":null},{"time":1,"name":null}]},"mlsd_wphbhbgx1":{"color":[{"time":0,"color":"ffffff00","curve":[0.154,0.7,0.474,1]},{"time":0.2,"color":"fffffffe","curve":[0.154,0.7,0.474,1]},{"time":0.6,"color":"ffffff00","curve":"stepped"},{"time":1,"color":"ffffff00"}],"attachment":[{"time":0,"name":"mlsd_wphbhbgx1"},{"time":1,"name":null}]},"mlsd_wphbhbgx2":{"color":[{"time":0,"color":"ffffff00","curve":[0.154,0.7,0.474,1]},{"time":0.2,"color":"fffffffe","curve":[0.214,0.46,0.542,0.79]},{"time":0.6,"color":"ffffff20","curve":[0.258,0.68,0.589,1]},{"time":1,"color":"ffffff00"}],"attachment":[{"time":0,"name":"mlsd_wphbhbgx2"},{"time":1,"name":null}]},"mlsd_wphbhbgx3":{"color":[{"time":0,"color":"ffffff00","curve":[0.154,0.7,0.474,1]},{"time":0.2,"color":"fffffffe","curve":[0.154,0.7,0.474,1]},{"time":0.6,"color":"ffffff00","curve":"stepped"},{"time":1,"color":"ffffff00"}],"attachment":[{"time":0,"name":"mlsd_wphbhbgx3"},{"time":1,"name":null}]},"mlsd_wphbhbgx4":{"color":[{"time":0,"color":"ffffff00","curve":[0.154,0.7,0.474,1]},{"time":0.2,"color":"fffffffe","curve":[0.154,0.7,0.474,1]},{"time":0.6,"color":"ffffff00","curve":"stepped"},{"time":1,"color":"ffffff00"}],"attachment":[{"time":0,"name":"mlsd_wphbhbgx1"},{"time":1,"name":null}]},"mlsd_wphbhbgx5":{"color":[{"time":0,"color":"ffffff00","curve":[0.154,0.7,0.474,1]},{"time":0.2,"color":"fffffffe","curve":[0.154,0.7,0.474,1]},{"time":0.6,"color":"ffffff00","curve":"stepped"},{"time":1,"color":"ffffff00"}],"attachment":[{"time":0,"name":"mlsd_wphbhbgx3"},{"time":1,"name":null}]},"mlsd_wphbhbgx6":{"color":[{"time":0,"color":"ffffff00","curve":[0.154,0.7,0.474,1]},{"time":0.2,"color":"fffffffe","curve":[0.214,0.46,0.542,0.79]},{"time":0.6,"color":"ffffff20","curve":[0.258,0.68,0.589,1]},{"time":1,"color":"ffffff00"}],"attachment":[{"time":0,"name":"mlsd_wphbhbgx2"},{"time":1,"name":null}]},"mlsd_wphbhblizi":{"color":[{"time":0,"color":"ffffff00","curve":[0.309,0,0.644,0.35]},{"time":0.0667,"color":"ffffff0e","curve":[0.316,0.23,0.65,0.57]},{"time":0.1333,"color":"ffffff2a","curve":[0.321,0.28,0.655,0.62]},{"time":0.2,"color":"ffffff5a","curve":[0.325,0.3,0.659,0.64]},{"time":0.2667,"color":"ffffff72","curve":[0.328,0.32,0.662,0.65]},{"time":0.3333,"color":"ffffffc4","curve":[0.331,0.33,0.666,0.66]},{"time":0.4,"color":"ffffffc0","curve":[0.316,0,0.65,0.35]},{"time":0.4667,"color":"fffffff6","curve":[0.32,0.23,0.654,0.57]},{"time":0.5333,"color":"ffffffb8","curve":[0.322,0.28,0.656,0.61]},{"time":0.6,"color":"ffffffd0","curve":[0.324,0.3,0.658,0.63]},{"time":1,"color":"ffffff00"}],"attachment":[{"time":0,"name":"mlsd_wphbhblizi"},{"time":1,"name":null}]},"mlsd_wphbhblizi2":{"color":[{"time":0,"color":"ffffff88","curve":[0.326,0.31,0.66,0.64]},{"time":0.0667,"color":"ffffff94","curve":[0.328,0.32,0.662,0.65]},{"time":0.1333,"color":"ffffff5c","curve":[0.33,0.32,0.663,0.66]},{"time":0.2,"color":"ffffff4c","curve":[0.331,0.33,0.665,0.66]},{"time":0.2667,"color":"ffffff24","curve":[0.332,0.33,0.666,0.67]},{"time":0.3333,"color":"ffffff00","curve":[0.309,0,0.644,0.35]},{"time":0.4,"color":"ffffff0e","curve":[0.316,0.23,0.65,0.57]},{"time":0.4667,"color":"ffffff2a","curve":[0.321,0.28,0.655,0.62]},{"time":0.5333,"color":"ffffff5a","curve":[0.325,0.3,0.659,0.64]},{"time":0.6,"color":"ffffff72","curve":[0.328,0.32,0.662,0.65]},{"time":1,"color":"ffffff00"}],"attachment":[{"time":0,"name":"mlsd_wphbhblizi"},{"time":1,"name":null}]},"mlsd_wphbhblizi3":{"color":[{"time":0,"color":"ffffffc4","curve":[0.331,0.33,0.666,0.66]},{"time":0.0667,"color":"ffffffc0","curve":[0.316,0,0.65,0.35]},{"time":0.1333,"color":"fffffff6","curve":[0.32,0.23,0.654,0.57]},{"time":0.2,"color":"ffffffb8","curve":[0.322,0.28,0.656,0.61]},{"time":0.2667,"color":"ffffffd0","curve":[0.324,0.3,0.658,0.63]},{"time":0.3333,"color":"ffffff88","curve":[0.326,0.31,0.66,0.64]},{"time":0.4,"color":"ffffff94","curve":[0.328,0.32,0.662,0.65]},{"time":0.4667,"color":"ffffff5c","curve":[0.33,0.32,0.663,0.66]},{"time":0.5333,"color":"ffffff4c","curve":[0.331,0.33,0.665,0.66]},{"time":0.6,"color":"ffffff24","curve":[0.332,0.33,0.666,0.67]},{"time":1,"color":"ffffff00"}],"attachment":[{"time":0,"name":"mlsd_wphbhblizi"},{"time":1,"name":null}]},"mlsd_wphbhblizi4":{"color":[{"time":0,"color":"ffffff54","curve":[0.332,0.33,0.665,0.66]},{"time":0.0333,"color":"ffffff4c","curve":[0.331,0.33,0.665,0.66]},{"time":0.1,"color":"ffffff24","curve":[0.332,0.33,0.666,0.67]},{"time":0.1667,"color":"ffffff00","curve":[0.309,0,0.644,0.35]},{"time":0.2333,"color":"ffffff0e","curve":[0.316,0.23,0.65,0.57]},{"time":0.3,"color":"ffffff2a","curve":[0.321,0.28,0.655,0.62]},{"time":0.3667,"color":"ffffff5a","curve":[0.325,0.3,0.659,0.64]},{"time":0.4333,"color":"ffffff72","curve":[0.328,0.32,0.662,0.65]},{"time":0.5,"color":"ffffffc4","curve":[0.331,0.33,0.666,0.66]},{"time":0.5667,"color":"ffffffc0","curve":[0.324,0,0.658,0.34]},{"time":0.6,"color":"ffffffce","curve":[0.325,0.23,0.659,0.56]},{"time":1,"color":"ffffff00"}],"attachment":[{"time":0,"name":"mlsd_wphbhblizi"},{"time":1,"name":null}]},"mlsd_wphbhblizi5":{"color":[{"time":0,"color":"ffffffda","curve":[0.327,0.29,0.66,0.62]},{"time":0.0333,"color":"ffffffb8","curve":[0.322,0.28,0.656,0.61]},{"time":0.1,"color":"ffffffd0","curve":[0.324,0.3,0.658,0.63]},{"time":0.1667,"color":"ffffff88","curve":[0.326,0.31,0.66,0.64]},{"time":0.2333,"color":"ffffff94","curve":[0.328,0.32,0.662,0.65]},{"time":0.3,"color":"ffffff5c","curve":[0.33,0.32,0.663,0.66]},{"time":0.3667,"color":"ffffff4c","curve":[0.331,0.33,0.665,0.66]},{"time":0.4333,"color":"ffffff24","curve":[0.332,0.33,0.666,0.67]},{"time":0.5,"color":"ffffff00","curve":[0.309,0,0.644,0.35]},{"time":0.5667,"color":"ffffff0e","curve":[0.324,0.27,0.658,0.61]},{"time":0.6,"color":"ffffff1a","curve":[0.325,0.29,0.659,0.63]},{"time":1,"color":"ffffff00"}],"attachment":[{"time":0,"name":"mlsd_wphbhblizi"},{"time":1,"name":null}]},"mlsd_wphbhblizi6":{"color":[{"time":0,"color":"ffffff40","curve":[0.328,0.31,0.661,0.65]},{"time":0.0333,"color":"ffffff5a","curve":[0.325,0.3,0.659,0.64]},{"time":0.1,"color":"ffffff72","curve":[0.328,0.32,0.662,0.65]},{"time":0.1667,"color":"ffffffc4","curve":[0.331,0.33,0.666,0.66]},{"time":0.2333,"color":"ffffffc0","curve":[0.316,0,0.65,0.35]},{"time":0.3,"color":"fffffff6","curve":[0.32,0.23,0.654,0.57]},{"time":0.3667,"color":"ffffffb8","curve":[0.322,0.28,0.656,0.61]},{"time":0.4333,"color":"ffffffd0","curve":[0.324,0.3,0.658,0.63]},{"time":0.5,"color":"ffffff88","curve":[0.326,0.31,0.66,0.64]},{"time":0.5667,"color":"ffffff94","curve":[0.331,0.32,0.664,0.66]},{"time":0.6,"color":"ffffff78","curve":[0.331,0.33,0.664,0.66]},{"time":1,"color":"ffffff00"}],"attachment":[{"time":0,"name":"mlsd_wphbhblizi"},{"time":1,"name":null}]},"mlsd_wphbhblizi7":{"color":[{"time":0,"color":"ffffff24","curve":[0.332,0.33,0.666,0.67]},{"time":0.0667,"color":"ffffff00","curve":[0.309,0,0.644,0.35]},{"time":0.1333,"color":"ffffff0e","curve":[0.316,0.23,0.65,0.57]},{"time":0.2,"color":"ffffff2a","curve":[0.321,0.28,0.655,0.62]},{"time":0.2667,"color":"ffffff5a","curve":[0.325,0.3,0.659,0.64]},{"time":0.3333,"color":"ffffff72","curve":[0.328,0.32,0.662,0.65]},{"time":0.4,"color":"ffffffc4","curve":[0.331,0.33,0.666,0.66]},{"time":0.4667,"color":"ffffffc0","curve":[0.316,0,0.65,0.35]},{"time":0.5333,"color":"fffffff6","curve":[0.32,0.23,0.654,0.57]},{"time":0.6,"color":"ffffffb8","curve":[0.322,0.28,0.656,0.61]},{"time":1,"color":"ffffff00"}],"attachment":[{"time":0,"name":"mlsd_wphbhblizi"},{"time":1,"name":null}]},"mlsd_wphbhblizi8":{"color":[{"time":0,"color":"ffffff0e","curve":[0.316,0.23,0.65,0.57]},{"time":0.0667,"color":"ffffff2a","curve":[0.321,0.28,0.655,0.62]},{"time":0.1333,"color":"ffffff5a","curve":[0.325,0.3,0.659,0.64]},{"time":0.2,"color":"ffffff72","curve":[0.328,0.32,0.662,0.65]},{"time":0.2667,"color":"ffffffc4","curve":[0.331,0.33,0.666,0.66]},{"time":0.3333,"color":"ffffffc0","curve":[0.316,0,0.65,0.35]},{"time":0.4,"color":"fffffff6","curve":[0.32,0.23,0.654,0.57]},{"time":0.4667,"color":"ffffffb8","curve":[0.322,0.28,0.656,0.61]},{"time":0.5333,"color":"ffffffd0","curve":[0.324,0.3,0.658,0.63]},{"time":0.6,"color":"ffffff88","curve":[0.326,0.31,0.66,0.64]},{"time":1,"color":"ffffff00"}],"attachment":[{"time":0,"name":"mlsd_wphbhblizi"},{"time":1,"name":null}]},"mlsd_wphbhblizi9":{"color":[{"time":0,"color":"ffffffd0","curve":[0.324,0.3,0.658,0.63]},{"time":0.0667,"color":"ffffff88","curve":[0.326,0.31,0.66,0.64]},{"time":0.1333,"color":"ffffff94","curve":[0.328,0.32,0.662,0.65]},{"time":0.2,"color":"ffffff5c","curve":[0.33,0.32,0.663,0.66]},{"time":0.2667,"color":"ffffff4c","curve":[0.331,0.33,0.665,0.66]},{"time":0.3333,"color":"ffffff24","curve":[0.332,0.33,0.666,0.67]},{"time":0.4,"color":"ffffff00","curve":[0.309,0,0.644,0.35]},{"time":0.4667,"color":"ffffff0e","curve":[0.316,0.23,0.65,0.57]},{"time":0.5333,"color":"ffffff2a","curve":[0.321,0.28,0.655,0.62]},{"time":0.6,"color":"ffffff5a","curve":[0.325,0.3,0.659,0.64]},{"time":1,"color":"ffffff00"}],"attachment":[{"time":0,"name":"mlsd_wphbhblizi"},{"time":1,"name":null}]},"mlsd_wphbhblizi10":{"color":[{"time":0,"color":"ffffff72","curve":[0.328,0.32,0.662,0.65]},{"time":0.0667,"color":"ffffffc4","curve":[0.331,0.33,0.666,0.66]},{"time":0.1333,"color":"ffffffc0","curve":[0.316,0,0.65,0.35]},{"time":0.2,"color":"fffffff6","curve":[0.32,0.23,0.654,0.57]},{"time":0.2667,"color":"ffffffb8","curve":[0.322,0.28,0.656,0.61]},{"time":0.3333,"color":"ffffffd0","curve":[0.324,0.3,0.658,0.63]},{"time":0.4,"color":"ffffff88","curve":[0.326,0.31,0.66,0.64]},{"time":0.4667,"color":"ffffff94","curve":[0.328,0.32,0.662,0.65]},{"time":0.5333,"color":"ffffff5c","curve":[0.33,0.32,0.663,0.66]},{"time":0.6,"color":"ffffff4c","curve":[0.331,0.33,0.665,0.66]},{"time":1,"color":"ffffff00"}],"attachment":[{"time":0,"name":"mlsd_wphbhblizi"},{"time":1,"name":null}]},"mlsd_wphbhblizi11":{"color":[{"time":0,"color":"ffffff00","curve":[0.309,0,0.644,0.35]},{"time":0.0667,"color":"ffffff0e","curve":[0.316,0.23,0.65,0.57]},{"time":0.1333,"color":"ffffff2a","curve":[0.321,0.28,0.655,0.62]},{"time":0.2,"color":"ffffff5a","curve":[0.325,0.3,0.659,0.64]},{"time":0.2667,"color":"ffffff72","curve":[0.328,0.32,0.662,0.65]},{"time":0.3333,"color":"ffffffc4","curve":[0.331,0.33,0.666,0.66]},{"time":0.4,"color":"ffffffc0","curve":[0.316,0,0.65,0.35]},{"time":0.4667,"color":"fffffff6","curve":[0.32,0.23,0.654,0.57]},{"time":0.5333,"color":"ffffffb8","curve":[0.322,0.28,0.656,0.61]},{"time":0.6,"color":"ffffffd0","curve":[0.324,0.3,0.658,0.63]},{"time":1,"color":"ffffff00"}],"attachment":[{"time":0,"name":"mlsd_wphbhblizi"},{"time":1,"name":null}]},"mlsd_wphbhblizi12":{"color":[{"time":0,"color":"ffffff88","curve":[0.326,0.31,0.66,0.64]},{"time":0.0667,"color":"ffffff94","curve":[0.328,0.32,0.662,0.65]},{"time":0.1333,"color":"ffffff5c","curve":[0.33,0.32,0.663,0.66]},{"time":0.2,"color":"ffffff4c","curve":[0.331,0.33,0.665,0.66]},{"time":0.2667,"color":"ffffff24","curve":[0.332,0.33,0.666,0.67]},{"time":0.3333,"color":"ffffff00","curve":[0.309,0,0.644,0.35]},{"time":0.4,"color":"ffffff0e","curve":[0.316,0.23,0.65,0.57]},{"time":0.4667,"color":"ffffff2a","curve":[0.321,0.28,0.655,0.62]},{"time":0.5333,"color":"ffffff5a","curve":[0.325,0.3,0.659,0.64]},{"time":0.6,"color":"ffffff72","curve":[0.328,0.32,0.662,0.65]},{"time":1,"color":"ffffff00"}],"attachment":[{"time":0,"name":"mlsd_wphbhblizi"},{"time":1,"name":null}]},"mlsd_wphbhblizi13":{"color":[{"time":0,"color":"ffffffc4","curve":[0.331,0.33,0.666,0.66]},{"time":0.0667,"color":"ffffffc0","curve":[0.316,0,0.65,0.35]},{"time":0.1333,"color":"fffffff6","curve":[0.32,0.23,0.654,0.57]},{"time":0.2,"color":"ffffffb8","curve":[0.322,0.28,0.656,0.61]},{"time":0.2667,"color":"ffffffd0","curve":[0.324,0.3,0.658,0.63]},{"time":0.3333,"color":"ffffff88","curve":[0.326,0.31,0.66,0.64]},{"time":0.4,"color":"ffffff94","curve":[0.328,0.32,0.662,0.65]},{"time":0.4667,"color":"ffffff5c","curve":[0.33,0.32,0.663,0.66]},{"time":0.5333,"color":"ffffff4c","curve":[0.331,0.33,0.665,0.66]},{"time":0.6,"color":"ffffff24","curve":[0.332,0.33,0.666,0.67]},{"time":0.6667,"color":"ffffff00","curve":"stepped"},{"time":1,"color":"ffffff00"}],"attachment":[{"time":0,"name":"mlsd_wphbhblizi"},{"time":1,"name":null}]},"mlsd_wphbhblizi14":{"color":[{"time":0,"color":"ffffff54","curve":[0.332,0.33,0.665,0.66]},{"time":0.0333,"color":"ffffff4c","curve":[0.331,0.33,0.665,0.66]},{"time":0.1,"color":"ffffff24","curve":[0.332,0.33,0.666,0.67]},{"time":0.1667,"color":"ffffff00","curve":[0.309,0,0.644,0.35]},{"time":0.2333,"color":"ffffff0e","curve":[0.316,0.23,0.65,0.57]},{"time":0.3,"color":"ffffff2a","curve":[0.321,0.28,0.655,0.62]},{"time":0.3667,"color":"ffffff5a","curve":[0.325,0.3,0.659,0.64]},{"time":0.4333,"color":"ffffff72","curve":[0.328,0.32,0.662,0.65]},{"time":0.5,"color":"ffffffc4","curve":[0.331,0.33,0.666,0.66]},{"time":0.5667,"color":"ffffffc0","curve":[0.324,0,0.658,0.34]},{"time":0.6,"color":"ffffffce","curve":[0.325,0.23,0.659,0.56]},{"time":1,"color":"ffffff00"}],"attachment":[{"time":0,"name":"mlsd_wphbhblizi"},{"time":1,"name":null}]},"mlsd_wphbhblizi15":{"color":[{"time":0,"color":"ffffffda","curve":[0.327,0.29,0.66,0.62]},{"time":0.0333,"color":"ffffffb8","curve":[0.322,0.28,0.656,0.61]},{"time":0.1,"color":"ffffffd0","curve":[0.324,0.3,0.658,0.63]},{"time":0.1667,"color":"ffffff88","curve":[0.326,0.31,0.66,0.64]},{"time":0.2333,"color":"ffffff94","curve":[0.328,0.32,0.662,0.65]},{"time":0.3,"color":"ffffff5c","curve":[0.33,0.32,0.663,0.66]},{"time":0.3667,"color":"ffffff4c","curve":[0.331,0.33,0.665,0.66]},{"time":0.4333,"color":"ffffff24","curve":[0.332,0.33,0.666,0.67]},{"time":0.5,"color":"ffffff00","curve":"stepped"},{"time":1,"color":"ffffff00"}],"attachment":[{"time":0,"name":"mlsd_wphbhblizi"},{"time":1,"name":null}]},"mlsd_wphbhblizi16":{"color":[{"time":0,"color":"ffffff40","curve":[0.328,0.31,0.661,0.65]},{"time":0.0333,"color":"ffffff5a","curve":[0.325,0.3,0.659,0.64]},{"time":0.1,"color":"ffffff72","curve":[0.328,0.32,0.662,0.65]},{"time":0.1667,"color":"ffffffc4","curve":[0.331,0.33,0.666,0.66]},{"time":0.2333,"color":"ffffffc0","curve":[0.316,0,0.65,0.35]},{"time":0.3,"color":"fffffff6","curve":[0.32,0.23,0.654,0.57]},{"time":0.3667,"color":"ffffffb8","curve":[0.322,0.28,0.656,0.61]},{"time":0.4333,"color":"ffffffd0","curve":[0.324,0.3,0.658,0.63]},{"time":0.5,"color":"ffffff88","curve":[0.326,0.31,0.66,0.64]},{"time":0.5667,"color":"ffffff94","curve":[0.331,0.32,0.664,0.66]},{"time":0.6,"color":"ffffff78","curve":[0.331,0.33,0.664,0.66]},{"time":0.8333,"color":"ffffff00","curve":"stepped"},{"time":1,"color":"ffffff00"}],"attachment":[{"time":0,"name":"mlsd_wphbhblizi"},{"time":1,"name":null}]},"mlsd_wphbhblizi17":{"color":[{"time":0,"color":"ffffff24","curve":[0.332,0.33,0.666,0.67]},{"time":0.0667,"color":"ffffff00","curve":[0.309,0,0.644,0.35]},{"time":0.1333,"color":"ffffff0e","curve":[0.316,0.23,0.65,0.57]},{"time":0.2,"color":"ffffff2a","curve":[0.321,0.28,0.655,0.62]},{"time":0.2667,"color":"ffffff5a","curve":[0.325,0.3,0.659,0.64]},{"time":0.3333,"color":"ffffff72","curve":[0.328,0.32,0.662,0.65]},{"time":0.4,"color":"ffffffc4","curve":[0.331,0.33,0.666,0.66]},{"time":0.4667,"color":"ffffffc0","curve":[0.316,0,0.65,0.35]},{"time":0.5333,"color":"fffffff6","curve":[0.32,0.23,0.654,0.57]},{"time":0.6,"color":"ffffffb8","curve":[0.322,0.28,0.656,0.61]},{"time":1,"color":"ffffff00"}],"attachment":[{"time":0,"name":"mlsd_wphbhblizi"},{"time":1,"name":null}]},"mlsd_wphbhblizi18":{"color":[{"time":0,"color":"ffffff0e","curve":[0.316,0.23,0.65,0.57]},{"time":0.0667,"color":"ffffff2a","curve":[0.321,0.28,0.655,0.62]},{"time":0.1333,"color":"ffffff5a","curve":[0.325,0.3,0.659,0.64]},{"time":0.2,"color":"ffffff72","curve":[0.328,0.32,0.662,0.65]},{"time":0.2667,"color":"ffffffc4","curve":[0.331,0.33,0.666,0.66]},{"time":0.3333,"color":"ffffffc0","curve":[0.316,0,0.65,0.35]},{"time":0.4,"color":"fffffff6","curve":[0.32,0.23,0.654,0.57]},{"time":0.4667,"color":"ffffffb8","curve":[0.322,0.28,0.656,0.61]},{"time":0.5333,"color":"ffffffd0","curve":[0.324,0.3,0.658,0.63]},{"time":0.6,"color":"ffffff88","curve":[0.326,0.31,0.66,0.64]},{"time":0.9333,"color":"ffffff00","curve":"stepped"},{"time":1,"color":"ffffff00"}],"attachment":[{"time":0,"name":"mlsd_wphbhblizi"},{"time":1,"name":null}]},"mlsd_wphbhblizi19":{"color":[{"time":0,"color":"ffffffd0","curve":[0.324,0.3,0.658,0.63]},{"time":0.0667,"color":"ffffff88","curve":[0.326,0.31,0.66,0.64]},{"time":0.1333,"color":"ffffff94","curve":[0.328,0.32,0.662,0.65]},{"time":0.2,"color":"ffffff5c","curve":[0.33,0.32,0.663,0.66]},{"time":0.2667,"color":"ffffff4c","curve":[0.331,0.33,0.665,0.66]},{"time":0.3333,"color":"ffffff24","curve":[0.332,0.33,0.666,0.67]},{"time":0.4,"color":"ffffff00","curve":"stepped"},{"time":1,"color":"ffffff00"}],"attachment":[{"time":0,"name":"mlsd_wphbhblizi"},{"time":1,"name":null}]},"mlsd_wphbhblizi20":{"color":[{"time":0,"color":"ffffff72","curve":[0.328,0.32,0.662,0.65]},{"time":0.0667,"color":"ffffffc4","curve":[0.331,0.33,0.666,0.66]},{"time":0.1333,"color":"ffffffc0","curve":[0.316,0,0.65,0.35]},{"time":0.2,"color":"fffffff6","curve":[0.32,0.23,0.654,0.57]},{"time":0.2667,"color":"ffffffb8","curve":[0.322,0.28,0.656,0.61]},{"time":0.3333,"color":"ffffffd0","curve":[0.324,0.3,0.658,0.63]},{"time":0.4,"color":"ffffff88","curve":[0.326,0.31,0.66,0.64]},{"time":0.4667,"color":"ffffff94","curve":[0.328,0.32,0.662,0.65]},{"time":0.5333,"color":"ffffff5c","curve":[0.33,0.32,0.663,0.66]},{"time":0.6,"color":"ffffff4c","curve":[0.331,0.33,0.665,0.66]},{"time":0.7333,"color":"ffffff00","curve":"stepped"},{"time":1,"color":"ffffff00"}],"attachment":[{"time":0,"name":"mlsd_wphbhblizi"},{"time":1,"name":null}]}},"bones":{"mlsd_wphbhb":{"rotate":[{"time":0,"angle":0,"curve":"stepped"},{"time":1,"angle":0}],"translate":[{"time":0,"x":0,"y":0,"curve":"stepped"},{"time":1,"x":0,"y":0}],"scale":[{"time":0,"x":1,"y":1,"curve":"stepped"},{"time":1,"x":1,"y":1}]},"scale":{"rotate":[{"time":0,"angle":0,"curve":"stepped"},{"time":1,"angle":0}],"translate":[{"time":0,"x":0,"y":0,"curve":"stepped"},{"time":1,"x":0,"y":0}],"scale":[{"time":0,"x":1,"y":1,"curve":[0.25,0,0.75,1]},{"time":0.0667,"x":1.1,"y":0.9,"curve":[0.25,0,0.75,1]},{"time":0.2,"x":0.95,"y":1.05,"curve":[0.25,0,0.75,1]},{"time":0.3333,"x":1.04,"y":0.96,"curve":[0.25,0,0.75,1]},{"time":0.4667,"x":1,"y":1,"curve":"stepped"},{"time":1,"x":1,"y":1}]},"mlsd_wphbhbnumber":{"rotate":[{"time":0,"angle":0,"curve":"stepped"},{"time":1,"angle":0}],"translate":[{"time":0,"x":0,"y":65,"curve":[0.311,0.8,0.582,1]},{"time":1,"x":0,"y":165}],"scale":[{"time":0,"x":1,"y":1,"curve":"stepped"},{"time":1,"x":1,"y":1}]},"mlsd_wphbhbgx1":{"rotate":[{"time":0,"angle":0,"curve":"stepped"},{"time":1,"angle":0}],"translate":[{"time":0,"x":0,"y":0,"curve":"stepped"},{"time":1,"x":0,"y":0}],"scale":[{"time":0,"x":0.5,"y":0.5,"curve":[0.154,0.7,0.474,1]},{"time":0.6,"x":1.5,"y":1.5},{"time":1,"x":2,"y":2}]},"mlsd_wphbhbgx2":{"rotate":[{"time":0,"angle":0,"curve":"stepped"},{"time":1,"angle":0}],"translate":[{"time":0,"x":0,"y":0,"curve":"stepped"},{"time":1,"x":0,"y":0}],"scale":[{"time":0,"x":0,"y":0,"curve":[0.154,0.7,0.474,1]},{"time":1,"x":1.5,"y":1.5}]},"mlsd_wphbhblizi5":{"rotate":[{"time":0,"angle":0,"curve":"stepped"},{"time":1,"angle":0}],"translate":[{"time":0,"x":0,"y":0,"curve":"stepped"},{"time":1,"x":0,"y":0}],"scale":[{"time":0,"x":1.17,"y":1.17},{"time":0.4667,"x":2.262,"y":2.262,"curve":"stepped"},{"time":0.5,"x":0,"y":0},{"time":1,"x":1.17,"y":1.17}]},"mlsd_wphbhblizi4":{"rotate":[{"time":0,"angle":0,"curve":"stepped"},{"time":1,"angle":0}],"translate":[{"time":0,"x":0,"y":0,"curve":"stepped"},{"time":1,"x":0,"y":0}],"scale":[{"time":0,"x":1.95,"y":1.95},{"time":0.1333,"x":2.262,"y":2.262,"curve":"stepped"},{"time":0.1667,"x":0,"y":0},{"time":1,"x":1.95,"y":1.95}]},"mlsd_wphbhblizi10":{"rotate":[{"time":0,"angle":0,"curve":"stepped"},{"time":1,"angle":0}],"translate":[{"time":0,"x":0,"y":0,"curve":"stepped"},{"time":1,"x":0,"y":0}],"scale":[{"time":0,"x":0.487,"y":0.487},{"time":0.7,"x":1.765,"y":1.765,"curve":"stepped"},{"time":1,"x":0.487,"y":0.487}]},"mlsd_wphbhblizi2":{"rotate":[{"time":0,"angle":0,"curve":"stepped"},{"time":1,"angle":0}],"translate":[{"time":0,"x":0,"y":0,"curve":"stepped"},{"time":1,"x":0,"y":0}],"scale":[{"time":0,"x":1.47,"y":1.47},{"time":0.3,"x":2.131,"y":2.131,"curve":"stepped"},{"time":0.3333,"x":0,"y":0},{"time":1,"x":1.47,"y":1.47}]},"mlsd_wphbhblizi9":{"rotate":[{"time":0,"angle":0,"curve":"stepped"},{"time":1,"angle":0}],"translate":[{"time":0,"x":0,"y":0,"curve":"stepped"},{"time":1,"x":0,"y":0}],"scale":[{"time":0,"x":1.404,"y":1.404},{"time":0.3667,"x":2.262,"y":2.262,"curve":"stepped"},{"time":0.4,"x":0,"y":0},{"time":1,"x":1.404,"y":1.404}]},"mlsd_wphbhblizi7":{"rotate":[{"time":0,"angle":0,"curve":"stepped"},{"time":1,"angle":0}],"translate":[{"time":0,"x":0,"y":0,"curve":"stepped"},{"time":1,"x":0,"y":0}],"scale":[{"time":0,"x":2.184,"y":2.184},{"time":0.0333,"x":2.262,"y":2.262,"curve":"stepped"},{"time":0.0667,"x":0,"y":0},{"time":1,"x":2.184,"y":2.184}]},"mlsd_wphbhblizi6":{"rotate":[{"time":0,"angle":0,"curve":"stepped"},{"time":1,"angle":0}],"translate":[{"time":0,"x":0,"y":0,"curve":"stepped"},{"time":1,"x":0,"y":0}],"scale":[{"time":0,"x":0.39,"y":0.39},{"time":0.8,"x":2.262,"y":2.262,"curve":"stepped"},{"time":0.8333,"x":0,"y":0},{"time":1,"x":0.39,"y":0.39}]},"mlsd_wphbhblizi8":{"rotate":[{"time":0,"angle":0,"curve":"stepped"},{"time":1,"angle":0}],"translate":[{"time":0,"x":0,"y":0,"curve":"stepped"},{"time":1,"x":0,"y":0}],"scale":[{"time":0,"x":0.156,"y":0.156},{"time":0.9,"x":2.262,"y":2.262,"curve":"stepped"},{"time":1,"x":0.156,"y":0.156}]},"mlsd_wphbhblizi3":{"rotate":[{"time":0,"angle":0,"curve":"stepped"},{"time":1,"angle":0}],"translate":[{"time":0,"x":0,"y":0,"curve":"stepped"},{"time":1,"x":0,"y":0}],"scale":[{"time":0,"x":0.644,"y":0.644},{"time":0.6333,"x":1.868,"y":1.868,"curve":"stepped"},{"time":0.6667,"x":0,"y":0},{"time":1,"x":0.644,"y":0.644}]},"mlsd_wphbhblizi":{"rotate":[{"time":0,"angle":0,"curve":"stepped"},{"time":1,"angle":0}],"translate":[{"time":0,"x":0,"y":0,"curve":"stepped"},{"time":1,"x":0,"y":0}],"scale":[{"time":0,"x":0,"y":0},{"time":0.9667,"x":1.765,"y":1.765,"curve":"stepped"},{"time":1,"x":0,"y":0}]},"mlsd_wphbhblizi17":{"rotate":[{"time":0,"angle":0,"curve":"stepped"},{"time":1,"angle":0}],"translate":[{"time":0,"x":0,"y":0,"curve":[0.156,0.6,0.462,0.9]},{"time":1,"x":-151.74,"y":32.01}],"scale":[{"time":0,"x":2.184,"y":2.184},{"time":0.0333,"x":2.262,"y":2.262,"curve":"stepped"},{"time":0.0667,"x":0,"y":0},{"time":1,"x":2.184,"y":2.184}]},"mlsd_wphbhblizi12":{"rotate":[{"time":0,"angle":0,"curve":"stepped"},{"time":1,"angle":0}],"translate":[{"time":0,"x":0,"y":0,"curve":[0.156,0.6,0.462,0.9]},{"time":1,"x":8.92,"y":134}],"scale":[{"time":0,"x":1.47,"y":1.47},{"time":0.3,"x":2.131,"y":2.131,"curve":"stepped"},{"time":0.3333,"x":0,"y":0},{"time":1,"x":1.47,"y":1.47}]},"mlsd_wphbhblizi18":{"rotate":[{"time":0,"angle":0,"curve":"stepped"},{"time":1,"angle":0}],"translate":[{"time":0,"x":0,"y":0,"curve":[0.156,0.6,0.462,0.9]},{"time":1,"x":97.15,"y":105.16}],"scale":[{"time":0,"x":0.156,"y":0.156},{"time":0.9,"x":2.262,"y":2.262,"curve":"stepped"},{"time":0.9333,"x":0,"y":0},{"time":1,"x":0.156,"y":0.156}]},"mlsd_wphbhblizi13":{"rotate":[{"time":0,"angle":0,"curve":"stepped"},{"time":1,"angle":0}],"translate":[{"time":0,"x":0,"y":0,"curve":[0.156,0.6,0.462,0.9]},{"time":1,"x":143.83,"y":-62.69}],"scale":[{"time":0,"x":0.644,"y":0.644},{"time":0.6333,"x":1.868,"y":1.868,"curve":"stepped"},{"time":0.6667,"x":0,"y":0},{"time":1,"x":0.644,"y":0.644}]},"mlsd_wphbhblizi16":{"rotate":[{"time":0,"angle":0,"curve":"stepped"},{"time":1,"angle":0}],"translate":[{"time":0,"x":0,"y":0,"curve":[0.156,0.6,0.462,0.9]},{"time":1,"x":98.61,"y":-97.9}],"scale":[{"time":0,"x":0.39,"y":0.39},{"time":0.8,"x":2.262,"y":2.262,"curve":"stepped"},{"time":0.8333,"x":0,"y":0},{"time":1,"x":0.39,"y":0.39}]},"mlsd_wphbhblizi20":{"rotate":[{"time":0,"angle":0,"curve":"stepped"},{"time":1,"angle":0}],"translate":[{"time":0,"x":0,"y":0,"curve":[0.156,0.6,0.462,0.9]},{"time":1,"x":-148.46,"y":-50.49}],"scale":[{"time":0,"x":0.487,"y":0.487},{"time":0.7,"x":1.765,"y":1.765,"curve":"stepped"},{"time":0.7333,"x":0,"y":0},{"time":1,"x":0.487,"y":0.487}]},"mlsd_wphbhblizi19":{"rotate":[{"time":0,"angle":0,"curve":"stepped"},{"time":1,"angle":0}],"translate":[{"time":0,"x":0,"y":0,"curve":[0.156,0.6,0.462,0.9]},{"time":1,"x":-99.65,"y":-106.02}],"scale":[{"time":0,"x":1.404,"y":1.404},{"time":0.3667,"x":2.262,"y":2.262,"curve":"stepped"},{"time":0.4,"x":0,"y":0},{"time":1,"x":1.404,"y":1.404}]},"mlsd_wphbhblizi14":{"rotate":[{"time":0,"angle":0,"curve":"stepped"},{"time":1,"angle":0}],"translate":[{"time":0,"x":0,"y":0,"curve":[0.156,0.6,0.462,0.9]},{"time":1,"x":-26.47,"y":-109.1}],"scale":[{"time":0,"x":1.95,"y":1.95},{"time":0.1333,"x":2.262,"y":2.262,"curve":"stepped"},{"time":0.1667,"x":0,"y":0},{"time":1,"x":1.95,"y":1.95}]},"mlsd_wphbhblizi15":{"rotate":[{"time":0,"angle":0,"curve":"stepped"},{"time":1,"angle":0}],"translate":[{"time":0,"x":0,"y":0,"curve":[0.156,0.6,0.462,0.9]},{"time":1,"x":171.39,"y":15.84}],"scale":[{"time":0,"x":1.17,"y":1.17},{"time":0.4667,"x":2.262,"y":2.262,"curve":"stepped"},{"time":0.5,"x":0,"y":0},{"time":1,"x":1.17,"y":1.17}]},"mlsd_wphbhblizi11":{"rotate":[{"time":0,"angle":0,"curve":"stepped"},{"time":1,"angle":0}],"translate":[{"time":0,"x":0,"y":0,"curve":[0.156,0.6,0.462,0.9]},{"time":1,"x":-105.54,"y":110.22}],"scale":[{"time":0,"x":0,"y":0},{"time":0.9667,"x":1.765,"y":1.765,"curve":"stepped"},{"time":1,"x":0,"y":0}]},"mlsd_wphbhbgx3":{"rotate":[{"time":0,"angle":0,"curve":"stepped"},{"time":1,"angle":0}],"translate":[{"time":0,"x":0,"y":0,"curve":"stepped"},{"time":1,"x":0,"y":0}],"scale":[{"time":0,"x":0.5,"y":0.5,"curve":[0.154,0.7,0.474,1]},{"time":0.6,"x":1.5,"y":1.5},{"time":1,"x":2,"y":2}]},"mlsd_wphbhbgx4":{"rotate":[{"time":0,"angle":0,"curve":"stepped"},{"time":1,"angle":0}],"translate":[{"time":0,"x":0,"y":0,"curve":"stepped"},{"time":1,"x":0,"y":0}],"scale":[{"time":0,"x":0.5,"y":0.5,"curve":[0.154,0.7,0.474,1]},{"time":0.6,"x":1.5,"y":1.5},{"time":1,"x":2,"y":2}]},"mlsd_wphbhbgx5":{"rotate":[{"time":0,"angle":0,"curve":"stepped"},{"time":1,"angle":0}],"translate":[{"time":0,"x":0,"y":0,"curve":"stepped"},{"time":1,"x":0,"y":0}],"scale":[{"time":0,"x":0.5,"y":0.5,"curve":[0.154,0.7,0.474,1]},{"time":0.6,"x":1.5,"y":1.5},{"time":1,"x":2,"y":2}]},"mlsd_wphbhbgx6":{"rotate":[{"time":0,"angle":0,"curve":"stepped"},{"time":1,"angle":0}],"translate":[{"time":0,"x":0,"y":0,"curve":"stepped"},{"time":1,"x":0,"y":0}],"scale":[{"time":0,"x":0,"y":0,"curve":[0.154,0.7,0.474,1]},{"time":1,"x":1.5,"y":1.5}]},"root":{"rotate":[{"time":0,"angle":0,"curve":"stepped"},{"time":1,"angle":0}],"translate":[{"time":0,"x":0,"y":0,"curve":"stepped"},{"time":1,"x":0,"y":0}],"scale":[{"time":0,"x":1,"y":1,"curve":"stepped"},{"time":1,"x":1,"y":1}]},"hip":{"rotate":[{"time":0,"angle":0,"curve":"stepped"},{"time":1,"angle":0}],"translate":[{"time":0,"x":0,"y":0,"curve":"stepped"},{"time":1,"x":0,"y":0}],"scale":[{"time":0,"x":1,"y":1,"curve":"stepped"},{"time":1,"x":1,"y":1}]}}},"idle":{"slots":{"mlsd_wphbhb":{"color":[{"time":0,"color":"fffffffe","curve":"stepped"},{"time":1,"color":"fffffffe"}]},"mlsd_wphbhbgx1":{"color":[{"time":0,"color":"fffffffe","curve":"stepped"},{"time":1,"color":"fffffffe"}],"attachment":[{"time":0,"name":null},{"time":1,"name":null}]},"mlsd_wphbhbgx2":{"color":[{"time":0,"color":"fffffffe","curve":"stepped"},{"time":1,"color":"fffffffe"}],"attachment":[{"time":0,"name":null},{"time":1,"name":null}]},"mlsd_wphbhbgx3":{"color":[{"time":0,"color":"fffffffe","curve":"stepped"},{"time":1,"color":"fffffffe"}],"attachment":[{"time":0,"name":null},{"time":1,"name":null}]},"mlsd_wphbhbgx4":{"color":[{"time":0,"color":"fffffffe","curve":"stepped"},{"time":1,"color":"fffffffe"}],"attachment":[{"time":0,"name":null},{"time":1,"name":null}]},"mlsd_wphbhbgx5":{"color":[{"time":0,"color":"fffffffe","curve":"stepped"},{"time":1,"color":"fffffffe"}],"attachment":[{"time":0,"name":null},{"time":1,"name":null}]},"mlsd_wphbhbgx6":{"color":[{"time":0,"color":"fffffffe","curve":"stepped"},{"time":1,"color":"fffffffe"}],"attachment":[{"time":0,"name":null},{"time":1,"name":null}]},"mlsd_wphbhblizi":{"color":[{"time":0,"color":"ffffff00","curve":[0.309,0,0.644,0.35]},{"time":0.0667,"color":"ffffff0e","curve":[0.316,0.23,0.65,0.57]},{"time":0.1333,"color":"ffffff2a","curve":[0.321,0.28,0.655,0.62]},{"time":0.2,"color":"ffffff5a","curve":[0.325,0.3,0.659,0.64]},{"time":0.2667,"color":"ffffff72","curve":[0.328,0.32,0.662,0.65]},{"time":0.3333,"color":"ffffffc4","curve":[0.331,0.33,0.666,0.66]},{"time":0.4,"color":"ffffffc0","curve":[0.316,0,0.65,0.35]},{"time":0.4667,"color":"fffffff6","curve":[0.32,0.23,0.654,0.57]},{"time":0.5333,"color":"ffffffb8","curve":[0.322,0.28,0.656,0.61]},{"time":0.6,"color":"ffffffd0","curve":[0.324,0.3,0.658,0.63]},{"time":0.6667,"color":"ffffff88","curve":[0.326,0.31,0.66,0.64]},{"time":0.7333,"color":"ffffff94","curve":[0.328,0.32,0.662,0.65]},{"time":0.8,"color":"ffffff5c","curve":[0.33,0.32,0.663,0.66]},{"time":0.8667,"color":"ffffff4c","curve":[0.331,0.33,0.665,0.66]},{"time":0.9333,"color":"ffffff24","curve":[0.332,0.33,0.666,0.67]},{"time":1,"color":"ffffff00"}],"attachment":[{"time":0,"name":"mlsd_wphbhblizi"},{"time":1,"name":"mlsd_wphbhblizi"}]},"mlsd_wphbhblizi2":{"color":[{"time":0,"color":"ffffff88","curve":[0.326,0.31,0.66,0.64]},{"time":0.0667,"color":"ffffff94","curve":[0.328,0.32,0.662,0.65]},{"time":0.1333,"color":"ffffff5c","curve":[0.33,0.32,0.663,0.66]},{"time":0.2,"color":"ffffff4c","curve":[0.331,0.33,0.665,0.66]},{"time":0.2667,"color":"ffffff24","curve":[0.332,0.33,0.666,0.67]},{"time":0.3333,"color":"ffffff00","curve":[0.309,0,0.644,0.35]},{"time":0.4,"color":"ffffff0e","curve":[0.316,0.23,0.65,0.57]},{"time":0.4667,"color":"ffffff2a","curve":[0.321,0.28,0.655,0.62]},{"time":0.5333,"color":"ffffff5a","curve":[0.325,0.3,0.659,0.64]},{"time":0.6,"color":"ffffff72","curve":[0.328,0.32,0.662,0.65]},{"time":0.6667,"color":"ffffffc4","curve":[0.331,0.33,0.666,0.66]},{"time":0.7333,"color":"ffffffc0","curve":[0.316,0,0.65,0.35]},{"time":0.8,"color":"fffffff6","curve":[0.32,0.23,0.654,0.57]},{"time":0.8667,"color":"ffffffb8","curve":[0.322,0.28,0.656,0.61]},{"time":0.9333,"color":"ffffffd0","curve":[0.324,0.3,0.658,0.63]},{"time":1,"color":"ffffff88"}],"attachment":[{"time":0,"name":"mlsd_wphbhblizi"},{"time":1,"name":"mlsd_wphbhblizi"}]},"mlsd_wphbhblizi3":{"color":[{"time":0,"color":"ffffffc4","curve":[0.331,0.33,0.666,0.66]},{"time":0.0667,"color":"ffffffc0","curve":[0.316,0,0.65,0.35]},{"time":0.1333,"color":"fffffff6","curve":[0.32,0.23,0.654,0.57]},{"time":0.2,"color":"ffffffb8","curve":[0.322,0.28,0.656,0.61]},{"time":0.2667,"color":"ffffffd0","curve":[0.324,0.3,0.658,0.63]},{"time":0.3333,"color":"ffffff88","curve":[0.326,0.31,0.66,0.64]},{"time":0.4,"color":"ffffff94","curve":[0.328,0.32,0.662,0.65]},{"time":0.4667,"color":"ffffff5c","curve":[0.33,0.32,0.663,0.66]},{"time":0.5333,"color":"ffffff4c","curve":[0.331,0.33,0.665,0.66]},{"time":0.6,"color":"ffffff24","curve":[0.332,0.33,0.666,0.67]},{"time":0.6667,"color":"ffffff00","curve":[0.309,0,0.644,0.35]},{"time":0.7333,"color":"ffffff0e","curve":[0.316,0.23,0.65,0.57]},{"time":0.8,"color":"ffffff2a","curve":[0.321,0.28,0.655,0.62]},{"time":0.8667,"color":"ffffff5a","curve":[0.325,0.3,0.659,0.64]},{"time":0.9333,"color":"ffffff72","curve":[0.328,0.32,0.662,0.65]},{"time":1,"color":"ffffffc4"}],"attachment":[{"time":0,"name":"mlsd_wphbhblizi"},{"time":1,"name":"mlsd_wphbhblizi"}]},"mlsd_wphbhblizi4":{"color":[{"time":0,"color":"ffffff54","curve":[0.332,0.33,0.665,0.66]},{"time":0.0333,"color":"ffffff4c","curve":[0.331,0.33,0.665,0.66]},{"time":0.1,"color":"ffffff24","curve":[0.332,0.33,0.666,0.67]},{"time":0.1667,"color":"ffffff00","curve":[0.309,0,0.644,0.35]},{"time":0.2333,"color":"ffffff0e","curve":[0.316,0.23,0.65,0.57]},{"time":0.3,"color":"ffffff2a","curve":[0.321,0.28,0.655,0.62]},{"time":0.3667,"color":"ffffff5a","curve":[0.325,0.3,0.659,0.64]},{"time":0.4333,"color":"ffffff72","curve":[0.328,0.32,0.662,0.65]},{"time":0.5,"color":"ffffffc4","curve":[0.331,0.33,0.666,0.66]},{"time":0.5667,"color":"ffffffc0","curve":[0.316,0,0.65,0.35]},{"time":0.6333,"color":"fffffff6","curve":[0.32,0.23,0.654,0.57]},{"time":0.7,"color":"ffffffb8","curve":[0.322,0.28,0.656,0.61]},{"time":0.7667,"color":"ffffffd0","curve":[0.324,0.3,0.658,0.63]},{"time":0.8333,"color":"ffffff88","curve":[0.326,0.31,0.66,0.64]},{"time":0.9,"color":"ffffff94","curve":[0.328,0.32,0.662,0.65]},{"time":0.9667,"color":"ffffff5c","curve":[0.331,0.33,0.665,0.66]},{"time":1,"color":"ffffff54"}],"attachment":[{"time":0,"name":"mlsd_wphbhblizi"},{"time":1,"name":"mlsd_wphbhblizi"}]},"mlsd_wphbhblizi5":{"color":[{"time":0,"color":"ffffffda","curve":[0.327,0.29,0.66,0.62]},{"time":0.0333,"color":"ffffffb8","curve":[0.322,0.28,0.656,0.61]},{"time":0.1,"color":"ffffffd0","curve":[0.324,0.3,0.658,0.63]},{"time":0.1667,"color":"ffffff88","curve":[0.326,0.31,0.66,0.64]},{"time":0.2333,"color":"ffffff94","curve":[0.328,0.32,0.662,0.65]},{"time":0.3,"color":"ffffff5c","curve":[0.33,0.32,0.663,0.66]},{"time":0.3667,"color":"ffffff4c","curve":[0.331,0.33,0.665,0.66]},{"time":0.4333,"color":"ffffff24","curve":[0.332,0.33,0.666,0.67]},{"time":0.5,"color":"ffffff00","curve":[0.309,0,0.644,0.35]},{"time":0.5667,"color":"ffffff0e","curve":[0.316,0.23,0.65,0.57]},{"time":0.6333,"color":"ffffff2a","curve":[0.321,0.28,0.655,0.62]},{"time":0.7,"color":"ffffff5a","curve":[0.325,0.3,0.659,0.64]},{"time":0.7667,"color":"ffffff72","curve":[0.328,0.32,0.662,0.65]},{"time":0.8333,"color":"ffffffc4","curve":[0.331,0.33,0.666,0.66]},{"time":0.9,"color":"ffffffc0","curve":[0.316,0,0.65,0.35]},{"time":0.9667,"color":"fffffff6","curve":[0.326,0.27,0.66,0.61]},{"time":1,"color":"ffffffda"}],"attachment":[{"time":0,"name":"mlsd_wphbhblizi"},{"time":1,"name":"mlsd_wphbhblizi"}]},"mlsd_wphbhblizi6":{"color":[{"time":0,"color":"ffffff40","curve":[0.328,0.31,0.661,0.65]},{"time":0.0333,"color":"ffffff5a","curve":[0.325,0.3,0.659,0.64]},{"time":0.1,"color":"ffffff72","curve":[0.328,0.32,0.662,0.65]},{"time":0.1667,"color":"ffffffc4","curve":[0.331,0.33,0.666,0.66]},{"time":0.2333,"color":"ffffffc0","curve":[0.316,0,0.65,0.35]},{"time":0.3,"color":"fffffff6","curve":[0.32,0.23,0.654,0.57]},{"time":0.3667,"color":"ffffffb8","curve":[0.322,0.28,0.656,0.61]},{"time":0.4333,"color":"ffffffd0","curve":[0.324,0.3,0.658,0.63]},{"time":0.5,"color":"ffffff88","curve":[0.326,0.31,0.66,0.64]},{"time":0.5667,"color":"ffffff94","curve":[0.328,0.32,0.662,0.65]},{"time":0.6333,"color":"ffffff5c","curve":[0.33,0.32,0.663,0.66]},{"time":0.7,"color":"ffffff4c","curve":[0.331,0.33,0.665,0.66]},{"time":0.7667,"color":"ffffff24","curve":[0.332,0.33,0.666,0.67]},{"time":0.8333,"color":"ffffff00","curve":[0.309,0,0.644,0.35]},{"time":0.9,"color":"ffffff0e","curve":[0.316,0.23,0.65,0.57]},{"time":0.9667,"color":"ffffff2a","curve":[0.327,0.3,0.66,0.64]},{"time":1,"color":"ffffff40"}],"attachment":[{"time":0,"name":"mlsd_wphbhblizi"},{"time":1,"name":"mlsd_wphbhblizi"}]},"mlsd_wphbhblizi7":{"color":[{"time":0,"color":"ffffff24","curve":[0.332,0.33,0.666,0.67]},{"time":0.0667,"color":"ffffff00","curve":[0.309,0,0.644,0.35]},{"time":0.1333,"color":"ffffff0e","curve":[0.316,0.23,0.65,0.57]},{"time":0.2,"color":"ffffff2a","curve":[0.321,0.28,0.655,0.62]},{"time":0.2667,"color":"ffffff5a","curve":[0.325,0.3,0.659,0.64]},{"time":0.3333,"color":"ffffff72","curve":[0.328,0.32,0.662,0.65]},{"time":0.4,"color":"ffffffc4","curve":[0.331,0.33,0.666,0.66]},{"time":0.4667,"color":"ffffffc0","curve":[0.316,0,0.65,0.35]},{"time":0.5333,"color":"fffffff6","curve":[0.32,0.23,0.654,0.57]},{"time":0.6,"color":"ffffffb8","curve":[0.322,0.28,0.656,0.61]},{"time":0.6667,"color":"ffffffd0","curve":[0.324,0.3,0.658,0.63]},{"time":0.7333,"color":"ffffff88","curve":[0.326,0.31,0.66,0.64]},{"time":0.8,"color":"ffffff94","curve":[0.328,0.32,0.662,0.65]},{"time":0.8667,"color":"ffffff5c","curve":[0.33,0.32,0.663,0.66]},{"time":0.9333,"color":"ffffff4c","curve":[0.331,0.33,0.665,0.66]},{"time":1,"color":"ffffff24"}],"attachment":[{"time":0,"name":"mlsd_wphbhblizi"},{"time":1,"name":"mlsd_wphbhblizi"}]},"mlsd_wphbhblizi8":{"color":[{"time":0,"color":"ffffff0e","curve":[0.316,0.23,0.65,0.57]},{"time":0.0667,"color":"ffffff2a","curve":[0.321,0.28,0.655,0.62]},{"time":0.1333,"color":"ffffff5a","curve":[0.325,0.3,0.659,0.64]},{"time":0.2,"color":"ffffff72","curve":[0.328,0.32,0.662,0.65]},{"time":0.2667,"color":"ffffffc4","curve":[0.331,0.33,0.666,0.66]},{"time":0.3333,"color":"ffffffc0","curve":[0.316,0,0.65,0.35]},{"time":0.4,"color":"fffffff6","curve":[0.32,0.23,0.654,0.57]},{"time":0.4667,"color":"ffffffb8","curve":[0.322,0.28,0.656,0.61]},{"time":0.5333,"color":"ffffffd0","curve":[0.324,0.3,0.658,0.63]},{"time":0.6,"color":"ffffff88","curve":[0.326,0.31,0.66,0.64]},{"time":0.6667,"color":"ffffff94","curve":[0.328,0.32,0.662,0.65]},{"time":0.7333,"color":"ffffff5c","curve":[0.33,0.32,0.663,0.66]},{"time":0.8,"color":"ffffff4c","curve":[0.331,0.33,0.665,0.66]},{"time":0.8667,"color":"ffffff24","curve":[0.332,0.33,0.666,0.67]},{"time":0.9333,"color":"ffffff00","curve":[0.309,0,0.644,0.35]},{"time":1,"color":"ffffff0e"}],"attachment":[{"time":0,"name":"mlsd_wphbhblizi"},{"time":1,"name":"mlsd_wphbhblizi"}]},"mlsd_wphbhblizi9":{"color":[{"time":0,"color":"ffffffd0","curve":[0.324,0.3,0.658,0.63]},{"time":0.0667,"color":"ffffff88","curve":[0.326,0.31,0.66,0.64]},{"time":0.1333,"color":"ffffff94","curve":[0.328,0.32,0.662,0.65]},{"time":0.2,"color":"ffffff5c","curve":[0.33,0.32,0.663,0.66]},{"time":0.2667,"color":"ffffff4c","curve":[0.331,0.33,0.665,0.66]},{"time":0.3333,"color":"ffffff24","curve":[0.332,0.33,0.666,0.67]},{"time":0.4,"color":"ffffff00","curve":[0.309,0,0.644,0.35]},{"time":0.4667,"color":"ffffff0e","curve":[0.316,0.23,0.65,0.57]},{"time":0.5333,"color":"ffffff2a","curve":[0.321,0.28,0.655,0.62]},{"time":0.6,"color":"ffffff5a","curve":[0.325,0.3,0.659,0.64]},{"time":0.6667,"color":"ffffff72","curve":[0.328,0.32,0.662,0.65]},{"time":0.7333,"color":"ffffffc4","curve":[0.331,0.33,0.666,0.66]},{"time":0.8,"color":"ffffffc0","curve":[0.316,0,0.65,0.35]},{"time":0.8667,"color":"fffffff6","curve":[0.32,0.23,0.654,0.57]},{"time":0.9333,"color":"ffffffb8","curve":[0.322,0.28,0.656,0.61]},{"time":1,"color":"ffffffd0"}],"attachment":[{"time":0,"name":"mlsd_wphbhblizi"},{"time":1,"name":"mlsd_wphbhblizi"}]},"mlsd_wphbhblizi10":{"color":[{"time":0,"color":"ffffff72","curve":[0.328,0.32,0.662,0.65]},{"time":0.0667,"color":"ffffffc4","curve":[0.331,0.33,0.666,0.66]},{"time":0.1333,"color":"ffffffc0","curve":[0.316,0,0.65,0.35]},{"time":0.2,"color":"fffffff6","curve":[0.32,0.23,0.654,0.57]},{"time":0.2667,"color":"ffffffb8","curve":[0.322,0.28,0.656,0.61]},{"time":0.3333,"color":"ffffffd0","curve":[0.324,0.3,0.658,0.63]},{"time":0.4,"color":"ffffff88","curve":[0.326,0.31,0.66,0.64]},{"time":0.4667,"color":"ffffff94","curve":[0.328,0.32,0.662,0.65]},{"time":0.5333,"color":"ffffff5c","curve":[0.33,0.32,0.663,0.66]},{"time":0.6,"color":"ffffff4c","curve":[0.331,0.33,0.665,0.66]},{"time":0.6667,"color":"ffffff24","curve":[0.332,0.33,0.666,0.67]},{"time":0.7333,"color":"ffffff00","curve":[0.309,0,0.644,0.35]},{"time":0.8,"color":"ffffff0e","curve":[0.316,0.23,0.65,0.57]},{"time":0.8667,"color":"ffffff2a","curve":[0.321,0.28,0.655,0.62]},{"time":0.9333,"color":"ffffff5a","curve":[0.325,0.3,0.659,0.64]},{"time":1,"color":"ffffff72"}],"attachment":[{"time":0,"name":"mlsd_wphbhblizi"},{"time":1,"name":"mlsd_wphbhblizi"}]},"mlsd_wphbhblizi11":{"color":[{"time":0,"color":"ffffff00","curve":[0.309,0,0.644,0.35]},{"time":0.0667,"color":"ffffff0e","curve":[0.316,0.23,0.65,0.57]},{"time":0.1333,"color":"ffffff2a","curve":[0.321,0.28,0.655,0.62]},{"time":0.2,"color":"ffffff5a","curve":[0.325,0.3,0.659,0.64]},{"time":0.2667,"color":"ffffff72","curve":[0.328,0.32,0.662,0.65]},{"time":0.3333,"color":"ffffffc4","curve":[0.331,0.33,0.666,0.66]},{"time":0.4,"color":"ffffffc0","curve":[0.316,0,0.65,0.35]},{"time":0.4667,"color":"fffffff6","curve":[0.32,0.23,0.654,0.57]},{"time":0.5333,"color":"ffffffb8","curve":[0.322,0.28,0.656,0.61]},{"time":0.6,"color":"ffffffd0","curve":[0.324,0.3,0.658,0.63]},{"time":0.6667,"color":"ffffff88","curve":[0.326,0.31,0.66,0.64]},{"time":0.7333,"color":"ffffff94","curve":[0.328,0.32,0.662,0.65]},{"time":0.8,"color":"ffffff5c","curve":[0.33,0.32,0.663,0.66]},{"time":0.8667,"color":"ffffff4c","curve":[0.331,0.33,0.665,0.66]},{"time":0.9333,"color":"ffffff24","curve":[0.332,0.33,0.666,0.67]},{"time":1,"color":"ffffff00"}],"attachment":[{"time":0,"name":null},{"time":1,"name":null}]},"mlsd_wphbhblizi12":{"color":[{"time":0,"color":"ffffff88","curve":[0.326,0.31,0.66,0.64]},{"time":0.0667,"color":"ffffff94","curve":[0.328,0.32,0.662,0.65]},{"time":0.1333,"color":"ffffff5c","curve":[0.33,0.32,0.663,0.66]},{"time":0.2,"color":"ffffff4c","curve":[0.331,0.33,0.665,0.66]},{"time":0.2667,"color":"ffffff24","curve":[0.332,0.33,0.666,0.67]},{"time":0.3333,"color":"ffffff00","curve":[0.309,0,0.644,0.35]},{"time":0.4,"color":"ffffff0e","curve":[0.316,0.23,0.65,0.57]},{"time":0.4667,"color":"ffffff2a","curve":[0.321,0.28,0.655,0.62]},{"time":0.5333,"color":"ffffff5a","curve":[0.325,0.3,0.659,0.64]},{"time":0.6,"color":"ffffff72","curve":[0.328,0.32,0.662,0.65]},{"time":0.6667,"color":"ffffffc4","curve":[0.331,0.33,0.666,0.66]},{"time":0.7333,"color":"ffffffc0","curve":[0.316,0,0.65,0.35]},{"time":0.8,"color":"fffffff6","curve":[0.32,0.23,0.654,0.57]},{"time":0.8667,"color":"ffffffb8","curve":[0.322,0.28,0.656,0.61]},{"time":0.9333,"color":"ffffffd0","curve":[0.324,0.3,0.658,0.63]},{"time":1,"color":"ffffff88"}],"attachment":[{"time":0,"name":null},{"time":1,"name":null}]},"mlsd_wphbhblizi13":{"color":[{"time":0,"color":"ffffffc4","curve":[0.331,0.33,0.666,0.66]},{"time":0.0667,"color":"ffffffc0","curve":[0.316,0,0.65,0.35]},{"time":0.1333,"color":"fffffff6","curve":[0.32,0.23,0.654,0.57]},{"time":0.2,"color":"ffffffb8","curve":[0.322,0.28,0.656,0.61]},{"time":0.2667,"color":"ffffffd0","curve":[0.324,0.3,0.658,0.63]},{"time":0.3333,"color":"ffffff88","curve":[0.326,0.31,0.66,0.64]},{"time":0.4,"color":"ffffff94","curve":[0.328,0.32,0.662,0.65]},{"time":0.4667,"color":"ffffff5c","curve":[0.33,0.32,0.663,0.66]},{"time":0.5333,"color":"ffffff4c","curve":[0.331,0.33,0.665,0.66]},{"time":0.6,"color":"ffffff24","curve":[0.332,0.33,0.666,0.67]},{"time":0.6667,"color":"ffffff00","curve":[0.309,0,0.644,0.35]},{"time":0.7333,"color":"ffffff0e","curve":[0.316,0.23,0.65,0.57]},{"time":0.8,"color":"ffffff2a","curve":[0.321,0.28,0.655,0.62]},{"time":0.8667,"color":"ffffff5a","curve":[0.325,0.3,0.659,0.64]},{"time":0.9333,"color":"ffffff72","curve":[0.328,0.32,0.662,0.65]},{"time":1,"color":"ffffffc4"}],"attachment":[{"time":0,"name":null},{"time":1,"name":null}]},"mlsd_wphbhblizi14":{"color":[{"time":0,"color":"ffffff54","curve":[0.332,0.33,0.665,0.66]},{"time":0.0333,"color":"ffffff4c","curve":[0.331,0.33,0.665,0.66]},{"time":0.1,"color":"ffffff24","curve":[0.332,0.33,0.666,0.67]},{"time":0.1667,"color":"ffffff00","curve":[0.309,0,0.644,0.35]},{"time":0.2333,"color":"ffffff0e","curve":[0.316,0.23,0.65,0.57]},{"time":0.3,"color":"ffffff2a","curve":[0.321,0.28,0.655,0.62]},{"time":0.3667,"color":"ffffff5a","curve":[0.325,0.3,0.659,0.64]},{"time":0.4333,"color":"ffffff72","curve":[0.328,0.32,0.662,0.65]},{"time":0.5,"color":"ffffffc4","curve":[0.331,0.33,0.666,0.66]},{"time":0.5667,"color":"ffffffc0","curve":[0.316,0,0.65,0.35]},{"time":0.6333,"color":"fffffff6","curve":[0.32,0.23,0.654,0.57]},{"time":0.7,"color":"ffffffb8","curve":[0.322,0.28,0.656,0.61]},{"time":0.7667,"color":"ffffffd0","curve":[0.324,0.3,0.658,0.63]},{"time":0.8333,"color":"ffffff88","curve":[0.326,0.31,0.66,0.64]},{"time":0.9,"color":"ffffff94","curve":[0.328,0.32,0.662,0.65]},{"time":0.9667,"color":"ffffff5c","curve":[0.331,0.33,0.665,0.66]},{"time":1,"color":"ffffff54"}],"attachment":[{"time":0,"name":null},{"time":1,"name":null}]},"mlsd_wphbhblizi15":{"color":[{"time":0,"color":"ffffffda","curve":[0.327,0.29,0.66,0.62]},{"time":0.0333,"color":"ffffffb8","curve":[0.322,0.28,0.656,0.61]},{"time":0.1,"color":"ffffffd0","curve":[0.324,0.3,0.658,0.63]},{"time":0.1667,"color":"ffffff88","curve":[0.326,0.31,0.66,0.64]},{"time":0.2333,"color":"ffffff94","curve":[0.328,0.32,0.662,0.65]},{"time":0.3,"color":"ffffff5c","curve":[0.33,0.32,0.663,0.66]},{"time":0.3667,"color":"ffffff4c","curve":[0.331,0.33,0.665,0.66]},{"time":0.4333,"color":"ffffff24","curve":[0.332,0.33,0.666,0.67]},{"time":0.5,"color":"ffffff00","curve":[0.309,0,0.644,0.35]},{"time":0.5667,"color":"ffffff0e","curve":[0.316,0.23,0.65,0.57]},{"time":0.6333,"color":"ffffff2a","curve":[0.321,0.28,0.655,0.62]},{"time":0.7,"color":"ffffff5a","curve":[0.325,0.3,0.659,0.64]},{"time":0.7667,"color":"ffffff72","curve":[0.328,0.32,0.662,0.65]},{"time":0.8333,"color":"ffffffc4","curve":[0.331,0.33,0.666,0.66]},{"time":0.9,"color":"ffffffc0","curve":[0.316,0,0.65,0.35]},{"time":0.9667,"color":"fffffff6","curve":[0.326,0.27,0.66,0.61]},{"time":1,"color":"ffffffda"}],"attachment":[{"time":0,"name":null},{"time":1,"name":null}]},"mlsd_wphbhblizi16":{"color":[{"time":0,"color":"ffffff40","curve":[0.328,0.31,0.661,0.65]},{"time":0.0333,"color":"ffffff5a","curve":[0.325,0.3,0.659,0.64]},{"time":0.1,"color":"ffffff72","curve":[0.328,0.32,0.662,0.65]},{"time":0.1667,"color":"ffffffc4","curve":[0.331,0.33,0.666,0.66]},{"time":0.2333,"color":"ffffffc0","curve":[0.316,0,0.65,0.35]},{"time":0.3,"color":"fffffff6","curve":[0.32,0.23,0.654,0.57]},{"time":0.3667,"color":"ffffffb8","curve":[0.322,0.28,0.656,0.61]},{"time":0.4333,"color":"ffffffd0","curve":[0.324,0.3,0.658,0.63]},{"time":0.5,"color":"ffffff88","curve":[0.326,0.31,0.66,0.64]},{"time":0.5667,"color":"ffffff94","curve":[0.328,0.32,0.662,0.65]},{"time":0.6333,"color":"ffffff5c","curve":[0.33,0.32,0.663,0.66]},{"time":0.7,"color":"ffffff4c","curve":[0.331,0.33,0.665,0.66]},{"time":0.7667,"color":"ffffff24","curve":[0.332,0.33,0.666,0.67]},{"time":0.8333,"color":"ffffff00","curve":[0.309,0,0.644,0.35]},{"time":0.9,"color":"ffffff0e","curve":[0.316,0.23,0.65,0.57]},{"time":0.9667,"color":"ffffff2a","curve":[0.327,0.3,0.66,0.64]},{"time":1,"color":"ffffff40"}],"attachment":[{"time":0,"name":null},{"time":1,"name":null}]},"mlsd_wphbhblizi17":{"color":[{"time":0,"color":"ffffff24","curve":[0.332,0.33,0.666,0.67]},{"time":0.0667,"color":"ffffff00","curve":[0.309,0,0.644,0.35]},{"time":0.1333,"color":"ffffff0e","curve":[0.316,0.23,0.65,0.57]},{"time":0.2,"color":"ffffff2a","curve":[0.321,0.28,0.655,0.62]},{"time":0.2667,"color":"ffffff5a","curve":[0.325,0.3,0.659,0.64]},{"time":0.3333,"color":"ffffff72","curve":[0.328,0.32,0.662,0.65]},{"time":0.4,"color":"ffffffc4","curve":[0.331,0.33,0.666,0.66]},{"time":0.4667,"color":"ffffffc0","curve":[0.316,0,0.65,0.35]},{"time":0.5333,"color":"fffffff6","curve":[0.32,0.23,0.654,0.57]},{"time":0.6,"color":"ffffffb8","curve":[0.322,0.28,0.656,0.61]},{"time":0.6667,"color":"ffffffd0","curve":[0.324,0.3,0.658,0.63]},{"time":0.7333,"color":"ffffff88","curve":[0.326,0.31,0.66,0.64]},{"time":0.8,"color":"ffffff94","curve":[0.328,0.32,0.662,0.65]},{"time":0.8667,"color":"ffffff5c","curve":[0.33,0.32,0.663,0.66]},{"time":0.9333,"color":"ffffff4c","curve":[0.331,0.33,0.665,0.66]},{"time":1,"color":"ffffff24"}],"attachment":[{"time":0,"name":null},{"time":1,"name":null}]},"mlsd_wphbhblizi18":{"color":[{"time":0,"color":"ffffff0e","curve":[0.316,0.23,0.65,0.57]},{"time":0.0667,"color":"ffffff2a","curve":[0.321,0.28,0.655,0.62]},{"time":0.1333,"color":"ffffff5a","curve":[0.325,0.3,0.659,0.64]},{"time":0.2,"color":"ffffff72","curve":[0.328,0.32,0.662,0.65]},{"time":0.2667,"color":"ffffffc4","curve":[0.331,0.33,0.666,0.66]},{"time":0.3333,"color":"ffffffc0","curve":[0.316,0,0.65,0.35]},{"time":0.4,"color":"fffffff6","curve":[0.32,0.23,0.654,0.57]},{"time":0.4667,"color":"ffffffb8","curve":[0.322,0.28,0.656,0.61]},{"time":0.5333,"color":"ffffffd0","curve":[0.324,0.3,0.658,0.63]},{"time":0.6,"color":"ffffff88","curve":[0.326,0.31,0.66,0.64]},{"time":0.6667,"color":"ffffff94","curve":[0.328,0.32,0.662,0.65]},{"time":0.7333,"color":"ffffff5c","curve":[0.33,0.32,0.663,0.66]},{"time":0.8,"color":"ffffff4c","curve":[0.331,0.33,0.665,0.66]},{"time":0.8667,"color":"ffffff24","curve":[0.332,0.33,0.666,0.67]},{"time":0.9333,"color":"ffffff00","curve":[0.309,0,0.644,0.35]},{"time":1,"color":"ffffff0e"}],"attachment":[{"time":0,"name":null},{"time":1,"name":null}]},"mlsd_wphbhblizi19":{"color":[{"time":0,"color":"ffffffd0","curve":[0.324,0.3,0.658,0.63]},{"time":0.0667,"color":"ffffff88","curve":[0.326,0.31,0.66,0.64]},{"time":0.1333,"color":"ffffff94","curve":[0.328,0.32,0.662,0.65]},{"time":0.2,"color":"ffffff5c","curve":[0.33,0.32,0.663,0.66]},{"time":0.2667,"color":"ffffff4c","curve":[0.331,0.33,0.665,0.66]},{"time":0.3333,"color":"ffffff24","curve":[0.332,0.33,0.666,0.67]},{"time":0.4,"color":"ffffff00","curve":[0.309,0,0.644,0.35]},{"time":0.4667,"color":"ffffff0e","curve":[0.316,0.23,0.65,0.57]},{"time":0.5333,"color":"ffffff2a","curve":[0.321,0.28,0.655,0.62]},{"time":0.6,"color":"ffffff5a","curve":[0.325,0.3,0.659,0.64]},{"time":0.6667,"color":"ffffff72","curve":[0.328,0.32,0.662,0.65]},{"time":0.7333,"color":"ffffffc4","curve":[0.331,0.33,0.666,0.66]},{"time":0.8,"color":"ffffffc0","curve":[0.316,0,0.65,0.35]},{"time":0.8667,"color":"fffffff6","curve":[0.32,0.23,0.654,0.57]},{"time":0.9333,"color":"ffffffb8","curve":[0.322,0.28,0.656,0.61]},{"time":1,"color":"ffffffd0"}],"attachment":[{"time":0,"name":null},{"time":1,"name":null}]},"mlsd_wphbhblizi20":{"color":[{"time":0,"color":"ffffff72","curve":[0.328,0.32,0.662,0.65]},{"time":0.0667,"color":"ffffffc4","curve":[0.331,0.33,0.666,0.66]},{"time":0.1333,"color":"ffffffc0","curve":[0.316,0,0.65,0.35]},{"time":0.2,"color":"fffffff6","curve":[0.32,0.23,0.654,0.57]},{"time":0.2667,"color":"ffffffb8","curve":[0.322,0.28,0.656,0.61]},{"time":0.3333,"color":"ffffffd0","curve":[0.324,0.3,0.658,0.63]},{"time":0.4,"color":"ffffff88","curve":[0.326,0.31,0.66,0.64]},{"time":0.4667,"color":"ffffff94","curve":[0.328,0.32,0.662,0.65]},{"time":0.5333,"color":"ffffff5c","curve":[0.33,0.32,0.663,0.66]},{"time":0.6,"color":"ffffff4c","curve":[0.331,0.33,0.665,0.66]},{"time":0.6667,"color":"ffffff24","curve":[0.332,0.33,0.666,0.67]},{"time":0.7333,"color":"ffffff00","curve":[0.309,0,0.644,0.35]},{"time":0.8,"color":"ffffff0e","curve":[0.316,0.23,0.65,0.57]},{"time":0.8667,"color":"ffffff2a","curve":[0.321,0.28,0.655,0.62]},{"time":0.9333,"color":"ffffff5a","curve":[0.325,0.3,0.659,0.64]},{"time":1,"color":"ffffff72"}],"attachment":[{"time":0,"name":null},{"time":1,"name":null}]}},"bones":{"mlsd_wphbhb":{"rotate":[{"time":0,"angle":0,"curve":"stepped"},{"time":1,"angle":0}],"translate":[{"time":0,"x":0,"y":0,"curve":"stepped"},{"time":1,"x":0,"y":0}],"scale":[{"time":0,"x":1,"y":1,"curve":"stepped"},{"time":1,"x":1,"y":1}]},"scale":{"rotate":[{"time":0,"angle":0,"curve":"stepped"},{"time":1,"angle":0}],"translate":[{"time":0,"x":0,"y":0,"curve":"stepped"},{"time":1,"x":0,"y":0}],"scale":[{"time":0,"x":1,"y":1,"curve":"stepped"},{"time":1,"x":1,"y":1}]},"mlsd_wphbhbnumber":{"rotate":[{"time":0,"angle":0,"curve":"stepped"},{"time":1,"angle":0}],"translate":[{"time":0,"x":0,"y":0,"curve":"stepped"},{"time":1,"x":0,"y":0}],"scale":[{"time":0,"x":1,"y":1,"curve":"stepped"},{"time":1,"x":1,"y":1}]},"mlsd_wphbhbgx2":{"rotate":[{"time":0,"angle":0,"curve":"stepped"},{"time":1,"angle":0}],"translate":[{"time":0,"x":0,"y":0,"curve":"stepped"},{"time":1,"x":0,"y":0}],"scale":[{"time":0,"x":1,"y":1,"curve":"stepped"},{"time":1,"x":1,"y":1}]},"mlsd_wphbhbgx1":{"rotate":[{"time":0,"angle":0,"curve":"stepped"},{"time":1,"angle":0}],"translate":[{"time":0,"x":0,"y":0,"curve":"stepped"},{"time":1,"x":0,"y":0}],"scale":[{"time":0,"x":1,"y":1,"curve":"stepped"},{"time":1,"x":1,"y":1}]},"mlsd_wphbhblizi":{"rotate":[{"time":0,"angle":0,"curve":"stepped"},{"time":1,"angle":0}],"translate":[{"time":0,"x":0,"y":0,"curve":"stepped"},{"time":1,"x":0,"y":0}],"scale":[{"time":0,"x":0,"y":0},{"time":0.9667,"x":1.765,"y":1.765,"curve":"stepped"},{"time":1,"x":0,"y":0}]},"mlsd_wphbhblizi2":{"rotate":[{"time":0,"angle":0,"curve":"stepped"},{"time":1,"angle":0}],"translate":[{"time":0,"x":0,"y":0,"curve":"stepped"},{"time":1,"x":0,"y":0}],"scale":[{"time":0,"x":1.47,"y":1.47},{"time":0.3,"x":2.131,"y":2.131,"curve":"stepped"},{"time":0.3333,"x":0,"y":0},{"time":1,"x":1.47,"y":1.47}]},"mlsd_wphbhblizi3":{"rotate":[{"time":0,"angle":0,"curve":"stepped"},{"time":1,"angle":0}],"translate":[{"time":0,"x":0,"y":0,"curve":"stepped"},{"time":1,"x":0,"y":0}],"scale":[{"time":0,"x":0.644,"y":0.644},{"time":0.6333,"x":1.868,"y":1.868,"curve":"stepped"},{"time":0.6667,"x":0,"y":0},{"time":1,"x":0.644,"y":0.644}]},"mlsd_wphbhblizi4":{"rotate":[{"time":0,"angle":0,"curve":"stepped"},{"time":1,"angle":0}],"translate":[{"time":0,"x":0,"y":0,"curve":"stepped"},{"time":1,"x":0,"y":0}],"scale":[{"time":0,"x":1.95,"y":1.95},{"time":0.1333,"x":2.262,"y":2.262,"curve":"stepped"},{"time":0.1667,"x":0,"y":0},{"time":1,"x":1.95,"y":1.95}]},"mlsd_wphbhblizi5":{"rotate":[{"time":0,"angle":0,"curve":"stepped"},{"time":1,"angle":0}],"translate":[{"time":0,"x":0,"y":0,"curve":"stepped"},{"time":1,"x":0,"y":0}],"scale":[{"time":0,"x":1.17,"y":1.17},{"time":0.4667,"x":2.262,"y":2.262,"curve":"stepped"},{"time":0.5,"x":0,"y":0},{"time":1,"x":1.17,"y":1.17}]},"mlsd_wphbhblizi6":{"rotate":[{"time":0,"angle":0,"curve":"stepped"},{"time":1,"angle":0}],"translate":[{"time":0,"x":0,"y":0,"curve":"stepped"},{"time":1,"x":0,"y":0}],"scale":[{"time":0,"x":0.39,"y":0.39},{"time":0.8,"x":2.262,"y":2.262,"curve":"stepped"},{"time":0.8333,"x":0,"y":0},{"time":1,"x":0.39,"y":0.39}]},"mlsd_wphbhblizi7":{"rotate":[{"time":0,"angle":0,"curve":"stepped"},{"time":1,"angle":0}],"translate":[{"time":0,"x":0,"y":0,"curve":"stepped"},{"time":1,"x":0,"y":0}],"scale":[{"time":0,"x":2.184,"y":2.184},{"time":0.0333,"x":2.262,"y":2.262,"curve":"stepped"},{"time":0.0667,"x":0,"y":0},{"time":1,"x":2.184,"y":2.184}]},"mlsd_wphbhblizi8":{"rotate":[{"time":0,"angle":0,"curve":"stepped"},{"time":1,"angle":0}],"translate":[{"time":0,"x":0,"y":0,"curve":"stepped"},{"time":1,"x":0,"y":0}],"scale":[{"time":0,"x":0.156,"y":0.156},{"time":0.9,"x":2.262,"y":2.262,"curve":"stepped"},{"time":0.9333,"x":0,"y":0},{"time":1,"x":0.156,"y":0.156}]},"mlsd_wphbhblizi9":{"rotate":[{"time":0,"angle":0,"curve":"stepped"},{"time":1,"angle":0}],"translate":[{"time":0,"x":0,"y":0,"curve":"stepped"},{"time":1,"x":0,"y":0}],"scale":[{"time":0,"x":1.404,"y":1.404},{"time":0.3667,"x":2.262,"y":2.262,"curve":"stepped"},{"time":0.4,"x":0,"y":0},{"time":1,"x":1.404,"y":1.404}]},"mlsd_wphbhblizi10":{"rotate":[{"time":0,"angle":0,"curve":"stepped"},{"time":1,"angle":0}],"translate":[{"time":0,"x":0,"y":0,"curve":"stepped"},{"time":1,"x":0,"y":0}],"scale":[{"time":0,"x":0.487,"y":0.487},{"time":0.7,"x":1.765,"y":1.765,"curve":"stepped"},{"time":0.7333,"x":0,"y":0},{"time":1,"x":0.487,"y":0.487}]},"mlsd_wphbhblizi11":{"rotate":[{"time":0,"angle":0,"curve":"stepped"},{"time":1,"angle":0}],"translate":[{"time":0,"x":0,"y":0,"curve":"stepped"},{"time":1,"x":0,"y":0}],"scale":[{"time":0,"x":0,"y":0},{"time":0.9667,"x":1.765,"y":1.765,"curve":"stepped"},{"time":1,"x":0,"y":0}]},"mlsd_wphbhblizi12":{"rotate":[{"time":0,"angle":0,"curve":"stepped"},{"time":1,"angle":0}],"translate":[{"time":0,"x":0,"y":0,"curve":"stepped"},{"time":1,"x":0,"y":0}],"scale":[{"time":0,"x":1.47,"y":1.47},{"time":0.3,"x":2.131,"y":2.131,"curve":"stepped"},{"time":0.3333,"x":0,"y":0},{"time":1,"x":1.47,"y":1.47}]},"mlsd_wphbhblizi13":{"rotate":[{"time":0,"angle":0,"curve":"stepped"},{"time":1,"angle":0}],"translate":[{"time":0,"x":0,"y":0,"curve":"stepped"},{"time":1,"x":0,"y":0}],"scale":[{"time":0,"x":0.644,"y":0.644},{"time":0.6333,"x":1.868,"y":1.868,"curve":"stepped"},{"time":0.6667,"x":0,"y":0},{"time":1,"x":0.644,"y":0.644}]},"mlsd_wphbhblizi14":{"rotate":[{"time":0,"angle":0,"curve":"stepped"},{"time":1,"angle":0}],"translate":[{"time":0,"x":0,"y":0,"curve":"stepped"},{"time":1,"x":0,"y":0}],"scale":[{"time":0,"x":1.95,"y":1.95},{"time":0.1333,"x":2.262,"y":2.262,"curve":"stepped"},{"time":0.1667,"x":0,"y":0},{"time":1,"x":1.95,"y":1.95}]},"mlsd_wphbhblizi15":{"rotate":[{"time":0,"angle":0,"curve":"stepped"},{"time":1,"angle":0}],"translate":[{"time":0,"x":0,"y":0,"curve":"stepped"},{"time":1,"x":0,"y":0}],"scale":[{"time":0,"x":1.17,"y":1.17},{"time":0.4667,"x":2.262,"y":2.262,"curve":"stepped"},{"time":0.5,"x":0,"y":0},{"time":1,"x":1.17,"y":1.17}]},"mlsd_wphbhblizi16":{"rotate":[{"time":0,"angle":0,"curve":"stepped"},{"time":1,"angle":0}],"translate":[{"time":0,"x":0,"y":0,"curve":"stepped"},{"time":1,"x":0,"y":0}],"scale":[{"time":0,"x":0.39,"y":0.39},{"time":0.8,"x":2.262,"y":2.262,"curve":"stepped"},{"time":0.8333,"x":0,"y":0},{"time":1,"x":0.39,"y":0.39}]},"mlsd_wphbhblizi17":{"rotate":[{"time":0,"angle":0,"curve":"stepped"},{"time":1,"angle":0}],"translate":[{"time":0,"x":0,"y":0,"curve":"stepped"},{"time":1,"x":0,"y":0}],"scale":[{"time":0,"x":2.184,"y":2.184},{"time":0.0333,"x":2.262,"y":2.262,"curve":"stepped"},{"time":0.0667,"x":0,"y":0},{"time":1,"x":2.184,"y":2.184}]},"mlsd_wphbhblizi18":{"rotate":[{"time":0,"angle":0,"curve":"stepped"},{"time":1,"angle":0}],"translate":[{"time":0,"x":0,"y":0,"curve":"stepped"},{"time":1,"x":0,"y":0}],"scale":[{"time":0,"x":0.156,"y":0.156},{"time":0.9,"x":2.262,"y":2.262,"curve":"stepped"},{"time":0.9333,"x":0,"y":0},{"time":1,"x":0.156,"y":0.156}]},"mlsd_wphbhblizi19":{"rotate":[{"time":0,"angle":0,"curve":"stepped"},{"time":1,"angle":0}],"translate":[{"time":0,"x":0,"y":0,"curve":"stepped"},{"time":1,"x":0,"y":0}],"scale":[{"time":0,"x":1.404,"y":1.404},{"time":0.3667,"x":2.262,"y":2.262,"curve":"stepped"},{"time":0.4,"x":0,"y":0},{"time":1,"x":1.404,"y":1.404}]},"mlsd_wphbhblizi20":{"rotate":[{"time":0,"angle":0,"curve":"stepped"},{"time":1,"angle":0}],"translate":[{"time":0,"x":0,"y":0,"curve":"stepped"},{"time":1,"x":0,"y":0}],"scale":[{"time":0,"x":0.487,"y":0.487},{"time":0.7,"x":1.765,"y":1.765,"curve":"stepped"},{"time":0.7333,"x":0,"y":0},{"time":1,"x":0.487,"y":0.487}]},"mlsd_wphbhbgx3":{"rotate":[{"time":0,"angle":0,"curve":"stepped"},{"time":1,"angle":0}],"translate":[{"time":0,"x":0,"y":0,"curve":"stepped"},{"time":1,"x":0,"y":0}],"scale":[{"time":0,"x":1,"y":1,"curve":"stepped"},{"time":1,"x":1,"y":1}]},"mlsd_wphbhbgx4":{"rotate":[{"time":0,"angle":0,"curve":"stepped"},{"time":1,"angle":0}],"translate":[{"time":0,"x":0,"y":0,"curve":"stepped"},{"time":1,"x":0,"y":0}],"scale":[{"time":0,"x":1,"y":1,"curve":"stepped"},{"time":1,"x":1,"y":1}]},"mlsd_wphbhbgx5":{"rotate":[{"time":0,"angle":0,"curve":"stepped"},{"time":1,"angle":0}],"translate":[{"time":0,"x":0,"y":0,"curve":"stepped"},{"time":1,"x":0,"y":0}],"scale":[{"time":0,"x":1,"y":1,"curve":"stepped"},{"time":1,"x":1,"y":1}]},"mlsd_wphbhbgx6":{"rotate":[{"time":0,"angle":0,"curve":"stepped"},{"time":1,"angle":0}],"translate":[{"time":0,"x":0,"y":0,"curve":"stepped"},{"time":1,"x":0,"y":0}],"scale":[{"time":0,"x":1,"y":1,"curve":"stepped"},{"time":1,"x":1,"y":1}]},"root":{"rotate":[{"time":0,"angle":0,"curve":"stepped"},{"time":1,"angle":0}],"translate":[{"time":0,"x":0,"y":0,"curve":"stepped"},{"time":1,"x":0,"y":0}],"scale":[{"time":0,"x":1,"y":1,"curve":"stepped"},{"time":1,"x":1,"y":1}]},"hip":{"rotate":[{"time":0,"angle":0,"curve":"stepped"},{"time":1,"angle":0}],"translate":[{"time":0,"x":0,"y":0,"curve":"stepped"},{"time":1,"x":0,"y":0}],"scale":[{"time":0,"x":1,"y":1,"curve":"stepped"},{"time":1,"x":1,"y":1}]}}},"start":{"slots":{"mlsd_wphbhb":{"color":[{"time":0,"color":"ffffff00","curve":[0.375,0.5,0.75,1]},{"time":0.1,"color":"fffffffe","curve":"stepped"},{"time":1,"color":"fffffffe"}]},"mlsd_wphbhbgx1":{"color":[{"time":0,"color":"ffffff00","curve":[0.154,0.7,0.474,1]},{"time":0.2,"color":"fffffffe","curve":[0.154,0.7,0.474,1]},{"time":0.6,"color":"ffffff00","curve":"stepped"},{"time":1,"color":"ffffff00"}],"attachment":[{"time":0,"name":"mlsd_wphbhbgx1"},{"time":1,"name":null}]},"mlsd_wphbhbgx2":{"color":[{"time":0,"color":"ffffff00","curve":[0.154,0.7,0.474,1]},{"time":0.2,"color":"fffffffe","curve":[0.154,0.7,0.474,1]},{"time":1,"color":"ffffff00"}],"attachment":[{"time":0,"name":"mlsd_wphbhbgx2"},{"time":1,"name":null}]},"mlsd_wphbhbgx3":{"color":[{"time":0,"color":"ffffff00","curve":[0.154,0.7,0.474,1]},{"time":0.2,"color":"fffffffe","curve":[0.154,0.7,0.474,1]},{"time":0.6,"color":"ffffff00","curve":"stepped"},{"time":1,"color":"ffffff00"}],"attachment":[{"time":0,"name":"mlsd_wphbhbgx3"},{"time":1,"name":null}]},"mlsd_wphbhbgx4":{"color":[{"time":0,"color":"ffffff00","curve":[0.154,0.7,0.474,1]},{"time":0.2,"color":"ffffff7e","curve":[0.154,0.7,0.474,1]},{"time":0.6,"color":"ffffff00","curve":"stepped"},{"time":1,"color":"ffffff00"}],"attachment":[{"time":0,"name":"mlsd_wphbhbgx1"},{"time":1,"name":null}]},"mlsd_wphbhbgx5":{"color":[{"time":0,"color":"ffffff00","curve":[0.154,0.7,0.474,1]},{"time":0.2,"color":"fffffffe","curve":[0.154,0.7,0.474,1]},{"time":0.6,"color":"ffffff00","curve":"stepped"},{"time":1,"color":"ffffff00"}],"attachment":[{"time":0,"name":"mlsd_wphbhbgx3"},{"time":1,"name":null}]},"mlsd_wphbhbgx6":{"color":[{"time":0,"color":"ffffff00","curve":"stepped"},{"time":0.1333,"color":"ffffff00","curve":[0.154,0.7,0.474,1]},{"time":0.3333,"color":"fffffffe","curve":[0.154,0.7,0.474,1]},{"time":0.8,"color":"ffffff00","curve":"stepped"},{"time":1,"color":"ffffff00"}],"attachment":[{"time":0,"name":"mlsd_wphbhbgx2"},{"time":0.1333,"name":"mlsd_wphbhbgx2"},{"time":0.8,"name":null},{"time":1,"name":null}]},"mlsd_wphbhblizi":{"color":[{"time":0,"color":"ffffff00","curve":[0.309,0,0.644,0.35]},{"time":0.0667,"color":"ffffff0e","curve":[0.316,0.23,0.65,0.57]},{"time":0.1333,"color":"ffffff2a","curve":[0.321,0.28,0.655,0.62]},{"time":0.2,"color":"ffffff5a","curve":[0.325,0.3,0.659,0.64]},{"time":0.2667,"color":"ffffff72","curve":[0.328,0.32,0.662,0.65]},{"time":0.3333,"color":"ffffffc4","curve":[0.331,0.33,0.666,0.66]},{"time":0.4,"color":"ffffffc0","curve":[0.316,0,0.65,0.35]},{"time":0.4667,"color":"fffffff6","curve":[0.32,0.23,0.654,0.57]},{"time":0.5333,"color":"ffffffb8","curve":[0.322,0.28,0.656,0.61]},{"time":0.6,"color":"ffffffd0","curve":[0.324,0.3,0.658,0.63]},{"time":0.6667,"color":"ffffff88","curve":[0.326,0.31,0.66,0.64]},{"time":0.7333,"color":"ffffff94","curve":[0.328,0.32,0.662,0.65]},{"time":0.8,"color":"ffffff5c","curve":[0.33,0.32,0.663,0.66]},{"time":0.8667,"color":"ffffff4c","curve":[0.331,0.33,0.665,0.66]},{"time":0.9333,"color":"ffffff24","curve":[0.332,0.33,0.666,0.67]},{"time":1,"color":"ffffff00"}],"attachment":[{"time":0,"name":"mlsd_wphbhblizi"},{"time":1,"name":"mlsd_wphbhblizi"}]},"mlsd_wphbhblizi2":{"color":[{"time":0,"color":"ffffff88","curve":[0.326,0.31,0.66,0.64]},{"time":0.0667,"color":"ffffff94","curve":[0.328,0.32,0.662,0.65]},{"time":0.1333,"color":"ffffff5c","curve":[0.33,0.32,0.663,0.66]},{"time":0.2,"color":"ffffff4c","curve":[0.331,0.33,0.665,0.66]},{"time":0.2667,"color":"ffffff24","curve":[0.332,0.33,0.666,0.67]},{"time":0.3333,"color":"ffffff00","curve":[0.309,0,0.644,0.35]},{"time":0.4,"color":"ffffff0e","curve":[0.316,0.23,0.65,0.57]},{"time":0.4667,"color":"ffffff2a","curve":[0.321,0.28,0.655,0.62]},{"time":0.5333,"color":"ffffff5a","curve":[0.325,0.3,0.659,0.64]},{"time":0.6,"color":"ffffff72","curve":[0.328,0.32,0.662,0.65]},{"time":0.6667,"color":"ffffffc4","curve":[0.331,0.33,0.666,0.66]},{"time":0.7333,"color":"ffffffc0","curve":[0.316,0,0.65,0.35]},{"time":0.8,"color":"fffffff6","curve":[0.32,0.23,0.654,0.57]},{"time":0.8667,"color":"ffffffb8","curve":[0.322,0.28,0.656,0.61]},{"time":0.9333,"color":"ffffffd0","curve":[0.324,0.3,0.658,0.63]},{"time":1,"color":"ffffff88"}],"attachment":[{"time":0,"name":"mlsd_wphbhblizi"},{"time":1,"name":"mlsd_wphbhblizi"}]},"mlsd_wphbhblizi3":{"color":[{"time":0,"color":"ffffffc4","curve":[0.331,0.33,0.666,0.66]},{"time":0.0667,"color":"ffffffc0","curve":[0.316,0,0.65,0.35]},{"time":0.1333,"color":"fffffff6","curve":[0.32,0.23,0.654,0.57]},{"time":0.2,"color":"ffffffb8","curve":[0.322,0.28,0.656,0.61]},{"time":0.2667,"color":"ffffffd0","curve":[0.324,0.3,0.658,0.63]},{"time":0.3333,"color":"ffffff88","curve":[0.326,0.31,0.66,0.64]},{"time":0.4,"color":"ffffff94","curve":[0.328,0.32,0.662,0.65]},{"time":0.4667,"color":"ffffff5c","curve":[0.33,0.32,0.663,0.66]},{"time":0.5333,"color":"ffffff4c","curve":[0.331,0.33,0.665,0.66]},{"time":0.6,"color":"ffffff24","curve":[0.332,0.33,0.666,0.67]},{"time":0.6667,"color":"ffffff00","curve":[0.309,0,0.644,0.35]},{"time":0.7333,"color":"ffffff0e","curve":[0.316,0.23,0.65,0.57]},{"time":0.8,"color":"ffffff2a","curve":[0.321,0.28,0.655,0.62]},{"time":0.8667,"color":"ffffff5a","curve":[0.325,0.3,0.659,0.64]},{"time":0.9333,"color":"ffffff72","curve":[0.328,0.32,0.662,0.65]},{"time":1,"color":"ffffffc4"}],"attachment":[{"time":0,"name":"mlsd_wphbhblizi"},{"time":1,"name":"mlsd_wphbhblizi"}]},"mlsd_wphbhblizi4":{"color":[{"time":0,"color":"ffffff54","curve":[0.332,0.33,0.665,0.66]},{"time":0.0333,"color":"ffffff4c","curve":[0.331,0.33,0.665,0.66]},{"time":0.1,"color":"ffffff24","curve":[0.332,0.33,0.666,0.67]},{"time":0.1667,"color":"ffffff00","curve":[0.309,0,0.644,0.35]},{"time":0.2333,"color":"ffffff0e","curve":[0.316,0.23,0.65,0.57]},{"time":0.3,"color":"ffffff2a","curve":[0.321,0.28,0.655,0.62]},{"time":0.3667,"color":"ffffff5a","curve":[0.325,0.3,0.659,0.64]},{"time":0.4333,"color":"ffffff72","curve":[0.328,0.32,0.662,0.65]},{"time":0.5,"color":"ffffffc4","curve":[0.331,0.33,0.666,0.66]},{"time":0.5667,"color":"ffffffc0","curve":[0.316,0,0.65,0.35]},{"time":0.6333,"color":"fffffff6","curve":[0.32,0.23,0.654,0.57]},{"time":0.7,"color":"ffffffb8","curve":[0.322,0.28,0.656,0.61]},{"time":0.7667,"color":"ffffffd0","curve":[0.324,0.3,0.658,0.63]},{"time":0.8333,"color":"ffffff88","curve":[0.326,0.31,0.66,0.64]},{"time":0.9,"color":"ffffff94","curve":[0.328,0.32,0.662,0.65]},{"time":0.9667,"color":"ffffff5c","curve":[0.331,0.33,0.665,0.66]},{"time":1,"color":"ffffff54"}],"attachment":[{"time":0,"name":"mlsd_wphbhblizi"},{"time":1,"name":"mlsd_wphbhblizi"}]},"mlsd_wphbhblizi5":{"color":[{"time":0,"color":"ffffffda","curve":[0.327,0.29,0.66,0.62]},{"time":0.0333,"color":"ffffffb8","curve":[0.322,0.28,0.656,0.61]},{"time":0.1,"color":"ffffffd0","curve":[0.324,0.3,0.658,0.63]},{"time":0.1667,"color":"ffffff88","curve":[0.326,0.31,0.66,0.64]},{"time":0.2333,"color":"ffffff94","curve":[0.328,0.32,0.662,0.65]},{"time":0.3,"color":"ffffff5c","curve":[0.33,0.32,0.663,0.66]},{"time":0.3667,"color":"ffffff4c","curve":[0.331,0.33,0.665,0.66]},{"time":0.4333,"color":"ffffff24","curve":[0.332,0.33,0.666,0.67]},{"time":0.5,"color":"ffffff00","curve":[0.309,0,0.644,0.35]},{"time":0.5667,"color":"ffffff0e","curve":[0.316,0.23,0.65,0.57]},{"time":0.6333,"color":"ffffff2a","curve":[0.321,0.28,0.655,0.62]},{"time":0.7,"color":"ffffff5a","curve":[0.325,0.3,0.659,0.64]},{"time":0.7667,"color":"ffffff72","curve":[0.328,0.32,0.662,0.65]},{"time":0.8333,"color":"ffffffc4","curve":[0.331,0.33,0.666,0.66]},{"time":0.9,"color":"ffffffc0","curve":[0.316,0,0.65,0.35]},{"time":0.9667,"color":"fffffff6","curve":[0.326,0.27,0.66,0.61]},{"time":1,"color":"ffffffda"}],"attachment":[{"time":0,"name":"mlsd_wphbhblizi"},{"time":1,"name":"mlsd_wphbhblizi"}]},"mlsd_wphbhblizi6":{"color":[{"time":0,"color":"ffffff40","curve":[0.328,0.31,0.661,0.65]},{"time":0.0333,"color":"ffffff5a","curve":[0.325,0.3,0.659,0.64]},{"time":0.1,"color":"ffffff72","curve":[0.328,0.32,0.662,0.65]},{"time":0.1667,"color":"ffffffc4","curve":[0.331,0.33,0.666,0.66]},{"time":0.2333,"color":"ffffffc0","curve":[0.316,0,0.65,0.35]},{"time":0.3,"color":"fffffff6","curve":[0.32,0.23,0.654,0.57]},{"time":0.3667,"color":"ffffffb8","curve":[0.322,0.28,0.656,0.61]},{"time":0.4333,"color":"ffffffd0","curve":[0.324,0.3,0.658,0.63]},{"time":0.5,"color":"ffffff88","curve":[0.326,0.31,0.66,0.64]},{"time":0.5667,"color":"ffffff94","curve":[0.328,0.32,0.662,0.65]},{"time":0.6333,"color":"ffffff5c","curve":[0.33,0.32,0.663,0.66]},{"time":0.7,"color":"ffffff4c","curve":[0.331,0.33,0.665,0.66]},{"time":0.7667,"color":"ffffff24","curve":[0.332,0.33,0.666,0.67]},{"time":0.8333,"color":"ffffff00","curve":[0.309,0,0.644,0.35]},{"time":0.9,"color":"ffffff0e","curve":[0.316,0.23,0.65,0.57]},{"time":0.9667,"color":"ffffff2a","curve":[0.327,0.3,0.66,0.64]},{"time":1,"color":"ffffff40"}],"attachment":[{"time":0,"name":"mlsd_wphbhblizi"},{"time":1,"name":"mlsd_wphbhblizi"}]},"mlsd_wphbhblizi7":{"color":[{"time":0,"color":"ffffff24","curve":[0.332,0.33,0.666,0.67]},{"time":0.0667,"color":"ffffff00","curve":[0.309,0,0.644,0.35]},{"time":0.1333,"color":"ffffff0e","curve":[0.316,0.23,0.65,0.57]},{"time":0.2,"color":"ffffff2a","curve":[0.321,0.28,0.655,0.62]},{"time":0.2667,"color":"ffffff5a","curve":[0.325,0.3,0.659,0.64]},{"time":0.3333,"color":"ffffff72","curve":[0.328,0.32,0.662,0.65]},{"time":0.4,"color":"ffffffc4","curve":[0.331,0.33,0.666,0.66]},{"time":0.4667,"color":"ffffffc0","curve":[0.316,0,0.65,0.35]},{"time":0.5333,"color":"fffffff6","curve":[0.32,0.23,0.654,0.57]},{"time":0.6,"color":"ffffffb8","curve":[0.322,0.28,0.656,0.61]},{"time":0.6667,"color":"ffffffd0","curve":[0.324,0.3,0.658,0.63]},{"time":0.7333,"color":"ffffff88","curve":[0.326,0.31,0.66,0.64]},{"time":0.8,"color":"ffffff94","curve":[0.328,0.32,0.662,0.65]},{"time":0.8667,"color":"ffffff5c","curve":[0.33,0.32,0.663,0.66]},{"time":0.9333,"color":"ffffff4c","curve":[0.331,0.33,0.665,0.66]},{"time":1,"color":"ffffff24"}],"attachment":[{"time":0,"name":"mlsd_wphbhblizi"},{"time":1,"name":"mlsd_wphbhblizi"}]},"mlsd_wphbhblizi8":{"color":[{"time":0,"color":"ffffff0e","curve":[0.316,0.23,0.65,0.57]},{"time":0.0667,"color":"ffffff2a","curve":[0.321,0.28,0.655,0.62]},{"time":0.1333,"color":"ffffff5a","curve":[0.325,0.3,0.659,0.64]},{"time":0.2,"color":"ffffff72","curve":[0.328,0.32,0.662,0.65]},{"time":0.2667,"color":"ffffffc4","curve":[0.331,0.33,0.666,0.66]},{"time":0.3333,"color":"ffffffc0","curve":[0.316,0,0.65,0.35]},{"time":0.4,"color":"fffffff6","curve":[0.32,0.23,0.654,0.57]},{"time":0.4667,"color":"ffffffb8","curve":[0.322,0.28,0.656,0.61]},{"time":0.5333,"color":"ffffffd0","curve":[0.324,0.3,0.658,0.63]},{"time":0.6,"color":"ffffff88","curve":[0.326,0.31,0.66,0.64]},{"time":0.6667,"color":"ffffff94","curve":[0.328,0.32,0.662,0.65]},{"time":0.7333,"color":"ffffff5c","curve":[0.33,0.32,0.663,0.66]},{"time":0.8,"color":"ffffff4c","curve":[0.331,0.33,0.665,0.66]},{"time":0.8667,"color":"ffffff24","curve":[0.332,0.33,0.666,0.67]},{"time":0.9333,"color":"ffffff00","curve":[0.309,0,0.644,0.35]},{"time":1,"color":"ffffff0e"}],"attachment":[{"time":0,"name":"mlsd_wphbhblizi"},{"time":1,"name":"mlsd_wphbhblizi"}]},"mlsd_wphbhblizi9":{"color":[{"time":0,"color":"ffffffd0","curve":[0.324,0.3,0.658,0.63]},{"time":0.0667,"color":"ffffff88","curve":[0.326,0.31,0.66,0.64]},{"time":0.1333,"color":"ffffff94","curve":[0.328,0.32,0.662,0.65]},{"time":0.2,"color":"ffffff5c","curve":[0.33,0.32,0.663,0.66]},{"time":0.2667,"color":"ffffff4c","curve":[0.331,0.33,0.665,0.66]},{"time":0.3333,"color":"ffffff24","curve":[0.332,0.33,0.666,0.67]},{"time":0.4,"color":"ffffff00","curve":[0.309,0,0.644,0.35]},{"time":0.4667,"color":"ffffff0e","curve":[0.316,0.23,0.65,0.57]},{"time":0.5333,"color":"ffffff2a","curve":[0.321,0.28,0.655,0.62]},{"time":0.6,"color":"ffffff5a","curve":[0.325,0.3,0.659,0.64]},{"time":0.6667,"color":"ffffff72","curve":[0.328,0.32,0.662,0.65]},{"time":0.7333,"color":"ffffffc4","curve":[0.331,0.33,0.666,0.66]},{"time":0.8,"color":"ffffffc0","curve":[0.316,0,0.65,0.35]},{"time":0.8667,"color":"fffffff6","curve":[0.32,0.23,0.654,0.57]},{"time":0.9333,"color":"ffffffb8","curve":[0.322,0.28,0.656,0.61]},{"time":1,"color":"ffffffd0"}],"attachment":[{"time":0,"name":"mlsd_wphbhblizi"},{"time":1,"name":"mlsd_wphbhblizi"}]},"mlsd_wphbhblizi10":{"color":[{"time":0,"color":"ffffff72","curve":[0.328,0.32,0.662,0.65]},{"time":0.0667,"color":"ffffffc4","curve":[0.331,0.33,0.666,0.66]},{"time":0.1333,"color":"ffffffc0","curve":[0.316,0,0.65,0.35]},{"time":0.2,"color":"fffffff6","curve":[0.32,0.23,0.654,0.57]},{"time":0.2667,"color":"ffffffb8","curve":[0.322,0.28,0.656,0.61]},{"time":0.3333,"color":"ffffffd0","curve":[0.324,0.3,0.658,0.63]},{"time":0.4,"color":"ffffff88","curve":[0.326,0.31,0.66,0.64]},{"time":0.4667,"color":"ffffff94","curve":[0.328,0.32,0.662,0.65]},{"time":0.5333,"color":"ffffff5c","curve":[0.33,0.32,0.663,0.66]},{"time":0.6,"color":"ffffff4c","curve":[0.331,0.33,0.665,0.66]},{"time":0.6667,"color":"ffffff24","curve":[0.332,0.33,0.666,0.67]},{"time":0.7333,"color":"ffffff00","curve":[0.309,0,0.644,0.35]},{"time":0.8,"color":"ffffff0e","curve":[0.316,0.23,0.65,0.57]},{"time":0.8667,"color":"ffffff2a","curve":[0.321,0.28,0.655,0.62]},{"time":0.9333,"color":"ffffff5a","curve":[0.325,0.3,0.659,0.64]},{"time":1,"color":"ffffff72"}],"attachment":[{"time":0,"name":"mlsd_wphbhblizi"},{"time":1,"name":"mlsd_wphbhblizi"}]},"mlsd_wphbhblizi11":{"color":[{"time":0,"color":"ffffff00","curve":[0.309,0,0.644,0.35]},{"time":0.0667,"color":"ffffff0e","curve":[0.316,0.23,0.65,0.57]},{"time":0.1333,"color":"ffffff2a","curve":[0.321,0.28,0.655,0.62]},{"time":0.2,"color":"ffffff5a","curve":[0.325,0.3,0.659,0.64]},{"time":0.2667,"color":"ffffff72","curve":[0.328,0.32,0.662,0.65]},{"time":0.3333,"color":"ffffffc4","curve":[0.331,0.33,0.666,0.66]},{"time":0.4,"color":"ffffffc0","curve":[0.316,0,0.65,0.35]},{"time":0.4667,"color":"fffffff6","curve":[0.32,0.23,0.654,0.57]},{"time":0.5333,"color":"ffffffb8","curve":[0.322,0.28,0.656,0.61]},{"time":0.6,"color":"ffffffd0","curve":[0.324,0.3,0.658,0.63]},{"time":1,"color":"ffffff00"}],"attachment":[{"time":0,"name":"mlsd_wphbhblizi"},{"time":1,"name":null}]},"mlsd_wphbhblizi12":{"color":[{"time":0,"color":"ffffff88","curve":[0.326,0.31,0.66,0.64]},{"time":0.0667,"color":"ffffff94","curve":[0.328,0.32,0.662,0.65]},{"time":0.1333,"color":"ffffff5c","curve":[0.33,0.32,0.663,0.66]},{"time":0.2,"color":"ffffff4c","curve":[0.331,0.33,0.665,0.66]},{"time":0.2667,"color":"ffffff24","curve":[0.332,0.33,0.666,0.67]},{"time":0.3333,"color":"ffffff00","curve":[0.309,0,0.644,0.35]},{"time":0.4,"color":"ffffff0e","curve":[0.316,0.23,0.65,0.57]},{"time":0.4667,"color":"ffffff2a","curve":[0.321,0.28,0.655,0.62]},{"time":0.5333,"color":"ffffff5a","curve":[0.325,0.3,0.659,0.64]},{"time":0.6,"color":"ffffff72","curve":[0.328,0.32,0.662,0.65]},{"time":1,"color":"ffffff00"}],"attachment":[{"time":0,"name":"mlsd_wphbhblizi"},{"time":1,"name":null}]},"mlsd_wphbhblizi13":{"color":[{"time":0,"color":"ffffffc4","curve":[0.331,0.33,0.666,0.66]},{"time":0.0667,"color":"ffffffc0","curve":[0.316,0,0.65,0.35]},{"time":0.1333,"color":"fffffff6","curve":[0.32,0.23,0.654,0.57]},{"time":0.2,"color":"ffffffb8","curve":[0.322,0.28,0.656,0.61]},{"time":0.2667,"color":"ffffffd0","curve":[0.324,0.3,0.658,0.63]},{"time":0.3333,"color":"ffffff88","curve":[0.326,0.31,0.66,0.64]},{"time":0.4,"color":"ffffff94","curve":[0.328,0.32,0.662,0.65]},{"time":0.4667,"color":"ffffff5c","curve":[0.33,0.32,0.663,0.66]},{"time":0.5333,"color":"ffffff4c","curve":[0.331,0.33,0.665,0.66]},{"time":0.6,"color":"ffffff24","curve":[0.332,0.33,0.666,0.67]},{"time":0.6667,"color":"ffffff00","curve":"stepped"},{"time":1,"color":"ffffff00"}],"attachment":[{"time":0,"name":"mlsd_wphbhblizi"},{"time":1,"name":null}]},"mlsd_wphbhblizi14":{"color":[{"time":0,"color":"ffffff54","curve":[0.332,0.33,0.665,0.66]},{"time":0.0333,"color":"ffffff4c","curve":[0.331,0.33,0.665,0.66]},{"time":0.1,"color":"ffffff24","curve":[0.332,0.33,0.666,0.67]},{"time":0.1667,"color":"ffffff00","curve":[0.309,0,0.644,0.35]},{"time":0.2333,"color":"ffffff0e","curve":[0.316,0.23,0.65,0.57]},{"time":0.3,"color":"ffffff2a","curve":[0.321,0.28,0.655,0.62]},{"time":0.3667,"color":"ffffff5a","curve":[0.325,0.3,0.659,0.64]},{"time":0.4333,"color":"ffffff72","curve":[0.328,0.32,0.662,0.65]},{"time":0.5,"color":"ffffffc4","curve":[0.331,0.33,0.666,0.66]},{"time":0.5667,"color":"ffffffc0","curve":[0.324,0,0.658,0.34]},{"time":0.6,"color":"ffffffce","curve":[0.325,0.23,0.659,0.56]},{"time":1,"color":"ffffff00"}],"attachment":[{"time":0,"name":"mlsd_wphbhblizi"},{"time":1,"name":null}]},"mlsd_wphbhblizi15":{"color":[{"time":0,"color":"ffffffda","curve":[0.327,0.29,0.66,0.62]},{"time":0.0333,"color":"ffffffb8","curve":[0.322,0.28,0.656,0.61]},{"time":0.1,"color":"ffffffd0","curve":[0.324,0.3,0.658,0.63]},{"time":0.1667,"color":"ffffff88","curve":[0.326,0.31,0.66,0.64]},{"time":0.2333,"color":"ffffff94","curve":[0.328,0.32,0.662,0.65]},{"time":0.3,"color":"ffffff5c","curve":[0.33,0.32,0.663,0.66]},{"time":0.3667,"color":"ffffff4c","curve":[0.331,0.33,0.665,0.66]},{"time":0.4333,"color":"ffffff24","curve":[0.332,0.33,0.666,0.67]},{"time":0.5,"color":"ffffff00","curve":"stepped"},{"time":1,"color":"ffffff00"}],"attachment":[{"time":0,"name":"mlsd_wphbhblizi"},{"time":1,"name":null}]},"mlsd_wphbhblizi16":{"color":[{"time":0,"color":"ffffff40","curve":[0.328,0.31,0.661,0.65]},{"time":0.0333,"color":"ffffff5a","curve":[0.325,0.3,0.659,0.64]},{"time":0.1,"color":"ffffff72","curve":[0.328,0.32,0.662,0.65]},{"time":0.1667,"color":"ffffffc4","curve":[0.331,0.33,0.666,0.66]},{"time":0.2333,"color":"ffffffc0","curve":[0.316,0,0.65,0.35]},{"time":0.3,"color":"fffffff6","curve":[0.32,0.23,0.654,0.57]},{"time":0.3667,"color":"ffffffb8","curve":[0.322,0.28,0.656,0.61]},{"time":0.4333,"color":"ffffffd0","curve":[0.324,0.3,0.658,0.63]},{"time":0.5,"color":"ffffff88","curve":[0.326,0.31,0.66,0.64]},{"time":0.5667,"color":"ffffff94","curve":[0.331,0.32,0.664,0.66]},{"time":0.6,"color":"ffffff78","curve":[0.331,0.33,0.664,0.66]},{"time":0.8333,"color":"ffffff00","curve":"stepped"},{"time":1,"color":"ffffff00"}],"attachment":[{"time":0,"name":"mlsd_wphbhblizi"},{"time":1,"name":null}]},"mlsd_wphbhblizi17":{"color":[{"time":0,"color":"ffffff24","curve":[0.332,0.33,0.666,0.67]},{"time":0.0667,"color":"ffffff00","curve":[0.309,0,0.644,0.35]},{"time":0.1333,"color":"ffffff0e","curve":[0.316,0.23,0.65,0.57]},{"time":0.2,"color":"ffffff2a","curve":[0.321,0.28,0.655,0.62]},{"time":0.2667,"color":"ffffff5a","curve":[0.325,0.3,0.659,0.64]},{"time":0.3333,"color":"ffffff72","curve":[0.328,0.32,0.662,0.65]},{"time":0.4,"color":"ffffffc4","curve":[0.331,0.33,0.666,0.66]},{"time":0.4667,"color":"ffffffc0","curve":[0.316,0,0.65,0.35]},{"time":0.5333,"color":"fffffff6","curve":[0.32,0.23,0.654,0.57]},{"time":0.6,"color":"ffffffb8","curve":[0.322,0.28,0.656,0.61]},{"time":1,"color":"ffffff00"}],"attachment":[{"time":0,"name":"mlsd_wphbhblizi"},{"time":1,"name":null}]},"mlsd_wphbhblizi18":{"color":[{"time":0,"color":"ffffff0e","curve":[0.316,0.23,0.65,0.57]},{"time":0.0667,"color":"ffffff2a","curve":[0.321,0.28,0.655,0.62]},{"time":0.1333,"color":"ffffff5a","curve":[0.325,0.3,0.659,0.64]},{"time":0.2,"color":"ffffff72","curve":[0.328,0.32,0.662,0.65]},{"time":0.2667,"color":"ffffffc4","curve":[0.331,0.33,0.666,0.66]},{"time":0.3333,"color":"ffffffc0","curve":[0.316,0,0.65,0.35]},{"time":0.4,"color":"fffffff6","curve":[0.32,0.23,0.654,0.57]},{"time":0.4667,"color":"ffffffb8","curve":[0.322,0.28,0.656,0.61]},{"time":0.5333,"color":"ffffffd0","curve":[0.324,0.3,0.658,0.63]},{"time":0.6,"color":"ffffff88","curve":[0.326,0.31,0.66,0.64]},{"time":0.9333,"color":"ffffff00","curve":"stepped"},{"time":1,"color":"ffffff00"}],"attachment":[{"time":0,"name":"mlsd_wphbhblizi"},{"time":1,"name":null}]},"mlsd_wphbhblizi19":{"color":[{"time":0,"color":"ffffffd0","curve":[0.324,0.3,0.658,0.63]},{"time":0.0667,"color":"ffffff88","curve":[0.326,0.31,0.66,0.64]},{"time":0.1333,"color":"ffffff94","curve":[0.328,0.32,0.662,0.65]},{"time":0.2,"color":"ffffff5c","curve":[0.33,0.32,0.663,0.66]},{"time":0.2667,"color":"ffffff4c","curve":[0.331,0.33,0.665,0.66]},{"time":0.3333,"color":"ffffff24","curve":[0.332,0.33,0.666,0.67]},{"time":0.4,"color":"ffffff00","curve":"stepped"},{"time":1,"color":"ffffff00"}],"attachment":[{"time":0,"name":"mlsd_wphbhblizi"},{"time":1,"name":null}]},"mlsd_wphbhblizi20":{"color":[{"time":0,"color":"ffffff72","curve":[0.328,0.32,0.662,0.65]},{"time":0.0667,"color":"ffffffc4","curve":[0.331,0.33,0.666,0.66]},{"time":0.1333,"color":"ffffffc0","curve":[0.316,0,0.65,0.35]},{"time":0.2,"color":"fffffff6","curve":[0.32,0.23,0.654,0.57]},{"time":0.2667,"color":"ffffffb8","curve":[0.322,0.28,0.656,0.61]},{"time":0.3333,"color":"ffffffd0","curve":[0.324,0.3,0.658,0.63]},{"time":0.4,"color":"ffffff88","curve":[0.326,0.31,0.66,0.64]},{"time":0.4667,"color":"ffffff94","curve":[0.328,0.32,0.662,0.65]},{"time":0.5333,"color":"ffffff5c","curve":[0.33,0.32,0.663,0.66]},{"time":0.6,"color":"ffffff4c","curve":[0.331,0.33,0.665,0.66]},{"time":0.7333,"color":"ffffff00","curve":"stepped"},{"time":1,"color":"ffffff00"}],"attachment":[{"time":0,"name":"mlsd_wphbhblizi"},{"time":1,"name":null}]}},"bones":{"mlsd_wphbhb":{"rotate":[{"time":0,"angle":0,"curve":"stepped"},{"time":1,"angle":0}],"translate":[{"time":0,"x":0,"y":0,"curve":"stepped"},{"time":1,"x":0,"y":0}],"scale":[{"time":0,"x":1,"y":1,"curve":"stepped"},{"time":1,"x":1,"y":1}]},"scale":{"rotate":[{"time":0,"angle":0,"curve":[0.375,0.5,0.75,1]},{"time":0.1,"angle":3,"curve":[0.25,0,0.75,1]},{"time":0.2333,"angle":-2,"curve":[0.25,0,0.75,1]},{"time":0.4,"angle":1,"curve":[0.25,0,0.75,1]},{"time":0.6,"angle":-1,"curve":[0.25,0,0.75,1]},{"time":0.8333,"angle":0,"curve":"stepped"},{"time":1,"angle":0}],"translate":[{"time":0,"x":0,"y":0,"curve":"stepped"},{"time":1,"x":0,"y":0}],"scale":[{"time":0,"x":0.5,"y":0.5,"curve":[0.154,0.7,0.474,1]},{"time":0.1333,"x":1.05,"y":1.05,"curve":[0.25,0,0.75,1]},{"time":0.3,"x":0.98,"y":0.98,"curve":[0.25,0,0.75,1]},{"time":0.5,"x":1.01,"y":1.01,"curve":[0.25,0,0.75,1]},{"time":1,"x":1,"y":1}]},"mlsd_wphbhbgx1":{"rotate":[{"time":0,"angle":0,"curve":"stepped"},{"time":1,"angle":0}],"translate":[{"time":0,"x":0,"y":0,"curve":"stepped"},{"time":1,"x":0,"y":0}],"scale":[{"time":0,"x":0.5,"y":0.5,"curve":[0.375,0.5,0.75,1]},{"time":0.6,"x":1.8,"y":1.8},{"time":1,"x":2,"y":2}]},"mlsd_wphbhbgx2":{"rotate":[{"time":0,"angle":0,"curve":"stepped"},{"time":1,"angle":0}],"translate":[{"time":0,"x":0,"y":0,"curve":"stepped"},{"time":1,"x":0,"y":0}],"scale":[{"time":0,"x":0,"y":0,"curve":[0.154,0.7,0.474,1]},{"time":1,"x":2,"y":2}]},"mlsd_wphbhblizi5":{"rotate":[{"time":0,"angle":0,"curve":"stepped"},{"time":1,"angle":0}],"translate":[{"time":0,"x":0,"y":0,"curve":"stepped"},{"time":1,"x":0,"y":0}],"scale":[{"time":0,"x":1.17,"y":1.17},{"time":0.4667,"x":2.262,"y":2.262,"curve":"stepped"},{"time":0.5,"x":0,"y":0},{"time":1,"x":1.17,"y":1.17}]},"mlsd_wphbhblizi4":{"rotate":[{"time":0,"angle":0,"curve":"stepped"},{"time":1,"angle":0}],"translate":[{"time":0,"x":0,"y":0,"curve":"stepped"},{"time":1,"x":0,"y":0}],"scale":[{"time":0,"x":1.95,"y":1.95},{"time":0.1333,"x":2.262,"y":2.262,"curve":"stepped"},{"time":0.1667,"x":0,"y":0},{"time":1,"x":1.95,"y":1.95}]},"mlsd_wphbhblizi10":{"rotate":[{"time":0,"angle":0,"curve":"stepped"},{"time":1,"angle":0}],"translate":[{"time":0,"x":0,"y":0,"curve":"stepped"},{"time":1,"x":0,"y":0}],"scale":[{"time":0,"x":0.487,"y":0.487},{"time":0.7,"x":1.765,"y":1.765,"curve":"stepped"},{"time":0.7333,"x":0,"y":0},{"time":1,"x":0.487,"y":0.487}]},"mlsd_wphbhblizi2":{"rotate":[{"time":0,"angle":0,"curve":"stepped"},{"time":1,"angle":0}],"translate":[{"time":0,"x":0,"y":0,"curve":"stepped"},{"time":1,"x":0,"y":0}],"scale":[{"time":0,"x":1.47,"y":1.47},{"time":0.3,"x":2.131,"y":2.131,"curve":"stepped"},{"time":0.3333,"x":0,"y":0},{"time":1,"x":1.47,"y":1.47}]},"mlsd_wphbhblizi9":{"rotate":[{"time":0,"angle":0,"curve":"stepped"},{"time":1,"angle":0}],"translate":[{"time":0,"x":0,"y":0,"curve":"stepped"},{"time":1,"x":0,"y":0}],"scale":[{"time":0,"x":1.404,"y":1.404},{"time":0.3667,"x":2.262,"y":2.262,"curve":"stepped"},{"time":0.4,"x":0,"y":0},{"time":1,"x":1.404,"y":1.404}]},"mlsd_wphbhblizi7":{"rotate":[{"time":0,"angle":0,"curve":"stepped"},{"time":1,"angle":0}],"translate":[{"time":0,"x":0,"y":0,"curve":"stepped"},{"time":1,"x":0,"y":0}],"scale":[{"time":0,"x":2.184,"y":2.184},{"time":0.0333,"x":2.262,"y":2.262,"curve":"stepped"},{"time":0.0667,"x":0,"y":0},{"time":1,"x":2.184,"y":2.184}]},"mlsd_wphbhblizi6":{"rotate":[{"time":0,"angle":0,"curve":"stepped"},{"time":1,"angle":0}],"translate":[{"time":0,"x":0,"y":0,"curve":"stepped"},{"time":1,"x":0,"y":0}],"scale":[{"time":0,"x":0.39,"y":0.39},{"time":0.8,"x":2.262,"y":2.262,"curve":"stepped"},{"time":0.8333,"x":0,"y":0},{"time":1,"x":0.39,"y":0.39}]},"mlsd_wphbhblizi8":{"rotate":[{"time":0,"angle":0,"curve":"stepped"},{"time":1,"angle":0}],"translate":[{"time":0,"x":0,"y":0,"curve":"stepped"},{"time":1,"x":0,"y":0}],"scale":[{"time":0,"x":0.156,"y":0.156},{"time":0.9,"x":2.262,"y":2.262,"curve":"stepped"},{"time":0.9333,"x":0,"y":0},{"time":1,"x":0.156,"y":0.156}]},"mlsd_wphbhblizi3":{"rotate":[{"time":0,"angle":0,"curve":"stepped"},{"time":1,"angle":0}],"translate":[{"time":0,"x":0,"y":0,"curve":"stepped"},{"time":1,"x":0,"y":0}],"scale":[{"time":0,"x":0.644,"y":0.644},{"time":0.6333,"x":1.868,"y":1.868,"curve":"stepped"},{"time":0.6667,"x":0,"y":0},{"time":1,"x":0.644,"y":0.644}]},"mlsd_wphbhblizi":{"rotate":[{"time":0,"angle":0,"curve":"stepped"},{"time":1,"angle":0}],"translate":[{"time":0,"x":0,"y":0,"curve":"stepped"},{"time":1,"x":0,"y":0}],"scale":[{"time":0,"x":0,"y":0},{"time":0.9667,"x":1.765,"y":1.765,"curve":"stepped"},{"time":1,"x":0,"y":0}]},"mlsd_wphbhblizi11":{"rotate":[{"time":0,"angle":0,"curve":"stepped"},{"time":1,"angle":0}],"translate":[{"time":0,"x":0,"y":0,"curve":[0.156,0.6,0.462,0.9]},{"time":1,"x":-105.54,"y":110.22}],"scale":[{"time":0,"x":0,"y":0},{"time":0.9667,"x":1.765,"y":1.765,"curve":"stepped"},{"time":1,"x":0,"y":0}]},"mlsd_wphbhblizi12":{"rotate":[{"time":0,"angle":0,"curve":"stepped"},{"time":1,"angle":0}],"translate":[{"time":0,"x":0,"y":0,"curve":[0.156,0.6,0.462,0.9]},{"time":1,"x":8.92,"y":134}],"scale":[{"time":0,"x":1.47,"y":1.47},{"time":0.3,"x":2.131,"y":2.131,"curve":"stepped"},{"time":0.3333,"x":0,"y":0},{"time":1,"x":1.47,"y":1.47}]},"mlsd_wphbhblizi13":{"rotate":[{"time":0,"angle":0,"curve":"stepped"},{"time":1,"angle":0}],"translate":[{"time":0,"x":0,"y":0,"curve":[0.156,0.6,0.462,0.9]},{"time":1,"x":143.83,"y":-62.69}],"scale":[{"time":0,"x":0.644,"y":0.644},{"time":0.6333,"x":1.868,"y":1.868,"curve":"stepped"},{"time":0.6667,"x":0,"y":0},{"time":1,"x":0.644,"y":0.644}]},"mlsd_wphbhblizi14":{"rotate":[{"time":0,"angle":0,"curve":"stepped"},{"time":1,"angle":0}],"translate":[{"time":0,"x":0,"y":0,"curve":[0.156,0.6,0.462,0.9]},{"time":1,"x":-26.47,"y":-109.1}],"scale":[{"time":0,"x":1.95,"y":1.95},{"time":0.1333,"x":2.262,"y":2.262,"curve":"stepped"},{"time":0.1667,"x":0,"y":0},{"time":1,"x":1.95,"y":1.95}]},"mlsd_wphbhblizi15":{"rotate":[{"time":0,"angle":0,"curve":"stepped"},{"time":1,"angle":0}],"translate":[{"time":0,"x":0,"y":0,"curve":[0.156,0.6,0.462,0.9]},{"time":1,"x":171.39,"y":15.84}],"scale":[{"time":0,"x":1.17,"y":1.17},{"time":0.4667,"x":2.262,"y":2.262,"curve":"stepped"},{"time":0.5,"x":0,"y":0},{"time":1,"x":1.17,"y":1.17}]},"mlsd_wphbhblizi16":{"rotate":[{"time":0,"angle":0,"curve":"stepped"},{"time":1,"angle":0}],"translate":[{"time":0,"x":0,"y":0,"curve":[0.156,0.6,0.462,0.9]},{"time":1,"x":98.61,"y":-97.9}],"scale":[{"time":0,"x":0.39,"y":0.39},{"time":0.8,"x":2.262,"y":2.262,"curve":"stepped"},{"time":0.8333,"x":0,"y":0},{"time":1,"x":0.39,"y":0.39}]},"mlsd_wphbhblizi17":{"rotate":[{"time":0,"angle":0,"curve":"stepped"},{"time":1,"angle":0}],"translate":[{"time":0,"x":0,"y":0,"curve":[0.156,0.6,0.462,0.9]},{"time":1,"x":-151.74,"y":32.01}],"scale":[{"time":0,"x":2.184,"y":2.184},{"time":0.0333,"x":2.262,"y":2.262,"curve":"stepped"},{"time":0.0667,"x":0,"y":0},{"time":1,"x":2.184,"y":2.184}]},"mlsd_wphbhblizi18":{"rotate":[{"time":0,"angle":0,"curve":"stepped"},{"time":1,"angle":0}],"translate":[{"time":0,"x":0,"y":0,"curve":[0.156,0.6,0.462,0.9]},{"time":1,"x":97.15,"y":105.16}],"scale":[{"time":0,"x":0.156,"y":0.156},{"time":0.9,"x":2.262,"y":2.262,"curve":"stepped"},{"time":0.9333,"x":0,"y":0},{"time":1,"x":0.156,"y":0.156}]},"mlsd_wphbhblizi19":{"rotate":[{"time":0,"angle":0,"curve":"stepped"},{"time":1,"angle":0}],"translate":[{"time":0,"x":0,"y":0,"curve":[0.156,0.6,0.462,0.9]},{"time":1,"x":-99.65,"y":-106.02}],"scale":[{"time":0,"x":1.404,"y":1.404},{"time":0.3667,"x":2.262,"y":2.262,"curve":"stepped"},{"time":0.4,"x":0,"y":0},{"time":1,"x":1.404,"y":1.404}]},"mlsd_wphbhblizi20":{"rotate":[{"time":0,"angle":0,"curve":"stepped"},{"time":1,"angle":0}],"translate":[{"time":0,"x":0,"y":0,"curve":[0.156,0.6,0.462,0.9]},{"time":1,"x":-148.46,"y":-50.49}],"scale":[{"time":0,"x":0.487,"y":0.487},{"time":0.7,"x":1.765,"y":1.765,"curve":"stepped"},{"time":0.7333,"x":0,"y":0},{"time":1,"x":0.487,"y":0.487}]},"mlsd_wphbhbgx3":{"rotate":[{"time":0,"angle":0,"curve":"stepped"},{"time":1,"angle":0}],"translate":[{"time":0,"x":0,"y":0,"curve":"stepped"},{"time":1,"x":0,"y":0}],"scale":[{"time":0,"x":0.5,"y":0.5,"curve":[0.154,0.7,0.474,1]},{"time":0.6,"x":2,"y":2,"curve":"stepped"},{"time":1,"x":2,"y":2}]},"mlsd_wphbhbgx4":{"rotate":[{"time":0,"angle":0,"curve":"stepped"},{"time":1,"angle":0}],"translate":[{"time":0,"x":0,"y":0,"curve":"stepped"},{"time":1,"x":0,"y":0}],"scale":[{"time":0,"x":0.5,"y":0.5,"curve":[0.154,0.7,0.474,1]},{"time":0.6,"x":2,"y":2,"curve":"stepped"},{"time":1,"x":2,"y":2}]},"mlsd_wphbhbgx5":{"rotate":[{"time":0,"angle":0,"curve":"stepped"},{"time":1,"angle":0}],"translate":[{"time":0,"x":0,"y":0,"curve":"stepped"},{"time":1,"x":0,"y":0}],"scale":[{"time":0,"x":0.5,"y":0.5,"curve":[0.154,0.7,0.474,1]},{"time":0.6,"x":2.72,"y":2.72},{"time":1,"x":2,"y":2}]},"mlsd_wphbhbgx6":{"rotate":[{"time":0,"angle":0,"curve":"stepped"},{"time":1,"angle":0}],"translate":[{"time":0,"x":0,"y":0,"curve":"stepped"},{"time":1,"x":0,"y":0}],"scale":[{"time":0,"x":0,"y":0,"curve":"stepped"},{"time":0.1333,"x":0,"y":0,"curve":[0.154,0.7,0.474,1]},{"time":0.8,"x":2,"y":2},{"time":1,"x":1.5,"y":1.5}]},"root":{"rotate":[{"time":0,"angle":0,"curve":"stepped"},{"time":1,"angle":0}],"translate":[{"time":0,"x":0,"y":0,"curve":"stepped"},{"time":1,"x":0,"y":0}],"scale":[{"time":0,"x":1,"y":1,"curve":"stepped"},{"time":1,"x":1,"y":1}]},"hip":{"rotate":[{"time":0,"angle":0,"curve":"stepped"},{"time":1,"angle":0}],"translate":[{"time":0,"x":0,"y":0,"curve":"stepped"},{"time":1,"x":0,"y":0}],"scale":[{"time":0,"x":1,"y":1,"curve":"stepped"},{"time":1,"x":1,"y":1}]},"mlsd_wphbhbnumber":{"rotate":[{"time":0,"angle":0,"curve":"stepped"},{"time":1,"angle":0}],"translate":[{"time":0,"x":0,"y":0,"curve":"stepped"},{"time":1,"x":0,"y":0}],"scale":[{"time":0,"x":1,"y":1,"curve":"stepped"},{"time":1,"x":1,"y":1}]}}}}}