{"skeleton":{"hash":"59DUyU0Uy/Ah7i08X7kaQWfKmI0","spine":"3.6.37","width":100,"height":70,"images":"./images/"},"bones":[{"name":"root"},{"name":"hip","parent":"root"},{"name":"hbroot","parent":"hip"},{"name":"wyhb_rkhb","parent":"hbroot"},{"name":"wyhb_rkjinbi1","parent":"wyhb_rkhb","rotation":97.53,"x":-9.65,"y":21.89},{"name":"wyhb_rkjinbi2","parent":"wyhb_rkhb","rotation":80.22,"x":11.15,"y":18.57},{"name":"wyhb_rkjinbi3","parent":"hbroot","rotation":90,"x":-38.37,"y":11.93},{"name":"wyhb_rkjinbi4","parent":"wyhb_rkhb","rotation":90,"x":0.03,"y":8.13},{"name":"wyhb_rkjinbi5","parent":"hbroot","rotation":90,"x":37.21,"y":12.11},{"name":"wyhb_rktext","parent":"hbroot","x":-1.5,"y":-15},{"name":"wyhb_rktextlg","parent":"wyhb_rktext","x":-0.58,"y":1.83,"scaleX":2,"scaleY":2},{"name":"wyhb_rkxingdian","parent":"wyhb_rkjinbi1","rotation":-97.53,"x":14.16,"y":-10.18},{"name":"wyhb_rkxingdian2","parent":"wyhb_rkhb","rotation":45,"x":6.24,"y":14.4,"scaleX":1.36,"scaleY":1.36},{"name":"wyhb_rkxingdian3","parent":"wyhb_rkjinbi2","rotation":-122.51,"x":-2.5,"y":-14.81,"scaleX":0.75,"scaleY":0.75},{"name":"wyhb_rkxingdian4","parent":"wyhb_rkjinbi1","rotation":48.27,"x":-7.44,"y":15.28,"scaleX":0.5,"scaleY":0.5},{"name":"wyhb_rkxingdian5","parent":"wyhb_rktext","rotation":24.3,"x":-40.01,"y":12.36},{"name":"wyhb_rkxingdian6","parent":"wyhb_rktext","rotation":38.77,"x":40.59,"y":11.96}],"slots":[{"name":"wyhb_rkjinbi3","bone":"wyhb_rkjinbi3","attachment":"wyhb_rkjinbi3"},{"name":"wyhb_rkhbh","bone":"wyhb_rkhb","attachment":"wyhb_rkhbh"},{"name":"wyhb_rkjinbi2","bone":"wyhb_rkjinbi2","attachment":"wyhb_rkjinbi2"},{"name":"wyhb_rkjinbi7","bone":"wyhb_rkjinbi2","blend":"additive"},{"name":"wyhb_rkjinbi1","bone":"wyhb_rkjinbi1","attachment":"wyhb_rkjinbi1"},{"name":"wyhb_rkjinbi6","bone":"wyhb_rkjinbi1","blend":"additive"},{"name":"wyhb_rkhbq","bone":"wyhb_rkhb","attachment":"wyhb_rkhbq"},{"name":"wyhb_rkxingdian","bone":"wyhb_rkxingdian","blend":"additive"},{"name":"wyhb_rkxingdian4","bone":"wyhb_rkxingdian4","blend":"additive"},{"name":"wyhb_rkxingdian3","bone":"wyhb_rkxingdian3","blend":"additive"},{"name":"wyhb_rkxingdian2","bone":"wyhb_rkxingdian2","blend":"additive"},{"name":"wyhb_rkjinbi4","bone":"wyhb_rkjinbi4","attachment":"wyhb_rkjinbi4"},{"name":"wyhb_rkjinbi5","bone":"wyhb_rkjinbi5","attachment":"wyhb_rkjinbi5"},{"name":"wyhb_rktext","bone":"wyhb_rktext","attachment":"wyhb_rktext"},{"name":"wyhb_rktextlg","bone":"wyhb_rktextlg","attachment":"wyhb_rktextlg0","blend":"additive"},{"name":"wyhb_rkxingdian5","bone":"wyhb_rkxingdian5","blend":"additive"},{"name":"wyhb_rkxingdian6","bone":"wyhb_rkxingdian6","blend":"additive"}],"skins":{"default":{"wyhb_rkhbh":{"wyhb_rkhbh":{"y":11,"width":74,"height":43}},"wyhb_rkhbq":{"wyhb_rkhbq":{"width":74,"height":28}},"wyhb_rkjinbi1":{"wyhb_rkjinbi1":{"x":2.07,"y":-0.43,"rotation":-97.53,"width":35,"height":30}},"wyhb_rkjinbi2":{"wyhb_rkjinbi2":{"x":1.96,"y":-0.02,"rotation":-80.22,"width":29,"height":21}},"wyhb_rkjinbi3":{"wyhb_rkjinbi3":{"x":-0.43,"y":-0.87,"rotation":-90,"width":16,"height":15}},"wyhb_rkjinbi4":{"wyhb_rkjinbi4":{"x":-4.63,"y":0.03,"rotation":-90,"width":24,"height":25}},"wyhb_rkjinbi5":{"wyhb_rkjinbi5":{"x":-0.11,"y":0.21,"rotation":-90,"width":20,"height":19}},"wyhb_rkjinbi6":{"wyhb_rkjinbi1":{"x":2.07,"y":-0.43,"rotation":-97.53,"width":35,"height":30}},"wyhb_rkjinbi7":{"wyhb_rkjinbi2":{"x":1.96,"y":-0.02,"rotation":-80.22,"width":29,"height":21}},"wyhb_rktext":{"wyhb_rktext":{"width":97,"height":32}},"wyhb_rktextlg":{"wyhb_rktextlg0":{"width":50,"height":17},"wyhb_rktextlg1":{"width":50,"height":17},"wyhb_rktextlg2":{"width":50,"height":17},"wyhb_rktextlg3":{"width":50,"height":17},"wyhb_rktextlg4":{"width":50,"height":17},"wyhb_rktextlg5":{"width":50,"height":17},"wyhb_rktextlg6":{"width":50,"height":17},"wyhb_rktextlg7":{"width":50,"height":17},"wyhb_rktextlg8":{"width":50,"height":17},"wyhb_rktextlg9":{"width":50,"height":17},"wyhb_rktextlg10":{"width":50,"height":17},"wyhb_rktextlg11":{"width":50,"height":17},"wyhb_rktextlg12":{"width":50,"height":17},"wyhb_rktextlg13":{"width":50,"height":17},"wyhb_rktextlg14":{"width":50,"height":17},"wyhb_rktextlg15":{"width":50,"height":17},"wyhb_rktextlg16":{"width":50,"height":17},"wyhb_rktextlg17":{"width":50,"height":17},"wyhb_rktextlg18":{"width":50,"height":17},"wyhb_rktextlg19":{"width":50,"height":17},"wyhb_rktextlg20":{"width":50,"height":17},"wyhb_rktextlg21":{"width":50,"height":17},"wyhb_rktextlg22":{"width":50,"height":17},"wyhb_rktextlg23":{"width":50,"height":17},"wyhb_rktextlg24":{"width":50,"height":17},"wyhb_rktextlg25":{"width":50,"height":17},"wyhb_rktextlg26":{"width":50,"height":17},"wyhb_rktextlg27":{"width":50,"height":17},"wyhb_rktextlg28":{"width":50,"height":17},"wyhb_rktextlg29":{"width":50,"height":17},"wyhb_rktextlg30":{"width":50,"height":17},"wyhb_rktextlg31":{"width":50,"height":17},"wyhb_rktextlg32":{"width":50,"height":17},"wyhb_rktextlg33":{"width":50,"height":17},"wyhb_rktextlg34":{"width":50,"height":17},"wyhb_rktextlg35":{"width":50,"height":17}},"wyhb_rkxingdian":{"wyhb_rkxingdian":{"scaleX":0.5,"scaleY":0.5,"width":64,"height":64}},"wyhb_rkxingdian2":{"wyhb_rkxingdian":{"scaleX":0.5,"scaleY":0.5,"width":64,"height":64}},"wyhb_rkxingdian3":{"wyhb_rkxingdian":{"scaleX":0.5,"scaleY":0.5,"width":64,"height":64}},"wyhb_rkxingdian4":{"wyhb_rkxingdian":{"scaleX":0.5,"scaleY":0.5,"width":64,"height":64}},"wyhb_rkxingdian5":{"wyhb_rkxingdian":{"scaleX":0.5,"scaleY":0.5,"width":64,"height":64}},"wyhb_rkxingdian6":{"wyhb_rkxingdian":{"scaleX":0.5,"scaleY":0.5,"width":64,"height":64}}}},"animations":{"animation":{"slots":{"wyhb_rkjinbi6":{"color":[{"time":0,"color":"ffffff00","curve":[0.25,0,0.75,1]},{"time":0.4,"color":"ffffff22","curve":[0.25,0,0.75,1]},{"time":1.2,"color":"ffffff00"}],"attachment":[{"time":0,"name":"wyhb_rkjinbi1"},{"time":2.4,"name":null}]},"wyhb_rkjinbi7":{"color":[{"time":0,"color":"ffffff00","curve":[0.25,0,0.75,1]},{"time":0.8,"color":"ffffff16","curve":[0.25,0,0.75,1]},{"time":2.4,"color":"ffffff00"}],"attachment":[{"time":0,"name":"wyhb_rkjinbi2"},{"time":2.4,"name":null}]},"wyhb_rktextlg":{"attachment":[{"time":0,"name":"wyhb_rktextlg0"},{"time":0.0667,"name":"wyhb_rktextlg1"},{"time":0.1333,"name":"wyhb_rktextlg2"},{"time":0.2,"name":"wyhb_rktextlg3"},{"time":0.2667,"name":"wyhb_rktextlg4"},{"time":0.3333,"name":"wyhb_rktextlg5"},{"time":0.4,"name":"wyhb_rktextlg6"},{"time":0.4667,"name":"wyhb_rktextlg7"},{"time":0.5333,"name":"wyhb_rktextlg8"},{"time":0.6,"name":"wyhb_rktextlg9"},{"time":0.6667,"name":"wyhb_rktextlg10"},{"time":0.7333,"name":"wyhb_rktextlg11"},{"time":0.8,"name":"wyhb_rktextlg12"},{"time":0.8667,"name":"wyhb_rktextlg13"},{"time":0.9333,"name":"wyhb_rktextlg14"},{"time":1,"name":"wyhb_rktextlg15"},{"time":1.0667,"name":"wyhb_rktextlg16"},{"time":1.1333,"name":"wyhb_rktextlg17"},{"time":1.2,"name":"wyhb_rktextlg18"},{"time":1.2667,"name":"wyhb_rktextlg19"},{"time":1.3333,"name":"wyhb_rktextlg20"},{"time":1.4,"name":"wyhb_rktextlg21"},{"time":1.4667,"name":"wyhb_rktextlg22"},{"time":1.5333,"name":"wyhb_rktextlg23"},{"time":1.6,"name":"wyhb_rktextlg24"},{"time":1.6667,"name":"wyhb_rktextlg25"},{"time":1.7333,"name":"wyhb_rktextlg26"},{"time":1.8,"name":"wyhb_rktextlg27"},{"time":1.8667,"name":"wyhb_rktextlg28"},{"time":1.9333,"name":"wyhb_rktextlg29"},{"time":2,"name":"wyhb_rktextlg30"},{"time":2.0667,"name":"wyhb_rktextlg31"},{"time":2.1333,"name":"wyhb_rktextlg32"},{"time":2.2,"name":"wyhb_rktextlg33"},{"time":2.2667,"name":"wyhb_rktextlg34"},{"time":2.3333,"name":"wyhb_rktextlg35"},{"time":2.4,"name":"wyhb_rktextlg0"}]},"wyhb_rkxingdian":{"color":[{"time":0,"color":"ffffff80","curve":[0.25,0,0.75,1]},{"time":0.4,"color":"ffffffc8","curve":[0.25,0,0.75,1]},{"time":1.2,"color":"ffffff4a","curve":[0.25,0,0.75,1]},{"time":2.4,"color":"ffffff80"}],"attachment":[{"time":0,"name":"wyhb_rkxingdian"},{"time":2.4,"name":null}]},"wyhb_rkxingdian2":{"color":[{"time":0,"color":"ffffff70","curve":[0.25,0,0.75,1]},{"time":0.4,"color":"ffffff80","curve":[0.25,0,0.75,1]},{"time":0.8,"color":"ffffffc8","curve":[0.25,0,0.75,1]},{"time":1.6,"color":"ffffff4a","curve":[0.25,0,0.75,1]},{"time":2.4,"color":"ffffff70"}],"attachment":[{"time":0,"name":"wyhb_rkxingdian"},{"time":2.4,"name":null}]},"wyhb_rkxingdian3":{"color":[{"time":0,"color":"ffffff64","curve":[0.25,0,0.75,1]},{"time":0.6,"color":"ffffff80","curve":[0.25,0,0.75,1]},{"time":1,"color":"ffffffc8","curve":[0.25,0,0.75,1]},{"time":1.8,"color":"ffffff4a","curve":[0.25,0,0.75,1]},{"time":2.4,"color":"ffffff64"}],"attachment":[{"time":0,"name":"wyhb_rkxingdian"},{"time":2.4,"name":null}]},"wyhb_rkxingdian4":{"color":[{"time":0,"color":"ffffff80","curve":[0.25,0,0.75,1]},{"time":0.4,"color":"ffffffc8","curve":[0.25,0,0.75,1]},{"time":1.2,"color":"ffffff4a","curve":[0.25,0,0.75,1]},{"time":2.4,"color":"ffffff80"}],"attachment":[{"time":0,"name":"wyhb_rkxingdian"},{"time":2.4,"name":null}]},"wyhb_rkxingdian5":{"color":[{"time":0,"color":"ffffff7a","curve":[0.25,0,0.75,1]},{"time":0.2,"color":"ffffff80","curve":[0.25,0,0.75,1]},{"time":0.6,"color":"ffffffc8","curve":[0.25,0,0.75,1]},{"time":1.4,"color":"ffffff4a","curve":[0.25,0,0.75,1]},{"time":2.4,"color":"ffffff7a"}],"attachment":[{"time":0,"name":"wyhb_rkxingdian"},{"time":2.4,"name":null}]},"wyhb_rkxingdian6":{"color":[{"time":0,"color":"ffffff5a","curve":[0.25,0,0.75,1]},{"time":0.8,"color":"ffffff80","curve":[0.25,0,0.75,1]},{"time":1.2,"color":"ffffffc8","curve":[0.25,0,0.75,1]},{"time":2,"color":"ffffff4a","curve":[0.25,0,0.75,1]},{"time":2.4,"color":"ffffff5a"}],"attachment":[{"time":0,"name":"wyhb_rkxingdian"},{"time":2.4,"name":null}]}},"bones":{"wyhb_rkhb":{"rotate":[{"time":0,"angle":0,"curve":"stepped"},{"time":0.1,"angle":0,"curve":[0.25,0,0.75,1]},{"time":0.2,"angle":5,"curve":[0.25,0,0.75,1]},{"time":0.3,"angle":-4,"curve":[0.25,0,0.75,1]},{"time":0.4,"angle":3,"curve":[0.25,0,0.75,1]},{"time":0.5,"angle":-2,"curve":[0.25,0,0.75,1]},{"time":0.6,"angle":1,"curve":[0.25,0,0.75,1]},{"time":0.7,"angle":-0.5,"curve":[0.25,0,0.75,1]},{"time":0.8,"angle":0,"curve":"stepped"},{"time":2.4,"angle":0}],"translate":[{"time":0,"x":0,"y":-0.64,"curve":[0.25,0,0.75,1]},{"time":0.4,"x":0,"y":0,"curve":[0.25,0,0.75,1]},{"time":1.6,"x":0,"y":-2.24,"curve":[0.25,0,0.75,1]},{"time":2.4,"x":0,"y":-0.64}],"scale":[{"time":0,"x":1,"y":1,"curve":"stepped"},{"time":0.1,"x":1,"y":1,"curve":[0.25,0,0.75,1]},{"time":0.2,"x":1.05,"y":0.95,"curve":[0.25,0,0.75,1]},{"time":0.3333,"x":0.98,"y":1.02,"curve":[0.25,0,0.75,1]},{"time":0.5,"x":1.01,"y":0.99,"curve":[0.25,0,0.75,1]},{"time":0.7,"x":1,"y":1,"curve":"stepped"},{"time":2.4,"x":1,"y":1}]},"wyhb_rktext":{"rotate":[{"time":0,"angle":0,"curve":"stepped"},{"time":2.4,"angle":0}],"translate":[{"time":0,"x":0,"y":0,"curve":"stepped"},{"time":2.4,"x":0,"y":0}],"scale":[{"time":0,"x":1,"y":1,"curve":"stepped"},{"time":2.4,"x":1,"y":1}]},"wyhb_rkjinbi5":{"rotate":[{"time":0,"angle":0,"curve":"stepped"},{"time":2.4,"angle":0}],"translate":[{"time":0,"x":0,"y":0,"curve":[0.25,0,0.75,1]},{"time":1.2,"x":0,"y":-3.43,"curve":[0.25,0,0.75,1]},{"time":2.4,"x":0,"y":0}],"scale":[{"time":0,"x":1,"y":1,"curve":"stepped"},{"time":2.4,"x":1,"y":1}]},"wyhb_rkjinbi3":{"rotate":[{"time":0,"angle":0,"curve":"stepped"},{"time":2.4,"angle":0}],"translate":[{"time":0,"x":0,"y":-0.7,"curve":[0.25,0,0.75,1]},{"time":0.6,"x":0,"y":0,"curve":[0.25,0,0.75,1]},{"time":1.8,"x":0,"y":-1.4,"curve":[0.25,0,0.75,1]},{"time":2.4,"x":0,"y":-0.7}],"scale":[{"time":0,"x":1,"y":1,"curve":"stepped"},{"time":2.4,"x":1,"y":1}]},"wyhb_rkjinbi1":{"rotate":[{"time":0,"angle":0,"curve":"stepped"},{"time":2.4,"angle":0}],"translate":[{"time":0,"x":0.31,"y":-2.36,"curve":[0.25,0,0.75,1]},{"time":0.2,"x":0.38,"y":-2.84,"curve":[0.25,0,0.75,1]},{"time":1.4,"x":0,"y":0,"curve":[0.25,0,0.75,1]},{"time":2.4,"x":0.31,"y":-2.36}],"scale":[{"time":0,"x":1,"y":1,"curve":"stepped"},{"time":2.4,"x":1,"y":1}]},"wyhb_rkjinbi2":{"rotate":[{"time":0,"angle":0,"curve":"stepped"},{"time":2.4,"angle":0}],"translate":[{"time":0,"x":-0.48,"y":-2.79,"curve":[0.25,0,0.75,1]},{"time":1.2,"x":0,"y":0,"curve":[0.25,0,0.75,1]},{"time":2.4,"x":-0.48,"y":-2.79}],"scale":[{"time":0,"x":1,"y":1,"curve":"stepped"},{"time":2.4,"x":1,"y":1}]},"wyhb_rkxingdian":{"rotate":[{"time":0,"angle":0,"curve":"stepped"},{"time":2.4,"angle":0}],"translate":[{"time":0,"x":0,"y":0,"curve":"stepped"},{"time":2.4,"x":0,"y":0}],"scale":[{"time":0,"x":1,"y":1,"curve":"stepped"},{"time":2.4,"x":1,"y":1}]},"wyhb_rkxingdian2":{"rotate":[{"time":0,"angle":0,"curve":"stepped"},{"time":2.4,"angle":0}],"translate":[{"time":0,"x":0,"y":0,"curve":"stepped"},{"time":2.4,"x":0,"y":0}],"scale":[{"time":0,"x":1,"y":1,"curve":"stepped"},{"time":2.4,"x":1,"y":1}]},"wyhb_rkxingdian3":{"rotate":[{"time":0,"angle":0,"curve":"stepped"},{"time":2.4,"angle":0}],"translate":[{"time":0,"x":0,"y":0,"curve":"stepped"},{"time":2.4,"x":0,"y":0}],"scale":[{"time":0,"x":1,"y":1,"curve":"stepped"},{"time":2.4,"x":1,"y":1}]},"wyhb_rkxingdian4":{"rotate":[{"time":0,"angle":0,"curve":"stepped"},{"time":2.4,"angle":0}],"translate":[{"time":0,"x":0,"y":0,"curve":"stepped"},{"time":2.4,"x":0,"y":0}],"scale":[{"time":0,"x":1,"y":1,"curve":"stepped"},{"time":2.4,"x":1,"y":1}]},"wyhb_rkxingdian5":{"rotate":[{"time":0,"angle":0,"curve":"stepped"},{"time":2.4,"angle":0}],"translate":[{"time":0,"x":0,"y":0,"curve":"stepped"},{"time":2.4,"x":0,"y":0}],"scale":[{"time":0,"x":1,"y":1,"curve":"stepped"},{"time":2.4,"x":1,"y":1}]},"wyhb_rkxingdian6":{"rotate":[{"time":0,"angle":0,"curve":"stepped"},{"time":2.4,"angle":0}],"translate":[{"time":0,"x":0,"y":0,"curve":"stepped"},{"time":2.4,"x":0,"y":0}],"scale":[{"time":0,"x":1,"y":1,"curve":"stepped"},{"time":2.4,"x":1,"y":1}]}}}}}