{"skeleton":{"hash":"JkbmNxmcuuvd1OSeCfOVpPacuJg","spine":"2.1.27","width":169.39,"height":26.39,"images":"./images/"},"bones":[{"name":"root"},{"name":"duorenwintipsgt","parent":"root","scaleX":0.35,"scaleY":0.15}],"slots":[{"name":"duorenwintipsgt","bone":"duorenwintipsgt","attachment":"duorenwintipsgt","blend":"additive"}],"skins":{"default":{"duorenwintipsgt":{"duorenwintipsgt":{"x":44.25,"y":2.68,"scaleX":0.999,"scaleY":0.999,"width":484,"height":176}}}},"animations":{"animation":{"slots":{"duorenwintipsgt":{"attachment":[{"time":0,"name":"duorenwintipsgt"}],"color":[{"time":0,"color":"ffffff00","curve":[0.25,0,0.75,1]},{"time":0.1,"color":"ffffffff","curve":[0.25,0,0.75,1]},{"time":0.2,"color":"ffffff00"}]}},"bones":{"duorenwintipsgt":{"rotate":[{"time":0,"angle":0}],"translate":[{"time":0,"x":0,"y":0}],"scale":[{"time":0,"x":0.249,"y":0.249,"curve":[0.25,0,0.75,1]},{"time":0.1,"x":0.649,"y":1.999,"curve":[0.25,0,0.75,1]},{"time":0.2,"x":1.199,"y":0}]}}}}}