{"skeleton":{"hash":"ob6Jw8U0qwYXIbvuTANPhM+/M8M","spine":"3.6.37","width":1313.68,"height":524.19,"images":"../../Vip充值大返利/特享闪付/优化版/images/"},"bones":[{"name":"root"},{"name":"hip","parent":"root","x":-46,"y":8},{"name":"bone33","parent":"hip","x":87.14,"y":-499.21},{"name":"bone34","parent":"hip","x":-102.81,"y":-485.43},{"name":"czdfl_xxdb1","parent":"hip","x":-313.92,"y":-53.48},{"name":"bone37","parent":"czdfl_xxdb1","x":-35.78,"y":40.16,"scaleX":4,"scaleY":4,"color":"2000ffff"},{"name":"czdfl_btdb1","parent":"hip","length":739.25,"x":-292.58,"y":-49.86,"color":"54ff00ff"},{"name":"czdfl_btfl3","parent":"czdfl_btdb1","rotation":5.19,"x":407.82,"y":56.47,"color":"54ff00ff"},{"name":"czdfl_dcjb1","parent":"bone34","rotation":-176.73,"x":-338.97,"y":393.93},{"name":"czdfl_dcjb2","parent":"bone34","rotation":75.12,"x":267.18,"y":265.28},{"name":"czdfl_dcjb3","parent":"bone34","rotation":-98.85,"x":72.76,"y":282.47},{"name":"czdfl_dcjb5","parent":"bone34","rotation":48.04,"x":561.7,"y":689.2},{"name":"czdfl_xxgg9","parent":"czdfl_xxdb1","x":-239.7,"y":108.13},{"name":"czdfl_gg6","parent":"czdfl_xxgg9","x":-0.83,"y":-0.66,"color":"ff0000ff"},{"name":"czdfl_jb5","parent":"bone34","rotation":151.92,"x":-395.57,"y":597.21},{"name":"czdfl_gg7","parent":"czdfl_jb5","rotation":-151.92,"x":-35.31,"y":-5.59,"color":"ff0000ff"},{"name":"czdfl_jb7","parent":"bone34","rotation":0.89,"x":667.13,"y":440.7},{"name":"czdfl_gg8","parent":"czdfl_jb7","rotation":-0.89,"x":-35.85,"y":-10.22,"color":"ff0000ff"},{"name":"czdfl_jb1","parent":"bone34","rotation":147.03,"x":-484.21,"y":702.47},{"name":"czdfl_jb3","parent":"bone34","rotation":-131.26,"x":3.12,"y":259.25},{"name":"czdfl_jb4","parent":"bone34","rotation":-12.05,"x":776.56,"y":315.19},{"name":"czdfl_sd1","parent":"bone33","x":-540.14,"y":242.87},{"name":"czdfl_sd2","parent":"bone33","rotation":-37.83,"x":411.94,"y":307.93},{"name":"czdfl_sd3","parent":"bone33","rotation":-158.22,"x":-655.46,"y":415.7},{"name":"czdfl_sd4","parent":"bone33","rotation":36.59,"x":-200.59,"y":458.64},{"name":"czdfl_sd5","parent":"bone33","rotation":54,"x":-86.48,"y":696.88},{"name":"czdfl_sd6","parent":"bone33","rotation":-150.96,"x":-582.46,"y":350.8},{"name":"czdfl_sd7","parent":"bone33","rotation":-22.87,"x":261.85,"y":255.45},{"name":"czdfl_sd8","parent":"bone33","rotation":-22.61,"x":165.66,"y":398.58},{"name":"czdfl_sd9","parent":"bone33","rotation":19.26,"x":490.11,"y":629.01},{"name":"czdfl_xxgg3","parent":"czdfl_xxdb1","x":-137.35,"y":-203.54},{"name":"czdfl_xxgg4","parent":"czdfl_xxdb1","x":-89.75,"y":-171.98},{"name":"czdfl_xxgg5","parent":"czdfl_xxdb1","x":-44.77,"y":-142.17},{"name":"czdfl_xxgg6","parent":"czdfl_xxdb1","x":-125.84,"y":-146.87},{"name":"czdfl_xxgg7","parent":"czdfl_xxdb1","x":0.73,"y":-111.83},{"name":"czdfl_xxgg8","parent":"czdfl_xxdb1","x":-112.76,"y":-88.82},{"name":"czdfl_xxgg10","parent":"czdfl_xxdb1","x":-100.21,"y":-31.81},{"name":"czdfl_xxgg11","parent":"czdfl_xxdb1","x":-144.54,"y":12.97},{"name":"czdfl_xxgg12","parent":"czdfl_xxdb1","x":-190.54,"y":57.17},{"name":"czdfl_xxgg13","parent":"czdfl_xxdb1","x":-181.07,"y":108.58},{"name":"czdfl_xxgg14","parent":"czdfl_xxdb1","x":-118.83,"y":106.33},{"name":"czdfl_xxgg15","parent":"czdfl_xxdb1","x":-62.91,"y":105.43},{"name":"czdfl_xxgg16","parent":"czdfl_xxdb1","x":-35.4,"y":155.49},{"name":"czdfl_xxgg17","parent":"czdfl_xxdb1","x":-11.37,"y":206.81},{"name":"czdfl_xxgg18","parent":"czdfl_xxdb1","x":22.22,"y":266.65},{"name":"czdfl_xxgg19","parent":"czdfl_xxdb1","x":47.24,"y":204.94},{"name":"czdfl_xxgg20","parent":"czdfl_xxdb1","x":66.28,"y":150.2},{"name":"czdfl_xxgg21","parent":"czdfl_xxdb1","x":88.18,"y":92.6},{"name":"czdfl_xxgg22","parent":"czdfl_xxdb1","x":139.93,"y":86.85},{"name":"czdfl_xxgg23","parent":"czdfl_xxdb1","x":187.08,"y":79.95},{"name":"czdfl_xxgg24","parent":"czdfl_xxdb1","x":161.2,"y":43.15},{"name":"czdfl_xxgg25","parent":"czdfl_xxdb1","x":136.48,"y":14.4},{"name":"czdfl_xxgg26","parent":"czdfl_xxdb1","x":108.3,"y":-21.82},{"name":"czdfl_xxgg27","parent":"czdfl_xxdb1","x":119.37,"y":-68.32},{"name":"zxsf_hd_bg","parent":"czdfl_btdb1","x":380.08,"y":-6.14,"color":"d3ff00ff"},{"name":"zxsf_hd_biaoti","parent":"hip","x":207.5,"y":97,"color":"d3ff00ff"},{"name":"zxsf_hd_biaotisgcc","parent":"zxsf_hd_biaoti","x":-9.8,"y":6.5,"scaleX":4,"scaleY":4,"color":"feb349ff"},{"name":"zxsf_hd_wenzi","parent":"czdfl_btfl3","rotation":-5.19,"x":-38.09,"y":-35.3,"color":"d3ff00ff"}],"slots":[{"name":"czdfl_dcjb5","bone":"czdfl_dcjb5","attachment":"czdfl_dcjb5"},{"name":"czdfl_dcjb3","bone":"czdfl_dcjb3","attachment":"czdfl_dcjb3"},{"name":"czdfl_dcjb1","bone":"czdfl_dcjb1","attachment":"czdfl_dcjb1"},{"name":"czdfl_sd9","bone":"czdfl_sd9","attachment":"czdfl_sd9"},{"name":"zxsf_hd_bg","bone":"zxsf_hd_bg","attachment":"zxsf_hd_bg"},{"name":"czdfl_dcjb2","bone":"czdfl_dcjb2","attachment":"czdfl_dcjb2"},{"name":"zxsf_hd_biaoti","bone":"zxsf_hd_biaoti","attachment":"zxsf_hd_biaoti"},{"name":"zxsf_hd_wenzi","bone":"zxsf_hd_wenzi"},{"name":"zxsf_hd_biaotisgcc_0","bone":"zxsf_hd_biaotisgcc","attachment":"zxsf_hd_biaotisgcc_9","blend":"additive"},{"name":"czdfl_xxdb1","bone":"czdfl_xxdb1","attachment":"czdfl_xxdb1"},{"name":"czdfl_xxsg/czdfl_xingxingsg_00000","bone":"bone37","attachment":"czdfl_xxsg/czdfl_xingxingsg_00014","blend":"additive"},{"name":"czdfl_xxgg5","bone":"czdfl_xxgg3","color":"e9cdffa4","attachment":"czdfl_xxgg3","blend":"additive"},{"name":"czdfl_xxgg7","bone":"czdfl_xxgg4","color":"e9cdffa4","attachment":"czdfl_xxgg3","blend":"additive"},{"name":"czdfl_xxgg9","bone":"czdfl_xxgg5","color":"e9cdffa4","attachment":"czdfl_xxgg3","blend":"additive"},{"name":"czdfl_xxgg11","bone":"czdfl_xxgg6","color":"e9cdffa4","attachment":"czdfl_xxgg3","blend":"additive"},{"name":"czdfl_xxgg15","bone":"czdfl_xxgg8","color":"e9cdffa4","attachment":"czdfl_xxgg3","blend":"additive"},{"name":"czdfl_xxgg17","bone":"czdfl_xxgg9","color":"e9cdffa4","attachment":"czdfl_xxgg3","blend":"additive"},{"name":"czdfl_xxgg25","bone":"czdfl_xxgg13","color":"e9cdffa4","attachment":"czdfl_xxgg3","blend":"additive"},{"name":"czdfl_xxgg27","bone":"czdfl_xxgg14","color":"e9cdffa4","attachment":"czdfl_xxgg3","blend":"additive"},{"name":"czdfl_xxgg29","bone":"czdfl_xxgg15","color":"e9cdffa4","attachment":"czdfl_xxgg3","blend":"additive"},{"name":"czdfl_xxgg31","bone":"czdfl_xxgg16","color":"e9cdffa4","attachment":"czdfl_xxgg3","blend":"additive"},{"name":"czdfl_xxgg33","bone":"czdfl_xxgg17","color":"e9cdffa4","attachment":"czdfl_xxgg3","blend":"additive"},{"name":"czdfl_xxgg35","bone":"czdfl_xxgg18","color":"e9cdffa4","attachment":"czdfl_xxgg3","blend":"additive"},{"name":"czdfl_xxgg37","bone":"czdfl_xxgg19","color":"e9cdffa4","attachment":"czdfl_xxgg3","blend":"additive"},{"name":"czdfl_xxgg39","bone":"czdfl_xxgg20","color":"e9cdffa4","attachment":"czdfl_xxgg3","blend":"additive"},{"name":"czdfl_xxgg41","bone":"czdfl_xxgg21","color":"e9cdffa4","attachment":"czdfl_xxgg3","blend":"additive"},{"name":"czdfl_xxgg43","bone":"czdfl_xxgg22","color":"e9cdffa4","attachment":"czdfl_xxgg3","blend":"additive"},{"name":"czdfl_xxgg45","bone":"czdfl_xxgg23","color":"e9cdffa4","attachment":"czdfl_xxgg3","blend":"additive"},{"name":"czdfl_xxgg47","bone":"czdfl_xxgg24","color":"e9cdffa4","attachment":"czdfl_xxgg3","blend":"additive"},{"name":"czdfl_xxgg49","bone":"czdfl_xxgg25","color":"e9cdffa4","attachment":"czdfl_xxgg3","blend":"additive"},{"name":"czdfl_xxgg51","bone":"czdfl_xxgg26","color":"e9cdffa4","attachment":"czdfl_xxgg3","blend":"additive"},{"name":"czdfl_xxgg53","bone":"czdfl_xxgg27","color":"e9cdffa4","attachment":"czdfl_xxgg3","blend":"additive"},{"name":"czdfl_xxgg23","bone":"czdfl_xxgg12","color":"e9cdffa4","attachment":"czdfl_xxgg3","blend":"additive"},{"name":"czdfl_xxgg21","bone":"czdfl_xxgg11","color":"e9cdffa4","attachment":"czdfl_xxgg3","blend":"additive"},{"name":"czdfl_xxgg19","bone":"czdfl_xxgg10","color":"e9cdffa4","attachment":"czdfl_xxgg3","blend":"additive"},{"name":"czdfl_xxgg13","bone":"czdfl_xxgg7","color":"e9cdffa4","attachment":"czdfl_xxgg3","blend":"additive"},{"name":"czdfl_xxgg6","bone":"czdfl_xxgg3","color":"fffffffd","attachment":"czdfl_xxgg2"},{"name":"czdfl_xxgg8","bone":"czdfl_xxgg4","attachment":"czdfl_xxgg2"},{"name":"czdfl_xxgg10","bone":"czdfl_xxgg5","attachment":"czdfl_xxgg2"},{"name":"czdfl_xxgg12","bone":"czdfl_xxgg6","attachment":"czdfl_xxgg2"},{"name":"czdfl_xxgg16","bone":"czdfl_xxgg8","attachment":"czdfl_xxgg2"},{"name":"czdfl_xxgg18","bone":"czdfl_xxgg9","attachment":"czdfl_xxgg2"},{"name":"czdfl_xxgg26","bone":"czdfl_xxgg13","attachment":"czdfl_xxgg2"},{"name":"czdfl_xxgg28","bone":"czdfl_xxgg14","attachment":"czdfl_xxgg2"},{"name":"czdfl_xxgg30","bone":"czdfl_xxgg15","attachment":"czdfl_xxgg2"},{"name":"czdfl_xxgg32","bone":"czdfl_xxgg16","attachment":"czdfl_xxgg2"},{"name":"czdfl_xxgg34","bone":"czdfl_xxgg17","attachment":"czdfl_xxgg2"},{"name":"czdfl_xxgg36","bone":"czdfl_xxgg18","attachment":"czdfl_xxgg2"},{"name":"czdfl_xxgg38","bone":"czdfl_xxgg19","attachment":"czdfl_xxgg2"},{"name":"czdfl_xxgg40","bone":"czdfl_xxgg20","attachment":"czdfl_xxgg2"},{"name":"czdfl_xxgg42","bone":"czdfl_xxgg21","attachment":"czdfl_xxgg2"},{"name":"czdfl_xxgg44","bone":"czdfl_xxgg22","attachment":"czdfl_xxgg2"},{"name":"czdfl_xxgg46","bone":"czdfl_xxgg23","attachment":"czdfl_xxgg2"},{"name":"czdfl_xxgg48","bone":"czdfl_xxgg24","attachment":"czdfl_xxgg2"},{"name":"czdfl_xxgg50","bone":"czdfl_xxgg25","attachment":"czdfl_xxgg2"},{"name":"czdfl_xxgg52","bone":"czdfl_xxgg26","attachment":"czdfl_xxgg2"},{"name":"czdfl_xxgg54","bone":"czdfl_xxgg27","attachment":"czdfl_xxgg2"},{"name":"czdfl_xxgg24","bone":"czdfl_xxgg12","attachment":"czdfl_xxgg2"},{"name":"czdfl_xxgg22","bone":"czdfl_xxgg11","attachment":"czdfl_xxgg2"},{"name":"czdfl_xxgg20","bone":"czdfl_xxgg10","attachment":"czdfl_xxgg2"},{"name":"czdfl_xxgg14","bone":"czdfl_xxgg7","attachment":"czdfl_xxgg2"},{"name":"czdfl_jb7","bone":"czdfl_jb7","attachment":"czdfl_jb7"},{"name":"czdfl_jb5","bone":"czdfl_jb5","attachment":"czdfl_jb5"},{"name":"czdfl_jb4","bone":"czdfl_jb4","attachment":"czdfl_jb4"},{"name":"czdfl_jb3","bone":"czdfl_jb3","attachment":"czdfl_jb3"},{"name":"czdfl_jb1","bone":"czdfl_jb1","attachment":"czdfl_jb1"},{"name":"czdfl_sd8","bone":"czdfl_sd8","attachment":"czdfl_sd8"},{"name":"czdfl_sd7","bone":"czdfl_sd7","attachment":"czdfl_sd7"},{"name":"czdfl_sd6","bone":"czdfl_sd6","attachment":"czdfl_sd6"},{"name":"czdfl_sd5","bone":"czdfl_sd5","attachment":"czdfl_sd5"},{"name":"czdfl_sd4","bone":"czdfl_sd4","attachment":"czdfl_sd4"},{"name":"czdfl_sd3","bone":"czdfl_sd3","attachment":"czdfl_sd3"},{"name":"czdfl_sd2","bone":"czdfl_sd2","attachment":"czdfl_sd2"},{"name":"czdfl_sd1","bone":"czdfl_sd1"},{"name":"czdfl_gg13","bone":"czdfl_gg7","attachment":"czdfl_gg5","blend":"additive"},{"name":"czdfl_gg14","bone":"czdfl_gg8","attachment":"czdfl_gg5","blend":"additive"},{"name":"czdfl_gg12","bone":"czdfl_gg6","attachment":"czdfl_gg5","blend":"additive"}],"skins":{"default":{"czdfl_dcjb1":{"czdfl_dcjb1":{"x":2.1,"y":-2.13,"rotation":176.73,"width":58,"height":53}},"czdfl_dcjb2":{"czdfl_dcjb2":{"x":-3,"y":-1.79,"rotation":-75.12,"width":51,"height":50}},"czdfl_dcjb3":{"czdfl_dcjb3":{"x":1.06,"y":1.4,"rotation":98.85,"width":51,"height":50}},"czdfl_dcjb5":{"czdfl_dcjb5":{"x":-1.6,"y":-5.63,"rotation":-48.04,"width":63,"height":67}},"czdfl_gg12":{"czdfl_gg5":{"x":-2.19,"y":-0.61,"width":57,"height":60}},"czdfl_gg13":{"czdfl_gg5":{"x":-2.19,"y":-0.61,"width":57,"height":60}},"czdfl_gg14":{"czdfl_gg5":{"x":-2.19,"y":-0.61,"width":57,"height":60}},"czdfl_jb1":{"czdfl_jb1":{"x":0.01,"y":3.62,"rotation":-147.03,"width":48,"height":48}},"czdfl_jb3":{"czdfl_jb3":{"x":6.88,"y":0.97,"rotation":131.26,"width":83,"height":80}},"czdfl_jb4":{"czdfl_jb4":{"x":2.93,"y":0.36,"rotation":12.05,"width":48,"height":47}},"czdfl_jb5":{"czdfl_jb5":{"x":-5.44,"y":1.94,"rotation":-151.92,"width":83,"height":85}},"czdfl_jb7":{"czdfl_jb7":{"x":-6.32,"y":-3.17,"rotation":-0.89,"width":88,"height":92}},"czdfl_sd1":{"czdfl_sd1":{"x":4,"y":18.83,"width":120,"height":55}},"czdfl_sd2":{"czdfl_sd2":{"x":36.78,"y":-0.56,"rotation":37.83,"width":185,"height":96}},"czdfl_sd3":{"czdfl_sd3":{"x":-0.02,"y":-0.54,"rotation":158.22,"width":49,"height":28}},"czdfl_sd4":{"czdfl_sd4":{"x":-1.11,"y":2.78,"rotation":-36.59,"width":24,"height":26}},"czdfl_sd5":{"czdfl_sd5":{"x":-1.09,"y":4.35,"rotation":-54,"width":22,"height":27}},"czdfl_sd6":{"czdfl_sd6":{"x":5.94,"y":-2.04,"rotation":150.96,"width":25,"height":25}},"czdfl_sd7":{"czdfl_sd7":{"x":-3.98,"y":-0.66,"rotation":22.87,"width":29,"height":36}},"czdfl_sd8":{"czdfl_sd8":{"x":8.16,"y":-0.35,"rotation":22.61,"width":51,"height":38}},"czdfl_sd9":{"czdfl_sd9":{"x":7.22,"y":9.61,"rotation":-19.26,"width":104,"height":57}},"czdfl_xxdb1":{"czdfl_xxdb1":{"x":-18.58,"y":36.48,"width":497,"height":506}},"czdfl_xxgg10":{"czdfl_xxgg2":{"x":-0.52,"y":-0.88,"width":42,"height":42}},"czdfl_xxgg11":{"czdfl_xxgg3":{"x":-0.55,"y":-0.82,"width":54,"height":54}},"czdfl_xxgg12":{"czdfl_xxgg2":{"x":-0.52,"y":-0.88,"width":42,"height":42}},"czdfl_xxgg13":{"czdfl_xxgg3":{"x":-0.55,"y":-0.82,"width":54,"height":54}},"czdfl_xxgg14":{"czdfl_xxgg2":{"x":-0.52,"y":-0.88,"width":42,"height":42}},"czdfl_xxgg15":{"czdfl_xxgg3":{"x":-0.55,"y":-0.82,"width":54,"height":54}},"czdfl_xxgg16":{"czdfl_xxgg2":{"x":-0.52,"y":-0.88,"width":42,"height":42}},"czdfl_xxgg17":{"czdfl_xxgg3":{"x":-0.55,"y":-0.82,"width":54,"height":54}},"czdfl_xxgg18":{"czdfl_xxgg2":{"x":-0.52,"y":-0.88,"width":42,"height":42}},"czdfl_xxgg19":{"czdfl_xxgg3":{"x":-0.55,"y":-0.82,"width":54,"height":54}},"czdfl_xxgg20":{"czdfl_xxgg2":{"x":-0.52,"y":-0.88,"width":42,"height":42}},"czdfl_xxgg21":{"czdfl_xxgg3":{"x":-0.55,"y":-0.82,"width":54,"height":54}},"czdfl_xxgg22":{"czdfl_xxgg2":{"x":-0.52,"y":-0.88,"width":42,"height":42}},"czdfl_xxgg23":{"czdfl_xxgg3":{"x":-0.55,"y":-0.82,"width":54,"height":54}},"czdfl_xxgg24":{"czdfl_xxgg2":{"x":-0.52,"y":-0.88,"width":42,"height":42}},"czdfl_xxgg25":{"czdfl_xxgg3":{"x":-0.55,"y":-0.82,"width":54,"height":54}},"czdfl_xxgg26":{"czdfl_xxgg2":{"x":-0.52,"y":-0.88,"width":42,"height":42}},"czdfl_xxgg27":{"czdfl_xxgg3":{"x":-0.55,"y":-0.82,"width":54,"height":54}},"czdfl_xxgg28":{"czdfl_xxgg2":{"x":-0.52,"y":-0.88,"width":42,"height":42}},"czdfl_xxgg29":{"czdfl_xxgg3":{"x":-0.55,"y":-0.82,"width":54,"height":54}},"czdfl_xxgg30":{"czdfl_xxgg2":{"x":-0.52,"y":-0.88,"width":42,"height":42}},"czdfl_xxgg31":{"czdfl_xxgg3":{"x":-0.55,"y":-0.82,"width":54,"height":54}},"czdfl_xxgg32":{"czdfl_xxgg2":{"x":-0.52,"y":-0.88,"width":42,"height":42}},"czdfl_xxgg33":{"czdfl_xxgg3":{"x":-0.55,"y":-0.82,"width":54,"height":54}},"czdfl_xxgg34":{"czdfl_xxgg2":{"x":-0.52,"y":-0.88,"width":42,"height":42}},"czdfl_xxgg35":{"czdfl_xxgg3":{"x":-0.55,"y":-0.82,"width":54,"height":54}},"czdfl_xxgg36":{"czdfl_xxgg2":{"x":-0.52,"y":-0.88,"width":42,"height":42}},"czdfl_xxgg37":{"czdfl_xxgg3":{"x":-0.55,"y":-0.82,"width":54,"height":54}},"czdfl_xxgg38":{"czdfl_xxgg2":{"x":-0.52,"y":-0.88,"width":42,"height":42}},"czdfl_xxgg39":{"czdfl_xxgg3":{"x":-0.55,"y":-0.82,"width":54,"height":54}},"czdfl_xxgg40":{"czdfl_xxgg2":{"x":-0.52,"y":-0.88,"width":42,"height":42}},"czdfl_xxgg41":{"czdfl_xxgg3":{"x":-0.55,"y":-0.82,"width":54,"height":54}},"czdfl_xxgg42":{"czdfl_xxgg2":{"x":-0.52,"y":-0.88,"width":42,"height":42}},"czdfl_xxgg43":{"czdfl_xxgg3":{"x":-0.55,"y":-0.82,"width":54,"height":54}},"czdfl_xxgg44":{"czdfl_xxgg2":{"x":-0.52,"y":-0.88,"width":42,"height":42}},"czdfl_xxgg45":{"czdfl_xxgg3":{"x":-0.55,"y":-0.82,"width":54,"height":54}},"czdfl_xxgg46":{"czdfl_xxgg2":{"x":-0.52,"y":-0.88,"width":42,"height":42}},"czdfl_xxgg47":{"czdfl_xxgg3":{"x":-0.55,"y":-0.82,"width":54,"height":54}},"czdfl_xxgg48":{"czdfl_xxgg2":{"x":-0.52,"y":-0.88,"width":42,"height":42}},"czdfl_xxgg49":{"czdfl_xxgg3":{"x":-0.55,"y":-0.82,"width":54,"height":54}},"czdfl_xxgg5":{"czdfl_xxgg3":{"x":-0.55,"y":-0.82,"width":54,"height":54}},"czdfl_xxgg50":{"czdfl_xxgg2":{"x":-0.52,"y":-0.88,"width":42,"height":42}},"czdfl_xxgg51":{"czdfl_xxgg3":{"x":-0.55,"y":-0.82,"width":54,"height":54}},"czdfl_xxgg52":{"czdfl_xxgg2":{"x":-0.52,"y":-0.88,"width":42,"height":42}},"czdfl_xxgg53":{"czdfl_xxgg3":{"x":-0.55,"y":-0.82,"width":54,"height":54}},"czdfl_xxgg54":{"czdfl_xxgg2":{"x":-0.52,"y":-0.88,"width":42,"height":42}},"czdfl_xxgg6":{"czdfl_xxgg2":{"x":-0.52,"y":-0.88,"width":42,"height":42}},"czdfl_xxgg7":{"czdfl_xxgg3":{"x":-0.55,"y":-0.82,"width":54,"height":54}},"czdfl_xxgg8":{"czdfl_xxgg2":{"x":-0.52,"y":-0.88,"width":42,"height":42}},"czdfl_xxgg9":{"czdfl_xxgg3":{"x":-0.55,"y":-0.82,"width":54,"height":54}},"czdfl_xxsg/czdfl_xingxingsg_00000":{"czdfl_xxsg/czdfl_xingxingsg_00000":{"width":103,"height":108},"czdfl_xxsg/czdfl_xingxingsg_00002":{"width":103,"height":108},"czdfl_xxsg/czdfl_xingxingsg_00004":{"width":103,"height":108},"czdfl_xxsg/czdfl_xingxingsg_00006":{"width":103,"height":108},"czdfl_xxsg/czdfl_xingxingsg_00008":{"width":103,"height":108},"czdfl_xxsg/czdfl_xingxingsg_00010":{"width":103,"height":108},"czdfl_xxsg/czdfl_xingxingsg_00012":{"width":103,"height":108},"czdfl_xxsg/czdfl_xingxingsg_00014":{"width":103,"height":108},"czdfl_xxsg/czdfl_xingxingsg_00016":{"width":103,"height":108},"czdfl_xxsg/czdfl_xingxingsg_00018":{"width":103,"height":108},"czdfl_xxsg/czdfl_xingxingsg_00020":{"width":103,"height":108},"czdfl_xxsg/czdfl_xingxingsg_00022":{"width":103,"height":108},"czdfl_xxsg/czdfl_xingxingsg_00024":{"width":103,"height":108},"czdfl_xxsg/czdfl_xingxingsg_00026":{"width":103,"height":108},"czdfl_xxsg/czdfl_xingxingsg_00028":{"width":103,"height":108},"czdfl_xxsg/czdfl_xingxingsg_00030":{"width":103,"height":108},"czdfl_xxsg/czdfl_xingxingsg_00032":{"width":103,"height":108},"czdfl_xxsg/czdfl_xingxingsg_00034":{"width":103,"height":108}},"zxsf_hd_bg":{"zxsf_hd_bg":{"width":991,"height":414}},"zxsf_hd_biaoti":{"zxsf_hd_biaoti":{"width":653,"height":146}},"zxsf_hd_biaotisgcc_0":{"zxsf_hd_biaotisgcc_0":{"width":160,"height":33},"zxsf_hd_biaotisgcc_1":{"width":160,"height":33},"zxsf_hd_biaotisgcc_2":{"width":160,"height":33},"zxsf_hd_biaotisgcc_3":{"width":160,"height":33},"zxsf_hd_biaotisgcc_4":{"width":160,"height":33},"zxsf_hd_biaotisgcc_5":{"width":160,"height":33},"zxsf_hd_biaotisgcc_6":{"width":160,"height":33},"zxsf_hd_biaotisgcc_7":{"width":160,"height":33},"zxsf_hd_biaotisgcc_8":{"width":160,"height":33},"zxsf_hd_biaotisgcc_9":{"width":160,"height":33},"zxsf_hd_biaotisgcc_10":{"width":160,"height":33},"zxsf_hd_biaotisgcc_11":{"width":160,"height":33},"zxsf_hd_biaotisgcc_12":{"width":160,"height":33},"zxsf_hd_biaotisgcc_13":{"width":160,"height":33},"zxsf_hd_biaotisgcc_14":{"width":160,"height":33},"zxsf_hd_biaotisgcc_15":{"width":160,"height":33},"zxsf_hd_biaotisgcc_16":{"width":160,"height":33},"zxsf_hd_biaotisgcc_17":{"width":160,"height":33},"zxsf_hd_biaotisgcc_18":{"width":160,"height":33},"zxsf_hd_biaotisgcc_19":{"width":160,"height":33},"zxsf_hd_biaotisgcc_20":{"width":160,"height":33},"zxsf_hd_biaotisgcc_21":{"width":160,"height":33},"zxsf_hd_biaotisgcc_22":{"width":160,"height":33},"zxsf_hd_biaotisgcc_23":{"width":160,"height":33},"zxsf_hd_biaotisgcc_24":{"width":160,"height":33},"zxsf_hd_biaotisgcc_25":{"width":160,"height":33},"zxsf_hd_biaotisgcc_26":{"width":160,"height":33},"zxsf_hd_biaotisgcc_27":{"width":160,"height":33},"zxsf_hd_biaotisgcc_28":{"width":160,"height":33},"zxsf_hd_biaotisgcc_29":{"width":160,"height":33},"zxsf_hd_biaotisgcc_30":{"width":160,"height":33},"zxsf_hd_biaotisgcc_31":{"width":160,"height":33},"zxsf_hd_biaotisgcc_32":{"width":160,"height":33},"zxsf_hd_biaotisgcc_33":{"width":160,"height":33},"zxsf_hd_biaotisgcc_34":{"width":160,"height":33},"zxsf_hd_biaotisgcc_35":{"width":160,"height":33}}}},"animations":{"idle":{"slots":{"czdfl_dcjb1":{"color":[{"time":0,"color":"fffffffe","curve":"stepped"},{"time":2.4,"color":"fffffffe"}]},"czdfl_dcjb2":{"color":[{"time":0,"color":"fffffffe","curve":"stepped"},{"time":2.4,"color":"fffffffe"}]},"czdfl_dcjb3":{"color":[{"time":0,"color":"fffffffe","curve":"stepped"},{"time":2.4,"color":"fffffffe"}]},"czdfl_dcjb5":{"color":[{"time":0,"color":"fffffffe","curve":"stepped"},{"time":2.4,"color":"fffffffe"}]},"czdfl_gg12":{"color":[{"time":0,"color":"fffffffe","curve":"stepped"},{"time":2.4,"color":"fffffffe"}]},"czdfl_gg13":{"color":[{"time":0,"color":"fffffffe","curve":"stepped"},{"time":2.4,"color":"fffffffe"}]},"czdfl_gg14":{"color":[{"time":0,"color":"fffffffe","curve":"stepped"},{"time":2.4,"color":"fffffffe"}]},"czdfl_jb1":{"color":[{"time":0,"color":"fffffffe","curve":"stepped"},{"time":2.4,"color":"fffffffe"}]},"czdfl_jb3":{"color":[{"time":0,"color":"fffffffe","curve":"stepped"},{"time":2.4,"color":"fffffffe"}]},"czdfl_jb4":{"color":[{"time":0,"color":"fffffffe","curve":"stepped"},{"time":2.4,"color":"fffffffe"}]},"czdfl_jb5":{"color":[{"time":0,"color":"fffffffe","curve":"stepped"},{"time":2.4,"color":"fffffffe"}]},"czdfl_jb7":{"color":[{"time":0,"color":"fffffffe","curve":"stepped"},{"time":2.4,"color":"fffffffe"}]},"czdfl_sd1":{"color":[{"time":0,"color":"fffffffe","curve":"stepped"},{"time":2.4,"color":"fffffffe"}],"attachment":[{"time":0,"name":"czdfl_sd1"},{"time":2.4,"name":"czdfl_sd1"}]},"czdfl_sd2":{"color":[{"time":0,"color":"fffffffe","curve":"stepped"},{"time":2.4,"color":"fffffffe"}]},"czdfl_sd3":{"color":[{"time":0,"color":"fffffffe","curve":"stepped"},{"time":2.4,"color":"fffffffe"}]},"czdfl_sd4":{"color":[{"time":0,"color":"fffffffe","curve":"stepped"},{"time":2.4,"color":"fffffffe"}]},"czdfl_sd5":{"color":[{"time":0,"color":"fffffffe","curve":"stepped"},{"time":2.4,"color":"fffffffe"}]},"czdfl_sd6":{"color":[{"time":0,"color":"fffffffe","curve":"stepped"},{"time":2.4,"color":"fffffffe"}]},"czdfl_sd7":{"color":[{"time":0,"color":"fffffffe","curve":"stepped"},{"time":2.4,"color":"fffffffe"}]},"czdfl_sd8":{"color":[{"time":0,"color":"fffffffe","curve":"stepped"},{"time":2.4,"color":"fffffffe"}]},"czdfl_sd9":{"color":[{"time":0,"color":"fffffffe","curve":"stepped"},{"time":2.4,"color":"fffffffe"}]},"czdfl_xxdb1":{"color":[{"time":0,"color":"fffffffe","curve":"stepped"},{"time":2.4,"color":"fffffffe"}]},"czdfl_xxgg5":{"color":[{"time":0,"color":"e9cdffa4","curve":[0.25,0,0.75,1]},{"time":0.6,"color":"e9cdff00","curve":[0.25,0,0.75,1]},{"time":1.2,"color":"e9cdffa4","curve":[0.25,0,0.75,1]},{"time":1.8,"color":"e9cdff00","curve":[0.25,0,0.75,1]},{"time":2.4,"color":"e9cdffa4"}]},"czdfl_xxgg6":{"color":[{"time":0,"color":"fffffffc","curve":"stepped"},{"time":2.4,"color":"fffffffc"}]},"czdfl_xxgg7":{"color":[{"time":0,"color":"e9cdff00","curve":[0.25,0,0.75,1]},{"time":0.6,"color":"e9cdffa4","curve":[0.25,0,0.75,1]},{"time":1.2,"color":"e9cdff00","curve":[0.25,0,0.75,1]},{"time":1.8,"color":"e9cdffa4","curve":[0.25,0,0.75,1]},{"time":2.4,"color":"e9cdff00"}]},"czdfl_xxgg8":{"color":[{"time":0,"color":"fffffffe","curve":"stepped"},{"time":2.4,"color":"fffffffe"}]},"czdfl_xxgg9":{"color":[{"time":0,"color":"e9cdffa4","curve":[0.25,0,0.75,1]},{"time":0.6,"color":"e9cdff00","curve":[0.25,0,0.75,1]},{"time":1.2,"color":"e9cdffa4","curve":[0.25,0,0.75,1]},{"time":1.8,"color":"e9cdff00","curve":[0.25,0,0.75,1]},{"time":2.4,"color":"e9cdffa4"}]},"czdfl_xxgg10":{"color":[{"time":0,"color":"fffffffe","curve":"stepped"},{"time":2.4,"color":"fffffffe"}]},"czdfl_xxgg11":{"color":[{"time":0,"color":"e9cdff00","curve":[0.25,0,0.75,1]},{"time":0.6,"color":"e9cdffa4","curve":[0.25,0,0.75,1]},{"time":1.2,"color":"e9cdff00","curve":[0.25,0,0.75,1]},{"time":1.8,"color":"e9cdffa4","curve":[0.25,0,0.75,1]},{"time":2.4,"color":"e9cdff00"}]},"czdfl_xxgg12":{"color":[{"time":0,"color":"fffffffe","curve":"stepped"},{"time":2.4,"color":"fffffffe"}]},"czdfl_xxgg13":{"color":[{"time":0,"color":"e9cdff00","curve":[0.25,0,0.75,1]},{"time":0.6,"color":"e9cdffa4","curve":[0.25,0,0.75,1]},{"time":1.2,"color":"e9cdff00","curve":[0.25,0,0.75,1]},{"time":1.8,"color":"e9cdffa4","curve":[0.25,0,0.75,1]},{"time":2.4,"color":"e9cdff00"}]},"czdfl_xxgg14":{"color":[{"time":0,"color":"fffffffe","curve":"stepped"},{"time":2.4,"color":"fffffffe"}]},"czdfl_xxgg15":{"color":[{"time":0,"color":"e9cdffa4","curve":[0.25,0,0.75,1]},{"time":0.6,"color":"e9cdff00","curve":[0.25,0,0.75,1]},{"time":1.2,"color":"e9cdffa4","curve":[0.25,0,0.75,1]},{"time":1.8,"color":"e9cdff00","curve":[0.25,0,0.75,1]},{"time":2.4,"color":"e9cdffa4"}]},"czdfl_xxgg16":{"color":[{"time":0,"color":"fffffffe","curve":"stepped"},{"time":2.4,"color":"fffffffe"}]},"czdfl_xxgg17":{"color":[{"time":0,"color":"e9cdffa4","curve":[0.25,0,0.75,1]},{"time":0.6,"color":"e9cdff00","curve":[0.25,0,0.75,1]},{"time":1.2,"color":"e9cdffa4","curve":[0.25,0,0.75,1]},{"time":1.8,"color":"e9cdff00","curve":[0.25,0,0.75,1]},{"time":2.4,"color":"e9cdffa4"}]},"czdfl_xxgg18":{"color":[{"time":0,"color":"fffffffe","curve":"stepped"},{"time":2.4,"color":"fffffffe"}]},"czdfl_xxgg19":{"color":[{"time":0,"color":"e9cdff00","curve":"stepped"},{"time":0.6,"color":"e9cdff00","curve":"stepped"},{"time":1.2,"color":"e9cdff00","curve":"stepped"},{"time":1.8,"color":"e9cdff00","curve":"stepped"},{"time":2.4,"color":"e9cdff00"}]},"czdfl_xxgg20":{"color":[{"time":0,"color":"fffffffe","curve":"stepped"},{"time":2.4,"color":"fffffffe"}]},"czdfl_xxgg21":{"color":[{"time":0,"color":"e9cdffa4","curve":[0.25,0,0.75,1]},{"time":0.6,"color":"e9cdff00","curve":[0.25,0,0.75,1]},{"time":1.2,"color":"e9cdffa4","curve":[0.25,0,0.75,1]},{"time":1.8,"color":"e9cdff00","curve":[0.25,0,0.75,1]},{"time":2.4,"color":"e9cdffa4"}]},"czdfl_xxgg22":{"color":[{"time":0,"color":"fffffffe","curve":"stepped"},{"time":2.4,"color":"fffffffe"}]},"czdfl_xxgg23":{"color":[{"time":0,"color":"e9cdff00","curve":[0.25,0,0.75,1]},{"time":0.6,"color":"e9cdffa4","curve":[0.25,0,0.75,1]},{"time":1.2,"color":"e9cdff00","curve":[0.25,0,0.75,1]},{"time":1.8,"color":"e9cdffa4","curve":[0.25,0,0.75,1]},{"time":2.4,"color":"e9cdff00"}]},"czdfl_xxgg24":{"color":[{"time":0,"color":"fffffffe","curve":"stepped"},{"time":2.4,"color":"fffffffe"}]},"czdfl_xxgg25":{"color":[{"time":0,"color":"e9cdff00","curve":[0.25,0,0.75,1]},{"time":0.6,"color":"e9cdffa4","curve":[0.25,0,0.75,1]},{"time":1.2,"color":"e9cdff00","curve":[0.25,0,0.75,1]},{"time":1.8,"color":"e9cdffa4","curve":[0.25,0,0.75,1]},{"time":2.4,"color":"e9cdff00"}]},"czdfl_xxgg26":{"color":[{"time":0,"color":"fffffffe","curve":"stepped"},{"time":2.4,"color":"fffffffe"}]},"czdfl_xxgg27":{"color":[{"time":0,"color":"e9cdffa4","curve":[0.25,0,0.75,1]},{"time":0.6,"color":"e9cdff00","curve":[0.25,0,0.75,1]},{"time":1.2,"color":"e9cdffa4","curve":[0.25,0,0.75,1]},{"time":1.8,"color":"e9cdff00","curve":[0.25,0,0.75,1]},{"time":2.4,"color":"e9cdffa4"}]},"czdfl_xxgg28":{"color":[{"time":0,"color":"fffffffe","curve":"stepped"},{"time":2.4,"color":"fffffffe"}]},"czdfl_xxgg29":{"color":[{"time":0,"color":"e9cdff00","curve":[0.25,0,0.75,1]},{"time":0.6,"color":"e9cdffa4","curve":[0.25,0,0.75,1]},{"time":1.2,"color":"e9cdff00","curve":[0.25,0,0.75,1]},{"time":1.8,"color":"e9cdffa4","curve":[0.25,0,0.75,1]},{"time":2.4,"color":"e9cdff00"}]},"czdfl_xxgg30":{"color":[{"time":0,"color":"fffffffe","curve":"stepped"},{"time":2.4,"color":"fffffffe"}]},"czdfl_xxgg31":{"color":[{"time":0,"color":"e9cdffa4","curve":[0.25,0,0.75,1]},{"time":0.6,"color":"e9cdff00","curve":[0.25,0,0.75,1]},{"time":1.2,"color":"e9cdffa4","curve":[0.25,0,0.75,1]},{"time":1.8,"color":"e9cdff00","curve":[0.25,0,0.75,1]},{"time":2.4,"color":"e9cdffa4"}]},"czdfl_xxgg32":{"color":[{"time":0,"color":"fffffffe","curve":"stepped"},{"time":2.4,"color":"fffffffe"}]},"czdfl_xxgg33":{"color":[{"time":0,"color":"e9cdff00","curve":[0.25,0,0.75,1]},{"time":0.6,"color":"e9cdffa4","curve":[0.25,0,0.75,1]},{"time":1.2,"color":"e9cdff00","curve":[0.25,0,0.75,1]},{"time":1.8,"color":"e9cdffa4","curve":[0.25,0,0.75,1]},{"time":2.4,"color":"e9cdff00"}]},"czdfl_xxgg34":{"color":[{"time":0,"color":"fffffffe","curve":"stepped"},{"time":2.4,"color":"fffffffe"}]},"czdfl_xxgg35":{"color":[{"time":0,"color":"e9cdffa2","curve":[0.25,0,0.75,1]},{"time":0.6,"color":"e9cdff00","curve":[0.25,0,0.75,1]},{"time":1.2,"color":"e9cdffa2","curve":[0.25,0,0.75,1]},{"time":1.8,"color":"e9cdff00","curve":[0.25,0,0.75,1]},{"time":2.4,"color":"e9cdffa2"}]},"czdfl_xxgg36":{"color":[{"time":0,"color":"fffffffe","curve":"stepped"},{"time":2.4,"color":"fffffffe"}]},"czdfl_xxgg37":{"color":[{"time":0,"color":"e9cdff00","curve":[0.25,0,0.75,1]},{"time":0.6,"color":"e9cdffa4","curve":[0.25,0,0.75,1]},{"time":1.2,"color":"e9cdff00","curve":[0.25,0,0.75,1]},{"time":1.8,"color":"e9cdffa4","curve":[0.25,0,0.75,1]},{"time":2.4,"color":"e9cdff00"}]},"czdfl_xxgg38":{"color":[{"time":0,"color":"fffffffe","curve":"stepped"},{"time":2.4,"color":"fffffffe"}]},"czdfl_xxgg39":{"color":[{"time":0,"color":"e9cdffa4","curve":[0.25,0,0.75,1]},{"time":0.6,"color":"e9cdff00","curve":[0.25,0,0.75,1]},{"time":1.2,"color":"e9cdffa4","curve":[0.25,0,0.75,1]},{"time":1.8,"color":"e9cdff00","curve":[0.25,0,0.75,1]},{"time":2.4,"color":"e9cdffa4"}]},"czdfl_xxgg40":{"color":[{"time":0,"color":"fffffffe","curve":"stepped"},{"time":2.4,"color":"fffffffe"}]},"czdfl_xxgg41":{"color":[{"time":0,"color":"e9cdff00","curve":[0.25,0,0.75,1]},{"time":0.6,"color":"e9cdffa4","curve":[0.25,0,0.75,1]},{"time":1.2,"color":"e9cdff00","curve":[0.25,0,0.75,1]},{"time":1.8,"color":"e9cdffa4","curve":[0.25,0,0.75,1]},{"time":2.4,"color":"e9cdff00"}]},"czdfl_xxgg42":{"color":[{"time":0,"color":"fffffffe","curve":"stepped"},{"time":2.4,"color":"fffffffe"}]},"czdfl_xxgg43":{"color":[{"time":0,"color":"e9cdffa4","curve":[0.25,0,0.75,1]},{"time":0.6,"color":"e9cdff00","curve":[0.25,0,0.75,1]},{"time":1.2,"color":"e9cdffa4","curve":[0.25,0,0.75,1]},{"time":1.8,"color":"e9cdff00","curve":[0.25,0,0.75,1]},{"time":2.4,"color":"e9cdffa4"}]},"czdfl_xxgg44":{"color":[{"time":0,"color":"fffffffe","curve":"stepped"},{"time":2.4,"color":"fffffffe"}]},"czdfl_xxgg45":{"color":[{"time":0,"color":"e9cdff00","curve":[0.25,0,0.75,1]},{"time":0.6,"color":"e9cdffa4","curve":[0.25,0,0.75,1]},{"time":1.2,"color":"e9cdff00","curve":[0.25,0,0.75,1]},{"time":1.8,"color":"e9cdffa4","curve":[0.25,0,0.75,1]},{"time":2.4,"color":"e9cdff00"}]},"czdfl_xxgg46":{"color":[{"time":0,"color":"fffffffe","curve":"stepped"},{"time":2.4,"color":"fffffffe"}]},"czdfl_xxgg47":{"color":[{"time":0,"color":"e9cdffa4","curve":[0.25,0,0.75,1]},{"time":0.6,"color":"e9cdff00","curve":[0.25,0,0.75,1]},{"time":1.2,"color":"e9cdffa4","curve":[0.25,0,0.75,1]},{"time":1.8,"color":"e9cdff00","curve":[0.25,0,0.75,1]},{"time":2.4,"color":"e9cdffa4"}]},"czdfl_xxgg48":{"color":[{"time":0,"color":"fffffffe","curve":"stepped"},{"time":2.4,"color":"fffffffe"}]},"czdfl_xxgg49":{"color":[{"time":0,"color":"e9cdff00","curve":[0.25,0,0.75,1]},{"time":0.6,"color":"e9cdffa4","curve":[0.25,0,0.75,1]},{"time":1.2,"color":"e9cdff00","curve":[0.25,0,0.75,1]},{"time":1.8,"color":"e9cdffa4","curve":[0.25,0,0.75,1]},{"time":2.4,"color":"e9cdff00"}]},"czdfl_xxgg50":{"color":[{"time":0,"color":"fffffffe","curve":"stepped"},{"time":2.4,"color":"fffffffe"}]},"czdfl_xxgg51":{"color":[{"time":0,"color":"e9cdffa4","curve":[0.25,0,0.75,1]},{"time":0.6,"color":"e9cdff00","curve":[0.25,0,0.75,1]},{"time":1.2,"color":"e9cdffa4","curve":[0.25,0,0.75,1]},{"time":1.8,"color":"e9cdff00","curve":[0.25,0,0.75,1]},{"time":2.4,"color":"e9cdffa4"}]},"czdfl_xxgg52":{"color":[{"time":0,"color":"fffffffe","curve":"stepped"},{"time":2.4,"color":"fffffffe"}]},"czdfl_xxgg53":{"color":[{"time":0,"color":"e9cdff00","curve":[0.25,0,0.75,1]},{"time":0.6,"color":"e9cdffa4","curve":[0.25,0,0.75,1]},{"time":1.2,"color":"e9cdff00","curve":[0.25,0,0.75,1]},{"time":1.8,"color":"e9cdffa4","curve":[0.25,0,0.75,1]},{"time":2.4,"color":"e9cdff00"}]},"czdfl_xxgg54":{"color":[{"time":0,"color":"fffffffe","curve":"stepped"},{"time":2.4,"color":"fffffffe"}]},"czdfl_xxsg/czdfl_xingxingsg_00000":{"color":[{"time":0,"color":"fffffffe","curve":"stepped"},{"time":2.4,"color":"fffffffe"}],"attachment":[{"time":0,"name":"czdfl_xxsg/czdfl_xingxingsg_00000"},{"time":0.1333,"name":"czdfl_xxsg/czdfl_xingxingsg_00002"},{"time":0.2667,"name":"czdfl_xxsg/czdfl_xingxingsg_00004"},{"time":0.4,"name":"czdfl_xxsg/czdfl_xingxingsg_00006"},{"time":0.5333,"name":"czdfl_xxsg/czdfl_xingxingsg_00008"},{"time":0.6667,"name":"czdfl_xxsg/czdfl_xingxingsg_00010"},{"time":0.8,"name":"czdfl_xxsg/czdfl_xingxingsg_00012"},{"time":0.9333,"name":"czdfl_xxsg/czdfl_xingxingsg_00014"},{"time":1.0667,"name":"czdfl_xxsg/czdfl_xingxingsg_00016"},{"time":1.2,"name":"czdfl_xxsg/czdfl_xingxingsg_00018"},{"time":1.3333,"name":"czdfl_xxsg/czdfl_xingxingsg_00020"},{"time":1.4667,"name":"czdfl_xxsg/czdfl_xingxingsg_00022"},{"time":1.6,"name":"czdfl_xxsg/czdfl_xingxingsg_00024"},{"time":1.7333,"name":"czdfl_xxsg/czdfl_xingxingsg_00026"},{"time":1.8667,"name":"czdfl_xxsg/czdfl_xingxingsg_00028"},{"time":2,"name":"czdfl_xxsg/czdfl_xingxingsg_00030"},{"time":2.1333,"name":"czdfl_xxsg/czdfl_xingxingsg_00032"},{"time":2.2667,"name":"czdfl_xxsg/czdfl_xingxingsg_00034"},{"time":2.4,"name":"czdfl_xxsg/czdfl_xingxingsg_00000"}]},"zxsf_hd_bg":{"color":[{"time":0,"color":"fffffffe","curve":"stepped"},{"time":2.4,"color":"fffffffe"}]},"zxsf_hd_biaoti":{"color":[{"time":0,"color":"fffffffe","curve":"stepped"},{"time":2.4,"color":"fffffffe"}]},"zxsf_hd_biaotisgcc_0":{"color":[{"time":0,"color":"fffffffe","curve":"stepped"},{"time":2.4,"color":"fffffffe"}],"attachment":[{"time":0,"name":"zxsf_hd_biaotisgcc_0"},{"time":0.0667,"name":"zxsf_hd_biaotisgcc_1"},{"time":0.1333,"name":"zxsf_hd_biaotisgcc_2"},{"time":0.2,"name":"zxsf_hd_biaotisgcc_3"},{"time":0.2667,"name":"zxsf_hd_biaotisgcc_4"},{"time":0.3333,"name":"zxsf_hd_biaotisgcc_5"},{"time":0.4,"name":"zxsf_hd_biaotisgcc_6"},{"time":0.4667,"name":"zxsf_hd_biaotisgcc_7"},{"time":0.5333,"name":"zxsf_hd_biaotisgcc_8"},{"time":0.6,"name":"zxsf_hd_biaotisgcc_9"},{"time":0.6667,"name":"zxsf_hd_biaotisgcc_10"},{"time":0.7333,"name":"zxsf_hd_biaotisgcc_11"},{"time":0.8,"name":"zxsf_hd_biaotisgcc_12"},{"time":0.8667,"name":"zxsf_hd_biaotisgcc_13"},{"time":0.9333,"name":"zxsf_hd_biaotisgcc_14"},{"time":1,"name":"zxsf_hd_biaotisgcc_15"},{"time":1.0667,"name":"zxsf_hd_biaotisgcc_16"},{"time":1.1333,"name":"zxsf_hd_biaotisgcc_17"},{"time":1.2,"name":"zxsf_hd_biaotisgcc_18"},{"time":1.2667,"name":"zxsf_hd_biaotisgcc_19"},{"time":1.3333,"name":"zxsf_hd_biaotisgcc_20"},{"time":1.4,"name":"zxsf_hd_biaotisgcc_21"},{"time":1.4667,"name":"zxsf_hd_biaotisgcc_22"},{"time":1.5333,"name":"zxsf_hd_biaotisgcc_23"},{"time":1.6,"name":"zxsf_hd_biaotisgcc_24"},{"time":1.6667,"name":"zxsf_hd_biaotisgcc_25"},{"time":1.7333,"name":"zxsf_hd_biaotisgcc_26"},{"time":1.8,"name":"zxsf_hd_biaotisgcc_27"},{"time":1.8667,"name":"zxsf_hd_biaotisgcc_28"},{"time":1.9333,"name":"zxsf_hd_biaotisgcc_29"},{"time":2,"name":"zxsf_hd_biaotisgcc_30"},{"time":2.0667,"name":"zxsf_hd_biaotisgcc_31"},{"time":2.1333,"name":"zxsf_hd_biaotisgcc_32"},{"time":2.2,"name":"zxsf_hd_biaotisgcc_33"},{"time":2.2667,"name":"zxsf_hd_biaotisgcc_34"},{"time":2.4,"name":null}]},"zxsf_hd_wenzi":{"color":[{"time":0,"color":"fffffffe","curve":"stepped"},{"time":2.4,"color":"fffffffe"}]}},"bones":{"root":{"rotate":[{"time":0,"angle":0,"curve":"stepped"},{"time":2.4,"angle":0}],"translate":[{"time":0,"x":0,"y":0,"curve":"stepped"},{"time":2.4,"x":0,"y":0}],"scale":[{"time":0,"x":1,"y":1,"curve":"stepped"},{"time":2.4,"x":1,"y":1}],"shear":[{"time":0,"x":0,"y":0,"curve":"stepped"},{"time":2.4,"x":0,"y":0}]},"hip":{"rotate":[{"time":0,"angle":0,"curve":"stepped"},{"time":2.4,"angle":0}],"translate":[{"time":0,"x":0,"y":0,"curve":"stepped"},{"time":2.4,"x":0,"y":0}],"scale":[{"time":0,"x":1,"y":1,"curve":"stepped"},{"time":2.4,"x":1,"y":1}],"shear":[{"time":0,"x":0,"y":0,"curve":"stepped"},{"time":2.4,"x":0,"y":0}]},"czdfl_btdb1":{"rotate":[{"time":0,"angle":0,"curve":"stepped"},{"time":2.4,"angle":0}],"translate":[{"time":0,"x":0,"y":0,"curve":"stepped"},{"time":2.4,"x":0,"y":0}],"scale":[{"time":0,"x":1,"y":1,"curve":"stepped"},{"time":2.4,"x":1,"y":1}],"shear":[{"time":0,"x":0,"y":0,"curve":"stepped"},{"time":2.4,"x":0,"y":0}]},"czdfl_btfl3":{"rotate":[{"time":0,"angle":0,"curve":"stepped"},{"time":2.4,"angle":0}],"translate":[{"time":0,"x":0,"y":0,"curve":"stepped"},{"time":2.4,"x":0,"y":0}],"scale":[{"time":0,"x":1,"y":1,"curve":"stepped"},{"time":2.4,"x":1,"y":1}],"shear":[{"time":0,"x":0,"y":0,"curve":"stepped"},{"time":2.4,"x":0,"y":0}]},"bone33":{"rotate":[{"time":0,"angle":0,"curve":"stepped"},{"time":2.4,"angle":0}],"translate":[{"time":0,"x":0,"y":0,"curve":"stepped"},{"time":2.4,"x":0,"y":0}],"scale":[{"time":0,"x":1,"y":1,"curve":"stepped"},{"time":2.4,"x":1,"y":1}],"shear":[{"time":0,"x":0,"y":0,"curve":"stepped"},{"time":2.4,"x":0,"y":0}]},"czdfl_sd2":{"rotate":[{"time":0,"angle":0,"curve":"stepped"},{"time":2.4,"angle":0}],"translate":[{"time":0,"x":3.81,"y":-2.96,"curve":[0.25,0,0.75,1]},{"time":0.5,"x":0,"y":0,"curve":[0.25,0,0.75,1]},{"time":1.7,"x":9.77,"y":-7.58,"curve":[0.25,0,0.75,1]},{"time":2.4,"x":3.81,"y":-2.96}],"scale":[{"time":0,"x":1,"y":1,"curve":"stepped"},{"time":2.4,"x":1,"y":1}],"shear":[{"time":0,"x":0,"y":0,"curve":"stepped"},{"time":2.4,"x":0,"y":0}]},"czdfl_sd8":{"rotate":[{"time":0,"angle":0,"curve":"stepped"},{"time":2.4,"angle":0}],"translate":[{"time":0,"x":0.81,"y":-0.18,"curve":[0.25,0,0.75,1]},{"time":0.2,"x":0,"y":0,"curve":[0.25,0,0.75,1]},{"time":1.4,"x":8.44,"y":-1.88,"curve":[0.25,0,0.75,1]},{"time":2.4,"x":0.81,"y":-0.18}],"scale":[{"time":0,"x":1,"y":1,"curve":"stepped"},{"time":2.4,"x":1,"y":1}],"shear":[{"time":0,"x":0,"y":0,"curve":"stepped"},{"time":2.4,"x":0,"y":0}]},"czdfl_sd7":{"rotate":[{"time":0,"angle":0,"curve":"stepped"},{"time":2.4,"angle":0}],"translate":[{"time":0,"x":2.33,"y":-0.98,"curve":[0.25,0,0.75,1]},{"time":0.4,"x":0,"y":0,"curve":[0.25,0,0.75,1]},{"time":1.6,"x":8.22,"y":-3.47,"curve":[0.25,0,0.75,1]},{"time":2.4,"x":2.33,"y":-0.98}],"scale":[{"time":0,"x":1,"y":1,"curve":"stepped"},{"time":2.4,"x":1,"y":1}],"shear":[{"time":0,"x":0,"y":0,"curve":"stepped"},{"time":2.4,"x":0,"y":0}]},"czdfl_sd9":{"rotate":[{"time":0,"angle":0,"curve":"stepped"},{"time":2.4,"angle":0}],"translate":[{"time":0,"x":0.24,"y":0.08,"curve":[0.25,0,0.75,1]},{"time":0.2,"x":0,"y":0,"curve":[0.25,0,0.75,1]},{"time":1.4,"x":2.51,"y":0.88,"curve":[0.25,0,0.75,1]},{"time":2.4,"x":0.24,"y":0.08}],"scale":[{"time":0,"x":1,"y":1,"curve":"stepped"},{"time":2.4,"x":1,"y":1}],"shear":[{"time":0,"x":0,"y":0,"curve":"stepped"},{"time":2.4,"x":0,"y":0}]},"czdfl_sd1":{"rotate":[{"time":0,"angle":0,"curve":"stepped"},{"time":2.4,"angle":0}],"translate":[{"time":0,"x":-2.72,"y":-2.72,"curve":[0.25,0,0.75,1]},{"time":0.8333,"x":0,"y":0,"curve":[0.25,0,0.75,1]},{"time":2.0333,"x":-4.53,"y":-4.53,"curve":[0.25,0,0.75,1]},{"time":2.4,"x":-2.72,"y":-2.72}],"scale":[{"time":0,"x":1,"y":1,"curve":"stepped"},{"time":2.4,"x":1,"y":1}],"shear":[{"time":0,"x":0,"y":0,"curve":"stepped"},{"time":2.4,"x":0,"y":0}]},"czdfl_sd3":{"rotate":[{"time":0,"angle":0,"curve":"stepped"},{"time":2.4,"angle":0}],"translate":[{"time":0,"x":-2.13,"y":-0.85,"curve":[0.25,0,0.75,1]},{"time":0.4,"x":0,"y":0,"curve":[0.25,0,0.75,1]},{"time":1.6,"x":-7.52,"y":-3,"curve":[0.25,0,0.75,1]},{"time":2.4,"x":-2.13,"y":-0.85}],"scale":[{"time":0,"x":1,"y":1,"curve":"stepped"},{"time":2.4,"x":1,"y":1}],"shear":[{"time":0,"x":0,"y":0,"curve":"stepped"},{"time":2.4,"x":0,"y":0}]},"czdfl_sd6":{"rotate":[{"time":0,"angle":0,"curve":"stepped"},{"time":2.4,"angle":0}],"translate":[{"time":0,"x":-0.26,"y":-0.17,"curve":[0.25,0,0.75,1]},{"time":0.1,"x":0,"y":0,"curve":[0.25,0,0.75,1]},{"time":1.3,"x":-8.81,"y":-5.88,"curve":[0.25,0,0.75,1]},{"time":2.4,"x":-0.26,"y":-0.17}],"scale":[{"time":0,"x":1,"y":1,"curve":"stepped"},{"time":2.4,"x":1,"y":1}],"shear":[{"time":0,"x":0,"y":0,"curve":"stepped"},{"time":2.4,"x":0,"y":0}]},"czdfl_sd5":{"rotate":[{"time":0,"angle":0,"curve":"stepped"},{"time":2.4,"angle":0}],"translate":[{"time":0,"x":0.98,"y":0.98,"curve":[0.25,0,0.75,1]},{"time":0.1667,"x":0,"y":0,"curve":[0.25,0,0.75,1]},{"time":1.3667,"x":13.22,"y":13.22,"curve":[0.25,0,0.75,1]},{"time":2.4,"x":0.98,"y":0.98}],"scale":[{"time":0,"x":1,"y":1,"curve":"stepped"},{"time":2.4,"x":1,"y":1}],"shear":[{"time":0,"x":0,"y":0,"curve":"stepped"},{"time":2.4,"x":0,"y":0}]},"bone34":{"rotate":[{"time":0,"angle":0,"curve":"stepped"},{"time":2.4,"angle":0}],"translate":[{"time":0,"x":0,"y":0,"curve":"stepped"},{"time":2.4,"x":0,"y":0}],"scale":[{"time":0,"x":1,"y":1,"curve":"stepped"},{"time":2.4,"x":1,"y":1}],"shear":[{"time":0,"x":0,"y":0,"curve":"stepped"},{"time":2.4,"x":0,"y":0}]},"czdfl_jb3":{"rotate":[{"time":0,"angle":0,"curve":"stepped"},{"time":2.4,"angle":0}],"translate":[{"time":0,"x":0,"y":0,"curve":[0.25,0,0.75,1]},{"time":1.2,"x":-4.62,"y":-5.27,"curve":[0.25,0,0.75,1]},{"time":2.4,"x":0,"y":0}],"scale":[{"time":0,"x":1,"y":1,"curve":"stepped"},{"time":2.4,"x":1,"y":1}]},"czdfl_jb5":{"rotate":[{"time":0,"angle":0,"curve":"stepped"},{"time":2.4,"angle":0}],"translate":[{"time":0,"x":-2.15,"y":1.15,"curve":[0.25,0,0.75,1]},{"time":0.3333,"x":0,"y":0,"curve":[0.25,0,0.75,1]},{"time":1.5333,"x":-10.02,"y":5.35,"curve":[0.25,0,0.75,1]},{"time":2.4,"x":-2.15,"y":1.15}],"scale":[{"time":0,"x":1,"y":1,"curve":"stepped"},{"time":2.4,"x":1,"y":1}]},"czdfl_jb1":{"rotate":[{"time":0,"angle":0,"curve":"stepped"},{"time":2.4,"angle":0}],"translate":[{"time":0,"x":-0.65,"y":0.65,"curve":[0.25,0,0.75,1]},{"time":0.3,"x":0,"y":0,"curve":[0.25,0,0.75,1]},{"time":1.5,"x":-5.48,"y":5.48,"curve":[0.25,0,0.75,1]},{"time":2.4,"x":-0.65,"y":0.65}],"scale":[{"time":0,"x":1,"y":1,"curve":"stepped"},{"time":2.4,"x":1,"y":1}]},"czdfl_jb7":{"rotate":[{"time":0,"angle":0,"curve":"stepped"},{"time":2.4,"angle":0}],"translate":[{"time":0,"x":2.53,"y":0.04,"curve":[0.25,0,0.75,1]},{"time":0.3333,"x":0,"y":0,"curve":[0.25,0,0.75,1]},{"time":1.5333,"x":11.8,"y":0.18,"curve":[0.25,0,0.75,1]},{"time":2.4,"x":2.53,"y":0.04}],"scale":[{"time":0,"x":1,"y":1,"curve":"stepped"},{"time":2.4,"x":1,"y":1}]},"czdfl_jb4":{"rotate":[{"time":0,"angle":0,"curve":"stepped"},{"time":2.4,"angle":0}],"translate":[{"time":0,"x":6.49,"y":-1.38,"curve":[0.25,0,0.75,1]},{"time":0.6667,"x":0,"y":0,"curve":[0.25,0,0.75,1]},{"time":1.8667,"x":11.31,"y":-2.41,"curve":[0.25,0,0.75,1]},{"time":2.4,"x":6.49,"y":-1.38}],"scale":[{"time":0,"x":1,"y":1,"curve":"stepped"},{"time":2.4,"x":1,"y":1}]},"czdfl_dcjb5":{"rotate":[{"time":0,"angle":0,"curve":"stepped"},{"time":2.4,"angle":0}],"translate":[{"time":0,"x":0.95,"y":1.06,"curve":[0.25,0,0.75,1]},{"time":0.3333,"x":0,"y":0,"curve":[0.25,0,0.75,1]},{"time":1.5333,"x":6.74,"y":7.49,"curve":[0.25,0,0.75,1]},{"time":2.4,"x":0.95,"y":1.06}],"scale":[{"time":0,"x":1,"y":1,"curve":"stepped"},{"time":2.4,"x":1,"y":1}]},"czdfl_dcjb2":{"rotate":[{"time":0,"angle":0,"curve":"stepped"},{"time":2.4,"angle":0}],"translate":[{"time":0,"x":7.91,"y":-2.11,"curve":[0.25,0,0.75,1]},{"time":0.3,"x":7.54,"y":-3.31,"curve":[0.25,0,0.75,1]},{"time":1.5,"x":10.05,"y":4.53,"curve":[0.25,0,0.75,1]},{"time":2.4,"x":7.91,"y":-2.11}],"scale":[{"time":0,"x":1,"y":1,"curve":"stepped"},{"time":2.4,"x":1,"y":1}]},"czdfl_dcjb1":{"rotate":[{"time":0,"angle":0,"curve":"stepped"},{"time":2.4,"angle":0}],"translate":[{"time":0,"x":-3.6,"y":-0.21,"curve":[0.25,0,0.75,1]},{"time":0.6667,"x":0,"y":0,"curve":[0.25,0,0.75,1]},{"time":1.8667,"x":-6.28,"y":-0.36,"curve":[0.25,0,0.75,1]},{"time":2.4,"x":-3.6,"y":-0.21}],"scale":[{"time":0,"x":1,"y":1,"curve":"stepped"},{"time":2.4,"x":1,"y":1}]},"czdfl_dcjb3":{"rotate":[{"time":0,"angle":0,"curve":"stepped"},{"time":2.4,"angle":0}],"translate":[{"time":0,"x":0.6,"y":3.84,"curve":[0.25,0,0.75,1]},{"time":0.1667,"x":0.65,"y":4.15,"curve":[0.25,0,0.75,1]},{"time":1.3667,"x":0,"y":0,"curve":[0.25,0,0.75,1]},{"time":2.4,"x":0.6,"y":3.84}],"scale":[{"time":0,"x":1,"y":1,"curve":"stepped"},{"time":2.4,"x":1,"y":1}]},"czdfl_xxdb1":{"rotate":[{"time":0,"angle":0,"curve":"stepped"},{"time":2.4,"angle":0}],"translate":[{"time":0,"x":0,"y":0,"curve":"stepped"},{"time":2.4,"x":0,"y":0}],"scale":[{"time":0,"x":1,"y":1,"curve":"stepped"},{"time":2.4,"x":1,"y":1}],"shear":[{"time":0,"x":0,"y":0,"curve":"stepped"},{"time":2.4,"x":0,"y":0}]},"czdfl_xxgg3":{"rotate":[{"time":0,"angle":0,"curve":"stepped"},{"time":2.4,"angle":0}],"translate":[{"time":0,"x":0,"y":0,"curve":"stepped"},{"time":2.4,"x":0,"y":0}],"scale":[{"time":0,"x":1,"y":1,"curve":"stepped"},{"time":2.4,"x":1,"y":1}],"shear":[{"time":0,"x":0,"y":0,"curve":"stepped"},{"time":2.4,"x":0,"y":0}]},"czdfl_xxgg4":{"rotate":[{"time":0,"angle":0,"curve":"stepped"},{"time":2.4,"angle":0}],"translate":[{"time":0,"x":0,"y":0,"curve":"stepped"},{"time":2.4,"x":0,"y":0}],"scale":[{"time":0,"x":1,"y":1,"curve":"stepped"},{"time":2.4,"x":1,"y":1}],"shear":[{"time":0,"x":0,"y":0,"curve":"stepped"},{"time":2.4,"x":0,"y":0}]},"czdfl_xxgg5":{"rotate":[{"time":0,"angle":0,"curve":"stepped"},{"time":2.4,"angle":0}],"translate":[{"time":0,"x":0,"y":0,"curve":"stepped"},{"time":2.4,"x":0,"y":0}],"scale":[{"time":0,"x":1,"y":1,"curve":"stepped"},{"time":2.4,"x":1,"y":1}],"shear":[{"time":0,"x":0,"y":0,"curve":"stepped"},{"time":2.4,"x":0,"y":0}]},"czdfl_xxgg6":{"rotate":[{"time":0,"angle":0,"curve":"stepped"},{"time":2.4,"angle":0}],"translate":[{"time":0,"x":0,"y":0,"curve":"stepped"},{"time":2.4,"x":0,"y":0}],"scale":[{"time":0,"x":1,"y":1,"curve":"stepped"},{"time":2.4,"x":1,"y":1}],"shear":[{"time":0,"x":0,"y":0,"curve":"stepped"},{"time":2.4,"x":0,"y":0}]},"czdfl_xxgg7":{"rotate":[{"time":0,"angle":0,"curve":"stepped"},{"time":2.4,"angle":0}],"translate":[{"time":0,"x":0,"y":0,"curve":"stepped"},{"time":2.4,"x":0,"y":0}],"scale":[{"time":0,"x":1,"y":1,"curve":"stepped"},{"time":2.4,"x":1,"y":1}],"shear":[{"time":0,"x":0,"y":0,"curve":"stepped"},{"time":2.4,"x":0,"y":0}]},"czdfl_xxgg8":{"rotate":[{"time":0,"angle":0,"curve":"stepped"},{"time":2.4,"angle":0}],"translate":[{"time":0,"x":0,"y":0,"curve":"stepped"},{"time":2.4,"x":0,"y":0}],"scale":[{"time":0,"x":1,"y":1,"curve":"stepped"},{"time":2.4,"x":1,"y":1}],"shear":[{"time":0,"x":0,"y":0,"curve":"stepped"},{"time":2.4,"x":0,"y":0}]},"czdfl_xxgg9":{"rotate":[{"time":0,"angle":0,"curve":"stepped"},{"time":2.4,"angle":0}],"translate":[{"time":0,"x":0,"y":0,"curve":"stepped"},{"time":2.4,"x":0,"y":0}],"scale":[{"time":0,"x":1,"y":1,"curve":"stepped"},{"time":2.4,"x":1,"y":1}],"shear":[{"time":0,"x":0,"y":0,"curve":"stepped"},{"time":2.4,"x":0,"y":0}]},"czdfl_xxgg10":{"rotate":[{"time":0,"angle":0,"curve":"stepped"},{"time":2.4,"angle":0}],"translate":[{"time":0,"x":0,"y":0,"curve":"stepped"},{"time":2.4,"x":0,"y":0}],"scale":[{"time":0,"x":1,"y":1,"curve":"stepped"},{"time":2.4,"x":1,"y":1}],"shear":[{"time":0,"x":0,"y":0,"curve":"stepped"},{"time":2.4,"x":0,"y":0}]},"czdfl_xxgg11":{"rotate":[{"time":0,"angle":0,"curve":"stepped"},{"time":2.4,"angle":0}],"translate":[{"time":0,"x":0,"y":0,"curve":"stepped"},{"time":2.4,"x":0,"y":0}],"scale":[{"time":0,"x":1,"y":1,"curve":"stepped"},{"time":2.4,"x":1,"y":1}],"shear":[{"time":0,"x":0,"y":0,"curve":"stepped"},{"time":2.4,"x":0,"y":0}]},"czdfl_xxgg12":{"rotate":[{"time":0,"angle":0,"curve":"stepped"},{"time":2.4,"angle":0}],"translate":[{"time":0,"x":0,"y":0,"curve":"stepped"},{"time":2.4,"x":0,"y":0}],"scale":[{"time":0,"x":1,"y":1,"curve":"stepped"},{"time":2.4,"x":1,"y":1}],"shear":[{"time":0,"x":0,"y":0,"curve":"stepped"},{"time":2.4,"x":0,"y":0}]},"czdfl_xxgg13":{"rotate":[{"time":0,"angle":0,"curve":"stepped"},{"time":2.4,"angle":0}],"translate":[{"time":0,"x":0,"y":0,"curve":"stepped"},{"time":2.4,"x":0,"y":0}],"scale":[{"time":0,"x":1,"y":1,"curve":"stepped"},{"time":2.4,"x":1,"y":1}],"shear":[{"time":0,"x":0,"y":0,"curve":"stepped"},{"time":2.4,"x":0,"y":0}]},"czdfl_xxgg14":{"rotate":[{"time":0,"angle":0,"curve":"stepped"},{"time":2.4,"angle":0}],"translate":[{"time":0,"x":0,"y":0,"curve":"stepped"},{"time":2.4,"x":0,"y":0}],"scale":[{"time":0,"x":1,"y":1,"curve":"stepped"},{"time":2.4,"x":1,"y":1}],"shear":[{"time":0,"x":0,"y":0,"curve":"stepped"},{"time":2.4,"x":0,"y":0}]},"czdfl_xxgg15":{"rotate":[{"time":0,"angle":0,"curve":"stepped"},{"time":2.4,"angle":0}],"translate":[{"time":0,"x":0,"y":0,"curve":"stepped"},{"time":2.4,"x":0,"y":0}],"scale":[{"time":0,"x":1,"y":1,"curve":"stepped"},{"time":2.4,"x":1,"y":1}],"shear":[{"time":0,"x":0,"y":0,"curve":"stepped"},{"time":2.4,"x":0,"y":0}]},"czdfl_xxgg16":{"rotate":[{"time":0,"angle":0,"curve":"stepped"},{"time":2.4,"angle":0}],"translate":[{"time":0,"x":0,"y":0,"curve":"stepped"},{"time":2.4,"x":0,"y":0}],"scale":[{"time":0,"x":1,"y":1,"curve":"stepped"},{"time":2.4,"x":1,"y":1}],"shear":[{"time":0,"x":0,"y":0,"curve":"stepped"},{"time":2.4,"x":0,"y":0}]},"czdfl_xxgg17":{"rotate":[{"time":0,"angle":0,"curve":"stepped"},{"time":2.4,"angle":0}],"translate":[{"time":0,"x":0,"y":0,"curve":"stepped"},{"time":2.4,"x":0,"y":0}],"scale":[{"time":0,"x":1,"y":1,"curve":"stepped"},{"time":2.4,"x":1,"y":1}],"shear":[{"time":0,"x":0,"y":0,"curve":"stepped"},{"time":2.4,"x":0,"y":0}]},"czdfl_xxgg18":{"rotate":[{"time":0,"angle":0,"curve":"stepped"},{"time":2.4,"angle":0}],"translate":[{"time":0,"x":0,"y":0,"curve":"stepped"},{"time":2.4,"x":0,"y":0}],"scale":[{"time":0,"x":1,"y":1,"curve":"stepped"},{"time":2.4,"x":1,"y":1}],"shear":[{"time":0,"x":0,"y":0,"curve":"stepped"},{"time":2.4,"x":0,"y":0}]},"czdfl_xxgg19":{"rotate":[{"time":0,"angle":0,"curve":"stepped"},{"time":2.4,"angle":0}],"translate":[{"time":0,"x":0,"y":0,"curve":"stepped"},{"time":2.4,"x":0,"y":0}],"scale":[{"time":0,"x":1,"y":1,"curve":"stepped"},{"time":2.4,"x":1,"y":1}],"shear":[{"time":0,"x":0,"y":0,"curve":"stepped"},{"time":2.4,"x":0,"y":0}]},"czdfl_xxgg20":{"rotate":[{"time":0,"angle":0,"curve":"stepped"},{"time":2.4,"angle":0}],"translate":[{"time":0,"x":0,"y":0,"curve":"stepped"},{"time":2.4,"x":0,"y":0}],"scale":[{"time":0,"x":1,"y":1,"curve":"stepped"},{"time":2.4,"x":1,"y":1}],"shear":[{"time":0,"x":0,"y":0,"curve":"stepped"},{"time":2.4,"x":0,"y":0}]},"czdfl_xxgg21":{"rotate":[{"time":0,"angle":0,"curve":"stepped"},{"time":2.4,"angle":0}],"translate":[{"time":0,"x":0,"y":0,"curve":"stepped"},{"time":2.4,"x":0,"y":0}],"scale":[{"time":0,"x":1,"y":1,"curve":"stepped"},{"time":2.4,"x":1,"y":1}],"shear":[{"time":0,"x":0,"y":0,"curve":"stepped"},{"time":2.4,"x":0,"y":0}]},"czdfl_xxgg22":{"rotate":[{"time":0,"angle":0,"curve":"stepped"},{"time":2.4,"angle":0}],"translate":[{"time":0,"x":0,"y":0,"curve":"stepped"},{"time":2.4,"x":0,"y":0}],"scale":[{"time":0,"x":1,"y":1,"curve":"stepped"},{"time":2.4,"x":1,"y":1}],"shear":[{"time":0,"x":0,"y":0,"curve":"stepped"},{"time":2.4,"x":0,"y":0}]},"czdfl_xxgg23":{"rotate":[{"time":0,"angle":0,"curve":"stepped"},{"time":2.4,"angle":0}],"translate":[{"time":0,"x":0,"y":0,"curve":"stepped"},{"time":2.4,"x":0,"y":0}],"scale":[{"time":0,"x":1,"y":1,"curve":"stepped"},{"time":2.4,"x":1,"y":1}],"shear":[{"time":0,"x":0,"y":0,"curve":"stepped"},{"time":2.4,"x":0,"y":0}]},"czdfl_xxgg24":{"rotate":[{"time":0,"angle":0,"curve":"stepped"},{"time":2.4,"angle":0}],"translate":[{"time":0,"x":0,"y":0,"curve":"stepped"},{"time":2.4,"x":0,"y":0}],"scale":[{"time":0,"x":1,"y":1,"curve":"stepped"},{"time":2.4,"x":1,"y":1}],"shear":[{"time":0,"x":0,"y":0,"curve":"stepped"},{"time":2.4,"x":0,"y":0}]},"czdfl_xxgg25":{"rotate":[{"time":0,"angle":0,"curve":"stepped"},{"time":2.4,"angle":0}],"translate":[{"time":0,"x":0,"y":0,"curve":"stepped"},{"time":2.4,"x":0,"y":0}],"scale":[{"time":0,"x":1,"y":1,"curve":"stepped"},{"time":2.4,"x":1,"y":1}],"shear":[{"time":0,"x":0,"y":0,"curve":"stepped"},{"time":2.4,"x":0,"y":0}]},"czdfl_xxgg26":{"rotate":[{"time":0,"angle":0,"curve":"stepped"},{"time":2.4,"angle":0}],"translate":[{"time":0,"x":0,"y":0,"curve":"stepped"},{"time":2.4,"x":0,"y":0}],"scale":[{"time":0,"x":1,"y":1,"curve":"stepped"},{"time":2.4,"x":1,"y":1}],"shear":[{"time":0,"x":0,"y":0,"curve":"stepped"},{"time":2.4,"x":0,"y":0}]},"czdfl_xxgg27":{"rotate":[{"time":0,"angle":0,"curve":"stepped"},{"time":2.4,"angle":0}],"translate":[{"time":0,"x":0,"y":0,"curve":"stepped"},{"time":2.4,"x":0,"y":0}],"scale":[{"time":0,"x":1,"y":1,"curve":"stepped"},{"time":2.4,"x":1,"y":1}],"shear":[{"time":0,"x":0,"y":0,"curve":"stepped"},{"time":2.4,"x":0,"y":0}]},"czdfl_gg6":{"rotate":[{"time":0,"angle":0,"curve":"stepped"},{"time":2.4,"angle":0}],"translate":[{"time":0,"x":0,"y":0,"curve":"stepped"},{"time":2.4,"x":0,"y":0}],"scale":[{"time":0,"x":1,"y":1,"curve":"stepped"},{"time":2.4,"x":1,"y":1}],"shear":[{"time":0,"x":0,"y":0,"curve":"stepped"},{"time":2.4,"x":0,"y":0}]},"czdfl_gg7":{"rotate":[{"time":0,"angle":0,"curve":"stepped"},{"time":2.4,"angle":0}],"translate":[{"time":0,"x":0,"y":0,"curve":"stepped"},{"time":2.4,"x":0,"y":0}],"scale":[{"time":0,"x":1,"y":1,"curve":[0.25,0,0.75,1]},{"time":1.2,"x":0.657,"y":0.657,"curve":[0.25,0,0.75,1]},{"time":2.4,"x":1,"y":1}],"shear":[{"time":0,"x":0,"y":0,"curve":"stepped"},{"time":2.4,"x":0,"y":0}]},"czdfl_gg8":{"rotate":[{"time":0,"angle":0,"curve":"stepped"},{"time":2.4,"angle":0}],"translate":[{"time":0,"x":0,"y":0,"curve":"stepped"},{"time":2.4,"x":0,"y":0}],"scale":[{"time":0,"x":1.23,"y":1.23,"curve":[0.25,0,0.75,1]},{"time":0.6667,"x":1,"y":1,"curve":[0.25,0,0.75,1]},{"time":1.8667,"x":1.402,"y":1.402,"curve":[0.25,0,0.75,1]},{"time":2.4,"x":1.23,"y":1.23}],"shear":[{"time":0,"x":0,"y":0,"curve":"stepped"},{"time":2.4,"x":0,"y":0}]},"czdfl_sd4":{"rotate":[{"time":0,"angle":0,"curve":"stepped"},{"time":2.4,"angle":0}],"translate":[{"time":0,"x":0,"y":0,"curve":[0.25,0,0.75,1]},{"time":1.2,"x":6.59,"y":4.89,"curve":[0.25,0,0.75,1]},{"time":2.4,"x":0,"y":0}],"scale":[{"time":0,"x":1,"y":1,"curve":"stepped"},{"time":2.4,"x":1,"y":1}],"shear":[{"time":0,"x":0,"y":0,"curve":"stepped"},{"time":2.4,"x":0,"y":0}]},"bone37":{"rotate":[{"time":0,"angle":0,"curve":"stepped"},{"time":2.4,"angle":0}],"translate":[{"time":0,"x":0,"y":0,"curve":"stepped"},{"time":2.4,"x":0,"y":0}],"scale":[{"time":0,"x":1,"y":1,"curve":"stepped"},{"time":2.4,"x":1,"y":1}]},"zxsf_hd_bg":{"rotate":[{"time":0,"angle":0,"curve":"stepped"},{"time":2.4,"angle":0}],"translate":[{"time":0,"x":0,"y":0,"curve":"stepped"},{"time":2.4,"x":0,"y":0}],"scale":[{"time":0,"x":1,"y":1,"curve":"stepped"},{"time":2.4,"x":1,"y":1}]},"zxsf_hd_wenzi":{"rotate":[{"time":0,"angle":0,"curve":"stepped"},{"time":2.4,"angle":0}],"translate":[{"time":0,"x":0,"y":0,"curve":"stepped"},{"time":2.4,"x":0,"y":0}],"scale":[{"time":0,"x":1,"y":1,"curve":"stepped"},{"time":2.4,"x":1,"y":1}]},"zxsf_hd_biaoti":{"rotate":[{"time":0,"angle":0,"curve":"stepped"},{"time":2.4,"angle":0}],"translate":[{"time":0,"x":0,"y":0,"curve":"stepped"},{"time":2.4,"x":0,"y":0}],"scale":[{"time":0,"x":1,"y":1,"curve":"stepped"},{"time":2.4,"x":1,"y":1}]},"zxsf_hd_biaotisgcc":{"rotate":[{"time":0,"angle":0,"curve":"stepped"},{"time":2.4,"angle":0}],"translate":[{"time":0,"x":0,"y":0,"curve":"stepped"},{"time":2.4,"x":0,"y":0}],"scale":[{"time":0,"x":1,"y":1,"curve":"stepped"},{"time":2.4,"x":1,"y":1}]}}},"start":{"slots":{"czdfl_dcjb1":{"color":[{"time":0,"color":"ffffff00"},{"time":0.3,"color":"fffffffe","curve":"stepped"},{"time":2.4,"color":"fffffffe"}]},"czdfl_dcjb2":{"color":[{"time":0,"color":"ffffff00"},{"time":0.3,"color":"fffffffe","curve":"stepped"},{"time":2.4,"color":"fffffffe"}]},"czdfl_dcjb3":{"color":[{"time":0,"color":"ffffff00"},{"time":0.3,"color":"fffffffe","curve":"stepped"},{"time":2.4,"color":"fffffffe"}]},"czdfl_dcjb5":{"color":[{"time":0,"color":"ffffff00"},{"time":0.3,"color":"fffffffe","curve":"stepped"},{"time":2.4,"color":"fffffffe"}]},"czdfl_gg12":{"color":[{"time":0,"color":"ffffff00"},{"time":0.3,"color":"fffffffe","curve":"stepped"},{"time":2.4,"color":"fffffffe"}]},"czdfl_gg13":{"color":[{"time":0,"color":"ffffff00"},{"time":0.3,"color":"ffffff5a"},{"time":0.8333,"color":"fffffffe","curve":"stepped"},{"time":2.4,"color":"fffffffe"}]},"czdfl_gg14":{"color":[{"time":0,"color":"ffffff00"},{"time":0.3,"color":"fffffffe","curve":"stepped"},{"time":2.4,"color":"fffffffe"}]},"czdfl_jb1":{"color":[{"time":0,"color":"ffffff00"},{"time":0.3,"color":"fffffffe","curve":"stepped"},{"time":2.4,"color":"fffffffe"}]},"czdfl_jb3":{"color":[{"time":0,"color":"ffffff00"},{"time":0.3,"color":"fffffffe","curve":"stepped"},{"time":2.4,"color":"fffffffe"}]},"czdfl_jb4":{"color":[{"time":0,"color":"ffffff00","curve":"stepped"},{"time":0.1,"color":"ffffff00"},{"time":0.3,"color":"fffffffe","curve":"stepped"},{"time":2.4,"color":"fffffffe"}]},"czdfl_jb5":{"color":[{"time":0,"color":"ffffff00"},{"time":0.3,"color":"fffffffe","curve":"stepped"},{"time":2.4,"color":"fffffffe"}]},"czdfl_jb7":{"color":[{"time":0,"color":"ffffff00"},{"time":0.3,"color":"fffffffe","curve":"stepped"},{"time":2.4,"color":"fffffffe"}]},"czdfl_sd1":{"color":[{"time":0,"color":"ffffff00"},{"time":0.3,"color":"fffffffe","curve":"stepped"},{"time":2.4,"color":"fffffffe"}],"attachment":[{"time":0,"name":"czdfl_sd1"},{"time":2.4,"name":"czdfl_sd1"}]},"czdfl_sd2":{"color":[{"time":0,"color":"ffffff00"},{"time":0.3,"color":"fffffffe","curve":"stepped"},{"time":2.4,"color":"fffffffe"}]},"czdfl_sd3":{"color":[{"time":0,"color":"ffffff00"},{"time":0.3,"color":"fffffffe","curve":"stepped"},{"time":2.4,"color":"fffffffe"}]},"czdfl_sd4":{"color":[{"time":0,"color":"ffffff00"},{"time":0.3,"color":"fffffffe","curve":"stepped"},{"time":2.4,"color":"fffffffe"}]},"czdfl_sd5":{"color":[{"time":0,"color":"ffffff00","curve":[0.126,0.45,0.472,0.78]},{"time":0.3,"color":"ffffffde","curve":[0.252,0.67,0.592,1]},{"time":0.6,"color":"fffffffe","curve":"stepped"},{"time":2.4,"color":"fffffffe"}]},"czdfl_sd6":{"color":[{"time":0,"color":"ffffff00"},{"time":0.3,"color":"fffffffe","curve":"stepped"},{"time":2.4,"color":"fffffffe"}]},"czdfl_sd7":{"color":[{"time":0,"color":"ffffff00"},{"time":0.3,"color":"fffffffe","curve":"stepped"},{"time":2.4,"color":"fffffffe"}]},"czdfl_sd8":{"color":[{"time":0,"color":"ffffff00"},{"time":0.3,"color":"fffffffe","curve":"stepped"},{"time":2.4,"color":"fffffffe"}]},"czdfl_sd9":{"color":[{"time":0,"color":"ffffff00"},{"time":0.3,"color":"fffffffe","curve":"stepped"},{"time":2.4,"color":"fffffffe"}]},"czdfl_xxdb1":{"color":[{"time":0,"color":"ffffff00","curve":"stepped"},{"time":0.1,"color":"ffffff00"},{"time":0.1333,"color":"ffffff14","curve":[0.247,0,0.63,0.52]},{"time":0.3333,"color":"ffffff96","curve":[0.379,0.52,0.747,1]},{"time":0.5,"color":"fffffffe","curve":"stepped"},{"time":2.4,"color":"fffffffe"}]},"czdfl_xxgg5":{"color":[{"time":0,"color":"e9cdff00","curve":[0.25,0,0.625,0.5]},{"time":0.3,"color":"e9cdff50","curve":[0.375,0.5,0.75,1]},{"time":0.6,"color":"e9cdff00","curve":[0.25,0,0.75,1]},{"time":1.2,"color":"e9cdffa4","curve":[0.25,0,0.75,1]},{"time":1.8,"color":"e9cdff00","curve":[0.25,0,0.75,1]},{"time":2.4,"color":"e9cdffa4"}]},"czdfl_xxgg6":{"color":[{"time":0,"color":"ffffff00"},{"time":0.3,"color":"fffffffc","curve":"stepped"},{"time":2.4,"color":"fffffffc"}]},"czdfl_xxgg7":{"color":[{"time":0,"color":"e9cdff00"},{"time":0.3,"color":"e9cdffa4"},{"time":2.4,"color":"e9cdff00"}]},"czdfl_xxgg8":{"color":[{"time":0,"color":"ffffff00"},{"time":0.3,"color":"fffffffe","curve":"stepped"},{"time":2.4,"color":"fffffffe"}]},"czdfl_xxgg9":{"color":[{"time":0,"color":"e9cdff00","curve":[0.25,0,0.625,0.5]},{"time":0.3,"color":"e9cdff50","curve":[0.375,0.5,0.75,1]},{"time":0.6,"color":"e9cdff00","curve":[0.25,0,0.75,1]},{"time":1.2,"color":"e9cdffa4","curve":[0.25,0,0.75,1]},{"time":1.8,"color":"e9cdff00","curve":[0.25,0,0.75,1]},{"time":2.4,"color":"e9cdffa4"}]},"czdfl_xxgg10":{"color":[{"time":0,"color":"ffffff00"},{"time":0.3,"color":"fffffffe","curve":"stepped"},{"time":2.4,"color":"fffffffe"}]},"czdfl_xxgg11":{"color":[{"time":0,"color":"e9cdff00"},{"time":0.3,"color":"e9cdffa4"},{"time":2.4,"color":"e9cdff00"}]},"czdfl_xxgg12":{"color":[{"time":0,"color":"ffffff00"},{"time":0.3,"color":"fffffffe","curve":"stepped"},{"time":2.4,"color":"fffffffe"}]},"czdfl_xxgg13":{"color":[{"time":0,"color":"e9cdff00"},{"time":0.3,"color":"e9cdffa4"},{"time":2.4,"color":"e9cdff00"}]},"czdfl_xxgg14":{"color":[{"time":0,"color":"ffffff00"},{"time":0.3,"color":"fffffffe","curve":"stepped"},{"time":2.4,"color":"fffffffe"}]},"czdfl_xxgg15":{"color":[{"time":0,"color":"e9cdff00","curve":[0.25,0,0.625,0.5]},{"time":0.3,"color":"e9cdff50","curve":[0.375,0.5,0.75,1]},{"time":0.6,"color":"e9cdff00","curve":[0.25,0,0.75,1]},{"time":1.2,"color":"e9cdffa4","curve":[0.25,0,0.75,1]},{"time":1.8,"color":"e9cdff00","curve":[0.25,0,0.75,1]},{"time":2.4,"color":"e9cdffa4"}]},"czdfl_xxgg16":{"color":[{"time":0,"color":"ffffff00"},{"time":0.3,"color":"fffffffe","curve":"stepped"},{"time":2.4,"color":"fffffffe"}]},"czdfl_xxgg17":{"color":[{"time":0,"color":"e9cdff00","curve":[0.25,0,0.625,0.5]},{"time":0.3,"color":"e9cdff50","curve":[0.375,0.5,0.75,1]},{"time":0.6,"color":"e9cdff00","curve":[0.25,0,0.75,1]},{"time":1.2,"color":"e9cdffa4","curve":[0.25,0,0.75,1]},{"time":1.8,"color":"e9cdff00","curve":[0.25,0,0.75,1]},{"time":2.4,"color":"e9cdffa4"}]},"czdfl_xxgg18":{"color":[{"time":0,"color":"ffffff00"},{"time":0.3,"color":"fffffffe","curve":"stepped"},{"time":2.4,"color":"fffffffe"}]},"czdfl_xxgg19":{"color":[{"time":0,"color":"e9cdff00"},{"time":0.3,"color":"e9cdffa4"},{"time":2.4,"color":"e9cdff00"}]},"czdfl_xxgg20":{"color":[{"time":0,"color":"ffffff00"},{"time":0.3,"color":"fffffffe","curve":"stepped"},{"time":2.4,"color":"fffffffe"}]},"czdfl_xxgg21":{"color":[{"time":0,"color":"e9cdff00","curve":[0.25,0,0.625,0.5]},{"time":0.3,"color":"e9cdff50","curve":[0.375,0.5,0.75,1]},{"time":0.6,"color":"e9cdff00","curve":[0.25,0,0.75,1]},{"time":1.2,"color":"e9cdffa4","curve":[0.25,0,0.75,1]},{"time":1.8,"color":"e9cdff00","curve":[0.25,0,0.75,1]},{"time":2.4,"color":"e9cdffa4"}]},"czdfl_xxgg22":{"color":[{"time":0,"color":"ffffff00"},{"time":0.3,"color":"fffffffe","curve":"stepped"},{"time":2.4,"color":"fffffffe"}]},"czdfl_xxgg23":{"color":[{"time":0,"color":"e9cdff00"},{"time":0.3,"color":"e9cdffa4"},{"time":2.4,"color":"e9cdff00"}]},"czdfl_xxgg24":{"color":[{"time":0,"color":"ffffff00"},{"time":0.3,"color":"fffffffe","curve":"stepped"},{"time":2.4,"color":"fffffffe"}]},"czdfl_xxgg25":{"color":[{"time":0,"color":"e9cdff00"},{"time":0.3,"color":"e9cdffa4"},{"time":2.4,"color":"e9cdff00"}]},"czdfl_xxgg26":{"color":[{"time":0,"color":"ffffff00"},{"time":0.3,"color":"fffffffe","curve":"stepped"},{"time":2.4,"color":"fffffffe"}]},"czdfl_xxgg27":{"color":[{"time":0,"color":"e9cdff00","curve":[0.25,0,0.625,0.5]},{"time":0.3,"color":"e9cdff50","curve":[0.375,0.5,0.75,1]},{"time":0.6,"color":"e9cdff00","curve":[0.25,0,0.75,1]},{"time":1.2,"color":"e9cdffa4","curve":[0.25,0,0.75,1]},{"time":1.8,"color":"e9cdff00","curve":[0.25,0,0.75,1]},{"time":2.4,"color":"e9cdffa4"}]},"czdfl_xxgg28":{"color":[{"time":0,"color":"ffffff00"},{"time":0.3,"color":"fffffffe","curve":"stepped"},{"time":2.4,"color":"fffffffe"}]},"czdfl_xxgg29":{"color":[{"time":0,"color":"e9cdff00"},{"time":0.3,"color":"e9cdffa4"},{"time":2.4,"color":"e9cdff00"}]},"czdfl_xxgg30":{"color":[{"time":0,"color":"ffffff00"},{"time":0.3,"color":"fffffffe","curve":"stepped"},{"time":2.4,"color":"fffffffe"}]},"czdfl_xxgg31":{"color":[{"time":0,"color":"e9cdff00","curve":[0.25,0,0.625,0.5]},{"time":0.3,"color":"e9cdff50","curve":[0.375,0.5,0.75,1]},{"time":0.6,"color":"e9cdff00","curve":[0.25,0,0.75,1]},{"time":1.2,"color":"e9cdffa4","curve":[0.25,0,0.75,1]},{"time":1.8,"color":"e9cdff00","curve":[0.25,0,0.75,1]},{"time":2.4,"color":"e9cdffa4"}]},"czdfl_xxgg32":{"color":[{"time":0,"color":"ffffff00"},{"time":0.3,"color":"fffffffe","curve":"stepped"},{"time":2.4,"color":"fffffffe"}]},"czdfl_xxgg33":{"color":[{"time":0,"color":"e9cdff00"},{"time":0.3,"color":"e9cdffa4"},{"time":2.4,"color":"e9cdff00"}]},"czdfl_xxgg34":{"color":[{"time":0,"color":"ffffff00"},{"time":0.3,"color":"fffffffe","curve":"stepped"},{"time":2.4,"color":"fffffffe"}]},"czdfl_xxgg35":{"color":[{"time":0,"color":"e9cdff00","curve":[0.25,0,0.625,0.5]},{"time":0.3,"color":"e9cdff50","curve":[0.375,0.5,0.75,1]},{"time":0.6,"color":"e9cdff00","curve":[0.25,0,0.75,1]},{"time":1.2,"color":"e9cdffa2","curve":[0.25,0,0.75,1]},{"time":1.8,"color":"e9cdff00","curve":[0.25,0,0.75,1]},{"time":2.4,"color":"e9cdffa2"}]},"czdfl_xxgg36":{"color":[{"time":0,"color":"ffffff00"},{"time":0.3,"color":"fffffffe","curve":"stepped"},{"time":2.4,"color":"fffffffe"}]},"czdfl_xxgg37":{"color":[{"time":0,"color":"e9cdff00"},{"time":0.3,"color":"e9cdffa4"},{"time":2.4,"color":"e9cdff00"}]},"czdfl_xxgg38":{"color":[{"time":0,"color":"ffffff00"},{"time":0.3,"color":"fffffffe","curve":"stepped"},{"time":2.4,"color":"fffffffe"}]},"czdfl_xxgg39":{"color":[{"time":0,"color":"e9cdff00","curve":[0.25,0,0.625,0.5]},{"time":0.3,"color":"e9cdff50","curve":[0.375,0.5,0.75,1]},{"time":0.6,"color":"e9cdff00","curve":[0.25,0,0.75,1]},{"time":1.2,"color":"e9cdffa4","curve":[0.25,0,0.75,1]},{"time":1.8,"color":"e9cdff00","curve":[0.25,0,0.75,1]},{"time":2.4,"color":"e9cdffa4"}]},"czdfl_xxgg40":{"color":[{"time":0,"color":"ffffff00"},{"time":0.3,"color":"fffffffe","curve":"stepped"},{"time":2.4,"color":"fffffffe"}]},"czdfl_xxgg41":{"color":[{"time":0,"color":"e9cdff00"},{"time":0.3,"color":"e9cdffa4"},{"time":2.4,"color":"e9cdff00"}]},"czdfl_xxgg42":{"color":[{"time":0,"color":"ffffff00"},{"time":0.3,"color":"fffffffe","curve":"stepped"},{"time":2.4,"color":"fffffffe"}]},"czdfl_xxgg43":{"color":[{"time":0,"color":"e9cdff00","curve":[0.25,0,0.625,0.5]},{"time":0.3,"color":"e9cdff50","curve":[0.375,0.5,0.75,1]},{"time":0.6,"color":"e9cdff00","curve":[0.25,0,0.75,1]},{"time":1.2,"color":"e9cdffa4","curve":[0.25,0,0.75,1]},{"time":1.8,"color":"e9cdff00","curve":[0.25,0,0.75,1]},{"time":2.4,"color":"e9cdffa4"}]},"czdfl_xxgg44":{"color":[{"time":0,"color":"ffffff00"},{"time":0.3,"color":"fffffffe","curve":"stepped"},{"time":2.4,"color":"fffffffe"}]},"czdfl_xxgg45":{"color":[{"time":0,"color":"e9cdff00"},{"time":0.3,"color":"e9cdffa4"},{"time":2.4,"color":"e9cdff00"}]},"czdfl_xxgg46":{"color":[{"time":0,"color":"ffffff00"},{"time":0.3,"color":"fffffffe","curve":"stepped"},{"time":2.4,"color":"fffffffe"}]},"czdfl_xxgg47":{"color":[{"time":0,"color":"e9cdff00","curve":[0.25,0,0.625,0.5]},{"time":0.3,"color":"e9cdff50","curve":[0.375,0.5,0.75,1]},{"time":0.6,"color":"e9cdff00","curve":[0.25,0,0.75,1]},{"time":1.2,"color":"e9cdffa4","curve":[0.25,0,0.75,1]},{"time":1.8,"color":"e9cdff00","curve":[0.25,0,0.75,1]},{"time":2.4,"color":"e9cdffa4"}]},"czdfl_xxgg48":{"color":[{"time":0,"color":"ffffff00"},{"time":0.3,"color":"fffffffe","curve":"stepped"},{"time":2.4,"color":"fffffffe"}]},"czdfl_xxgg49":{"color":[{"time":0,"color":"e9cdff00"},{"time":0.3,"color":"e9cdffa4"},{"time":2.4,"color":"e9cdff00"}]},"czdfl_xxgg50":{"color":[{"time":0,"color":"ffffff00"},{"time":0.3,"color":"fffffffe","curve":"stepped"},{"time":2.4,"color":"fffffffe"}]},"czdfl_xxgg51":{"color":[{"time":0,"color":"e9cdff00","curve":[0.25,0,0.625,0.5]},{"time":0.3,"color":"e9cdff50","curve":[0.375,0.5,0.75,1]},{"time":0.6,"color":"e9cdff00","curve":[0.25,0,0.75,1]},{"time":1.2,"color":"e9cdffa4","curve":[0.25,0,0.75,1]},{"time":1.8,"color":"e9cdff00","curve":[0.25,0,0.75,1]},{"time":2.4,"color":"e9cdffa4"}]},"czdfl_xxgg52":{"color":[{"time":0,"color":"ffffff00"},{"time":0.3,"color":"fffffffe","curve":"stepped"},{"time":2.4,"color":"fffffffe"}]},"czdfl_xxgg53":{"color":[{"time":0,"color":"e9cdff00"},{"time":0.3,"color":"e9cdffa4"},{"time":2.4,"color":"e9cdff00"}]},"czdfl_xxgg54":{"color":[{"time":0,"color":"ffffff00"},{"time":0.3,"color":"fffffffe","curve":"stepped"},{"time":2.4,"color":"fffffffe"}]},"czdfl_xxsg/czdfl_xingxingsg_00000":{"color":[{"time":0,"color":"ffffff00"},{"time":0.3,"color":"fffffffe","curve":"stepped"},{"time":2.4,"color":"fffffffe"}],"attachment":[{"time":0,"name":"czdfl_xxsg/czdfl_xingxingsg_00000"},{"time":0.1333,"name":"czdfl_xxsg/czdfl_xingxingsg_00002"},{"time":0.2667,"name":"czdfl_xxsg/czdfl_xingxingsg_00004"},{"time":0.4,"name":"czdfl_xxsg/czdfl_xingxingsg_00006"},{"time":0.5333,"name":"czdfl_xxsg/czdfl_xingxingsg_00008"},{"time":0.6667,"name":"czdfl_xxsg/czdfl_xingxingsg_00010"},{"time":0.8,"name":"czdfl_xxsg/czdfl_xingxingsg_00012"},{"time":0.9333,"name":"czdfl_xxsg/czdfl_xingxingsg_00014"},{"time":1.0667,"name":"czdfl_xxsg/czdfl_xingxingsg_00016"},{"time":1.2,"name":"czdfl_xxsg/czdfl_xingxingsg_00018"},{"time":1.3333,"name":"czdfl_xxsg/czdfl_xingxingsg_00020"},{"time":1.4667,"name":"czdfl_xxsg/czdfl_xingxingsg_00022"},{"time":1.6,"name":"czdfl_xxsg/czdfl_xingxingsg_00024"},{"time":1.7333,"name":"czdfl_xxsg/czdfl_xingxingsg_00026"},{"time":1.8667,"name":"czdfl_xxsg/czdfl_xingxingsg_00028"},{"time":2,"name":"czdfl_xxsg/czdfl_xingxingsg_00030"},{"time":2.1333,"name":"czdfl_xxsg/czdfl_xingxingsg_00032"},{"time":2.2667,"name":"czdfl_xxsg/czdfl_xingxingsg_00034"},{"time":2.4,"name":"czdfl_xxsg/czdfl_xingxingsg_00000"}]},"zxsf_hd_bg":{"color":[{"time":0,"color":"ffffff00","curve":[0.25,0,0.75,1]},{"time":0.3,"color":"fffffffe","curve":"stepped"},{"time":2.4,"color":"fffffffe"}]},"zxsf_hd_biaoti":{"color":[{"time":0,"color":"ffffff00"},{"time":0.3,"color":"fffffffe","curve":"stepped"},{"time":2.4,"color":"fffffffe"}]},"zxsf_hd_biaotisgcc_0":{"color":[{"time":0,"color":"ffffff00"},{"time":0.3,"color":"fffffffe","curve":"stepped"},{"time":2.4,"color":"fffffffe"}],"attachment":[{"time":0,"name":"zxsf_hd_biaotisgcc_0"},{"time":0.0667,"name":"zxsf_hd_biaotisgcc_1"},{"time":0.1333,"name":"zxsf_hd_biaotisgcc_2"},{"time":0.2,"name":"zxsf_hd_biaotisgcc_3"},{"time":0.2667,"name":"zxsf_hd_biaotisgcc_4"},{"time":0.3333,"name":"zxsf_hd_biaotisgcc_5"},{"time":0.4,"name":"zxsf_hd_biaotisgcc_6"},{"time":0.4667,"name":"zxsf_hd_biaotisgcc_7"},{"time":0.5333,"name":"zxsf_hd_biaotisgcc_8"},{"time":0.6,"name":"zxsf_hd_biaotisgcc_9"},{"time":0.6667,"name":"zxsf_hd_biaotisgcc_10"},{"time":0.7333,"name":"zxsf_hd_biaotisgcc_11"},{"time":0.8,"name":"zxsf_hd_biaotisgcc_12"},{"time":0.8667,"name":"zxsf_hd_biaotisgcc_13"},{"time":0.9333,"name":"zxsf_hd_biaotisgcc_14"},{"time":1,"name":"zxsf_hd_biaotisgcc_15"},{"time":1.0667,"name":"zxsf_hd_biaotisgcc_16"},{"time":1.1333,"name":"zxsf_hd_biaotisgcc_17"},{"time":1.2,"name":"zxsf_hd_biaotisgcc_18"},{"time":1.2667,"name":"zxsf_hd_biaotisgcc_19"},{"time":1.3333,"name":"zxsf_hd_biaotisgcc_20"},{"time":1.4,"name":"zxsf_hd_biaotisgcc_21"},{"time":1.4667,"name":"zxsf_hd_biaotisgcc_22"},{"time":1.5333,"name":"zxsf_hd_biaotisgcc_23"},{"time":1.6,"name":"zxsf_hd_biaotisgcc_24"},{"time":1.6667,"name":"zxsf_hd_biaotisgcc_25"},{"time":1.7333,"name":"zxsf_hd_biaotisgcc_26"},{"time":1.8,"name":"zxsf_hd_biaotisgcc_27"},{"time":1.8667,"name":"zxsf_hd_biaotisgcc_28"},{"time":1.9333,"name":"zxsf_hd_biaotisgcc_29"},{"time":2,"name":"zxsf_hd_biaotisgcc_30"},{"time":2.0667,"name":"zxsf_hd_biaotisgcc_31"},{"time":2.1333,"name":"zxsf_hd_biaotisgcc_32"},{"time":2.2,"name":"zxsf_hd_biaotisgcc_33"},{"time":2.2667,"name":"zxsf_hd_biaotisgcc_34"},{"time":2.3333,"name":"zxsf_hd_biaotisgcc_35"},{"time":2.4,"name":null}]},"zxsf_hd_wenzi":{"color":[{"time":0,"color":"ffffff00"},{"time":0.3,"color":"fffffffe","curve":"stepped"},{"time":2.4,"color":"fffffffe"}]}},"bones":{"czdfl_xxdb1":{"rotate":[{"time":0,"angle":0,"curve":"stepped"},{"time":0.1,"angle":0,"curve":[0.329,0,0.662,0.34]},{"time":0.1333,"angle":-5.03,"curve":[0.215,0.68,0.56,1]},{"time":0.7,"angle":0,"curve":"stepped"},{"time":2.4,"angle":0}],"translate":[{"time":0,"x":0,"y":0,"curve":"stepped"},{"time":0.1,"x":0,"y":0},{"time":0.1333,"x":220.83,"y":86.91,"curve":[0.128,0.68,0.486,1]},{"time":0.5,"x":0,"y":0,"curve":"stepped"},{"time":2.4,"x":0,"y":0}],"scale":[{"time":0,"x":0,"y":0,"curve":"stepped"},{"time":0.1,"x":0,"y":0,"curve":"stepped"},{"time":0.1333,"x":0,"y":0,"curve":[0.082,0.68,0.447,1]},{"time":0.5,"x":1,"y":1,"curve":"stepped"},{"time":2.4,"x":1,"y":1}],"shear":[{"time":2.4,"x":0,"y":0}]},"bone33":{"rotate":[{"time":0,"angle":0,"curve":"stepped"},{"time":0.6667,"angle":0,"curve":"stepped"},{"time":2.4,"angle":0}],"translate":[{"time":0,"x":0,"y":0,"curve":"stepped"},{"time":0.6667,"x":0,"y":0,"curve":"stepped"},{"time":2.4,"x":0,"y":0}],"scale":[{"time":0,"x":1,"y":1,"curve":"stepped"},{"time":0.6667,"x":1,"y":1,"curve":"stepped"},{"time":2.4,"x":1,"y":1}],"shear":[{"time":0,"x":0,"y":0,"curve":"stepped"},{"time":0.6667,"x":0,"y":0,"curve":"stepped"},{"time":2.4,"x":0,"y":0}]},"bone34":{"rotate":[{"time":0,"angle":0,"curve":"stepped"},{"time":0.6667,"angle":0,"curve":"stepped"},{"time":2.4,"angle":0}],"translate":[{"time":0,"x":0,"y":0,"curve":"stepped"},{"time":0.6667,"x":0,"y":0,"curve":"stepped"},{"time":2.4,"x":0,"y":0}],"scale":[{"time":0,"x":1,"y":1,"curve":"stepped"},{"time":0.6667,"x":1,"y":1,"curve":"stepped"},{"time":2.4,"x":1,"y":1}],"shear":[{"time":0,"x":0,"y":0,"curve":"stepped"},{"time":0.6667,"x":0,"y":0,"curve":"stepped"},{"time":2.4,"x":0,"y":0}]},"czdfl_btdb1":{"rotate":[{"time":0,"angle":0,"curve":"stepped"},{"time":0.4,"angle":0,"curve":"stepped"},{"time":2.4,"angle":0}],"translate":[{"time":0,"x":508.96,"y":-2.71,"curve":[0.128,0.68,0.486,1]},{"time":0.4,"x":0,"y":0,"curve":"stepped"},{"time":2.4,"x":0,"y":0}],"scale":[{"time":0,"x":0,"y":1,"curve":[0.212,0.37,0.548,0.7]},{"time":0.0333,"x":1.4,"y":1,"curve":[0.082,0.68,0.447,1]},{"time":0.2333,"x":1,"y":1,"curve":"stepped"},{"time":0.4,"x":1,"y":1,"curve":"stepped"},{"time":2.4,"x":1,"y":1}],"shear":[{"time":0,"x":0,"y":0,"curve":"stepped"},{"time":0.4,"x":0,"y":0,"curve":"stepped"},{"time":2.4,"x":0,"y":0}]},"czdfl_xxgg21":{"rotate":[{"time":0,"angle":0,"curve":"stepped"},{"time":2.4,"angle":0}],"translate":[{"time":0,"x":0,"y":0,"curve":"stepped"},{"time":2.4,"x":0,"y":0}],"scale":[{"time":0,"x":1,"y":1,"curve":"stepped"},{"time":2.4,"x":1,"y":1}],"shear":[{"time":0,"x":0,"y":0,"curve":"stepped"},{"time":2.4,"x":0,"y":0}]},"czdfl_xxgg26":{"rotate":[{"time":0,"angle":0,"curve":"stepped"},{"time":2.4,"angle":0}],"translate":[{"time":0,"x":0,"y":0,"curve":"stepped"},{"time":2.4,"x":0,"y":0}],"scale":[{"time":0,"x":1,"y":1,"curve":"stepped"},{"time":2.4,"x":1,"y":1}],"shear":[{"time":0,"x":0,"y":0,"curve":"stepped"},{"time":2.4,"x":0,"y":0}]},"hip":{"rotate":[{"time":0,"angle":0,"curve":"stepped"},{"time":2.4,"angle":0}],"translate":[{"time":0,"x":0,"y":0,"curve":"stepped"},{"time":2.4,"x":0,"y":0}],"scale":[{"time":0,"x":1,"y":1,"curve":"stepped"},{"time":2.4,"x":1,"y":1}],"shear":[{"time":0,"x":0,"y":0,"curve":"stepped"},{"time":2.4,"x":0,"y":0}]},"czdfl_xxgg17":{"rotate":[{"time":0,"angle":0,"curve":"stepped"},{"time":2.4,"angle":0}],"translate":[{"time":0,"x":0,"y":0,"curve":"stepped"},{"time":2.4,"x":0,"y":0}],"scale":[{"time":0,"x":1,"y":1,"curve":"stepped"},{"time":2.4,"x":1,"y":1}],"shear":[{"time":0,"x":0,"y":0,"curve":"stepped"},{"time":2.4,"x":0,"y":0}]},"czdfl_gg8":{"rotate":[{"time":0,"angle":0,"curve":"stepped"},{"time":2.4,"angle":0}],"translate":[{"time":0,"x":0,"y":0,"curve":"stepped"},{"time":2.4,"x":0,"y":0}],"scale":[{"time":0,"x":0,"y":0,"curve":"stepped"},{"time":0.5,"x":0,"y":0,"curve":[0.274,0,0.62,0.4]},{"time":1,"x":1,"y":1,"curve":"stepped"},{"time":2.4,"x":1,"y":1}],"shear":[{"time":0,"x":0,"y":0,"curve":"stepped"},{"time":2.4,"x":0,"y":0}]},"czdfl_xxgg20":{"rotate":[{"time":0,"angle":0,"curve":"stepped"},{"time":2.4,"angle":0}],"translate":[{"time":0,"x":0,"y":0,"curve":"stepped"},{"time":2.4,"x":0,"y":0}],"scale":[{"time":0,"x":1,"y":1,"curve":"stepped"},{"time":2.4,"x":1,"y":1}],"shear":[{"time":0,"x":0,"y":0,"curve":"stepped"},{"time":2.4,"x":0,"y":0}]},"czdfl_xxgg7":{"rotate":[{"time":0,"angle":0,"curve":"stepped"},{"time":2.4,"angle":0}],"translate":[{"time":0,"x":0,"y":0,"curve":"stepped"},{"time":2.4,"x":0,"y":0}],"scale":[{"time":0,"x":1,"y":1,"curve":"stepped"},{"time":2.4,"x":1,"y":1}],"shear":[{"time":0,"x":0,"y":0,"curve":"stepped"},{"time":2.4,"x":0,"y":0}]},"czdfl_xxgg19":{"rotate":[{"time":0,"angle":0,"curve":"stepped"},{"time":2.4,"angle":0}],"translate":[{"time":0,"x":0,"y":0,"curve":"stepped"},{"time":2.4,"x":0,"y":0}],"scale":[{"time":0,"x":1,"y":1,"curve":"stepped"},{"time":2.4,"x":1,"y":1}],"shear":[{"time":0,"x":0,"y":0,"curve":"stepped"},{"time":2.4,"x":0,"y":0}]},"czdfl_xxgg4":{"rotate":[{"time":0,"angle":0,"curve":"stepped"},{"time":2.4,"angle":0}],"translate":[{"time":0,"x":0,"y":0,"curve":"stepped"},{"time":2.4,"x":0,"y":0}],"scale":[{"time":0,"x":1,"y":1,"curve":"stepped"},{"time":2.4,"x":1,"y":1}],"shear":[{"time":0,"x":0,"y":0,"curve":"stepped"},{"time":2.4,"x":0,"y":0}]},"czdfl_xxgg3":{"rotate":[{"time":0,"angle":0,"curve":"stepped"},{"time":2.4,"angle":0}],"translate":[{"time":0,"x":0,"y":0,"curve":"stepped"},{"time":2.4,"x":0,"y":0}],"scale":[{"time":0,"x":1,"y":1,"curve":"stepped"},{"time":2.4,"x":1,"y":1}],"shear":[{"time":0,"x":0,"y":0,"curve":"stepped"},{"time":2.4,"x":0,"y":0}]},"czdfl_xxgg23":{"rotate":[{"time":0,"angle":0,"curve":"stepped"},{"time":2.4,"angle":0}],"translate":[{"time":0,"x":0,"y":0,"curve":"stepped"},{"time":2.4,"x":0,"y":0}],"scale":[{"time":0,"x":1,"y":1,"curve":"stepped"},{"time":2.4,"x":1,"y":1}],"shear":[{"time":0,"x":0,"y":0,"curve":"stepped"},{"time":2.4,"x":0,"y":0}]},"czdfl_gg7":{"rotate":[{"time":0,"angle":0,"curve":"stepped"},{"time":2.4,"angle":0}],"translate":[{"time":0,"x":0,"y":0,"curve":"stepped"},{"time":2.4,"x":0,"y":0}],"scale":[{"time":0,"x":0,"y":0,"curve":[0.277,0,0.621,0.4]},{"time":0.8333,"x":1,"y":1,"curve":"stepped"},{"time":2.4,"x":1,"y":1}],"shear":[{"time":0,"x":0,"y":0,"curve":"stepped"},{"time":2.4,"x":0,"y":0}]},"czdfl_xxgg22":{"rotate":[{"time":0,"angle":0,"curve":"stepped"},{"time":2.4,"angle":0}],"translate":[{"time":0,"x":0,"y":0,"curve":"stepped"},{"time":2.4,"x":0,"y":0}],"scale":[{"time":0,"x":1,"y":1,"curve":"stepped"},{"time":2.4,"x":1,"y":1}],"shear":[{"time":0,"x":0,"y":0,"curve":"stepped"},{"time":2.4,"x":0,"y":0}]},"czdfl_xxgg8":{"rotate":[{"time":0,"angle":0,"curve":"stepped"},{"time":2.4,"angle":0}],"translate":[{"time":0,"x":0,"y":0,"curve":"stepped"},{"time":2.4,"x":0,"y":0}],"scale":[{"time":0,"x":1,"y":1,"curve":"stepped"},{"time":2.4,"x":1,"y":1}],"shear":[{"time":0,"x":0,"y":0,"curve":"stepped"},{"time":2.4,"x":0,"y":0}]},"czdfl_xxgg16":{"rotate":[{"time":0,"angle":0,"curve":"stepped"},{"time":2.4,"angle":0}],"translate":[{"time":0,"x":0,"y":0,"curve":"stepped"},{"time":2.4,"x":0,"y":0}],"scale":[{"time":0,"x":1,"y":1,"curve":"stepped"},{"time":2.4,"x":1,"y":1}],"shear":[{"time":0,"x":0,"y":0,"curve":"stepped"},{"time":2.4,"x":0,"y":0}]},"czdfl_xxgg18":{"rotate":[{"time":0,"angle":0,"curve":"stepped"},{"time":2.4,"angle":0}],"translate":[{"time":0,"x":0,"y":0,"curve":"stepped"},{"time":2.4,"x":0,"y":0}],"scale":[{"time":0,"x":1,"y":1,"curve":"stepped"},{"time":2.4,"x":1,"y":1}],"shear":[{"time":0,"x":0,"y":0,"curve":"stepped"},{"time":2.4,"x":0,"y":0}]},"czdfl_xxgg5":{"rotate":[{"time":0,"angle":0,"curve":"stepped"},{"time":2.4,"angle":0}],"translate":[{"time":0,"x":0,"y":0,"curve":"stepped"},{"time":2.4,"x":0,"y":0}],"scale":[{"time":0,"x":1,"y":1,"curve":"stepped"},{"time":2.4,"x":1,"y":1}],"shear":[{"time":0,"x":0,"y":0,"curve":"stepped"},{"time":2.4,"x":0,"y":0}]},"czdfl_xxgg13":{"rotate":[{"time":0,"angle":0,"curve":"stepped"},{"time":2.4,"angle":0}],"translate":[{"time":0,"x":0,"y":0,"curve":"stepped"},{"time":2.4,"x":0,"y":0}],"scale":[{"time":0,"x":1,"y":1,"curve":"stepped"},{"time":2.4,"x":1,"y":1}],"shear":[{"time":0,"x":0,"y":0,"curve":"stepped"},{"time":2.4,"x":0,"y":0}]},"czdfl_gg6":{"rotate":[{"time":0,"angle":0,"curve":"stepped"},{"time":2.4,"angle":0}],"translate":[{"time":0,"x":0,"y":0,"curve":"stepped"},{"time":2.4,"x":0,"y":0}],"scale":[{"time":0,"x":0,"y":0,"curve":"stepped"},{"time":0.5,"x":0,"y":0,"curve":[0.274,0,0.62,0.4]},{"time":1,"x":1,"y":1,"curve":"stepped"},{"time":2.4,"x":1,"y":1}],"shear":[{"time":0,"x":0,"y":0,"curve":"stepped"},{"time":2.4,"x":0,"y":0}]},"czdfl_xxgg11":{"rotate":[{"time":0,"angle":0,"curve":"stepped"},{"time":2.4,"angle":0}],"translate":[{"time":0,"x":0,"y":0,"curve":"stepped"},{"time":2.4,"x":0,"y":0}],"scale":[{"time":0,"x":1,"y":1,"curve":"stepped"},{"time":2.4,"x":1,"y":1}],"shear":[{"time":0,"x":0,"y":0,"curve":"stepped"},{"time":2.4,"x":0,"y":0}]},"root":{"rotate":[{"time":0,"angle":0,"curve":"stepped"},{"time":2.4,"angle":0}],"translate":[{"time":0,"x":0,"y":0,"curve":"stepped"},{"time":2.4,"x":0,"y":0}],"scale":[{"time":0,"x":1,"y":1,"curve":"stepped"},{"time":2.4,"x":1,"y":1}],"shear":[{"time":0,"x":0,"y":0,"curve":"stepped"},{"time":2.4,"x":0,"y":0}]},"czdfl_xxgg15":{"rotate":[{"time":0,"angle":0,"curve":"stepped"},{"time":2.4,"angle":0}],"translate":[{"time":0,"x":0,"y":0,"curve":"stepped"},{"time":2.4,"x":0,"y":0}],"scale":[{"time":0,"x":1,"y":1,"curve":"stepped"},{"time":2.4,"x":1,"y":1}],"shear":[{"time":0,"x":0,"y":0,"curve":"stepped"},{"time":2.4,"x":0,"y":0}]},"czdfl_xxgg25":{"rotate":[{"time":0,"angle":0,"curve":"stepped"},{"time":2.4,"angle":0}],"translate":[{"time":0,"x":0,"y":0,"curve":"stepped"},{"time":2.4,"x":0,"y":0}],"scale":[{"time":0,"x":1,"y":1,"curve":"stepped"},{"time":2.4,"x":1,"y":1}],"shear":[{"time":0,"x":0,"y":0,"curve":"stepped"},{"time":2.4,"x":0,"y":0}]},"czdfl_xxgg27":{"rotate":[{"time":0,"angle":0,"curve":"stepped"},{"time":2.4,"angle":0}],"translate":[{"time":0,"x":0,"y":0,"curve":"stepped"},{"time":2.4,"x":0,"y":0}],"scale":[{"time":0,"x":1,"y":1,"curve":"stepped"},{"time":2.4,"x":1,"y":1}],"shear":[{"time":0,"x":0,"y":0,"curve":"stepped"},{"time":2.4,"x":0,"y":0}]},"czdfl_btfl3":{"rotate":[{"time":0,"angle":0,"curve":"stepped"},{"time":2.4,"angle":0}],"translate":[{"time":0,"x":0,"y":0,"curve":"stepped"},{"time":2.4,"x":0,"y":0}],"scale":[{"time":0,"x":1,"y":1,"curve":"stepped"},{"time":2.4,"x":1,"y":1}],"shear":[{"time":0,"x":0,"y":0,"curve":"stepped"},{"time":2.4,"x":0,"y":0}]},"czdfl_xxgg12":{"rotate":[{"time":0,"angle":0,"curve":"stepped"},{"time":2.4,"angle":0}],"translate":[{"time":0,"x":0,"y":0,"curve":"stepped"},{"time":2.4,"x":0,"y":0}],"scale":[{"time":0,"x":1,"y":1,"curve":"stepped"},{"time":2.4,"x":1,"y":1}],"shear":[{"time":0,"x":0,"y":0,"curve":"stepped"},{"time":2.4,"x":0,"y":0}]},"czdfl_xxgg24":{"rotate":[{"time":0,"angle":0,"curve":"stepped"},{"time":2.4,"angle":0}],"translate":[{"time":0,"x":0,"y":0,"curve":"stepped"},{"time":2.4,"x":0,"y":0}],"scale":[{"time":0,"x":1,"y":1,"curve":"stepped"},{"time":2.4,"x":1,"y":1}],"shear":[{"time":0,"x":0,"y":0,"curve":"stepped"},{"time":2.4,"x":0,"y":0}]},"czdfl_xxgg14":{"rotate":[{"time":0,"angle":0,"curve":"stepped"},{"time":2.4,"angle":0}],"translate":[{"time":0,"x":0,"y":0,"curve":"stepped"},{"time":2.4,"x":0,"y":0}],"scale":[{"time":0,"x":1,"y":1,"curve":"stepped"},{"time":2.4,"x":1,"y":1}],"shear":[{"time":0,"x":0,"y":0,"curve":"stepped"},{"time":2.4,"x":0,"y":0}]},"czdfl_xxgg6":{"rotate":[{"time":0,"angle":0,"curve":"stepped"},{"time":2.4,"angle":0}],"translate":[{"time":0,"x":0,"y":0,"curve":"stepped"},{"time":2.4,"x":0,"y":0}],"scale":[{"time":0,"x":1,"y":1,"curve":"stepped"},{"time":2.4,"x":1,"y":1}],"shear":[{"time":0,"x":0,"y":0,"curve":"stepped"},{"time":2.4,"x":0,"y":0}]},"czdfl_sd5":{"rotate":[{"time":0,"angle":0,"curve":"stepped"},{"time":0.2333,"angle":0,"curve":"stepped"},{"time":2.4,"angle":0}],"translate":[{"time":0,"x":-142.19,"y":-163.88,"curve":[0.082,0.68,0.447,1]},{"time":0.3333,"x":28,"y":38.17,"curve":[0.25,0,0.75,1]},{"time":2.4,"x":12.24,"y":12.24}],"scale":[{"time":0,"x":1,"y":1,"curve":"stepped"},{"time":2.4,"x":1,"y":1}],"shear":[{"time":0,"x":0,"y":0,"curve":"stepped"},{"time":2.4,"x":0,"y":0}]},"czdfl_xxgg9":{"rotate":[{"time":0,"angle":0,"curve":"stepped"},{"time":2.4,"angle":0}],"translate":[{"time":0,"x":0,"y":0,"curve":"stepped"},{"time":2.4,"x":0,"y":0}],"scale":[{"time":0,"x":1,"y":1,"curve":"stepped"},{"time":2.4,"x":1,"y":1}],"shear":[{"time":0,"x":0,"y":0,"curve":"stepped"},{"time":2.4,"x":0,"y":0}]},"czdfl_xxgg10":{"rotate":[{"time":0,"angle":0,"curve":"stepped"},{"time":2.4,"angle":0}],"translate":[{"time":0,"x":0,"y":0,"curve":"stepped"},{"time":2.4,"x":0,"y":0}],"scale":[{"time":0,"x":1,"y":1,"curve":"stepped"},{"time":2.4,"x":1,"y":1}],"shear":[{"time":0,"x":0,"y":0,"curve":"stepped"},{"time":2.4,"x":0,"y":0}]},"bone37":{"rotate":[{"time":0,"angle":0,"curve":"stepped"},{"time":2.4,"angle":0}],"translate":[{"time":0,"x":0,"y":0,"curve":"stepped"},{"time":2.4,"x":0,"y":0}],"scale":[{"time":0,"x":1,"y":1,"curve":"stepped"},{"time":2.4,"x":1,"y":1}]},"czdfl_jb4":{"rotate":[{"time":0,"angle":0,"curve":"stepped"},{"time":0.1,"angle":0,"curve":"stepped"},{"time":2.4,"angle":0}],"translate":[{"time":0,"x":-272.66,"y":58.2,"curve":"stepped"},{"time":0.1,"x":-272.66,"y":58.2,"curve":[0.082,0.68,0.447,1]},{"time":0.6667,"x":15.77,"y":-3.37,"curve":[0.25,0,0.75,1]},{"time":2.4,"x":6.49,"y":-1.38}],"scale":[{"time":0,"x":1,"y":1,"curve":"stepped"},{"time":0.1,"x":1,"y":1,"curve":"stepped"},{"time":2.4,"x":1,"y":1}]},"czdfl_dcjb2":{"rotate":[{"time":0,"angle":0,"curve":"stepped"},{"time":2.4,"angle":0}],"translate":[{"time":0,"x":51,"y":160.03,"curve":[0.128,0.68,0.486,1]},{"time":0.6,"x":6.69,"y":-6.51,"curve":[0.25,0,0.75,1]},{"time":2.4,"x":7.91,"y":-2.11}],"scale":[{"time":0,"x":1,"y":1,"curve":"stepped"},{"time":2.4,"x":1,"y":1}]},"czdfl_jb7":{"rotate":[{"time":0,"angle":0,"curve":"stepped"},{"time":2.4,"angle":0}],"translate":[{"time":0,"x":-341.96,"y":-5.3,"curve":[0.082,0.68,0.447,1]},{"time":0.5667,"x":20.81,"y":0.32,"curve":[0.25,0,0.75,1]},{"time":1.5333,"x":11.8,"y":0.18,"curve":[0.25,0,0.75,1]},{"time":2.4,"x":2.53,"y":0.04}],"scale":[{"time":0,"x":1,"y":1,"curve":"stepped"},{"time":2.4,"x":1,"y":1}]},"czdfl_dcjb1":{"rotate":[{"time":0,"angle":0,"curve":"stepped"},{"time":2.4,"angle":0}],"translate":[{"time":0,"x":188.69,"y":10.79,"curve":[0.082,0.68,0.447,1]},{"time":0.6667,"x":-7.75,"y":-0.44,"curve":[0.25,0,0.75,1]},{"time":2.4,"x":-3.6,"y":-0.21}],"scale":[{"time":0,"x":1,"y":1,"curve":"stepped"},{"time":2.4,"x":1,"y":1}]},"czdfl_sd2":{"rotate":[{"time":0,"angle":0,"curve":"stepped"},{"time":2.4,"angle":0}],"translate":[{"time":0,"x":-148.32,"y":115.17,"curve":[0.082,0.68,0.447,1]},{"time":0.5,"x":13.44,"y":-10.43,"curve":[0.25,0,0.75,1]},{"time":2.4,"x":3.81,"y":-2.96}],"scale":[{"time":0,"x":1,"y":1,"curve":"stepped"},{"time":2.4,"x":1,"y":1}],"shear":[{"time":0,"x":0,"y":0,"curve":"stepped"},{"time":2.4,"x":0,"y":0}]},"czdfl_sd7":{"rotate":[{"time":0,"angle":0,"curve":"stepped"},{"time":2.4,"angle":0}],"translate":[{"time":0,"x":-175.13,"y":73.88,"curve":[0.082,0.68,0.447,1]},{"time":0.4,"x":0,"y":0,"curve":[0.25,0,0.75,1]},{"time":1.6,"x":8.22,"y":-3.47,"curve":[0.25,0,0.75,1]},{"time":2.4,"x":2.33,"y":-0.98}],"scale":[{"time":0,"x":1,"y":1,"curve":"stepped"},{"time":2.4,"x":1,"y":1}],"shear":[{"time":0,"x":0,"y":0,"curve":"stepped"},{"time":2.4,"x":0,"y":0}]},"czdfl_sd9":{"rotate":[{"time":0,"angle":0,"curve":"stepped"},{"time":2.4,"angle":0}],"translate":[{"time":0,"x":-181.59,"y":-63.43,"curve":[0.25,0,0.75,1]},{"time":0.2,"x":0,"y":0,"curve":[0.25,0,0.75,1]},{"time":1.4,"x":2.51,"y":0.88,"curve":[0.25,0,0.75,1]},{"time":2.4,"x":0.24,"y":0.08}],"scale":[{"time":0,"x":1,"y":1,"curve":"stepped"},{"time":2.4,"x":1,"y":1}],"shear":[{"time":0,"x":0,"y":0,"curve":"stepped"},{"time":2.4,"x":0,"y":0}]},"czdfl_sd6":{"rotate":[{"time":0,"angle":0,"curve":"stepped"},{"time":2.4,"angle":0}],"translate":[{"time":0,"x":168.14,"y":93.32,"curve":[0.25,0,0.75,1]},{"time":0.1,"x":48.51,"y":26.93,"curve":[0.082,0.68,0.447,1]},{"time":1.3,"x":-8.81,"y":-5.88,"curve":[0.25,0,0.75,1]},{"time":2.4,"x":-0.26,"y":-0.17}],"scale":[{"time":0,"x":1,"y":1,"curve":"stepped"},{"time":2.4,"x":1,"y":1}],"shear":[{"time":0,"x":0,"y":0,"curve":"stepped"},{"time":2.4,"x":0,"y":0}]},"czdfl_sd4":{"rotate":[{"time":0,"angle":0,"curve":"stepped"},{"time":2.4,"angle":0}],"translate":[{"time":0,"x":-154.64,"y":-114.82,"curve":[0.082,0.68,0.447,1]},{"time":0.5,"x":6.59,"y":4.89,"curve":[0.25,0,0.75,1]},{"time":2.4,"x":0,"y":0}],"scale":[{"time":0,"x":1,"y":1,"curve":"stepped"},{"time":2.4,"x":1,"y":1}],"shear":[{"time":0,"x":0,"y":0,"curve":"stepped"},{"time":2.4,"x":0,"y":0}]},"czdfl_sd8":{"rotate":[{"time":0,"angle":0,"curve":"stepped"},{"time":2.4,"angle":0}],"translate":[{"time":0,"x":-177,"y":73.86,"curve":[0.082,0.68,0.447,1]},{"time":0.5,"x":10.69,"y":-4.45,"curve":[0.25,0,0.75,1]},{"time":2.4,"x":0.81,"y":-0.18}],"scale":[{"time":0,"x":1,"y":1,"curve":"stepped"},{"time":2.4,"x":1,"y":1}],"shear":[{"time":0,"x":0,"y":0,"curve":"stepped"},{"time":2.4,"x":0,"y":0}]},"czdfl_dcjb3":{"rotate":[{"time":0,"angle":0,"curve":"stepped"},{"time":2.4,"angle":0}],"translate":[{"time":0,"x":30.23,"y":194.16,"curve":[0.082,0.68,0.447,1]},{"time":0.6,"x":-0.61,"y":-3.89,"curve":[0.283,0,0.625,0.39]},{"time":0.9667,"x":-0.12,"y":-0.78,"curve":[0.321,0.29,0.757,1]},{"time":2.4,"x":0.6,"y":3.84}],"scale":[{"time":0,"x":1,"y":1,"curve":"stepped"},{"time":2.4,"x":1,"y":1}]},"czdfl_jb3":{"rotate":[{"time":0,"angle":0,"curve":"stepped"},{"time":2.4,"angle":0}],"translate":[{"time":0,"x":127.01,"y":144.8,"curve":[0.082,0.68,0.447,1]},{"time":0.4667,"x":-18.24,"y":-20.8,"curve":[0.25,0,0.75,1]},{"time":2.4,"x":0,"y":0}],"scale":[{"time":0,"x":1,"y":1,"curve":"stepped"},{"time":2.4,"x":1,"y":1}]},"czdfl_jb5":{"rotate":[{"time":0,"angle":0,"curve":"stepped"},{"time":2.4,"angle":0}],"translate":[{"time":0,"x":167.78,"y":-89.52,"curve":[0.082,0.68,0.447,1]},{"time":0.3333,"x":-20.77,"y":11.08,"curve":[0.25,0,0.75,1]},{"time":2.4,"x":-2.15,"y":1.15}],"scale":[{"time":0,"x":1,"y":1,"curve":"stepped"},{"time":2.4,"x":1,"y":1}]},"czdfl_jb1":{"rotate":[{"time":0,"angle":0,"curve":"stepped"},{"time":2.4,"angle":0}],"translate":[{"time":0,"x":160.95,"y":-104.17,"curve":[0.082,0.68,0.447,1]},{"time":0.6,"x":0,"y":0,"curve":[0.25,0,0.75,1]},{"time":1.5,"x":-5.48,"y":5.48,"curve":[0.25,0,0.75,1]},{"time":2.4,"x":-0.65,"y":0.65}],"scale":[{"time":0,"x":1,"y":1,"curve":"stepped"},{"time":2.4,"x":1,"y":1}]},"czdfl_dcjb5":{"rotate":[{"time":0,"angle":0,"curve":"stepped"},{"time":2.4,"angle":0}],"translate":[{"time":0,"x":-127.84,"y":-142.16,"curve":[0.128,0.68,0.486,1]},{"time":0.5,"x":6.74,"y":7.49,"curve":[0.25,0,0.75,1]},{"time":2.4,"x":0.95,"y":1.06}],"scale":[{"time":0,"x":1,"y":1,"curve":"stepped"},{"time":2.4,"x":1,"y":1}]},"czdfl_sd1":{"rotate":[{"time":0,"angle":0,"curve":"stepped"},{"time":2.4,"angle":0}],"translate":[{"time":0,"x":71.5,"y":40.61,"curve":[0.082,0.68,0.447,1]},{"time":0.8333,"x":0,"y":0,"curve":[0.25,0,0.75,1]},{"time":2.4,"x":-2.72,"y":-2.72}],"scale":[{"time":0,"x":1,"y":1,"curve":"stepped"},{"time":2.4,"x":1,"y":1}],"shear":[{"time":0,"x":0,"y":0,"curve":"stepped"},{"time":2.4,"x":0,"y":0}]},"czdfl_sd3":{"rotate":[{"time":0,"angle":0,"curve":"stepped"},{"time":2.4,"angle":0}],"translate":[{"time":0,"x":176.73,"y":70.6,"curve":[0.082,0.68,0.447,1]},{"time":0.5,"x":-14.27,"y":-5.7,"curve":[0.25,0,0.75,1]},{"time":2.4,"x":-2.13,"y":-0.85}],"scale":[{"time":0,"x":1,"y":1,"curve":"stepped"},{"time":2.4,"x":1,"y":1}],"shear":[{"time":0,"x":0,"y":0,"curve":"stepped"},{"time":2.4,"x":0,"y":0}]},"zxsf_hd_bg":{"rotate":[{"time":0,"angle":0,"curve":"stepped"},{"time":2.4,"angle":0}],"translate":[{"time":0,"x":0,"y":0,"curve":"stepped"},{"time":2.4,"x":0,"y":0}],"scale":[{"time":0,"x":1,"y":1,"curve":"stepped"},{"time":2.4,"x":1,"y":1}]},"zxsf_hd_biaoti":{"rotate":[{"time":0,"angle":0,"curve":"stepped"},{"time":2.4,"angle":0}],"translate":[{"time":0,"x":-243.04,"y":0,"curve":[0.298,0.35,0.632,0.68]},{"time":0.0333,"x":-212.27,"y":0,"curve":[0.152,0.68,0.506,1]},{"time":0.5,"x":0,"y":0,"curve":"stepped"},{"time":2.4,"x":0,"y":0}],"scale":[{"time":0,"x":1,"y":1},{"time":0.0333,"x":0.75,"y":0.75,"curve":[0.044,0.97,0.286,1]},{"time":0.2,"x":1.02,"y":1.01,"curve":[0.25,0,0.75,1]},{"time":0.5,"x":1,"y":1,"curve":"stepped"},{"time":2.4,"x":1,"y":1}]},"zxsf_hd_wenzi":{"rotate":[{"time":0,"angle":0,"curve":"stepped"},{"time":2.4,"angle":0}],"translate":[{"time":0,"x":0,"y":0,"curve":"stepped"},{"time":2.4,"x":0,"y":0}],"scale":[{"time":0,"x":1,"y":1,"curve":"stepped"},{"time":2.4,"x":1,"y":1}]},"zxsf_hd_biaotisgcc":{"rotate":[{"time":0,"angle":0,"curve":"stepped"},{"time":2.4,"angle":0}],"translate":[{"time":0,"x":0,"y":0,"curve":"stepped"},{"time":2.4,"x":0,"y":0}],"scale":[{"time":0,"x":1,"y":1,"curve":"stepped"},{"time":2.4,"x":1,"y":1}]}}}}}