{"skeleton":{"hash":"hCFT8Dle2ussimhaH8PCg7woXQg","spine":"3.6.37","width":112,"height":80,"images":"./images/"},"bones":[{"name":"root"},{"name":"zsb_ykrkdb","parent":"root"},{"name":"zsb_yuekarukou_lg","parent":"zsb_ykrkdb","x":-1.08,"y":6.53,"scaleX":2,"scaleY":2}],"slots":[{"name":"zsb_ykrkdb","bone":"zsb_ykrkdb","attachment":"zsb_ykrkdb"},{"name":"zsb_ykrktext","bone":"zsb_ykrkdb","attachment":"zsb_ykrktext"},{"name":"zsb_ykrksidai","bone":"zsb_ykrkdb","attachment":"zsb_ykrksidai"},{"name":"zsb_yuekarukou_lg","bone":"zsb_yuekarukou_lg","attachment":"zsb_yuekarukou_lg0","blend":"additive"}],"skins":{"default":{"zsb_ykrkdb":{"zsb_ykrkdb":{"width":112,"height":79}},"zsb_ykrksidai":{"zsb_ykrksidai":{"x":-23,"y":12.5,"width":56,"height":56}},"zsb_ykrktext":{"zsb_ykrktext":{"x":2.5,"y":2,"width":65,"height":31}},"zsb_yuekarukou_lg":{"zsb_yuekarukou_lg0":{"width":45,"height":29},"zsb_yuekarukou_lg1":{"width":45,"height":29},"zsb_yuekarukou_lg2":{"width":45,"height":29},"zsb_yuekarukou_lg3":{"width":45,"height":29},"zsb_yuekarukou_lg4":{"width":45,"height":29},"zsb_yuekarukou_lg5":{"width":45,"height":29},"zsb_yuekarukou_lg6":{"width":45,"height":29},"zsb_yuekarukou_lg7":{"width":45,"height":29},"zsb_yuekarukou_lg8":{"width":45,"height":29},"zsb_yuekarukou_lg9":{"width":45,"height":29},"zsb_yuekarukou_lg10":{"width":45,"height":29},"zsb_yuekarukou_lg11":{"width":45,"height":29},"zsb_yuekarukou_lg12":{"width":45,"height":29},"zsb_yuekarukou_lg13":{"width":45,"height":29},"zsb_yuekarukou_lg14":{"width":45,"height":29},"zsb_yuekarukou_lg15":{"width":45,"height":29},"zsb_yuekarukou_lg16":{"width":45,"height":29},"zsb_yuekarukou_lg17":{"width":45,"height":29},"zsb_yuekarukou_lg18":{"width":45,"height":29},"zsb_yuekarukou_lg19":{"width":45,"height":29},"zsb_yuekarukou_lg20":{"width":45,"height":29},"zsb_yuekarukou_lg21":{"width":45,"height":29},"zsb_yuekarukou_lg22":{"width":45,"height":29},"zsb_yuekarukou_lg23":{"width":45,"height":29},"zsb_yuekarukou_lg24":{"width":45,"height":29},"zsb_yuekarukou_lg25":{"width":45,"height":29},"zsb_yuekarukou_lg26":{"width":45,"height":29},"zsb_yuekarukou_lg27":{"width":45,"height":29},"zsb_yuekarukou_lg28":{"width":45,"height":29},"zsb_yuekarukou_lg29":{"width":45,"height":29},"zsb_yuekarukou_lg30":{"width":45,"height":29},"zsb_yuekarukou_lg31":{"width":45,"height":29},"zsb_yuekarukou_lg32":{"width":45,"height":29},"zsb_yuekarukou_lg33":{"width":45,"height":29},"zsb_yuekarukou_lg34":{"width":45,"height":29},"zsb_yuekarukou_lg35":{"width":45,"height":29}}}},"animations":{"animation":{"slots":{"zsb_yuekarukou_lg":{"attachment":[{"time":0,"name":"zsb_yuekarukou_lg0"},{"time":0.0667,"name":"zsb_yuekarukou_lg1"},{"time":0.1333,"name":"zsb_yuekarukou_lg2"},{"time":0.2,"name":"zsb_yuekarukou_lg3"},{"time":0.2667,"name":"zsb_yuekarukou_lg4"},{"time":0.3333,"name":"zsb_yuekarukou_lg5"},{"time":0.4,"name":"zsb_yuekarukou_lg6"},{"time":0.4667,"name":"zsb_yuekarukou_lg7"},{"time":0.5333,"name":"zsb_yuekarukou_lg8"},{"time":0.6,"name":"zsb_yuekarukou_lg9"},{"time":0.6667,"name":"zsb_yuekarukou_lg10"},{"time":0.7333,"name":"zsb_yuekarukou_lg11"},{"time":0.8,"name":"zsb_yuekarukou_lg12"},{"time":0.8667,"name":"zsb_yuekarukou_lg13"},{"time":0.9333,"name":"zsb_yuekarukou_lg14"},{"time":1,"name":"zsb_yuekarukou_lg15"},{"time":1.0667,"name":"zsb_yuekarukou_lg16"},{"time":1.1333,"name":"zsb_yuekarukou_lg17"},{"time":1.2,"name":"zsb_yuekarukou_lg18"},{"time":1.2667,"name":"zsb_yuekarukou_lg19"},{"time":1.3333,"name":"zsb_yuekarukou_lg20"},{"time":1.4,"name":"zsb_yuekarukou_lg21"},{"time":1.4667,"name":"zsb_yuekarukou_lg22"},{"time":1.5333,"name":"zsb_yuekarukou_lg23"},{"time":1.6,"name":"zsb_yuekarukou_lg24"},{"time":1.6667,"name":"zsb_yuekarukou_lg25"},{"time":1.7333,"name":"zsb_yuekarukou_lg26"},{"time":1.8,"name":"zsb_yuekarukou_lg27"},{"time":1.8667,"name":"zsb_yuekarukou_lg28"},{"time":1.9333,"name":"zsb_yuekarukou_lg29"},{"time":2,"name":"zsb_yuekarukou_lg30"},{"time":2.0667,"name":"zsb_yuekarukou_lg31"},{"time":2.1333,"name":"zsb_yuekarukou_lg32"},{"time":2.2,"name":"zsb_yuekarukou_lg33"},{"time":2.2667,"name":"zsb_yuekarukou_lg34"},{"time":2.3333,"name":"zsb_yuekarukou_lg35"},{"time":2.4,"name":null}]}}}}}