{"skeleton":{"hash":"+wlnqbqMG+gHFqS6EV15oHWuTZE","spine":"3.6.37","width":1280,"height":719,"images":"./images/"},"bones":[{"name":"root"},{"name":"messages_icon","parent":"root"}],"slots":[{"name":"messages_icon","bone":"messages_icon","attachment":"messages_icon"}],"skins":{"default":{"messages_icon":{"messages_icon":{"x":-12.89,"y":12.58,"width":37,"height":38}}}},"animations":{"animation":{"bones":{"messages_icon":{"rotate":[{"time":0,"angle":0,"curve":"stepped"},{"time":1.1667,"angle":0,"curve":"stepped"},{"time":3,"angle":0}],"translate":[{"time":0,"x":0,"y":0,"curve":"stepped"},{"time":1.1667,"x":0,"y":0,"curve":"stepped"},{"time":3,"x":0,"y":0}],"scale":[{"time":0,"x":1,"y":1,"curve":[0.306,0.79,0.698,0.99]},{"time":0.3,"x":1.1,"y":0.9,"curve":[0.306,0.79,0.698,0.99]},{"time":0.5,"x":0.95,"y":1.05,"curve":[0.306,0.79,0.698,0.99]},{"time":0.6333,"x":1.04,"y":0.96,"curve":[0.306,0.79,0.698,0.99]},{"time":0.7667,"x":0.97,"y":1.03,"curve":[0.306,0.79,0.698,0.99]},{"time":0.9,"x":1.02,"y":0.98,"curve":[0.306,0.79,0.698,0.99]},{"time":1.0333,"x":0.99,"y":1.01,"curve":[0.306,0.79,0.698,0.99]},{"time":1.1667,"x":1,"y":1,"curve":"stepped"},{"time":3,"x":1,"y":1}],"shear":[{"time":0,"x":0,"y":0,"curve":"stepped"},{"time":1.1667,"x":0,"y":0,"curve":"stepped"},{"time":3,"x":0,"y":0}]}}}}}