{"skeleton":{"hash":"G50v5IGFsqOlnc0435VvE9sl6XI","spine":"3.6.37","width":1626,"height":752,"images":"./images/"},"bones":[{"name":"root"},{"name":"hip","parent":"root"},{"name":"lizi","parent":"hip","rotation":31.27},{"name":"lizi2","parent":"hip","rotation":-178.73},{"name":"zqdw_tc","parent":"hip","y":196.61},{"name":"zqdw_tccd1","parent":"hip","length":8.98,"rotation":154.78,"x":-190.14,"y":276.08},{"name":"zqdw_tccd2","parent":"hip","length":7.69,"rotation":-18.6,"x":249.45,"y":215.72},{"name":"zqdw_tccd3","parent":"hip","length":8.29,"rotation":16.95,"x":294.83,"y":276.61},{"name":"zqdw_tccd4","parent":"hip","length":11.48,"rotation":174.44,"x":-368.02,"y":234.87},{"name":"zqdw_tccd5","parent":"hip","length":10.37,"rotation":164.14,"x":-472.39,"y":214.3},{"name":"zqdw_tccd6","parent":"hip","length":8.98,"rotation":154.78,"x":-329.83,"y":230.44},{"name":"zqdw_tccd7","parent":"hip","length":7.88,"rotation":176.46,"x":-331.32,"y":251.02},{"name":"zqdw_tccd8","parent":"hip","length":11.23,"rotation":-168.69,"x":-401.56,"y":270.25},{"name":"zqdw_tccd9","parent":"hip","length":7.88,"rotation":176.46,"x":-224.29,"y":248.62},{"name":"zqdw_tccd10","parent":"hip","length":13.24,"rotation":19.03,"x":-33.86,"y":260.83},{"name":"zqdw_tccd11","parent":"hip","length":8.04,"rotation":27.96,"x":194.54,"y":240.37},{"name":"zqdw_tccd12","parent":"hip","length":7.69,"rotation":5.61,"x":324.1,"y":157.1},{"name":"zqdw_tccd13","parent":"hip","length":8.29,"rotation":16.95,"x":382.68,"y":229.49},{"name":"zqdw_tccd14","parent":"hip","length":8.29,"rotation":16.95,"x":450.26,"y":263.85},{"name":"zqdw_tccd15","parent":"hip","length":11.23,"rotation":-168.69,"x":76.33,"y":283.87},{"name":"zqdw_tcdb","parent":"zqdw_tc"},{"name":"zqdw_tcggt","parent":"root","y":190.03},{"name":"zqdw_tcggt2","parent":"root"},{"name":"zqdw_tcgq","parent":"root"},{"name":"zqdw_tcgq2","parent":"root","rotation":-150,"scaleX":0.5,"scaleY":0.5},{"name":"zqdw_tcgt","parent":"zqdw_tc","x":4.56,"y":-178.51},{"name":"zqdw_tcgt1","parent":"zqdw_tcgt","rotation":90},{"name":"zqdw_tcgt2","parent":"zqdw_tcgt","rotation":60},{"name":"zqdw_tcgt3","parent":"zqdw_tcgt","rotation":30},{"name":"zqdw_tcgt4","parent":"zqdw_tcgt"},{"name":"zqdw_tcgt5","parent":"zqdw_tcgt","rotation":-30},{"name":"zqdw_tcgt6","parent":"zqdw_tcgt","rotation":-60},{"name":"zqdw_tcgt7","parent":"zqdw_tcgt","rotation":-90},{"name":"zqdw_tcgt8","parent":"zqdw_tcgt","rotation":-120},{"name":"zqdw_tcgt9","parent":"zqdw_tcgt","rotation":-150},{"name":"zqdw_tcgt10","parent":"zqdw_tcgt","rotation":-180},{"name":"zqdw_tcgt11","parent":"zqdw_tcgt","rotation":150},{"name":"zqdw_tcgt12","parent":"zqdw_tcgt","rotation":120},{"name":"zqdw_tcksd","parent":"lizi","length":7.69,"rotation":-53.22},{"name":"zqdw_tcksd2","parent":"lizi","length":7.69,"rotation":116.49},{"name":"zqdw_tcksd3","parent":"lizi","length":7.69,"rotation":161.05},{"name":"zqdw_tcksd4","parent":"lizi","length":7.69,"rotation":117.43},{"name":"zqdw_tcksd5","parent":"lizi","length":7.69,"rotation":-145.57},{"name":"zqdw_tcksd6","parent":"lizi","length":7.69,"rotation":-82.28},{"name":"zqdw_tcksd7","parent":"lizi","length":7.69,"rotation":-9.48},{"name":"zqdw_tcksd8","parent":"lizi","length":7.69,"rotation":169.53},{"name":"zqdw_tcksd9","parent":"lizi","length":7.69,"rotation":169.33,"scaleX":0.648,"scaleY":0.648},{"name":"zqdw_tcksd10","parent":"lizi2","length":7.69,"rotation":-53.22},{"name":"zqdw_tcksd11","parent":"lizi2","length":7.69,"rotation":116.49},{"name":"zqdw_tcksd12","parent":"lizi2","length":7.69,"rotation":161.05},{"name":"zqdw_tcksd13","parent":"lizi2","length":7.69,"rotation":117.43},{"name":"zqdw_tcksd14","parent":"lizi2","length":7.69,"rotation":-145.57},{"name":"zqdw_tcksd15","parent":"lizi2","length":7.69,"rotation":-82.28},{"name":"zqdw_tcksd16","parent":"lizi2","length":7.69,"rotation":-9.48},{"name":"zqdw_tcksd17","parent":"lizi2","length":7.69,"rotation":169.53},{"name":"zqdw_tcksd18","parent":"lizi2","length":7.69,"rotation":169.33,"scaleX":0.648,"scaleY":0.648},{"name":"zqdw_tcksd19","parent":"lizi","length":7.69,"rotation":80.9},{"name":"zqdw_tcmn1","parent":"hip","x":-130.21,"y":-194.33},{"name":"zqdw_tcmn2","parent":"hip","x":130.79,"y":-194.33},{"name":"zqdw_tcwp","parent":"root","x":4.56,"y":18.1},{"name":"zqdw_tcnumber","parent":"zqdw_tcwp","x":-11.49,"y":-111.92},{"name":"zqdw_tctextdb","parent":"zqdw_tc","y":-196.61},{"name":"zqdw_tctext","parent":"zqdw_tctextdb","x":-2.72,"y":188.73},{"name":"zqdw_tctextlg","parent":"zqdw_tctext","x":1.8,"y":5.76,"scaleX":2,"scaleY":2},{"name":"zqdw_tcxd1","parent":"zqdw_tctext","rotation":38.85,"x":-131.06,"y":28.18},{"name":"zqdw_tcxd2","parent":"zqdw_tctext","rotation":38.85,"x":73.35,"y":-0.91}],"slots":[{"name":"bg","bone":"hip"},{"name":"zqdw_tcdb1","bone":"zqdw_tcdb","attachment":"zqdw_tcdb1"},{"name":"zqdw_tcdb2","bone":"zqdw_tcdb","attachment":"zqdw_tcdb2","blend":"additive"},{"name":"zqdw_tcgy","bone":"zqdw_tcdb","attachment":"zqdw_tcgy","blend":"additive"},{"name":"zqdw_tcgt1","bone":"zqdw_tcgt1","attachment":"zqdw_tcgt","blend":"additive"},{"name":"zqdw_tcgt2","bone":"zqdw_tcgt2","attachment":"zqdw_tcgt","blend":"additive"},{"name":"zqdw_tcgt3","bone":"zqdw_tcgt3","attachment":"zqdw_tcgt","blend":"additive"},{"name":"zqdw_tcgt4","bone":"zqdw_tcgt4","attachment":"zqdw_tcgt","blend":"additive"},{"name":"zqdw_tcgt5","bone":"zqdw_tcgt5","attachment":"zqdw_tcgt","blend":"additive"},{"name":"zqdw_tcgt6","bone":"zqdw_tcgt6","attachment":"zqdw_tcgt","blend":"additive"},{"name":"zqdw_tcgt7","bone":"zqdw_tcgt7","attachment":"zqdw_tcgt","blend":"additive"},{"name":"zqdw_tcgt8","bone":"zqdw_tcgt8","attachment":"zqdw_tcgt","blend":"additive"},{"name":"zqdw_tcgt9","bone":"zqdw_tcgt9","attachment":"zqdw_tcgt","blend":"additive"},{"name":"zqdw_tcgt10","bone":"zqdw_tcgt10","attachment":"zqdw_tcgt","blend":"additive"},{"name":"zqdw_tcgt11","bone":"zqdw_tcgt11","attachment":"zqdw_tcgt","blend":"additive"},{"name":"zqdw_tcgt12","bone":"zqdw_tcgt12","attachment":"zqdw_tcgt","blend":"additive"},{"name":"zqdw_tcggt","bone":"zqdw_tcggt","blend":"additive"},{"name":"zqdw_tcggt2","bone":"zqdw_tcggt2","blend":"additive"},{"name":"zqdw_tctext","bone":"zqdw_tctext","attachment":"zqdw_tctext"},{"name":"zqdw_tcwp","bone":"zqdw_tcwp","attachment":"zqdw_tcwp"},{"name":"zqdw_tcwp2","bone":"zqdw_tcwp","blend":"additive"},{"name":"zqdw_tctextlg","bone":"zqdw_tctextlg","attachment":"zqdw_tctextlg8","blend":"additive"},{"name":"zqdw_tccd8","bone":"zqdw_tccd8","attachment":"zqdw_tccd8"},{"name":"zqdw_tccd15","bone":"zqdw_tccd15","attachment":"zqdw_tccd3"},{"name":"zqdw_tccd5","bone":"zqdw_tccd5","attachment":"zqdw_tccd5"},{"name":"zqdw_tccd4","bone":"zqdw_tccd4","attachment":"zqdw_tccd4"},{"name":"zqdw_tccd12","bone":"zqdw_tccd12","attachment":"zqdw_tccd12"},{"name":"zqdw_tccd2","bone":"zqdw_tccd2","attachment":"zqdw_tccd2"},{"name":"zqdw_tcksd","bone":"zqdw_tcksd"},{"name":"zqdw_tcksd19","bone":"zqdw_tcksd19"},{"name":"zqdw_tcksd10","bone":"zqdw_tcksd10","blend":"additive"},{"name":"zqdw_tcksd4","bone":"zqdw_tcksd4"},{"name":"zqdw_tcksd13","bone":"zqdw_tcksd13","blend":"additive"},{"name":"zqdw_tcksd5","bone":"zqdw_tcksd5"},{"name":"zqdw_tcksd14","bone":"zqdw_tcksd14","blend":"additive"},{"name":"zqdw_tcksd6","bone":"zqdw_tcksd6"},{"name":"zqdw_tcksd15","bone":"zqdw_tcksd15","blend":"additive"},{"name":"zqdw_tcksd7","bone":"zqdw_tcksd7"},{"name":"zqdw_tcksd16","bone":"zqdw_tcksd16","blend":"additive"},{"name":"zqdw_tcksd8","bone":"zqdw_tcksd8"},{"name":"zqdw_tcksd17","bone":"zqdw_tcksd17","blend":"additive"},{"name":"zqdw_tcksd2","bone":"zqdw_tcksd2"},{"name":"zqdw_tcksd11","bone":"zqdw_tcksd11","blend":"additive"},{"name":"zqdw_tcksd9","bone":"zqdw_tcksd9"},{"name":"zqdw_tcksd18","bone":"zqdw_tcksd18","blend":"additive"},{"name":"zqdw_tcksd3","bone":"zqdw_tcksd3"},{"name":"zqdw_tcksd12","bone":"zqdw_tcksd12","blend":"additive"},{"name":"zqdw_tccd11","bone":"zqdw_tccd11","attachment":"zqdw_tccd11"},{"name":"zqdw_tccd7","bone":"zqdw_tccd7","attachment":"zqdw_tccd7"},{"name":"zqdw_tccd9","bone":"zqdw_tccd9","attachment":"zqdw_tccd9"},{"name":"zqdw_tccd10","bone":"zqdw_tccd10","attachment":"zqdw_tccd10"},{"name":"zqdw_tccd1","bone":"zqdw_tccd1","attachment":"zqdw_tccd1"},{"name":"zqdw_tccd6","bone":"zqdw_tccd6","attachment":"zqdw_tccd6"},{"name":"zqdw_tccd3","bone":"zqdw_tccd3","attachment":"zqdw_tccd3"},{"name":"zqdw_tccd13","bone":"zqdw_tccd13","attachment":"zqdw_tccd13"},{"name":"zqdw_tccd14","bone":"zqdw_tccd14","attachment":"zqdw_tccd14"},{"name":"zqdw_tcxd1","bone":"zqdw_tcxd1","attachment":"zqdw_tcxd1","blend":"additive"},{"name":"zqdw_tcxd2","bone":"zqdw_tcxd2","attachment":"zqdw_tcxd1","blend":"additive"},{"name":"zqdw_tcgq","bone":"zqdw_tcgq","blend":"additive"},{"name":"zqdw_tcgq2","bone":"zqdw_tcgq2","blend":"additive"}],"skins":{"default":{"zqdw_tccd1":{"zqdw_tccd1":{"x":0.1,"y":-0.81,"rotation":-154.78,"width":28,"height":25}},"zqdw_tccd10":{"zqdw_tccd10":{"x":0.42,"y":0.11,"scaleX":0.473,"scaleY":0.473,"rotation":-140.98,"width":33,"height":36}},"zqdw_tccd11":{"zqdw_tccd11":{"x":1.25,"y":-0.98,"rotation":-27.96,"width":29,"height":25}},"zqdw_tccd12":{"zqdw_tccd12":{"x":-0.9,"y":-0.08,"rotation":-5.61,"width":25,"height":31}},"zqdw_tccd13":{"zqdw_tccd13":{"x":-0.35,"y":-0.89,"rotation":-16.95,"width":22,"height":21}},"zqdw_tccd14":{"zqdw_tccd14":{"x":-0.35,"y":-0.89,"rotation":-16.95,"width":20,"height":26}},"zqdw_tccd15":{"zqdw_tccd3":{"x":-0.48,"y":-1.25,"scaleX":0.367,"scaleY":0.367,"rotation":-94.3,"width":53,"height":47}},"zqdw_tccd2":{"zqdw_tccd2":{"x":-0.9,"y":-0.08,"rotation":-5.61,"width":31,"height":28}},"zqdw_tccd3":{"zqdw_tccd3":{"x":-0.35,"y":-0.89,"rotation":-16.95,"width":53,"height":47}},"zqdw_tccd4":{"zqdw_tccd4":{"x":0.35,"y":-0.47,"rotation":-174.44,"width":22,"height":17}},"zqdw_tccd5":{"zqdw_tccd5":{"x":0.23,"y":-0.08,"rotation":-164.14,"width":19,"height":27}},"zqdw_tccd6":{"zqdw_tccd6":{"x":0.1,"y":-0.81,"rotation":-154.78,"width":16,"height":11}},"zqdw_tccd7":{"zqdw_tccd7":{"x":-0.58,"y":-0.25,"rotation":-176.46,"width":44,"height":34}},"zqdw_tccd8":{"zqdw_tccd8":{"x":-0.48,"y":-1.25,"rotation":168.69,"width":54,"height":61}},"zqdw_tccd9":{"zqdw_tccd9":{"x":-0.58,"y":-0.25,"rotation":-176.46,"width":36,"height":31}},"zqdw_tcdb1":{"zqdw_tcdb1":{"y":-201.37,"scaleX":2,"scaleY":2,"width":606,"height":203}},"zqdw_tcdb2":{"zqdw_tcdb2":{"y":-201.37,"scaleX":2,"scaleY":2,"width":613,"height":203}},"zqdw_tcggt":{"zqdw_tcggt":{"width":406,"height":187}},"zqdw_tcggt2":{"zqdw_tcggt":{"scaleX":4,"scaleY":4,"width":406,"height":187}},"zqdw_tcgq":{"zqdw_tcgq":{"scaleX":2,"scaleY":2,"width":282,"height":282}},"zqdw_tcgq2":{"zqdw_tcgq":{"scaleX":2,"scaleY":2,"width":282,"height":282}},"zqdw_tcgt1":{"zqdw_tcgt":{"x":84,"rotation":-90,"width":48,"height":168}},"zqdw_tcgt10":{"zqdw_tcgt":{"x":84,"rotation":-90,"width":48,"height":168}},"zqdw_tcgt11":{"zqdw_tcgt":{"x":84,"rotation":-90,"width":48,"height":168}},"zqdw_tcgt12":{"zqdw_tcgt":{"x":84,"rotation":-90,"width":48,"height":168}},"zqdw_tcgt2":{"zqdw_tcgt":{"x":84,"rotation":-90,"width":48,"height":168}},"zqdw_tcgt3":{"zqdw_tcgt":{"x":84,"rotation":-90,"width":48,"height":168}},"zqdw_tcgt4":{"zqdw_tcgt":{"x":84,"rotation":-90,"width":48,"height":168}},"zqdw_tcgt5":{"zqdw_tcgt":{"x":84,"rotation":-90,"width":48,"height":168}},"zqdw_tcgt6":{"zqdw_tcgt":{"x":84,"rotation":-90,"width":48,"height":168}},"zqdw_tcgt7":{"zqdw_tcgt":{"x":84,"rotation":-90,"width":48,"height":168}},"zqdw_tcgt8":{"zqdw_tcgt":{"x":84,"rotation":-90,"width":48,"height":168}},"zqdw_tcgt9":{"zqdw_tcgt":{"x":84,"rotation":-90,"width":48,"height":168}},"zqdw_tcgy":{"zqdw_tcgy":{"y":-196.61,"scaleX":4,"scaleY":4,"width":93,"height":93}},"zqdw_tcksd":{"zqdw_tccd2":{"x":-0.64,"y":0.64,"rotation":-55.48,"width":31,"height":28}},"zqdw_tcksd10":{"zqdw_tcgdlizi":{"x":-0.64,"y":0.64,"rotation":-55.48,"width":64,"height":64}},"zqdw_tcksd11":{"zqdw_tcgdlizi":{"x":-0.64,"y":0.64,"rotation":-55.48,"width":64,"height":64}},"zqdw_tcksd12":{"zqdw_tcgdlizi":{"x":-0.64,"y":0.64,"rotation":-55.48,"width":64,"height":64}},"zqdw_tcksd13":{"zqdw_tcgdlizi":{"x":-0.64,"y":0.64,"rotation":-55.48,"width":64,"height":64}},"zqdw_tcksd14":{"zqdw_tcgdlizi":{"x":-0.64,"y":0.64,"rotation":-55.48,"width":64,"height":64}},"zqdw_tcksd15":{"zqdw_tcgdlizi":{"x":-0.64,"y":0.64,"rotation":-55.48,"width":64,"height":64}},"zqdw_tcksd16":{"zqdw_tcgdlizi":{"x":-0.64,"y":0.64,"rotation":-55.48,"width":64,"height":64}},"zqdw_tcksd17":{"zqdw_tcgdlizi":{"x":-0.64,"y":0.64,"rotation":-55.48,"width":64,"height":64}},"zqdw_tcksd18":{"zqdw_tcgdlizi":{"x":-0.64,"y":0.64,"rotation":-55.48,"width":64,"height":64}},"zqdw_tcksd19":{"zqdw_tccd5":{"x":-0.64,"y":0.64,"rotation":-55.48,"width":19,"height":27}},"zqdw_tcksd2":{"zqdw_tccd3":{"x":-0.64,"y":0.64,"rotation":-55.48,"width":53,"height":47}},"zqdw_tcksd3":{"zqdw_tccd10":{"x":-0.64,"y":0.64,"rotation":-55.48,"width":33,"height":36}},"zqdw_tcksd4":{"zqdw_tccd7":{"x":-0.64,"y":0.64,"rotation":-55.48,"width":44,"height":34}},"zqdw_tcksd5":{"zqdw_tccd13":{"x":-0.64,"y":0.64,"rotation":-55.48,"width":22,"height":21}},"zqdw_tcksd6":{"zqdw_tccd12":{"x":-0.64,"y":0.64,"rotation":-55.48,"width":25,"height":31}},"zqdw_tcksd7":{"zqdw_tccd9":{"x":-0.64,"y":0.64,"rotation":-55.48,"width":36,"height":31}},"zqdw_tcksd8":{"zqdw_tccd2":{"x":-0.64,"y":0.64,"rotation":-55.48,"width":31,"height":28}},"zqdw_tcksd9":{"zqdw_tccd3":{"x":-0.64,"y":0.64,"rotation":-55.48,"width":53,"height":47}},"zqdw_tctext":{"zqdw_tctext":{"width":304,"height":78}},"zqdw_tctextlg":{"zqdw_tctextlg0":{"width":162,"height":49},"zqdw_tctextlg1":{"width":162,"height":49},"zqdw_tctextlg2":{"width":162,"height":49},"zqdw_tctextlg3":{"width":162,"height":49},"zqdw_tctextlg4":{"width":162,"height":49},"zqdw_tctextlg5":{"width":162,"height":49},"zqdw_tctextlg6":{"width":162,"height":49},"zqdw_tctextlg7":{"width":162,"height":49},"zqdw_tctextlg8":{"width":162,"height":49},"zqdw_tctextlg9":{"width":162,"height":49},"zqdw_tctextlg10":{"width":162,"height":49},"zqdw_tctextlg11":{"width":162,"height":49},"zqdw_tctextlg12":{"width":162,"height":49},"zqdw_tctextlg13":{"width":162,"height":49},"zqdw_tctextlg14":{"width":162,"height":49},"zqdw_tctextlg15":{"width":162,"height":49},"zqdw_tctextlg16":{"width":162,"height":49},"zqdw_tctextlg17":{"width":162,"height":49},"zqdw_tctextlg18":{"width":162,"height":49},"zqdw_tctextlg19":{"width":162,"height":49},"zqdw_tctextlg20":{"width":162,"height":49},"zqdw_tctextlg21":{"width":162,"height":49},"zqdw_tctextlg22":{"width":162,"height":49},"zqdw_tctextlg23":{"width":162,"height":49},"zqdw_tctextlg24":{"width":162,"height":49},"zqdw_tctextlg25":{"width":162,"height":49},"zqdw_tctextlg26":{"width":162,"height":49},"zqdw_tctextlg27":{"width":162,"height":49},"zqdw_tctextlg28":{"width":162,"height":49},"zqdw_tctextlg29":{"width":162,"height":49},"zqdw_tctextlg30":{"width":162,"height":49},"zqdw_tctextlg31":{"width":162,"height":49},"zqdw_tctextlg32":{"width":162,"height":49},"zqdw_tctextlg33":{"width":162,"height":49}},"zqdw_tcxd1":{"zqdw_tcxd1":{"x":0.34,"y":-0.32,"rotation":-38.85,"width":79,"height":78}},"zqdw_tcxd2":{"zqdw_tcxd1":{"x":0.34,"y":-0.32,"rotation":-38.85,"width":79,"height":78}}},"zqdw_tcwp1":{"zqdw_tcwp":{"zqdw_tcwp":{"name":"zqdw_tcwp1","width":170,"height":167}},"zqdw_tcwp2":{"zqdw_tcwp":{"name":"zqdw_tcwp1","width":170,"height":167}}},"zqdw_tcwp2":{"zqdw_tcwp":{"zqdw_tcwp":{"name":"zqdw_tcwp2","x":-10.7,"y":23.4,"width":203,"height":215}},"zqdw_tcwp2":{"zqdw_tcwp":{"name":"zqdw_tcwp2","x":-10.7,"y":23.4,"width":203,"height":215}}},"zqdw_tcwp3":{"zqdw_tcwp":{"zqdw_tcwp":{"name":"zqdw_tcwp3","x":-17.98,"y":23.4,"width":261,"height":203}},"zqdw_tcwp2":{"zqdw_tcwp":{"name":"zqdw_tcwp3","x":-17.98,"y":23.4,"width":261,"height":203}}}},"animations":{"idle":{"slots":{"zqdw_tccd1":{"color":[{"time":0,"color":"ffffff00","curve":"stepped"},{"time":0.8,"color":"ffffff00","curve":[0.25,0,0.75,1]},{"time":1.7667,"color":"fffffffe","curve":[0.25,0,0.75,1]},{"time":3.2,"color":"ffffff00","curve":"stepped"},{"time":4.8,"color":"ffffff00"}]},"zqdw_tccd2":{"color":[{"time":0,"color":"ffffff00"},{"time":2.3667,"color":"fffffffe"},{"time":4.7667,"color":"ffffff00","curve":"stepped"},{"time":4.8,"color":"ffffff00"}]},"zqdw_tccd3":{"color":[{"time":0,"color":"ffffff00","curve":"stepped"},{"time":1.3333,"color":"ffffff00","curve":[0.25,0,0.75,1]},{"time":2.0333,"color":"fffffffe","curve":[0.25,0,0.75,1]},{"time":3,"color":"ffffff00","curve":"stepped"},{"time":4.8,"color":"ffffff00"}]},"zqdw_tccd4":{"color":[{"time":0,"color":"fffffffe","curve":[0.25,0,0.75,1]},{"time":1.3333,"color":"ffffff00","curve":"stepped"},{"time":4,"color":"ffffff00","curve":[0.25,0,0.75,1]},{"time":4.8,"color":"fffffffe"}]},"zqdw_tccd5":{"color":[{"time":0,"color":"ffffff00","curve":"stepped"},{"time":2.3333,"color":"ffffff00","curve":[0.25,0,0.75,1]},{"time":3.1333,"color":"fffffffe","curve":[0.25,0,0.75,1]},{"time":4.7333,"color":"ffffff00","curve":"stepped"},{"time":4.8,"color":"ffffff00"}]},"zqdw_tccd6":{"color":[{"time":0,"color":"ffffff00","curve":"stepped"},{"time":3.1333,"color":"ffffff00","curve":[0.25,0,0.75,1]},{"time":4.1333,"color":"fffffffe","curve":[0.25,0,0.75,1]},{"time":4.7667,"color":"ffffff00","curve":"stepped"},{"time":4.8,"color":"ffffff00"}]},"zqdw_tccd7":{"color":[{"time":0,"color":"ffffff00","curve":"stepped"},{"time":0.3333,"color":"ffffff00","curve":[0.25,0,0.75,1]},{"time":0.7333,"color":"fffffffe","curve":[0.25,0,0.75,1]},{"time":1.5333,"color":"ffffff00","curve":"stepped"},{"time":2.4,"color":"ffffff00","curve":"stepped"},{"time":4.8,"color":"ffffff00"}]},"zqdw_tccd8":{"color":[{"time":0,"color":"ffffff00","curve":"stepped"},{"time":1.4667,"color":"ffffff00","curve":[0.25,0,0.75,1]},{"time":1.9667,"color":"fffffffe","curve":[0.25,0,0.75,1]},{"time":3.1333,"color":"ffffff00","curve":"stepped"},{"time":4.8,"color":"ffffff00"}]},"zqdw_tccd9":{"color":[{"time":0,"color":"fffffffe","curve":[0.25,0,0.75,1]},{"time":2.1333,"color":"ffffff00","curve":"stepped"},{"time":4.1,"color":"ffffff00","curve":[0.25,0,0.75,1]},{"time":4.8,"color":"fffffffe"}]},"zqdw_tccd10":{"color":[{"time":0,"color":"ffffff62","curve":[0.25,0,0.75,1]},{"time":0.4667,"color":"fffffffe","curve":[0.25,0,0.75,1]},{"time":2.0667,"color":"ffffff00","curve":"stepped"},{"time":4.4667,"color":"ffffff00","curve":[0.25,0,0.75,1]},{"time":4.8,"color":"ffffff62"}]},"zqdw_tccd11":{"color":[{"time":0,"color":"ffffff00","curve":[0.256,0,0.619,0.46]},{"time":1,"color":"fffffffe","curve":[0.365,0.45,0.754,1]},{"time":2,"color":"ffffff00","curve":"stepped"},{"time":2.4,"color":"ffffff00","curve":"stepped"},{"time":4.8,"color":"ffffff00"}]},"zqdw_tccd12":{"color":[{"time":0,"color":"fffffffe"},{"time":2.4,"color":"ffffff00","curve":"stepped"},{"time":2.4333,"color":"ffffff00"},{"time":4.8,"color":"fffffffe"}]},"zqdw_tccd13":{"color":[{"time":0,"color":"ffffff00","curve":[0.25,0,0.75,1]},{"time":0.6667,"color":"fffffffe","curve":[0.25,0,0.75,1]},{"time":1.6667,"color":"ffffff00","curve":"stepped"},{"time":2.4,"color":"ffffff00","curve":"stepped"},{"time":4.8,"color":"ffffff00"}]},"zqdw_tccd14":{"color":[{"time":0,"color":"ffffff00","curve":"stepped"},{"time":0.3333,"color":"ffffff00","curve":[0.25,0,0.75,1]},{"time":1.1667,"color":"fffffffe","curve":[0.25,0,0.75,1]},{"time":2.5,"color":"ffffff00","curve":"stepped"},{"time":4.8,"color":"ffffff00"}]},"zqdw_tccd15":{"color":[{"time":0,"color":"ffffff00","curve":"stepped"},{"time":0.5,"color":"ffffff00","curve":[0.25,0,0.75,1]},{"time":1.3,"color":"fffffffe","curve":[0.25,0,0.75,1]},{"time":3,"color":"ffffff00","curve":"stepped"},{"time":4.8,"color":"ffffff00"}]},"zqdw_tcdb1":{"color":[{"time":0,"color":"fffffffe","curve":"stepped"},{"time":2.4,"color":"fffffffe","curve":"stepped"},{"time":4.8,"color":"fffffffe"}]},"zqdw_tcdb2":{"color":[{"time":0,"color":"fffffffe","curve":"stepped"},{"time":2.4,"color":"fffffffe","curve":"stepped"},{"time":4.8,"color":"fffffffe"}]},"zqdw_tcggt":{"color":[{"time":0,"color":"fffffffe","curve":"stepped"},{"time":4.8,"color":"fffffffe"}]},"zqdw_tcggt2":{"color":[{"time":0,"color":"fffffffe","curve":"stepped"},{"time":4.8,"color":"fffffffe"}]},"zqdw_tcgq":{"color":[{"time":0,"color":"fffffffe","curve":"stepped"},{"time":4.8,"color":"fffffffe"}],"attachment":[{"time":0,"name":null},{"time":4.8,"name":null}]},"zqdw_tcgq2":{"color":[{"time":0,"color":"fffffffe","curve":"stepped"},{"time":4.8,"color":"fffffffe"}],"attachment":[{"time":0,"name":null},{"time":4.8,"name":null}]},"zqdw_tcgt1":{"color":[{"time":0,"color":"ffffff4a","curve":"stepped"},{"time":2.4,"color":"ffffff4a","curve":"stepped"},{"time":4.8,"color":"ffffff4a"}]},"zqdw_tcgt2":{"color":[{"time":0,"color":"ffffff4a","curve":"stepped"},{"time":2.4,"color":"ffffff4a","curve":"stepped"},{"time":4.8,"color":"ffffff4a"}]},"zqdw_tcgt3":{"color":[{"time":0,"color":"ffffff4a","curve":"stepped"},{"time":2.4,"color":"ffffff4a","curve":"stepped"},{"time":4.8,"color":"ffffff4a"}]},"zqdw_tcgt4":{"color":[{"time":0,"color":"ffffff4a","curve":"stepped"},{"time":2.4,"color":"ffffff4a","curve":"stepped"},{"time":4.8,"color":"ffffff4a"}]},"zqdw_tcgt5":{"color":[{"time":0,"color":"ffffff4a","curve":"stepped"},{"time":2.4,"color":"ffffff4a","curve":"stepped"},{"time":4.8,"color":"ffffff4a"}]},"zqdw_tcgt6":{"color":[{"time":0,"color":"ffffff4a","curve":"stepped"},{"time":2.4,"color":"ffffff4a","curve":"stepped"},{"time":4.8,"color":"ffffff4a"}]},"zqdw_tcgt7":{"color":[{"time":0,"color":"ffffff4a","curve":"stepped"},{"time":2.4,"color":"ffffff4a","curve":"stepped"},{"time":4.8,"color":"ffffff4a"}]},"zqdw_tcgt8":{"color":[{"time":0,"color":"ffffff4a","curve":"stepped"},{"time":2.4,"color":"ffffff4a","curve":"stepped"},{"time":4.8,"color":"ffffff4a"}]},"zqdw_tcgt9":{"color":[{"time":0,"color":"ffffff4a","curve":"stepped"},{"time":2.4,"color":"ffffff4a","curve":"stepped"},{"time":4.8,"color":"ffffff4a"}]},"zqdw_tcgt10":{"color":[{"time":0,"color":"ffffff4a","curve":"stepped"},{"time":2.4,"color":"ffffff4a","curve":"stepped"},{"time":4.8,"color":"ffffff4a"}]},"zqdw_tcgt11":{"color":[{"time":0,"color":"ffffff4a","curve":"stepped"},{"time":2.4,"color":"ffffff4a","curve":"stepped"},{"time":4.8,"color":"ffffff4a"}]},"zqdw_tcgt12":{"color":[{"time":0,"color":"ffffff4a","curve":"stepped"},{"time":2.4,"color":"ffffff4a","curve":"stepped"},{"time":4.8,"color":"ffffff4a"}]},"zqdw_tcgy":{"color":[{"time":0,"color":"ffffff80","curve":[0.25,0,0.75,1]},{"time":1.2,"color":"ffffff4a","curve":[0.25,0,0.75,1]},{"time":2.4,"color":"ffffff80","curve":[0.25,0,0.75,1]},{"time":3.6,"color":"ffffff4a","curve":[0.25,0,0.75,1]},{"time":4.8,"color":"ffffff80"}]},"zqdw_tcksd":{"color":[{"time":0,"color":"ffffff00"},{"time":2.3667,"color":"fffffffe"},{"time":4.7667,"color":"ffffff00","curve":"stepped"},{"time":4.8,"color":"ffffff00"}],"attachment":[{"time":0,"name":null},{"time":4.8,"name":null}]},"zqdw_tcksd2":{"color":[{"time":0,"color":"ffffff00"},{"time":2.3667,"color":"fffffffe"},{"time":4.7667,"color":"ffffff00","curve":"stepped"},{"time":4.8,"color":"ffffff00"}],"attachment":[{"time":0,"name":null},{"time":4.8,"name":null}]},"zqdw_tcksd3":{"color":[{"time":0,"color":"ffffff00"},{"time":2.3667,"color":"fffffffe"},{"time":4.7667,"color":"ffffff00","curve":"stepped"},{"time":4.8,"color":"ffffff00"}],"attachment":[{"time":0,"name":null},{"time":4.8,"name":null}]},"zqdw_tcksd4":{"color":[{"time":0,"color":"ffffff00"},{"time":2.3667,"color":"fffffffe"},{"time":4.7667,"color":"ffffff00","curve":"stepped"},{"time":4.8,"color":"ffffff00"}],"attachment":[{"time":0,"name":null},{"time":4.8,"name":null}]},"zqdw_tcksd5":{"color":[{"time":0,"color":"ffffff00"},{"time":2.3667,"color":"fffffffe"},{"time":4.7667,"color":"ffffff00","curve":"stepped"},{"time":4.8,"color":"ffffff00"}],"attachment":[{"time":0,"name":null},{"time":4.8,"name":null}]},"zqdw_tcksd6":{"color":[{"time":0,"color":"ffffff00"},{"time":2.3667,"color":"fffffffe"},{"time":4.7667,"color":"ffffff00","curve":"stepped"},{"time":4.8,"color":"ffffff00"}],"attachment":[{"time":0,"name":null},{"time":4.8,"name":null}]},"zqdw_tcksd7":{"color":[{"time":0,"color":"ffffff00"},{"time":2.3667,"color":"fffffffe"},{"time":4.7667,"color":"ffffff00","curve":"stepped"},{"time":4.8,"color":"ffffff00"}],"attachment":[{"time":0,"name":null},{"time":4.8,"name":null}]},"zqdw_tcksd8":{"color":[{"time":0,"color":"ffffff00"},{"time":2.3667,"color":"fffffffe"},{"time":4.7667,"color":"ffffff00","curve":"stepped"},{"time":4.8,"color":"ffffff00"}],"attachment":[{"time":0,"name":null},{"time":4.8,"name":null}]},"zqdw_tcksd9":{"color":[{"time":0,"color":"ffffff00"},{"time":2.3667,"color":"fffffffe"},{"time":4.7667,"color":"ffffff00","curve":"stepped"},{"time":4.8,"color":"ffffff00"}],"attachment":[{"time":0,"name":null},{"time":4.8,"name":null}]},"zqdw_tcksd10":{"color":[{"time":0,"color":"ffffff00"},{"time":2.3667,"color":"fffffffe"},{"time":4.7667,"color":"ffffff00","curve":"stepped"},{"time":4.8,"color":"ffffff00"}],"attachment":[{"time":0,"name":null},{"time":4.8,"name":null}]},"zqdw_tcksd11":{"color":[{"time":0,"color":"ffffff00"},{"time":2.3667,"color":"fffffffe"},{"time":4.7667,"color":"ffffff00","curve":"stepped"},{"time":4.8,"color":"ffffff00"}],"attachment":[{"time":0,"name":null},{"time":4.8,"name":null}]},"zqdw_tcksd12":{"color":[{"time":0,"color":"ffffff00"},{"time":2.3667,"color":"fffffffe"},{"time":4.7667,"color":"ffffff00","curve":"stepped"},{"time":4.8,"color":"ffffff00"}],"attachment":[{"time":0,"name":null},{"time":4.8,"name":null}]},"zqdw_tcksd13":{"color":[{"time":0,"color":"ffffff00"},{"time":2.3667,"color":"fffffffe"},{"time":4.7667,"color":"ffffff00","curve":"stepped"},{"time":4.8,"color":"ffffff00"}],"attachment":[{"time":0,"name":null},{"time":4.8,"name":null}]},"zqdw_tcksd14":{"color":[{"time":0,"color":"ffffff00"},{"time":2.3667,"color":"fffffffe"},{"time":4.7667,"color":"ffffff00","curve":"stepped"},{"time":4.8,"color":"ffffff00"}],"attachment":[{"time":0,"name":null},{"time":4.8,"name":null}]},"zqdw_tcksd15":{"color":[{"time":0,"color":"ffffff00"},{"time":2.3667,"color":"fffffffe"},{"time":4.7667,"color":"ffffff00","curve":"stepped"},{"time":4.8,"color":"ffffff00"}],"attachment":[{"time":0,"name":null},{"time":4.8,"name":null}]},"zqdw_tcksd16":{"color":[{"time":0,"color":"ffffff00"},{"time":2.3667,"color":"fffffffe"},{"time":4.7667,"color":"ffffff00","curve":"stepped"},{"time":4.8,"color":"ffffff00"}],"attachment":[{"time":0,"name":null},{"time":4.8,"name":null}]},"zqdw_tcksd17":{"color":[{"time":0,"color":"ffffff00"},{"time":2.3667,"color":"fffffffe"},{"time":4.7667,"color":"ffffff00","curve":"stepped"},{"time":4.8,"color":"ffffff00"}],"attachment":[{"time":0,"name":null},{"time":4.8,"name":null}]},"zqdw_tcksd18":{"color":[{"time":0,"color":"ffffff00"},{"time":2.3667,"color":"fffffffe"},{"time":4.7667,"color":"ffffff00","curve":"stepped"},{"time":4.8,"color":"ffffff00"}],"attachment":[{"time":0,"name":null},{"time":4.8,"name":null}]},"zqdw_tcksd19":{"color":[{"time":0,"color":"ffffff00"},{"time":2.3667,"color":"fffffffe"},{"time":4.7667,"color":"ffffff00","curve":"stepped"},{"time":4.8,"color":"ffffff00"}],"attachment":[{"time":0,"name":null},{"time":4.8,"name":null}]},"zqdw_tctext":{"color":[{"time":0,"color":"fffffffe","curve":"stepped"},{"time":2.4,"color":"fffffffe","curve":"stepped"},{"time":4.8,"color":"fffffffe"}]},"zqdw_tctextlg":{"color":[{"time":0,"color":"fffffffe","curve":"stepped"},{"time":2.4,"color":"fffffffe","curve":"stepped"},{"time":4.8,"color":"fffffffe"}],"attachment":[{"time":0,"name":"zqdw_tctextlg0"},{"time":0.0667,"name":"zqdw_tctextlg1"},{"time":0.1333,"name":"zqdw_tctextlg2"},{"time":0.2,"name":"zqdw_tctextlg3"},{"time":0.2667,"name":"zqdw_tctextlg4"},{"time":0.3333,"name":"zqdw_tctextlg5"},{"time":0.4,"name":"zqdw_tctextlg6"},{"time":0.4667,"name":"zqdw_tctextlg7"},{"time":0.5333,"name":"zqdw_tctextlg8"},{"time":0.6,"name":"zqdw_tctextlg9"},{"time":0.6667,"name":"zqdw_tctextlg10"},{"time":0.7333,"name":"zqdw_tctextlg11"},{"time":0.8,"name":"zqdw_tctextlg12"},{"time":0.8667,"name":"zqdw_tctextlg13"},{"time":0.9333,"name":"zqdw_tctextlg14"},{"time":1,"name":"zqdw_tctextlg15"},{"time":1.0667,"name":"zqdw_tctextlg16"},{"time":1.1333,"name":"zqdw_tctextlg17"},{"time":1.2,"name":"zqdw_tctextlg18"},{"time":1.2667,"name":"zqdw_tctextlg19"},{"time":1.3333,"name":"zqdw_tctextlg20"},{"time":1.4,"name":"zqdw_tctextlg21"},{"time":1.4667,"name":"zqdw_tctextlg22"},{"time":1.5333,"name":"zqdw_tctextlg23"},{"time":1.6,"name":"zqdw_tctextlg24"},{"time":1.6667,"name":"zqdw_tctextlg25"},{"time":1.7333,"name":"zqdw_tctextlg26"},{"time":1.8,"name":"zqdw_tctextlg27"},{"time":1.8667,"name":"zqdw_tctextlg28"},{"time":1.9333,"name":"zqdw_tctextlg29"},{"time":2,"name":"zqdw_tctextlg30"},{"time":2.0667,"name":"zqdw_tctextlg31"},{"time":2.1333,"name":"zqdw_tctextlg32"},{"time":2.2,"name":"zqdw_tctextlg33"},{"time":2.2667,"name":null},{"time":2.3333,"name":null},{"time":2.4,"name":"zqdw_tctextlg0"},{"time":2.4667,"name":"zqdw_tctextlg1"},{"time":2.5333,"name":"zqdw_tctextlg2"},{"time":2.6,"name":"zqdw_tctextlg3"},{"time":2.6667,"name":"zqdw_tctextlg4"},{"time":2.7333,"name":"zqdw_tctextlg5"},{"time":2.8,"name":"zqdw_tctextlg6"},{"time":2.8667,"name":"zqdw_tctextlg7"},{"time":2.9333,"name":"zqdw_tctextlg8"},{"time":3,"name":"zqdw_tctextlg9"},{"time":3.0667,"name":"zqdw_tctextlg10"},{"time":3.1333,"name":"zqdw_tctextlg11"},{"time":3.2,"name":"zqdw_tctextlg12"},{"time":3.2667,"name":"zqdw_tctextlg13"},{"time":3.3333,"name":"zqdw_tctextlg14"},{"time":3.4,"name":"zqdw_tctextlg15"},{"time":3.4667,"name":"zqdw_tctextlg16"},{"time":3.5333,"name":"zqdw_tctextlg17"},{"time":3.6,"name":"zqdw_tctextlg18"},{"time":3.6667,"name":"zqdw_tctextlg19"},{"time":3.7333,"name":"zqdw_tctextlg20"},{"time":3.8,"name":"zqdw_tctextlg21"},{"time":3.8667,"name":"zqdw_tctextlg22"},{"time":3.9333,"name":"zqdw_tctextlg23"},{"time":4,"name":"zqdw_tctextlg24"},{"time":4.0667,"name":"zqdw_tctextlg25"},{"time":4.1333,"name":"zqdw_tctextlg26"},{"time":4.2,"name":"zqdw_tctextlg27"},{"time":4.2667,"name":"zqdw_tctextlg28"},{"time":4.3333,"name":"zqdw_tctextlg29"},{"time":4.4,"name":"zqdw_tctextlg30"},{"time":4.4667,"name":"zqdw_tctextlg31"},{"time":4.5333,"name":"zqdw_tctextlg32"},{"time":4.6,"name":"zqdw_tctextlg33"},{"time":4.6667,"name":null},{"time":4.7333,"name":null},{"time":4.8,"name":"zqdw_tctextlg0"}]},"zqdw_tcwp":{"color":[{"time":0,"color":"fffffffe","curve":"stepped"},{"time":2.4,"color":"fffffffe","curve":"stepped"},{"time":4.8,"color":"fffffffe"}]},"zqdw_tcwp2":{"color":[{"time":0,"color":"ffffff00","curve":[0.25,0,0.75,1]},{"time":1.2,"color":"ffffff22","curve":[0.25,0,0.75,1]},{"time":2.4,"color":"ffffff00","curve":[0.25,0,0.75,1]},{"time":3.6,"color":"ffffff22","curve":[0.25,0,0.75,1]},{"time":4.8,"color":"ffffff00"}],"attachment":[{"time":0,"name":"zqdw_tcwp"},{"time":4.8,"name":null}]},"zqdw_tcxd1":{"color":[{"time":0,"color":"ffffff00","curve":[0.082,0.68,0.447,1]},{"time":0.6,"color":"fffffffe","curve":[0.25,0,0.75,1]},{"time":2.4,"color":"ffffff00","curve":[0.082,0.68,0.447,1]},{"time":3,"color":"fffffffe","curve":[0.25,0,0.75,1]},{"time":4.8,"color":"ffffff00"}]},"zqdw_tcxd2":{"color":[{"time":0,"color":"ffffff6c","curve":[0.25,0,0.75,1]},{"time":0.8,"color":"ffffff00","curve":[0.25,0,0.75,1]},{"time":1.4,"color":"fffffffe","curve":[0.25,0,0.75,1]},{"time":2.4,"color":"ffffff6c","curve":[0.25,0,0.75,1]},{"time":3.2,"color":"ffffff00","curve":[0.25,0,0.75,1]},{"time":3.8,"color":"fffffffe","curve":[0.25,0,0.75,1]},{"time":4.8,"color":"ffffff6c"}]}},"bones":{"zqdw_tctext":{"rotate":[{"time":0,"angle":0,"curve":"stepped"},{"time":2.4,"angle":0,"curve":"stepped"},{"time":4.8,"angle":0}],"translate":[{"time":0,"x":0,"y":0,"curve":"stepped"},{"time":2.4,"x":0,"y":0,"curve":"stepped"},{"time":4.8,"x":0,"y":0}],"scale":[{"time":0,"x":1,"y":1,"curve":"stepped"},{"time":2.4,"x":1,"y":1,"curve":"stepped"},{"time":4.8,"x":1,"y":1}]},"zqdw_tccd11":{"rotate":[{"time":0,"angle":0,"curve":[0.25,0,0.75,1]},{"time":2,"angle":133.1,"curve":[0.25,0,0.75,1]},{"time":2.4,"angle":0}],"translate":[{"time":0,"x":1.31,"y":1.31,"curve":[0.25,0,0.75,1]},{"time":2,"x":1.31,"y":-246.66,"curve":[0.381,0.54,0.744,1]},{"time":2.4,"x":1.31,"y":1.31}],"scale":[{"time":0,"x":1,"y":1,"curve":"stepped"},{"time":2,"x":1,"y":1,"curve":"stepped"},{"time":2.4,"x":1,"y":1}]},"zqdw_tccd10":{"rotate":[{"time":0,"angle":0,"curve":"stepped"},{"time":2.0667,"angle":0,"curve":"stepped"},{"time":4.4667,"angle":0}],"translate":[{"time":0,"x":0,"y":-15.02,"curve":[0.25,0,0.75,1]},{"time":2.0667,"x":0,"y":-202.99,"curve":[0.25,0,0.75,1]},{"time":4.4667,"x":0,"y":0,"curve":[0.25,0,0.75,1]},{"time":4.8,"x":0,"y":-15.02}],"scale":[{"time":0,"x":1,"y":1,"curve":"stepped"},{"time":2.0667,"x":1,"y":1,"curve":"stepped"},{"time":4.4667,"x":1,"y":1}]},"zqdw_tccd3":{"rotate":[{"time":0,"angle":0,"curve":"stepped"},{"time":1.3333,"angle":0,"curve":"stepped"},{"time":3,"angle":0}],"translate":[{"time":0,"x":1.29,"y":0.39,"curve":"stepped"},{"time":1.3333,"x":1.29,"y":0.39,"curve":[0.25,0,0.75,1]},{"time":3,"x":1.29,"y":-229.12}],"scale":[{"time":0,"x":1,"y":1,"curve":"stepped"},{"time":1.3333,"x":1,"y":1,"curve":"stepped"},{"time":3,"x":1,"y":1}]},"zqdw_tccd12":{"rotate":[{"time":0,"angle":-30,"curve":[0.25,0,0.75,1]},{"time":2.4,"angle":-75,"curve":"stepped"},{"time":2.4333,"angle":0},{"time":4.8,"angle":-30}],"translate":[{"time":0,"x":2.36,"y":-22.4},{"time":2.4,"x":2.36,"y":-239.59,"curve":"stepped"},{"time":2.4333,"x":2.36,"y":123.44},{"time":4.8,"x":2.36,"y":-22.4}],"scale":[{"time":0,"x":1,"y":1,"curve":"stepped"},{"time":2.4,"x":1,"y":1,"curve":"stepped"},{"time":4.8,"x":1,"y":1}]},"zqdw_tccd4":{"rotate":[{"time":0,"angle":0,"curve":"stepped"},{"time":1.3333,"angle":0,"curve":"stepped"},{"time":4,"angle":0}],"translate":[{"time":0,"x":-1.34,"y":-68.5,"curve":[0.303,0.23,0.646,0.59]},{"time":1.3333,"x":-1.34,"y":-283.9,"curve":"stepped"},{"time":4,"x":-1.34,"y":0.13,"curve":[0.292,0,0.63,0.37]},{"time":4.8,"x":-1.34,"y":-68.5}],"scale":[{"time":0,"x":1,"y":1,"curve":"stepped"},{"time":1.3333,"x":1,"y":1,"curve":"stepped"},{"time":4,"x":1,"y":1}]},"zqdw_tccd1":{"rotate":[{"time":0,"angle":0,"curve":"stepped"},{"time":0.8,"angle":0,"curve":"stepped"},{"time":3.2,"angle":0}],"translate":[{"time":0,"x":-0.52,"y":0.24,"curve":"stepped"},{"time":0.8,"x":-0.52,"y":0.24,"curve":[0.25,0,0.75,1]},{"time":3.2,"x":-0.52,"y":-228.42}],"scale":[{"time":0,"x":1,"y":1,"curve":"stepped"},{"time":0.8,"x":1,"y":1,"curve":"stepped"},{"time":3.2,"x":1,"y":1}]},"zqdw_tccd7":{"rotate":[{"time":0,"angle":0,"curve":"stepped"},{"time":0.3333,"angle":0,"curve":"stepped"},{"time":1.5333,"angle":0,"curve":"stepped"},{"time":2.4,"angle":0}],"translate":[{"time":0,"x":0,"y":0,"curve":"stepped"},{"time":0.3333,"x":0,"y":0,"curve":[0.25,0,0.75,1]},{"time":1.5333,"x":0,"y":-244.18,"curve":[0.25,0,0.75,1]},{"time":2.4,"x":0,"y":0}],"scale":[{"time":0,"x":1,"y":1,"curve":"stepped"},{"time":0.3333,"x":1,"y":1,"curve":[0.25,0,0.75,1]},{"time":1.5333,"x":0.75,"y":0.75,"curve":[0.25,0,0.75,1]},{"time":2.4,"x":1,"y":1}]},"zqdw_tccd5":{"rotate":[{"time":0,"angle":0,"curve":"stepped"},{"time":2.3333,"angle":0,"curve":"stepped"},{"time":4.7333,"angle":0}],"translate":[{"time":0,"x":-0.96,"y":0.52,"curve":"stepped"},{"time":2.3333,"x":-0.96,"y":0.52,"curve":[0.25,0,0.75,1]},{"time":4.7333,"x":-0.96,"y":-243.68}],"scale":[{"time":0,"x":1,"y":1,"curve":"stepped"},{"time":2.3333,"x":1,"y":1,"curve":"stepped"},{"time":4.7333,"x":1,"y":1}]},"zqdw_tccd8":{"rotate":[{"time":0,"angle":0,"curve":"stepped"},{"time":1.4667,"angle":0,"curve":"stepped"},{"time":3.1333,"angle":0}],"translate":[{"time":0,"x":-1.45,"y":-0.36,"curve":"stepped"},{"time":1.4667,"x":-1.45,"y":-0.36,"curve":[0.25,0,0.75,1]},{"time":3.1333,"x":-1.45,"y":-224.92}],"scale":[{"time":0,"x":1,"y":1,"curve":"stepped"},{"time":1.4667,"x":1,"y":1,"curve":[0.25,0,0.75,1]},{"time":3.1333,"x":0.5,"y":0.5}]},"zqdw_tcwp":{"rotate":[{"time":0,"angle":0,"curve":"stepped"},{"time":2.4,"angle":0,"curve":"stepped"},{"time":4.8,"angle":0}],"translate":[{"time":0,"x":0,"y":0,"curve":"stepped"},{"time":2.4,"x":0,"y":0,"curve":"stepped"},{"time":4.8,"x":0,"y":0}],"scale":[{"time":0,"x":1,"y":1,"curve":"stepped"},{"time":2.4,"x":1,"y":1,"curve":"stepped"},{"time":4.8,"x":1,"y":1}]},"zqdw_tcmn1":{"rotate":[{"time":0,"angle":0,"curve":"stepped"},{"time":2.4,"angle":0,"curve":"stepped"},{"time":4.8,"angle":0}],"translate":[{"time":0,"x":0,"y":0,"curve":"stepped"},{"time":2.4,"x":0,"y":0,"curve":"stepped"},{"time":4.8,"x":0,"y":0}],"scale":[{"time":0,"x":1,"y":1,"curve":"stepped"},{"time":2.4,"x":1,"y":1,"curve":"stepped"},{"time":4.8,"x":1,"y":1}]},"zqdw_tcnumber":{"rotate":[{"time":0,"angle":0,"curve":"stepped"},{"time":2.4,"angle":0,"curve":"stepped"},{"time":4.8,"angle":0}],"translate":[{"time":0,"x":0,"y":0,"curve":"stepped"},{"time":2.4,"x":0,"y":0,"curve":"stepped"},{"time":4.8,"x":0,"y":0}],"scale":[{"time":0,"x":1,"y":1,"curve":"stepped"},{"time":2.4,"x":1,"y":1,"curve":"stepped"},{"time":4.8,"x":1,"y":1}]},"zqdw_tcdb":{"rotate":[{"time":0,"angle":0,"curve":"stepped"},{"time":2.4,"angle":0,"curve":"stepped"},{"time":4.8,"angle":0}],"translate":[{"time":0,"x":0,"y":0,"curve":"stepped"},{"time":4.8,"x":0,"y":0}],"scale":[{"time":0,"x":1,"y":1,"curve":"stepped"},{"time":2.4,"x":1,"y":1,"curve":"stepped"},{"time":4.8,"x":1,"y":1}]},"zqdw_tcgt":{"rotate":[{"time":0,"angle":0},{"time":2.3667,"angle":-88.75,"curve":"stepped"},{"time":2.4,"angle":0},{"time":4.8,"angle":-90}],"translate":[{"time":0,"x":0,"y":0,"curve":"stepped"},{"time":2.4,"x":0,"y":0,"curve":"stepped"},{"time":4.8,"x":0,"y":0}],"scale":[{"time":0,"x":1,"y":1,"curve":"stepped"},{"time":2.4,"x":1,"y":1,"curve":"stepped"},{"time":4.8,"x":1,"y":1}]},"zqdw_tctextdb":{"rotate":[{"time":0,"angle":0,"curve":"stepped"},{"time":2.4,"angle":0,"curve":"stepped"},{"time":4.8,"angle":0}],"translate":[{"time":0,"x":0,"y":0,"curve":"stepped"},{"time":2.4,"x":0,"y":0,"curve":"stepped"},{"time":4.8,"x":0,"y":0}],"scale":[{"time":0,"x":1,"y":1,"curve":"stepped"},{"time":2.4,"x":1,"y":1,"curve":"stepped"},{"time":4.8,"x":1,"y":1}]},"zqdw_tc":{"rotate":[{"time":0,"angle":0,"curve":"stepped"},{"time":2.4,"angle":0,"curve":"stepped"},{"time":4.8,"angle":0}],"translate":[{"time":0,"x":0,"y":0,"curve":"stepped"},{"time":2.4,"x":0,"y":0,"curve":"stepped"},{"time":4.8,"x":0,"y":0}],"scale":[{"time":0,"x":1,"y":1,"curve":"stepped"},{"time":2.4,"x":1,"y":1,"curve":"stepped"},{"time":4.8,"x":1,"y":1}]},"zqdw_tcmn2":{"rotate":[{"time":0,"angle":0,"curve":"stepped"},{"time":2.4,"angle":0,"curve":"stepped"},{"time":4.8,"angle":0}],"translate":[{"time":0,"x":0,"y":0,"curve":"stepped"},{"time":2.4,"x":0,"y":0,"curve":"stepped"},{"time":4.8,"x":0,"y":0}],"scale":[{"time":0,"x":1,"y":1,"curve":"stepped"},{"time":2.4,"x":1,"y":1,"curve":"stepped"},{"time":4.8,"x":1,"y":1}]},"zqdw_tccd13":{"rotate":[{"time":0,"angle":0,"curve":"stepped"},{"time":1.6667,"angle":0,"curve":"stepped"},{"time":2.4,"angle":0}],"translate":[{"time":0,"x":1.29,"y":0.39,"curve":[0.25,0,0.75,1]},{"time":1.6667,"x":1.29,"y":-395.37,"curve":[0.382,0.57,0.735,1]},{"time":2.4,"x":1.29,"y":0.39}],"scale":[{"time":0,"x":1,"y":1,"curve":"stepped"},{"time":1.6667,"x":1,"y":1,"curve":"stepped"},{"time":2.4,"x":1,"y":1}]},"zqdw_tccd14":{"rotate":[{"time":0,"angle":0,"curve":"stepped"},{"time":0.3333,"angle":0,"curve":"stepped"},{"time":2.5,"angle":0}],"translate":[{"time":0,"x":1.29,"y":0.39,"curve":"stepped"},{"time":0.3333,"x":1.29,"y":0.39,"curve":[0.25,0,0.75,1]},{"time":2.5,"x":1.29,"y":-177.92}],"scale":[{"time":0,"x":1,"y":1,"curve":"stepped"},{"time":0.3333,"x":1,"y":1,"curve":[0.25,0,0.75,1]},{"time":2.5,"x":1.36,"y":1.36}]},"zqdw_tccd6":{"rotate":[{"time":0,"angle":0,"curve":"stepped"},{"time":3.1333,"angle":0,"curve":"stepped"},{"time":4.7667,"angle":0}],"translate":[{"time":0,"x":-0.52,"y":0.24,"curve":"stepped"},{"time":3.1333,"x":-0.52,"y":0.24,"curve":[0.25,0,0.75,1]},{"time":4.7667,"x":-0.52,"y":-149.66}],"scale":[{"time":0,"x":1,"y":1,"curve":"stepped"},{"time":3.1333,"x":1,"y":1,"curve":"stepped"},{"time":4.7667,"x":1,"y":1}]},"zqdw_tccd9":{"rotate":[{"time":0,"angle":0,"curve":"stepped"},{"time":2.1333,"angle":0,"curve":"stepped"},{"time":4.1,"angle":0}],"translate":[{"time":0,"x":-2.51,"y":-40.18,"curve":[0.333,0.33,0.758,1]},{"time":2.1333,"x":-13.59,"y":-217.84,"curve":"stepped"},{"time":4.1,"x":0,"y":0,"curve":[0.276,0,0.621,0.4]},{"time":4.8,"x":-2.51,"y":-40.18}],"scale":[{"time":0,"x":1,"y":1,"curve":"stepped"},{"time":2.1333,"x":1,"y":1,"curve":"stepped"},{"time":4.1,"x":1,"y":1}]},"zqdw_tcgt1":{"rotate":[{"time":0,"angle":0,"curve":"stepped"},{"time":2.4,"angle":0,"curve":"stepped"},{"time":4.8,"angle":0}],"translate":[{"time":0,"x":0,"y":0,"curve":"stepped"},{"time":2.4,"x":0,"y":0,"curve":"stepped"},{"time":4.8,"x":0,"y":0}],"scale":[{"time":0,"x":1,"y":1,"curve":"stepped"},{"time":2.4,"x":1,"y":1,"curve":"stepped"},{"time":4.8,"x":1,"y":1}]},"zqdw_tcgt2":{"rotate":[{"time":0,"angle":0,"curve":"stepped"},{"time":2.4,"angle":0,"curve":"stepped"},{"time":4.8,"angle":0}],"translate":[{"time":0,"x":0,"y":0,"curve":"stepped"},{"time":2.4,"x":0,"y":0,"curve":"stepped"},{"time":4.8,"x":0,"y":0}],"scale":[{"time":0,"x":1,"y":1,"curve":"stepped"},{"time":2.4,"x":1,"y":1,"curve":"stepped"},{"time":4.8,"x":1,"y":1}]},"zqdw_tcgt3":{"rotate":[{"time":0,"angle":0,"curve":"stepped"},{"time":2.4,"angle":0,"curve":"stepped"},{"time":4.8,"angle":0}],"translate":[{"time":0,"x":0,"y":0,"curve":"stepped"},{"time":2.4,"x":0,"y":0,"curve":"stepped"},{"time":4.8,"x":0,"y":0}],"scale":[{"time":0,"x":1,"y":1,"curve":"stepped"},{"time":2.4,"x":1,"y":1,"curve":"stepped"},{"time":4.8,"x":1,"y":1}]},"zqdw_tcgt4":{"rotate":[{"time":0,"angle":0,"curve":"stepped"},{"time":2.4,"angle":0,"curve":"stepped"},{"time":4.8,"angle":0}],"translate":[{"time":0,"x":0,"y":0,"curve":"stepped"},{"time":2.4,"x":0,"y":0,"curve":"stepped"},{"time":4.8,"x":0,"y":0}],"scale":[{"time":0,"x":1,"y":1,"curve":"stepped"},{"time":2.4,"x":1,"y":1,"curve":"stepped"},{"time":4.8,"x":1,"y":1}]},"zqdw_tcgt5":{"rotate":[{"time":0,"angle":0,"curve":"stepped"},{"time":2.4,"angle":0,"curve":"stepped"},{"time":4.8,"angle":0}],"translate":[{"time":0,"x":0,"y":0,"curve":"stepped"},{"time":2.4,"x":0,"y":0,"curve":"stepped"},{"time":4.8,"x":0,"y":0}],"scale":[{"time":0,"x":1,"y":1,"curve":"stepped"},{"time":2.4,"x":1,"y":1,"curve":"stepped"},{"time":4.8,"x":1,"y":1}]},"zqdw_tcgt6":{"rotate":[{"time":0,"angle":0,"curve":"stepped"},{"time":2.4,"angle":0,"curve":"stepped"},{"time":4.8,"angle":0}],"translate":[{"time":0,"x":0,"y":0,"curve":"stepped"},{"time":2.4,"x":0,"y":0,"curve":"stepped"},{"time":4.8,"x":0,"y":0}],"scale":[{"time":0,"x":1,"y":1,"curve":"stepped"},{"time":2.4,"x":1,"y":1,"curve":"stepped"},{"time":4.8,"x":1,"y":1}]},"zqdw_tcgt7":{"rotate":[{"time":0,"angle":0,"curve":"stepped"},{"time":2.4,"angle":0,"curve":"stepped"},{"time":4.8,"angle":0}],"translate":[{"time":0,"x":0,"y":0,"curve":"stepped"},{"time":2.4,"x":0,"y":0,"curve":"stepped"},{"time":4.8,"x":0,"y":0}],"scale":[{"time":0,"x":1,"y":1,"curve":"stepped"},{"time":2.4,"x":1,"y":1,"curve":"stepped"},{"time":4.8,"x":1,"y":1}]},"zqdw_tcgt8":{"rotate":[{"time":0,"angle":0,"curve":"stepped"},{"time":2.4,"angle":0,"curve":"stepped"},{"time":4.8,"angle":0}],"translate":[{"time":0,"x":0,"y":0,"curve":"stepped"},{"time":2.4,"x":0,"y":0,"curve":"stepped"},{"time":4.8,"x":0,"y":0}],"scale":[{"time":0,"x":1,"y":1,"curve":"stepped"},{"time":2.4,"x":1,"y":1,"curve":"stepped"},{"time":4.8,"x":1,"y":1}]},"zqdw_tcgt9":{"rotate":[{"time":0,"angle":0,"curve":"stepped"},{"time":2.4,"angle":0,"curve":"stepped"},{"time":4.8,"angle":0}],"translate":[{"time":0,"x":0,"y":0,"curve":"stepped"},{"time":2.4,"x":0,"y":0,"curve":"stepped"},{"time":4.8,"x":0,"y":0}],"scale":[{"time":0,"x":1,"y":1,"curve":"stepped"},{"time":2.4,"x":1,"y":1,"curve":"stepped"},{"time":4.8,"x":1,"y":1}]},"zqdw_tcgt10":{"rotate":[{"time":0,"angle":0,"curve":"stepped"},{"time":2.4,"angle":0,"curve":"stepped"},{"time":4.8,"angle":0}],"translate":[{"time":0,"x":0,"y":0,"curve":"stepped"},{"time":2.4,"x":0,"y":0,"curve":"stepped"},{"time":4.8,"x":0,"y":0}],"scale":[{"time":0,"x":1,"y":1,"curve":"stepped"},{"time":2.4,"x":1,"y":1,"curve":"stepped"},{"time":4.8,"x":1,"y":1}]},"zqdw_tcgt11":{"rotate":[{"time":0,"angle":0,"curve":"stepped"},{"time":2.4,"angle":0,"curve":"stepped"},{"time":4.8,"angle":0}],"translate":[{"time":0,"x":0,"y":0,"curve":"stepped"},{"time":2.4,"x":0,"y":0,"curve":"stepped"},{"time":4.8,"x":0,"y":0}],"scale":[{"time":0,"x":1,"y":1,"curve":"stepped"},{"time":2.4,"x":1,"y":1,"curve":"stepped"},{"time":4.8,"x":1,"y":1}]},"zqdw_tcgt12":{"rotate":[{"time":0,"angle":0,"curve":"stepped"},{"time":2.4,"angle":0,"curve":"stepped"},{"time":4.8,"angle":0}],"translate":[{"time":0,"x":0,"y":0,"curve":"stepped"},{"time":2.4,"x":0,"y":0,"curve":"stepped"},{"time":4.8,"x":0,"y":0}],"scale":[{"time":0,"x":1,"y":1,"curve":"stepped"},{"time":2.4,"x":1,"y":1,"curve":"stepped"},{"time":4.8,"x":1,"y":1}]},"hip":{"rotate":[{"time":0,"angle":0,"curve":"stepped"},{"time":2.4,"angle":0,"curve":"stepped"},{"time":4.8,"angle":0}],"translate":[{"time":0,"x":0,"y":0,"curve":"stepped"},{"time":2.4,"x":0,"y":0,"curve":"stepped"},{"time":4.8,"x":0,"y":0}],"scale":[{"time":0,"x":1,"y":1,"curve":"stepped"},{"time":2.4,"x":1,"y":1,"curve":"stepped"},{"time":4.8,"x":1,"y":1}]},"zqdw_tccd15":{"rotate":[{"time":0,"angle":0,"curve":"stepped"},{"time":0.5,"angle":0,"curve":"stepped"},{"time":3,"angle":0}],"translate":[{"time":0,"x":-1.45,"y":-0.36,"curve":"stepped"},{"time":0.5,"x":-1.45,"y":-0.36,"curve":[0.25,0,0.75,1]},{"time":3,"x":-1.45,"y":-325.14}],"scale":[{"time":0,"x":1,"y":1,"curve":"stepped"},{"time":0.5,"x":1,"y":1,"curve":"stepped"},{"time":3,"x":1,"y":1}]},"zqdw_tccd2":{"rotate":[{"time":0,"angle":0},{"time":2.3667,"angle":-30,"curve":[0.25,0,0.75,1]},{"time":4.7667,"angle":-75,"curve":"stepped"},{"time":4.8,"angle":0}],"translate":[{"time":0,"x":2.36,"y":123.44},{"time":2.3667,"x":2.36,"y":-22.4},{"time":4.7667,"x":2.36,"y":-239.59,"curve":"stepped"},{"time":4.8,"x":2.36,"y":123.44}],"scale":[{"time":2.3667,"x":1,"y":1,"curve":"stepped"},{"time":4.7667,"x":1,"y":1}]},"zqdw_tcksd":{"rotate":[{"time":0,"angle":0},{"time":2.3667,"angle":-30,"curve":[0.25,0,0.75,1]},{"time":4.7667,"angle":-75,"curve":"stepped"},{"time":4.8,"angle":0}],"translate":[{"time":0,"x":2.36,"y":123.44},{"time":2.3667,"x":2.36,"y":-22.4},{"time":4.7667,"x":2.36,"y":-239.59,"curve":"stepped"},{"time":4.8,"x":2.36,"y":123.44}],"scale":[{"time":2.3667,"x":1,"y":1,"curve":"stepped"},{"time":4.7667,"x":1,"y":1}]},"zqdw_tcksd2":{"rotate":[{"time":0,"angle":0},{"time":2.3667,"angle":-30,"curve":[0.25,0,0.75,1]},{"time":4.7667,"angle":-75,"curve":"stepped"},{"time":4.8,"angle":0}],"translate":[{"time":0,"x":2.36,"y":123.44},{"time":2.3667,"x":2.36,"y":-22.4},{"time":4.7667,"x":2.36,"y":-239.59,"curve":"stepped"},{"time":4.8,"x":2.36,"y":123.44}],"scale":[{"time":2.3667,"x":1,"y":1,"curve":"stepped"},{"time":4.7667,"x":1,"y":1}]},"zqdw_tcksd3":{"rotate":[{"time":0,"angle":0},{"time":2.3667,"angle":-30,"curve":[0.25,0,0.75,1]},{"time":4.7667,"angle":-75,"curve":"stepped"},{"time":4.8,"angle":0}],"translate":[{"time":0,"x":2.36,"y":123.44},{"time":2.3667,"x":2.36,"y":-22.4},{"time":4.7667,"x":2.36,"y":-239.59,"curve":"stepped"},{"time":4.8,"x":2.36,"y":123.44}],"scale":[{"time":2.3667,"x":1,"y":1,"curve":"stepped"},{"time":4.7667,"x":1,"y":1}]},"zqdw_tcksd4":{"rotate":[{"time":0,"angle":0},{"time":2.3667,"angle":-30,"curve":[0.25,0,0.75,1]},{"time":4.7667,"angle":-75,"curve":"stepped"},{"time":4.8,"angle":0}],"translate":[{"time":0,"x":2.36,"y":123.44},{"time":2.3667,"x":2.36,"y":-22.4},{"time":4.7667,"x":2.36,"y":-239.59,"curve":"stepped"},{"time":4.8,"x":2.36,"y":123.44}],"scale":[{"time":2.3667,"x":1,"y":1,"curve":"stepped"},{"time":4.7667,"x":1,"y":1}]},"zqdw_tcksd5":{"rotate":[{"time":0,"angle":0},{"time":2.3667,"angle":-30,"curve":[0.25,0,0.75,1]},{"time":4.7667,"angle":-75,"curve":"stepped"},{"time":4.8,"angle":0}],"translate":[{"time":0,"x":2.36,"y":123.44},{"time":2.3667,"x":2.36,"y":-22.4},{"time":4.7667,"x":2.36,"y":-239.59,"curve":"stepped"},{"time":4.8,"x":2.36,"y":123.44}],"scale":[{"time":2.3667,"x":1,"y":1,"curve":"stepped"},{"time":4.7667,"x":1,"y":1}]},"zqdw_tcksd6":{"rotate":[{"time":0,"angle":0},{"time":2.3667,"angle":-30,"curve":[0.25,0,0.75,1]},{"time":4.7667,"angle":-75,"curve":"stepped"},{"time":4.8,"angle":0}],"translate":[{"time":0,"x":2.36,"y":123.44},{"time":2.3667,"x":2.36,"y":-22.4},{"time":4.7667,"x":2.36,"y":-239.59,"curve":"stepped"},{"time":4.8,"x":2.36,"y":123.44}],"scale":[{"time":2.3667,"x":1,"y":1,"curve":"stepped"},{"time":4.7667,"x":1,"y":1}]},"zqdw_tcksd7":{"rotate":[{"time":0,"angle":0},{"time":2.3667,"angle":-30,"curve":[0.25,0,0.75,1]},{"time":4.7667,"angle":-75,"curve":"stepped"},{"time":4.8,"angle":0}],"translate":[{"time":0,"x":2.36,"y":123.44},{"time":2.3667,"x":2.36,"y":-22.4},{"time":4.7667,"x":2.36,"y":-239.59,"curve":"stepped"},{"time":4.8,"x":2.36,"y":123.44}],"scale":[{"time":2.3667,"x":1,"y":1,"curve":"stepped"},{"time":4.7667,"x":1,"y":1}]},"zqdw_tcksd8":{"rotate":[{"time":0,"angle":0},{"time":2.3667,"angle":-30,"curve":[0.25,0,0.75,1]},{"time":4.7667,"angle":-75,"curve":"stepped"},{"time":4.8,"angle":0}],"translate":[{"time":0,"x":2.36,"y":123.44},{"time":2.3667,"x":2.36,"y":-22.4},{"time":4.7667,"x":2.36,"y":-239.59,"curve":"stepped"},{"time":4.8,"x":2.36,"y":123.44}],"scale":[{"time":2.3667,"x":1,"y":1,"curve":"stepped"},{"time":4.7667,"x":1,"y":1}]},"zqdw_tcksd9":{"rotate":[{"time":0,"angle":0},{"time":2.3667,"angle":-30,"curve":[0.25,0,0.75,1]},{"time":4.7667,"angle":-75,"curve":"stepped"},{"time":4.8,"angle":0}],"translate":[{"time":0,"x":2.36,"y":123.44},{"time":2.3667,"x":2.36,"y":-22.4},{"time":4.7667,"x":2.36,"y":-239.59,"curve":"stepped"},{"time":4.8,"x":2.36,"y":123.44}],"scale":[{"time":2.3667,"x":1,"y":1,"curve":"stepped"},{"time":4.7667,"x":1,"y":1}]},"zqdw_tcksd10":{"rotate":[{"time":0,"angle":0},{"time":2.3667,"angle":-30,"curve":[0.25,0,0.75,1]},{"time":4.7667,"angle":-75,"curve":"stepped"},{"time":4.8,"angle":0}],"translate":[{"time":0,"x":2.36,"y":123.44},{"time":2.3667,"x":2.36,"y":-22.4},{"time":4.7667,"x":2.36,"y":-239.59,"curve":"stepped"},{"time":4.8,"x":2.36,"y":123.44}],"scale":[{"time":2.3667,"x":1,"y":1,"curve":"stepped"},{"time":4.7667,"x":1,"y":1}]},"zqdw_tcksd11":{"rotate":[{"time":0,"angle":0},{"time":2.3667,"angle":-30,"curve":[0.25,0,0.75,1]},{"time":4.7667,"angle":-75,"curve":"stepped"},{"time":4.8,"angle":0}],"translate":[{"time":0,"x":2.36,"y":123.44},{"time":2.3667,"x":2.36,"y":-22.4},{"time":4.7667,"x":2.36,"y":-239.59,"curve":"stepped"},{"time":4.8,"x":2.36,"y":123.44}],"scale":[{"time":2.3667,"x":1,"y":1,"curve":"stepped"},{"time":4.7667,"x":1,"y":1}]},"zqdw_tcksd12":{"rotate":[{"time":0,"angle":0},{"time":2.3667,"angle":-30,"curve":[0.25,0,0.75,1]},{"time":4.7667,"angle":-75,"curve":"stepped"},{"time":4.8,"angle":0}],"translate":[{"time":0,"x":2.36,"y":123.44},{"time":2.3667,"x":2.36,"y":-22.4},{"time":4.7667,"x":2.36,"y":-239.59,"curve":"stepped"},{"time":4.8,"x":2.36,"y":123.44}],"scale":[{"time":2.3667,"x":1,"y":1,"curve":"stepped"},{"time":4.7667,"x":1,"y":1}]},"zqdw_tcksd13":{"rotate":[{"time":0,"angle":0},{"time":2.3667,"angle":-30,"curve":[0.25,0,0.75,1]},{"time":4.7667,"angle":-75,"curve":"stepped"},{"time":4.8,"angle":0}],"translate":[{"time":0,"x":2.36,"y":123.44},{"time":2.3667,"x":2.36,"y":-22.4},{"time":4.7667,"x":2.36,"y":-239.59,"curve":"stepped"},{"time":4.8,"x":2.36,"y":123.44}],"scale":[{"time":2.3667,"x":1,"y":1,"curve":"stepped"},{"time":4.7667,"x":1,"y":1}]},"zqdw_tcksd14":{"rotate":[{"time":0,"angle":0},{"time":2.3667,"angle":-30,"curve":[0.25,0,0.75,1]},{"time":4.7667,"angle":-75,"curve":"stepped"},{"time":4.8,"angle":0}],"translate":[{"time":0,"x":2.36,"y":123.44},{"time":2.3667,"x":2.36,"y":-22.4},{"time":4.7667,"x":2.36,"y":-239.59,"curve":"stepped"},{"time":4.8,"x":2.36,"y":123.44}],"scale":[{"time":2.3667,"x":1,"y":1,"curve":"stepped"},{"time":4.7667,"x":1,"y":1}]},"zqdw_tcksd15":{"rotate":[{"time":0,"angle":0},{"time":2.3667,"angle":-30,"curve":[0.25,0,0.75,1]},{"time":4.7667,"angle":-75,"curve":"stepped"},{"time":4.8,"angle":0}],"translate":[{"time":0,"x":2.36,"y":123.44},{"time":2.3667,"x":2.36,"y":-22.4},{"time":4.7667,"x":2.36,"y":-239.59,"curve":"stepped"},{"time":4.8,"x":2.36,"y":123.44}],"scale":[{"time":2.3667,"x":1,"y":1,"curve":"stepped"},{"time":4.7667,"x":1,"y":1}]},"zqdw_tcksd16":{"rotate":[{"time":0,"angle":0},{"time":2.3667,"angle":-30,"curve":[0.25,0,0.75,1]},{"time":4.7667,"angle":-75,"curve":"stepped"},{"time":4.8,"angle":0}],"translate":[{"time":0,"x":2.36,"y":123.44},{"time":2.3667,"x":2.36,"y":-22.4},{"time":4.7667,"x":2.36,"y":-239.59,"curve":"stepped"},{"time":4.8,"x":2.36,"y":123.44}],"scale":[{"time":2.3667,"x":1,"y":1,"curve":"stepped"},{"time":4.7667,"x":1,"y":1}]},"zqdw_tcksd17":{"rotate":[{"time":0,"angle":0},{"time":2.3667,"angle":-30,"curve":[0.25,0,0.75,1]},{"time":4.7667,"angle":-75,"curve":"stepped"},{"time":4.8,"angle":0}],"translate":[{"time":0,"x":2.36,"y":123.44},{"time":2.3667,"x":2.36,"y":-22.4},{"time":4.7667,"x":2.36,"y":-239.59,"curve":"stepped"},{"time":4.8,"x":2.36,"y":123.44}],"scale":[{"time":2.3667,"x":1,"y":1,"curve":"stepped"},{"time":4.7667,"x":1,"y":1}]},"zqdw_tcksd18":{"rotate":[{"time":0,"angle":0},{"time":2.3667,"angle":-30,"curve":[0.25,0,0.75,1]},{"time":4.7667,"angle":-75,"curve":"stepped"},{"time":4.8,"angle":0}],"translate":[{"time":0,"x":2.36,"y":123.44},{"time":2.3667,"x":2.36,"y":-22.4},{"time":4.7667,"x":2.36,"y":-239.59,"curve":"stepped"},{"time":4.8,"x":2.36,"y":123.44}],"scale":[{"time":2.3667,"x":1,"y":1,"curve":"stepped"},{"time":4.7667,"x":1,"y":1}]},"zqdw_tcksd19":{"rotate":[{"time":0,"angle":0},{"time":2.3667,"angle":-30,"curve":[0.25,0,0.75,1]},{"time":4.7667,"angle":-75,"curve":"stepped"},{"time":4.8,"angle":0}],"translate":[{"time":0,"x":2.36,"y":123.44},{"time":2.3667,"x":2.36,"y":-22.4},{"time":4.7667,"x":2.36,"y":-239.59,"curve":"stepped"},{"time":4.8,"x":2.36,"y":123.44}],"scale":[{"time":2.3667,"x":1,"y":1,"curve":"stepped"},{"time":4.7667,"x":1,"y":1}]}}},"start":{"slots":{"zqdw_tccd1":{"color":[{"time":0,"color":"ffffff00","curve":"stepped"},{"time":0.8,"color":"ffffff00","curve":[0.25,0,0.75,1]},{"time":1.7667,"color":"fffffffe","curve":[0.25,0,0.75,1]},{"time":3.2,"color":"ffffff00","curve":"stepped"},{"time":4.8,"color":"ffffff00"}]},"zqdw_tccd2":{"color":[{"time":0,"color":"ffffff00","curve":[0.082,0.68,0.447,1]},{"time":2.3667,"color":"fffffffe"},{"time":4.7667,"color":"ffffff00","curve":"stepped"},{"time":4.8,"color":"ffffff00"}]},"zqdw_tccd3":{"color":[{"time":0,"color":"ffffff00","curve":"stepped"},{"time":1.3333,"color":"ffffff00","curve":[0.25,0,0.75,1]},{"time":2.0333,"color":"fffffffe","curve":[0.25,0,0.75,1]},{"time":3,"color":"ffffff00","curve":"stepped"},{"time":4.8,"color":"ffffff00"}]},"zqdw_tccd4":{"color":[{"time":0,"color":"fffffffe","curve":[0.082,0.68,0.447,1]},{"time":1.3333,"color":"ffffff00","curve":"stepped"},{"time":4,"color":"ffffff00","curve":[0.25,0,0.75,1]},{"time":4.8,"color":"fffffffe"}]},"zqdw_tccd5":{"color":[{"time":0,"color":"ffffff00","curve":"stepped"},{"time":2.3333,"color":"ffffff00","curve":[0.25,0,0.75,1]},{"time":3.1333,"color":"fffffffe","curve":[0.25,0,0.75,1]},{"time":4.7333,"color":"ffffff00","curve":"stepped"},{"time":4.8,"color":"ffffff00"}]},"zqdw_tccd6":{"color":[{"time":0,"color":"ffffff00","curve":"stepped"},{"time":3.1333,"color":"ffffff00","curve":[0.25,0,0.75,1]},{"time":4.1333,"color":"fffffffe","curve":[0.25,0,0.75,1]},{"time":4.7667,"color":"ffffff00","curve":"stepped"},{"time":4.8,"color":"ffffff00"}]},"zqdw_tccd7":{"color":[{"time":0,"color":"ffffff00","curve":"stepped"},{"time":0.3333,"color":"ffffff00","curve":[0.25,0,0.75,1]},{"time":0.7333,"color":"fffffffe","curve":[0.25,0,0.75,1]},{"time":1.5333,"color":"ffffff00","curve":"stepped"},{"time":2.4,"color":"ffffff00","curve":"stepped"},{"time":4.8,"color":"ffffff00"}]},"zqdw_tccd8":{"color":[{"time":0,"color":"ffffff00","curve":"stepped"},{"time":1.4667,"color":"ffffff00","curve":[0.25,0,0.75,1]},{"time":1.9667,"color":"fffffffe","curve":[0.25,0,0.75,1]},{"time":3.1333,"color":"ffffff00","curve":"stepped"},{"time":4.8,"color":"ffffff00"}]},"zqdw_tccd9":{"color":[{"time":0,"color":"fffffffe","curve":[0.082,0.68,0.447,1]},{"time":2.1333,"color":"ffffff00","curve":"stepped"},{"time":4.1,"color":"ffffff00","curve":[0.25,0,0.75,1]},{"time":4.8,"color":"fffffffe"}]},"zqdw_tccd10":{"color":[{"time":0,"color":"ffffff62","curve":[0.082,0.68,0.447,1]},{"time":0.4667,"color":"fffffffe","curve":[0.25,0,0.75,1]},{"time":2.0667,"color":"ffffff00","curve":"stepped"},{"time":4.4667,"color":"ffffff00","curve":[0.25,0,0.75,1]},{"time":4.8,"color":"ffffff62"}]},"zqdw_tccd11":{"color":[{"time":0,"color":"ffffff00","curve":[0.082,0.68,0.447,1]},{"time":1,"color":"fffffffe","curve":[0.365,0.45,0.754,1]},{"time":2,"color":"ffffff00","curve":"stepped"},{"time":2.4,"color":"ffffff00","curve":"stepped"},{"time":4.8,"color":"ffffff00"}]},"zqdw_tccd12":{"color":[{"time":0,"color":"fffffffe","curve":[0.082,0.68,0.447,1]},{"time":2.4,"color":"ffffff00","curve":"stepped"},{"time":2.4333,"color":"ffffff00"},{"time":4.8,"color":"fffffffe"}]},"zqdw_tccd13":{"color":[{"time":0,"color":"ffffff00","curve":[0.082,0.68,0.447,1]},{"time":0.6667,"color":"fffffffe","curve":[0.25,0,0.75,1]},{"time":1.6667,"color":"ffffff00","curve":"stepped"},{"time":2.4,"color":"ffffff00","curve":"stepped"},{"time":4.8,"color":"ffffff00"}]},"zqdw_tccd14":{"color":[{"time":0,"color":"ffffff00","curve":"stepped"},{"time":0.3333,"color":"ffffff00","curve":[0.25,0,0.75,1]},{"time":1.1667,"color":"fffffffe","curve":[0.25,0,0.75,1]},{"time":2.5,"color":"ffffff00","curve":"stepped"},{"time":4.8,"color":"ffffff00"}]},"zqdw_tccd15":{"color":[{"time":0,"color":"ffffff00","curve":"stepped"},{"time":0.5,"color":"ffffff00","curve":[0.25,0,0.75,1]},{"time":1.3,"color":"fffffffe","curve":[0.25,0,0.75,1]},{"time":3,"color":"ffffff00","curve":"stepped"},{"time":4.8,"color":"ffffff00"}]},"zqdw_tcdb1":{"color":[{"time":0,"color":"ffffff00","curve":"stepped"},{"time":0.1,"color":"ffffff00","curve":[0.311,0.8,0.582,1]},{"time":0.4667,"color":"fffffffe","curve":"stepped"},{"time":2.4,"color":"fffffffe","curve":"stepped"},{"time":4.8,"color":"fffffffe"}]},"zqdw_tcdb2":{"color":[{"time":0,"color":"ffffff00","curve":"stepped"},{"time":0.1,"color":"ffffff00","curve":[0.311,0.8,0.582,1]},{"time":0.4667,"color":"fffffffe","curve":"stepped"},{"time":2.4,"color":"fffffffe","curve":"stepped"},{"time":4.8,"color":"fffffffe"}]},"zqdw_tcggt":{"color":[{"time":0,"color":"ffffff00","curve":[0.082,0.68,0.447,1]},{"time":0.2,"color":"fffffffe","curve":[0.25,0,0.75,1]},{"time":1.2,"color":"ffffff00","curve":[0.25,0,0.75,1]},{"time":4.8,"color":"fffffffe"}],"attachment":[{"time":0,"name":"zqdw_tcggt"},{"time":4.8,"name":null}]},"zqdw_tcggt2":{"color":[{"time":0,"color":"ffffff00","curve":[0.082,0.68,0.447,1]},{"time":0.0333,"color":"fffffffe","curve":[0.082,0.68,0.447,1]},{"time":0.6,"color":"ffffff00"}],"attachment":[{"time":0,"name":"zqdw_tcggt"},{"time":0.6,"name":null},{"time":4.8,"name":null}]},"zqdw_tcgq":{"color":[{"time":0,"color":"ffffff00","curve":[0.082,0.68,0.447,1]},{"time":0.3,"color":"fffffffe"},{"time":0.8,"color":"ffffff00","curve":"stepped"},{"time":4.8,"color":"ffffff00"}],"attachment":[{"time":0,"name":"zqdw_tcgq"},{"time":4.8,"name":null}]},"zqdw_tcgq2":{"color":[{"time":0,"color":"ffffff00","curve":[0.082,0.68,0.447,1]},{"time":0.3,"color":"ffffff4a"},{"time":0.8,"color":"ffffff00","curve":"stepped"},{"time":4.8,"color":"ffffff00"}],"attachment":[{"time":0,"name":"zqdw_tcgq"},{"time":4.8,"name":null}]},"zqdw_tcgt1":{"color":[{"time":0,"color":"ffffff00","curve":[0.29,0,0.629,0.38]},{"time":0.5,"color":"ffffff4a","curve":"stepped"},{"time":2.4,"color":"ffffff4a","curve":"stepped"},{"time":4.8,"color":"ffffff4a"}]},"zqdw_tcgt2":{"color":[{"time":0,"color":"ffffff00","curve":[0.29,0,0.629,0.38]},{"time":0.5,"color":"ffffff4a","curve":"stepped"},{"time":2.4,"color":"ffffff4a","curve":"stepped"},{"time":4.8,"color":"ffffff4a"}]},"zqdw_tcgt3":{"color":[{"time":0,"color":"ffffff00","curve":[0.29,0,0.629,0.38]},{"time":0.5,"color":"ffffff4a","curve":"stepped"},{"time":2.4,"color":"ffffff4a","curve":"stepped"},{"time":4.8,"color":"ffffff4a"}]},"zqdw_tcgt4":{"color":[{"time":0,"color":"ffffff00","curve":[0.29,0,0.629,0.38]},{"time":0.5,"color":"ffffff4a","curve":"stepped"},{"time":2.4,"color":"ffffff4a","curve":"stepped"},{"time":4.8,"color":"ffffff4a"}]},"zqdw_tcgt5":{"color":[{"time":0,"color":"ffffff00","curve":[0.29,0,0.629,0.38]},{"time":0.5,"color":"ffffff4a","curve":"stepped"},{"time":2.4,"color":"ffffff4a","curve":"stepped"},{"time":4.8,"color":"ffffff4a"}]},"zqdw_tcgt6":{"color":[{"time":0,"color":"ffffff00","curve":[0.29,0,0.629,0.38]},{"time":0.5,"color":"ffffff4a","curve":"stepped"},{"time":2.4,"color":"ffffff4a","curve":"stepped"},{"time":4.8,"color":"ffffff4a"}]},"zqdw_tcgt7":{"color":[{"time":0,"color":"ffffff00","curve":[0.29,0,0.629,0.38]},{"time":0.5,"color":"ffffff4a","curve":"stepped"},{"time":2.4,"color":"ffffff4a","curve":"stepped"},{"time":4.8,"color":"ffffff4a"}]},"zqdw_tcgt8":{"color":[{"time":0,"color":"ffffff00","curve":[0.29,0,0.629,0.38]},{"time":0.5,"color":"ffffff4a","curve":"stepped"},{"time":2.4,"color":"ffffff4a","curve":"stepped"},{"time":4.8,"color":"ffffff4a"}]},"zqdw_tcgt9":{"color":[{"time":0,"color":"ffffff00","curve":[0.29,0,0.629,0.38]},{"time":0.5,"color":"ffffff4a","curve":"stepped"},{"time":2.4,"color":"ffffff4a","curve":"stepped"},{"time":4.8,"color":"ffffff4a"}]},"zqdw_tcgt10":{"color":[{"time":0,"color":"ffffff00","curve":[0.29,0,0.629,0.38]},{"time":0.5,"color":"ffffff4a","curve":"stepped"},{"time":2.4,"color":"ffffff4a","curve":"stepped"},{"time":4.8,"color":"ffffff4a"}]},"zqdw_tcgt11":{"color":[{"time":0,"color":"ffffff00","curve":[0.29,0,0.629,0.38]},{"time":0.5,"color":"ffffff4a","curve":"stepped"},{"time":2.4,"color":"ffffff4a","curve":"stepped"},{"time":4.8,"color":"ffffff4a"}]},"zqdw_tcgt12":{"color":[{"time":0,"color":"ffffff00","curve":[0.29,0,0.629,0.38]},{"time":0.5,"color":"ffffff4a","curve":"stepped"},{"time":2.4,"color":"ffffff4a","curve":"stepped"},{"time":4.8,"color":"ffffff4a"}]},"zqdw_tcgy":{"color":[{"time":0,"color":"ffffff00","curve":"stepped"},{"time":0.1,"color":"ffffff00","curve":[0.311,0.8,0.582,1]},{"time":0.4667,"color":"fffffffe"},{"time":2.4,"color":"ffffff80","curve":[0.25,0,0.75,1]},{"time":3.6,"color":"ffffff4a","curve":[0.25,0,0.75,1]},{"time":4.8,"color":"ffffff80"}]},"zqdw_tcksd":{"color":[{"time":0,"color":"ffffff00","curve":[0.158,0.41,0.498,0.74]},{"time":0.2667,"color":"fffffffe","curve":[0.21,0.68,0.555,1]},{"time":1.2,"color":"ffffff00","curve":"stepped"},{"time":4.8,"color":"ffffff00"}],"attachment":[{"time":0,"name":"zqdw_tccd2"},{"time":4.8,"name":null}]},"zqdw_tcksd2":{"color":[{"time":0,"color":"ffffff00","curve":[0.158,0.41,0.498,0.74]},{"time":0.2667,"color":"fffffffe","curve":[0.21,0.68,0.555,1]},{"time":0.8,"color":"ffffff00","curve":"stepped"},{"time":4.8,"color":"ffffff00"}],"attachment":[{"time":0,"name":"zqdw_tccd3"},{"time":4.8,"name":null}]},"zqdw_tcksd3":{"color":[{"time":0,"color":"ffffff00","curve":[0.158,0.41,0.498,0.74]},{"time":0.2667,"color":"fffffffe","curve":[0.21,0.68,0.555,1]},{"time":0.8,"color":"ffffff00","curve":"stepped"},{"time":4.8,"color":"ffffff00"}],"attachment":[{"time":0,"name":"zqdw_tccd10"},{"time":4.8,"name":null}]},"zqdw_tcksd4":{"color":[{"time":0,"color":"ffffff00","curve":[0.158,0.41,0.498,0.74]},{"time":0.2667,"color":"fffffffe","curve":[0.21,0.68,0.555,1]},{"time":0.8333,"color":"ffffff00","curve":"stepped"},{"time":4.8,"color":"ffffff00"}],"attachment":[{"time":0,"name":"zqdw_tccd7"},{"time":4.8,"name":null}]},"zqdw_tcksd5":{"color":[{"time":0,"color":"ffffff00","curve":[0.158,0.41,0.498,0.74]},{"time":0.2667,"color":"fffffffe","curve":[0.21,0.68,0.555,1]},{"time":0.8333,"color":"ffffff00","curve":"stepped"},{"time":4.8,"color":"ffffff00"}],"attachment":[{"time":0,"name":"zqdw_tccd13"},{"time":4.8,"name":null}]},"zqdw_tcksd6":{"color":[{"time":0,"color":"ffffff00","curve":[0.158,0.41,0.498,0.74]},{"time":0.1667,"color":"fffffffe","curve":[0.21,0.68,0.555,1]},{"time":0.5,"color":"ffffff00","curve":"stepped"},{"time":4.8,"color":"ffffff00"}],"attachment":[{"time":0,"name":"zqdw_tccd12"},{"time":4.8,"name":null}]},"zqdw_tcksd7":{"color":[{"time":0,"color":"ffffff00","curve":[0.158,0.41,0.498,0.74]},{"time":0.1667,"color":"fffffffe","curve":[0.21,0.68,0.555,1]},{"time":0.8,"color":"ffffff00","curve":"stepped"},{"time":4.8,"color":"ffffff00"}],"attachment":[{"time":0,"name":"zqdw_tccd9"},{"time":4.8,"name":null}]},"zqdw_tcksd8":{"color":[{"time":0,"color":"ffffff00","curve":[0.158,0.41,0.498,0.74]},{"time":0.1667,"color":"fffffffe","curve":[0.21,0.68,0.555,1]},{"time":0.8,"color":"ffffff00","curve":"stepped"},{"time":4.8,"color":"ffffff00"}],"attachment":[{"time":0,"name":"zqdw_tccd2"},{"time":4.8,"name":null}]},"zqdw_tcksd9":{"color":[{"time":0,"color":"ffffff00","curve":[0.158,0.41,0.498,0.74]},{"time":0.2667,"color":"fffffffe","curve":[0.21,0.68,0.555,1]},{"time":1.2,"color":"ffffff00","curve":"stepped"},{"time":4.8,"color":"ffffff00"}],"attachment":[{"time":0,"name":"zqdw_tccd3"},{"time":4.8,"name":null}]},"zqdw_tcksd10":{"color":[{"time":0,"color":"ffffff00","curve":[0.158,0.41,0.498,0.74]},{"time":0.2667,"color":"fffffffe","curve":[0.21,0.68,0.555,1]},{"time":1.2,"color":"ffffff00","curve":"stepped"},{"time":4.8,"color":"ffffff00"}],"attachment":[{"time":0,"name":"zqdw_tcgdlizi"},{"time":4.8,"name":null}]},"zqdw_tcksd11":{"color":[{"time":0,"color":"ffffff00","curve":[0.158,0.41,0.498,0.74]},{"time":0.2667,"color":"fffffffe","curve":[0.21,0.68,0.555,1]},{"time":0.8,"color":"ffffff00","curve":"stepped"},{"time":4.8,"color":"ffffff00"}],"attachment":[{"time":0,"name":"zqdw_tcgdlizi"},{"time":4.8,"name":null}]},"zqdw_tcksd12":{"color":[{"time":0,"color":"ffffff00","curve":[0.158,0.41,0.498,0.74]},{"time":0.2667,"color":"fffffffe","curve":[0.21,0.68,0.555,1]},{"time":0.8,"color":"ffffff00","curve":"stepped"},{"time":4.8,"color":"ffffff00"}],"attachment":[{"time":0,"name":"zqdw_tcgdlizi"},{"time":4.8,"name":null}]},"zqdw_tcksd13":{"color":[{"time":0,"color":"ffffff00","curve":[0.158,0.41,0.498,0.74]},{"time":0.2667,"color":"fffffffe","curve":[0.21,0.68,0.555,1]},{"time":0.8333,"color":"ffffff00","curve":"stepped"},{"time":4.8,"color":"ffffff00"}],"attachment":[{"time":0,"name":"zqdw_tcgdlizi"},{"time":4.8,"name":null}]},"zqdw_tcksd14":{"color":[{"time":0,"color":"ffffff00","curve":[0.158,0.41,0.498,0.74]},{"time":0.2667,"color":"fffffffe","curve":[0.21,0.68,0.555,1]},{"time":0.8333,"color":"ffffff00","curve":"stepped"},{"time":4.8,"color":"ffffff00"}],"attachment":[{"time":0,"name":"zqdw_tcgdlizi"},{"time":4.8,"name":null}]},"zqdw_tcksd15":{"color":[{"time":0,"color":"ffffff00","curve":[0.158,0.41,0.498,0.74]},{"time":0.1667,"color":"fffffffe","curve":[0.21,0.68,0.555,1]},{"time":0.5,"color":"ffffff00","curve":"stepped"},{"time":4.8,"color":"ffffff00"}],"attachment":[{"time":0,"name":"zqdw_tcgdlizi"},{"time":4.8,"name":null}]},"zqdw_tcksd16":{"color":[{"time":0,"color":"ffffff00","curve":[0.158,0.41,0.498,0.74]},{"time":0.1667,"color":"fffffffe","curve":[0.21,0.68,0.555,1]},{"time":0.8,"color":"ffffff00","curve":"stepped"},{"time":4.8,"color":"ffffff00"}],"attachment":[{"time":0,"name":"zqdw_tcgdlizi"},{"time":4.8,"name":null}]},"zqdw_tcksd17":{"color":[{"time":0,"color":"ffffff00","curve":[0.158,0.41,0.498,0.74]},{"time":0.1667,"color":"fffffffe","curve":[0.21,0.68,0.555,1]},{"time":0.8,"color":"ffffff00","curve":"stepped"},{"time":4.8,"color":"ffffff00"}],"attachment":[{"time":0,"name":"zqdw_tcgdlizi"},{"time":4.8,"name":null}]},"zqdw_tcksd18":{"color":[{"time":0,"color":"ffffff00","curve":[0.158,0.41,0.498,0.74]},{"time":0.2667,"color":"fffffffe","curve":[0.21,0.68,0.555,1]},{"time":1.2,"color":"ffffff00","curve":"stepped"},{"time":4.8,"color":"ffffff00"}],"attachment":[{"time":0,"name":"zqdw_tcgdlizi"},{"time":4.8,"name":null}]},"zqdw_tcksd19":{"color":[{"time":0,"color":"ffffff00","curve":[0.158,0.41,0.498,0.74]},{"time":0.2667,"color":"fffffffe","curve":[0.21,0.68,0.555,1]},{"time":1.2,"color":"ffffff00","curve":"stepped"},{"time":4.8,"color":"ffffff00"}],"attachment":[{"time":0,"name":"zqdw_tccd5"},{"time":4.8,"name":null}]},"zqdw_tctext":{"color":[{"time":0,"color":"ffffff00","curve":[0.311,0.8,0.582,1]},{"time":0.1,"color":"fffffffe","curve":"stepped"},{"time":2.4,"color":"fffffffe","curve":"stepped"},{"time":4.8,"color":"fffffffe"}]},"zqdw_tctextlg":{"color":[{"time":0,"color":"ffffff00","curve":[0.082,0.68,0.447,1]},{"time":0.2,"color":"fffffffe","curve":"stepped"},{"time":2.4,"color":"fffffffe","curve":"stepped"},{"time":4.8,"color":"fffffffe"}],"attachment":[{"time":0,"name":"zqdw_tctextlg0"},{"time":0.0667,"name":"zqdw_tctextlg1"},{"time":0.1333,"name":"zqdw_tctextlg2"},{"time":0.2,"name":"zqdw_tctextlg3"},{"time":0.2667,"name":"zqdw_tctextlg4"},{"time":0.3333,"name":"zqdw_tctextlg5"},{"time":0.4,"name":"zqdw_tctextlg6"},{"time":0.4667,"name":"zqdw_tctextlg7"},{"time":0.5333,"name":"zqdw_tctextlg8"},{"time":0.6,"name":"zqdw_tctextlg9"},{"time":0.6667,"name":"zqdw_tctextlg10"},{"time":0.7333,"name":"zqdw_tctextlg11"},{"time":0.8,"name":"zqdw_tctextlg12"},{"time":0.8667,"name":"zqdw_tctextlg13"},{"time":0.9333,"name":"zqdw_tctextlg14"},{"time":1,"name":"zqdw_tctextlg15"},{"time":1.0667,"name":"zqdw_tctextlg16"},{"time":1.1333,"name":"zqdw_tctextlg17"},{"time":1.2,"name":"zqdw_tctextlg18"},{"time":1.2667,"name":"zqdw_tctextlg19"},{"time":1.3333,"name":"zqdw_tctextlg20"},{"time":1.4,"name":"zqdw_tctextlg21"},{"time":1.4667,"name":"zqdw_tctextlg22"},{"time":1.5333,"name":"zqdw_tctextlg23"},{"time":1.6,"name":"zqdw_tctextlg24"},{"time":1.6667,"name":"zqdw_tctextlg25"},{"time":1.7333,"name":"zqdw_tctextlg26"},{"time":1.8,"name":"zqdw_tctextlg27"},{"time":1.8667,"name":"zqdw_tctextlg28"},{"time":1.9333,"name":"zqdw_tctextlg29"},{"time":2,"name":"zqdw_tctextlg30"},{"time":2.0667,"name":"zqdw_tctextlg31"},{"time":2.1333,"name":"zqdw_tctextlg32"},{"time":2.2,"name":"zqdw_tctextlg33"},{"time":2.2667,"name":null},{"time":2.3333,"name":null},{"time":2.4,"name":"zqdw_tctextlg0"},{"time":2.4667,"name":"zqdw_tctextlg1"},{"time":2.5333,"name":"zqdw_tctextlg2"},{"time":2.6,"name":"zqdw_tctextlg3"},{"time":2.6667,"name":"zqdw_tctextlg4"},{"time":2.7333,"name":"zqdw_tctextlg5"},{"time":2.8,"name":"zqdw_tctextlg6"},{"time":2.8667,"name":"zqdw_tctextlg7"},{"time":2.9333,"name":"zqdw_tctextlg8"},{"time":3,"name":"zqdw_tctextlg9"},{"time":3.0667,"name":"zqdw_tctextlg10"},{"time":3.1333,"name":"zqdw_tctextlg11"},{"time":3.2,"name":"zqdw_tctextlg12"},{"time":3.2667,"name":"zqdw_tctextlg13"},{"time":3.3333,"name":"zqdw_tctextlg14"},{"time":3.4,"name":"zqdw_tctextlg15"},{"time":3.4667,"name":"zqdw_tctextlg16"},{"time":3.5333,"name":"zqdw_tctextlg17"},{"time":3.6,"name":"zqdw_tctextlg18"},{"time":3.6667,"name":"zqdw_tctextlg19"},{"time":3.7333,"name":"zqdw_tctextlg20"},{"time":3.8,"name":"zqdw_tctextlg21"},{"time":3.8667,"name":"zqdw_tctextlg22"},{"time":3.9333,"name":"zqdw_tctextlg23"},{"time":4,"name":"zqdw_tctextlg24"},{"time":4.0667,"name":"zqdw_tctextlg25"},{"time":4.1333,"name":"zqdw_tctextlg26"},{"time":4.2,"name":"zqdw_tctextlg27"},{"time":4.2667,"name":"zqdw_tctextlg28"},{"time":4.3333,"name":"zqdw_tctextlg29"},{"time":4.4,"name":"zqdw_tctextlg30"},{"time":4.4667,"name":"zqdw_tctextlg31"},{"time":4.5333,"name":"zqdw_tctextlg32"},{"time":4.6,"name":"zqdw_tctextlg33"},{"time":4.6667,"name":null},{"time":4.7333,"name":null},{"time":4.8,"name":"zqdw_tctextlg0"}]},"zqdw_tcwp":{"color":[{"time":0,"color":"ffffff00","curve":"stepped"},{"time":0.1667,"color":"ffffff00","curve":[0.311,0.8,0.582,1]},{"time":0.3333,"color":"fffffffe","curve":"stepped"},{"time":2.4,"color":"fffffffe","curve":"stepped"},{"time":4.8,"color":"fffffffe"}]},"zqdw_tcwp2":{"color":[{"time":0,"color":"ffffff00","curve":"stepped"},{"time":0.1667,"color":"ffffff00","curve":[0.082,0.68,0.447,1]},{"time":0.3333,"color":"737373fe","curve":[0.082,0.68,0.447,1]},{"time":1.2,"color":"ffffff22","curve":[0.25,0,0.75,1]},{"time":2.4,"color":"ffffff00","curve":[0.25,0,0.75,1]},{"time":3.6,"color":"ffffff22","curve":[0.25,0,0.75,1]},{"time":4.8,"color":"ffffff00"}],"attachment":[{"time":0,"name":"zqdw_tcwp"},{"time":4.8,"name":"zqdw_tcwp"}]},"zqdw_tcxd1":{"color":[{"time":0,"color":"ffffff00","curve":[0.082,0.68,0.447,1]},{"time":0.6,"color":"fffffffe","curve":[0.25,0,0.75,1]},{"time":2.4,"color":"ffffff00","curve":[0.082,0.68,0.447,1]},{"time":3,"color":"fffffffe","curve":[0.25,0,0.75,1]},{"time":4.8,"color":"ffffff00"}]},"zqdw_tcxd2":{"color":[{"time":0,"color":"ffffff6c","curve":[0.25,0,0.75,1]},{"time":0.8,"color":"ffffff00","curve":[0.25,0,0.75,1]},{"time":1.4,"color":"fffffffe","curve":[0.25,0,0.75,1]},{"time":2.4,"color":"ffffff6c","curve":[0.25,0,0.75,1]},{"time":3.2,"color":"ffffff00","curve":[0.25,0,0.75,1]},{"time":3.8,"color":"fffffffe","curve":[0.25,0,0.75,1]},{"time":4.8,"color":"ffffff6c"}]}},"bones":{"zqdw_tcgt1":{"rotate":[{"time":0,"angle":0,"curve":"stepped"},{"time":2.4,"angle":0,"curve":"stepped"},{"time":4.8,"angle":0}],"translate":[{"time":0,"x":0,"y":0,"curve":"stepped"},{"time":2.4,"x":0,"y":0,"curve":"stepped"},{"time":4.8,"x":0,"y":0}],"scale":[{"time":0,"x":1,"y":1,"curve":"stepped"},{"time":2.4,"x":1,"y":1,"curve":"stepped"},{"time":4.8,"x":1,"y":1}]},"zqdw_tctext":{"rotate":[{"time":0,"angle":0,"curve":"stepped"},{"time":1.3333,"angle":0,"curve":"stepped"},{"time":2.4,"angle":0,"curve":"stepped"},{"time":4.8,"angle":0}],"translate":[{"time":0,"x":0,"y":0,"curve":[0.34,0.41,0.668,0.74]},{"time":0.3667,"x":0.03,"y":-1.91,"curve":[0.293,0.77,0.595,0.99]},{"time":1.3333,"x":0,"y":0,"curve":"stepped"},{"time":2.4,"x":0,"y":0,"curve":"stepped"},{"time":4.8,"x":0,"y":0}],"scale":[{"time":0,"x":1,"y":1,"curve":"stepped"},{"time":2.4,"x":1,"y":1,"curve":"stepped"},{"time":4.8,"x":1,"y":1}]},"zqdw_tcwp":{"rotate":[{"time":0,"angle":0,"curve":"stepped"},{"time":2.4,"angle":0,"curve":"stepped"},{"time":4.8,"angle":0}],"translate":[{"time":0,"x":0,"y":0,"curve":"stepped"},{"time":2.4,"x":0,"y":0,"curve":"stepped"},{"time":4.8,"x":0,"y":0}],"scale":[{"time":0,"x":1,"y":1,"curve":[0.313,0,0.647,0.35]},{"time":0.1667,"x":0.75,"y":0.75,"curve":[0.311,0.8,0.582,1]},{"time":0.3333,"x":1.05,"y":1.05,"curve":[0.25,0,0.75,1]},{"time":0.5333,"x":0.98,"y":0.98,"curve":[0.25,0,0.75,1]},{"time":0.8333,"x":1,"y":1,"curve":"stepped"},{"time":2.4,"x":1,"y":1,"curve":"stepped"},{"time":4.8,"x":1,"y":1}]},"zqdw_tcmn1":{"rotate":[{"time":0,"angle":0,"curve":"stepped"},{"time":2.4,"angle":0,"curve":"stepped"},{"time":4.8,"angle":0}],"translate":[{"time":0,"x":0,"y":0,"curve":"stepped"},{"time":2.4,"x":0,"y":0,"curve":"stepped"},{"time":4.8,"x":0,"y":0}],"scale":[{"time":0,"x":1,"y":1,"curve":[0.313,0,0.647,0.35]},{"time":0.1,"x":0.5,"y":0.5,"curve":[0.311,0.8,0.582,1]},{"time":0.2667,"x":1.05,"y":1.05,"curve":[0.25,0,0.75,1]},{"time":0.4667,"x":0.99,"y":0.99,"curve":[0.25,0,0.75,1]},{"time":0.7,"x":1,"y":1,"curve":"stepped"},{"time":2.4,"x":1,"y":1,"curve":"stepped"},{"time":4.8,"x":1,"y":1}]},"zqdw_tcnumber":{"rotate":[{"time":0,"angle":0,"curve":"stepped"},{"time":2.4,"angle":0,"curve":"stepped"},{"time":4.8,"angle":0}],"translate":[{"time":2.4,"x":0,"y":0,"curve":"stepped"},{"time":4.8,"x":0,"y":0}],"scale":[{"time":0,"x":1,"y":1,"curve":"stepped"},{"time":2.4,"x":1,"y":1,"curve":"stepped"},{"time":4.8,"x":1,"y":1}]},"zqdw_tcdb":{"rotate":[{"time":0,"angle":0,"curve":"stepped"},{"time":0.1,"angle":0,"curve":"stepped"},{"time":2.4,"angle":0,"curve":"stepped"},{"time":4.8,"angle":0}],"translate":[{"time":0,"x":0,"y":0,"curve":"stepped"},{"time":0.1,"x":0,"y":0,"curve":"stepped"},{"time":2.4,"x":0,"y":0,"curve":"stepped"},{"time":4.8,"x":0,"y":0}],"scale":[{"time":0,"x":1,"y":0.01,"curve":[0.25,0,0.75,1]},{"time":0.1,"x":0.01,"y":0.01,"curve":[0.311,0.8,0.582,1]},{"time":0.2667,"x":1,"y":1.15,"curve":[0.25,0,0.75,1]},{"time":0.4667,"x":1,"y":0.95,"curve":[0.25,0,0.75,1]},{"time":0.7333,"x":1,"y":1.02,"curve":[0.293,0,0.631,0.37]},{"time":1,"x":1,"y":0.99,"curve":[0.309,0.24,0.647,0.59]},{"time":1.3333,"x":1,"y":1,"curve":"stepped"},{"time":2.4,"x":1,"y":1,"curve":"stepped"},{"time":4.8,"x":1,"y":1}]},"zqdw_tcgt":{"rotate":[{"time":0,"angle":0},{"time":2.3667,"angle":-88.75,"curve":"stepped"},{"time":2.4,"angle":0},{"time":4.8,"angle":-90}],"translate":[{"time":0,"x":0,"y":0,"curve":"stepped"},{"time":2.4,"x":0,"y":0,"curve":"stepped"},{"time":4.8,"x":0,"y":0}],"scale":[{"time":0,"x":1,"y":1,"curve":"stepped"},{"time":0.4,"x":1,"y":1,"curve":"stepped"},{"time":2.4,"x":1,"y":1,"curve":"stepped"},{"time":4.8,"x":1,"y":1}]},"zqdw_tctextdb":{"rotate":[{"time":0,"angle":0,"curve":"stepped"},{"time":2.4,"angle":0,"curve":"stepped"},{"time":4.8,"angle":0}],"translate":[{"time":0,"x":0,"y":0,"curve":"stepped"},{"time":2.4,"x":0,"y":0,"curve":"stepped"},{"time":4.8,"x":0,"y":0}],"scale":[{"time":0,"x":0.75,"y":0.75,"curve":[0.311,0.8,0.582,1]},{"time":0.1667,"x":1.02,"y":1.02,"curve":[0.25,0,0.75,1]},{"time":0.3667,"x":0.99,"y":0.99,"curve":[0.25,0,0.75,1]},{"time":0.6,"x":1,"y":1,"curve":"stepped"},{"time":2.4,"x":1,"y":1,"curve":"stepped"},{"time":4.8,"x":1,"y":1}]},"zqdw_tc":{"rotate":[{"time":0,"angle":0,"curve":"stepped"},{"time":2.4,"angle":0,"curve":"stepped"},{"time":4.8,"angle":0}],"translate":[{"time":0,"x":0,"y":0,"curve":"stepped"},{"time":2.4,"x":0,"y":0,"curve":"stepped"},{"time":4.8,"x":0,"y":0}],"scale":[{"time":0,"x":0.5,"y":0.5,"curve":[0.311,0.8,0.582,1]},{"time":0.2,"x":1.05,"y":1.05,"curve":[0.25,0,0.75,1]},{"time":0.4333,"x":0.99,"y":0.99,"curve":[0.25,0,0.75,1]},{"time":0.7,"x":1,"y":1,"curve":"stepped"},{"time":2.4,"x":1,"y":1,"curve":"stepped"},{"time":4.8,"x":1,"y":1}]},"zqdw_tcgt2":{"rotate":[{"time":0,"angle":0,"curve":"stepped"},{"time":2.4,"angle":0,"curve":"stepped"},{"time":4.8,"angle":0}],"translate":[{"time":0,"x":0,"y":0,"curve":"stepped"},{"time":2.4,"x":0,"y":0,"curve":"stepped"},{"time":4.8,"x":0,"y":0}],"scale":[{"time":0,"x":1,"y":1,"curve":"stepped"},{"time":2.4,"x":1,"y":1,"curve":"stepped"},{"time":4.8,"x":1,"y":1}]},"zqdw_tcgt3":{"rotate":[{"time":0,"angle":0,"curve":"stepped"},{"time":2.4,"angle":0,"curve":"stepped"},{"time":4.8,"angle":0}],"translate":[{"time":0,"x":0,"y":0,"curve":"stepped"},{"time":2.4,"x":0,"y":0,"curve":"stepped"},{"time":4.8,"x":0,"y":0}],"scale":[{"time":0,"x":1,"y":1,"curve":"stepped"},{"time":2.4,"x":1,"y":1,"curve":"stepped"},{"time":4.8,"x":1,"y":1}]},"zqdw_tcgt4":{"rotate":[{"time":0,"angle":0,"curve":"stepped"},{"time":2.4,"angle":0,"curve":"stepped"},{"time":4.8,"angle":0}],"translate":[{"time":0,"x":0,"y":0,"curve":"stepped"},{"time":2.4,"x":0,"y":0,"curve":"stepped"},{"time":4.8,"x":0,"y":0}],"scale":[{"time":0,"x":1,"y":1,"curve":"stepped"},{"time":2.4,"x":1,"y":1,"curve":"stepped"},{"time":4.8,"x":1,"y":1}]},"zqdw_tcgt5":{"rotate":[{"time":0,"angle":0,"curve":"stepped"},{"time":2.4,"angle":0,"curve":"stepped"},{"time":4.8,"angle":0}],"translate":[{"time":0,"x":0,"y":0,"curve":"stepped"},{"time":2.4,"x":0,"y":0,"curve":"stepped"},{"time":4.8,"x":0,"y":0}],"scale":[{"time":0,"x":1,"y":1,"curve":"stepped"},{"time":2.4,"x":1,"y":1,"curve":"stepped"},{"time":4.8,"x":1,"y":1}]},"zqdw_tcgt6":{"rotate":[{"time":0,"angle":0,"curve":"stepped"},{"time":2.4,"angle":0,"curve":"stepped"},{"time":4.8,"angle":0}],"translate":[{"time":0,"x":0,"y":0,"curve":"stepped"},{"time":2.4,"x":0,"y":0,"curve":"stepped"},{"time":4.8,"x":0,"y":0}],"scale":[{"time":0,"x":1,"y":1,"curve":"stepped"},{"time":2.4,"x":1,"y":1,"curve":"stepped"},{"time":4.8,"x":1,"y":1}]},"zqdw_tcgt7":{"rotate":[{"time":0,"angle":0,"curve":"stepped"},{"time":2.4,"angle":0,"curve":"stepped"},{"time":4.8,"angle":0}],"translate":[{"time":0,"x":0,"y":0,"curve":"stepped"},{"time":2.4,"x":0,"y":0,"curve":"stepped"},{"time":4.8,"x":0,"y":0}],"scale":[{"time":0,"x":1,"y":1,"curve":"stepped"},{"time":2.4,"x":1,"y":1,"curve":"stepped"},{"time":4.8,"x":1,"y":1}]},"zqdw_tcgt8":{"rotate":[{"time":0,"angle":0,"curve":"stepped"},{"time":2.4,"angle":0,"curve":"stepped"},{"time":4.8,"angle":0}],"translate":[{"time":0,"x":0,"y":0,"curve":"stepped"},{"time":2.4,"x":0,"y":0,"curve":"stepped"},{"time":4.8,"x":0,"y":0}],"scale":[{"time":0,"x":1,"y":1,"curve":"stepped"},{"time":2.4,"x":1,"y":1,"curve":"stepped"},{"time":4.8,"x":1,"y":1}]},"zqdw_tcgt9":{"rotate":[{"time":0,"angle":0,"curve":"stepped"},{"time":2.4,"angle":0,"curve":"stepped"},{"time":4.8,"angle":0}],"translate":[{"time":0,"x":0,"y":0,"curve":"stepped"},{"time":2.4,"x":0,"y":0,"curve":"stepped"},{"time":4.8,"x":0,"y":0}],"scale":[{"time":0,"x":1,"y":1,"curve":"stepped"},{"time":2.4,"x":1,"y":1,"curve":"stepped"},{"time":4.8,"x":1,"y":1}]},"zqdw_tcgt10":{"rotate":[{"time":0,"angle":0,"curve":"stepped"},{"time":2.4,"angle":0,"curve":"stepped"},{"time":4.8,"angle":0}],"translate":[{"time":0,"x":0,"y":0,"curve":"stepped"},{"time":2.4,"x":0,"y":0,"curve":"stepped"},{"time":4.8,"x":0,"y":0}],"scale":[{"time":0,"x":1,"y":1,"curve":"stepped"},{"time":2.4,"x":1,"y":1,"curve":"stepped"},{"time":4.8,"x":1,"y":1}]},"zqdw_tcgt11":{"rotate":[{"time":0,"angle":0,"curve":"stepped"},{"time":2.4,"angle":0,"curve":"stepped"},{"time":4.8,"angle":0}],"translate":[{"time":0,"x":0,"y":0,"curve":"stepped"},{"time":2.4,"x":0,"y":0,"curve":"stepped"},{"time":4.8,"x":0,"y":0}],"scale":[{"time":0,"x":1,"y":1,"curve":"stepped"},{"time":2.4,"x":1,"y":1,"curve":"stepped"},{"time":4.8,"x":1,"y":1}]},"zqdw_tcgt12":{"rotate":[{"time":0,"angle":0,"curve":"stepped"},{"time":2.4,"angle":0,"curve":"stepped"},{"time":4.8,"angle":0}],"translate":[{"time":0,"x":0,"y":0,"curve":"stepped"},{"time":2.4,"x":0,"y":0,"curve":"stepped"},{"time":4.8,"x":0,"y":0}],"scale":[{"time":0,"x":1,"y":1,"curve":"stepped"},{"time":2.4,"x":1,"y":1,"curve":"stepped"},{"time":4.8,"x":1,"y":1}]},"zqdw_tcmn2":{"rotate":[{"time":0,"angle":0,"curve":"stepped"},{"time":2.4,"angle":0,"curve":"stepped"},{"time":4.8,"angle":0}],"translate":[{"time":0,"x":0,"y":0,"curve":"stepped"},{"time":2.4,"x":0,"y":0,"curve":"stepped"},{"time":4.8,"x":0,"y":0}],"scale":[{"time":0,"x":1,"y":1,"curve":[0.313,0,0.647,0.35]},{"time":0.1,"x":0.5,"y":0.5,"curve":[0.311,0.8,0.582,1]},{"time":0.2667,"x":1.05,"y":1.05,"curve":[0.25,0,0.75,1]},{"time":0.4667,"x":0.99,"y":0.99,"curve":[0.25,0,0.75,1]},{"time":0.7,"x":1,"y":1,"curve":"stepped"},{"time":2.4,"x":1,"y":1,"curve":"stepped"},{"time":4.8,"x":1,"y":1}]},"hip":{"rotate":[{"time":0,"angle":0,"curve":"stepped"},{"time":2.4,"angle":0,"curve":"stepped"},{"time":4.8,"angle":0}],"translate":[{"time":0,"x":0,"y":0,"curve":"stepped"},{"time":2.4,"x":0,"y":0,"curve":"stepped"},{"time":4.8,"x":0,"y":0}],"scale":[{"time":0,"x":1,"y":1,"curve":"stepped"},{"time":2.4,"x":1,"y":1,"curve":"stepped"},{"time":4.8,"x":1,"y":1}]},"zqdw_tctextlg":{"translate":[{"time":0.4333,"x":-0.02,"y":-0.06},{"time":0.7,"x":0.02,"y":0.06}],"scale":[{"time":0.4333,"x":0.99,"y":0.99},{"time":0.7,"x":1.01,"y":1.01}]},"zqdw_tccd5":{"rotate":[{"time":0,"angle":0,"curve":"stepped"},{"time":2.3333,"angle":0,"curve":"stepped"},{"time":4.7333,"angle":0,"curve":"stepped"},{"time":4.8,"angle":0}],"translate":[{"time":0,"x":-0.96,"y":-66.9,"curve":[0.082,0.68,0.447,1]},{"time":2.3333,"x":-0.96,"y":0.52,"curve":[0.25,0,0.75,1]},{"time":4.7333,"x":-0.96,"y":-243.68,"curve":[0.25,0,0.75,1]},{"time":4.8,"x":-0.96,"y":0.52}],"scale":[{"time":0,"x":0.108,"y":0.108,"curve":[0.082,0.68,0.447,1]},{"time":2.3333,"x":1,"y":1,"curve":"stepped"},{"time":4.7333,"x":1,"y":1,"curve":"stepped"},{"time":4.8,"x":1,"y":1}]},"zqdw_tccd13":{"rotate":[{"time":0,"angle":0,"curve":"stepped"},{"time":1.6667,"angle":0,"curve":"stepped"},{"time":2.4,"angle":0,"curve":"stepped"},{"time":4.8,"angle":0}],"translate":[{"time":0,"x":1.29,"y":-67.03,"curve":[0.082,0.68,0.447,1]},{"time":1.6667,"x":1.29,"y":-395.37,"curve":[0.382,0.57,0.735,1]},{"time":2.4,"x":1.29,"y":0.39,"curve":"stepped"},{"time":4.8,"x":1.29,"y":0.39}],"scale":[{"time":0,"x":0.108,"y":0.108,"curve":[0.082,0.68,0.447,1]},{"time":1.6667,"x":1,"y":1,"curve":"stepped"},{"time":2.4,"x":1,"y":1,"curve":"stepped"},{"time":4.8,"x":1,"y":1}]},"zqdw_tccd15":{"rotate":[{"time":0,"angle":0,"curve":"stepped"},{"time":0.5,"angle":0,"curve":"stepped"},{"time":3,"angle":0,"curve":"stepped"},{"time":4.8,"angle":0}],"translate":[{"time":0,"x":-1.45,"y":-67.78,"curve":[0.082,0.68,0.447,1]},{"time":0.5,"x":-1.45,"y":-0.36,"curve":[0.25,0,0.75,1]},{"time":3,"x":-1.45,"y":-325.14,"curve":[0.25,0,0.75,1]},{"time":4.8,"x":-1.45,"y":-0.36}],"scale":[{"time":0,"x":0.108,"y":0.108,"curve":[0.082,0.68,0.447,1]},{"time":0.5,"x":1,"y":1,"curve":"stepped"},{"time":3,"x":1,"y":1,"curve":"stepped"},{"time":4.8,"x":1,"y":1}]},"zqdw_tccd7":{"rotate":[{"time":0,"angle":0,"curve":"stepped"},{"time":0.3333,"angle":0,"curve":"stepped"},{"time":1.5333,"angle":0,"curve":"stepped"},{"time":2.4,"angle":0,"curve":"stepped"},{"time":4.8,"angle":0}],"translate":[{"time":0,"x":0,"y":-67.42,"curve":[0.082,0.68,0.447,1]},{"time":0.3333,"x":0,"y":0,"curve":[0.25,0,0.75,1]},{"time":1.5333,"x":0,"y":-133.46,"curve":[0.25,0,0.75,1]},{"time":2.4,"x":0,"y":0,"curve":"stepped"},{"time":4.8,"x":0,"y":0}],"scale":[{"time":0,"x":0.108,"y":0.108,"curve":[0.082,0.68,0.447,1]},{"time":0.3333,"x":1,"y":1,"curve":[0.25,0,0.75,1]},{"time":1.5333,"x":0.75,"y":0.75,"curve":[0.25,0,0.75,1]},{"time":2.4,"x":1,"y":1,"curve":"stepped"},{"time":4.8,"x":1,"y":1}]},"zqdw_tccd10":{"rotate":[{"time":0,"angle":0,"curve":"stepped"},{"time":2.0667,"angle":0,"curve":"stepped"},{"time":4.4667,"angle":0,"curve":"stepped"},{"time":4.8,"angle":0}],"translate":[{"time":0,"x":0,"y":-82.44,"curve":[0.082,0.68,0.447,1]},{"time":2.0667,"x":0,"y":-202.99,"curve":[0.25,0,0.75,1]},{"time":4.4667,"x":0,"y":0,"curve":[0.25,0,0.75,1]},{"time":4.8,"x":0,"y":-15.02}],"scale":[{"time":0,"x":0.108,"y":0.108,"curve":[0.082,0.68,0.447,1]},{"time":2.0667,"x":1,"y":1,"curve":"stepped"},{"time":4.4667,"x":1,"y":1,"curve":"stepped"},{"time":4.8,"x":1,"y":1}]},"zqdw_tccd14":{"rotate":[{"time":0,"angle":0,"curve":"stepped"},{"time":0.3333,"angle":0,"curve":"stepped"},{"time":2.5,"angle":0,"curve":"stepped"},{"time":4.8,"angle":0}],"translate":[{"time":0,"x":1.29,"y":-67.03,"curve":[0.082,0.68,0.447,1]},{"time":0.3333,"x":1.29,"y":0.39,"curve":[0.25,0,0.75,1]},{"time":2.5,"x":1.29,"y":-177.92,"curve":[0.382,0.57,0.735,1]},{"time":4.8,"x":1.29,"y":0.39}],"scale":[{"time":0,"x":0.108,"y":0.108,"curve":[0.082,0.68,0.447,1]},{"time":0.3333,"x":1,"y":1,"curve":[0.25,0,0.75,1]},{"time":2.5,"x":1.36,"y":1.36,"curve":[0.25,0,0.75,1]},{"time":4.8,"x":1,"y":1}]},"zqdw_tccd12":{"rotate":[{"time":0,"angle":-30,"curve":[0.082,0.68,0.447,1]},{"time":2.4,"angle":-75,"curve":"stepped"},{"time":2.4333,"angle":0},{"time":4.8,"angle":-30}],"translate":[{"time":0,"x":2.36,"y":-89.81,"curve":[0.082,0.68,0.447,1]},{"time":2.4,"x":2.36,"y":-239.59,"curve":"stepped"},{"time":2.4333,"x":2.36,"y":123.44},{"time":4.8,"x":2.36,"y":-22.4}],"scale":[{"time":0,"x":0.108,"y":0.108,"curve":[0.082,0.68,0.447,1]},{"time":2.4,"x":1,"y":1,"curve":"stepped"},{"time":4.8,"x":1,"y":1}]},"zqdw_tccd1":{"rotate":[{"time":0,"angle":0,"curve":"stepped"},{"time":0.8,"angle":0,"curve":"stepped"},{"time":3.2,"angle":0,"curve":"stepped"},{"time":4.8,"angle":0}],"translate":[{"time":0,"x":-0.52,"y":-67.18,"curve":[0.082,0.68,0.447,1]},{"time":0.8,"x":-0.52,"y":0.24,"curve":[0.25,0,0.75,1]},{"time":3.2,"x":-0.52,"y":-228.42,"curve":[0.25,0,0.75,1]},{"time":4.8,"x":-0.52,"y":0.24}],"scale":[{"time":0,"x":0.108,"y":0.108,"curve":[0.082,0.68,0.447,1]},{"time":0.8,"x":1,"y":1,"curve":"stepped"},{"time":3.2,"x":1,"y":1,"curve":"stepped"},{"time":4.8,"x":1,"y":1}]},"zqdw_tccd4":{"rotate":[{"time":0,"angle":0,"curve":"stepped"},{"time":1.3333,"angle":0,"curve":"stepped"},{"time":4,"angle":0,"curve":"stepped"},{"time":4.8,"angle":0}],"translate":[{"time":0,"x":-1.34,"y":-135.92,"curve":[0.082,0.68,0.447,1]},{"time":1.3333,"x":-1.34,"y":-283.9,"curve":"stepped"},{"time":4,"x":-1.34,"y":0.13,"curve":[0.292,0,0.63,0.37]},{"time":4.8,"x":-1.34,"y":-68.5}],"scale":[{"time":0,"x":0.108,"y":0.108,"curve":[0.082,0.68,0.447,1]},{"time":1.3333,"x":1,"y":1,"curve":"stepped"},{"time":4,"x":1,"y":1,"curve":"stepped"},{"time":4.8,"x":1,"y":1}]},"zqdw_tccd6":{"rotate":[{"time":0,"angle":0,"curve":"stepped"},{"time":3.1333,"angle":0,"curve":"stepped"},{"time":4.7667,"angle":0,"curve":"stepped"},{"time":4.8,"angle":0}],"translate":[{"time":0,"x":-0.52,"y":-67.18,"curve":[0.082,0.68,0.447,1]},{"time":3.1333,"x":-0.52,"y":0.24,"curve":[0.25,0,0.75,1]},{"time":4.7667,"x":-0.52,"y":-149.66,"curve":[0.25,0,0.75,1]},{"time":4.8,"x":-0.52,"y":0.24}],"scale":[{"time":0,"x":0.108,"y":0.108,"curve":[0.082,0.68,0.447,1]},{"time":3.1333,"x":1,"y":1,"curve":"stepped"},{"time":4.7667,"x":1,"y":1,"curve":"stepped"},{"time":4.8,"x":1,"y":1}]},"zqdw_tccd2":{"rotate":[{"time":0,"angle":0,"curve":[0.082,0.68,0.447,1]},{"time":2.3667,"angle":-30,"curve":[0.25,0,0.75,1]},{"time":4.7667,"angle":-75,"curve":"stepped"},{"time":4.8,"angle":0}],"translate":[{"time":0,"x":2.36,"y":56.02},{"time":4.7667,"x":2.36,"y":-239.59,"curve":"stepped"},{"time":4.8,"x":2.36,"y":123.44}],"scale":[{"time":0,"x":0.108,"y":0.108,"curve":[0.082,0.68,0.447,1]},{"time":2.3667,"x":1,"y":1,"curve":"stepped"},{"time":4.7667,"x":1,"y":1}]},"zqdw_tccd9":{"rotate":[{"time":0,"angle":0,"curve":"stepped"},{"time":2.1333,"angle":0,"curve":"stepped"},{"time":4.1,"angle":0,"curve":"stepped"},{"time":4.8,"angle":0}],"translate":[{"time":0,"x":-2.51,"y":-107.6,"curve":[0.082,0.68,0.447,1]},{"time":2.1333,"x":-13.59,"y":-217.84,"curve":"stepped"},{"time":4.1,"x":0,"y":0,"curve":[0.276,0,0.621,0.4]},{"time":4.8,"x":-2.51,"y":-40.18}],"scale":[{"time":0,"x":0.108,"y":0.108,"curve":[0.082,0.68,0.447,1]},{"time":2.1333,"x":1,"y":1,"curve":"stepped"},{"time":4.1,"x":1,"y":1,"curve":"stepped"},{"time":4.8,"x":1,"y":1}]},"zqdw_tccd11":{"rotate":[{"time":0,"angle":0,"curve":[0.082,0.68,0.447,1]},{"time":2,"angle":133.1,"curve":[0.25,0,0.75,1]},{"time":2.4,"angle":0,"curve":"stepped"},{"time":4.8,"angle":0}],"translate":[{"time":0,"x":1.31,"y":-66.11,"curve":[0.082,0.68,0.447,1]},{"time":2,"x":1.31,"y":-246.66,"curve":[0.381,0.54,0.744,1]},{"time":2.4,"x":1.31,"y":1.31,"curve":"stepped"},{"time":4.8,"x":1.31,"y":1.31}],"scale":[{"time":0,"x":0.108,"y":0.108,"curve":[0.082,0.68,0.447,1]},{"time":2,"x":1,"y":1,"curve":"stepped"},{"time":2.4,"x":1,"y":1,"curve":"stepped"},{"time":4.8,"x":1,"y":1}]},"zqdw_tccd8":{"rotate":[{"time":0,"angle":0,"curve":"stepped"},{"time":1.4667,"angle":0,"curve":"stepped"},{"time":3.1333,"angle":0,"curve":"stepped"},{"time":4.8,"angle":0}],"translate":[{"time":0,"x":-1.45,"y":-67.78,"curve":[0.082,0.68,0.447,1]},{"time":1.4667,"x":-1.45,"y":-0.36,"curve":[0.25,0,0.75,1]},{"time":3.1333,"x":-1.45,"y":-224.92,"curve":[0.381,0.59,0.728,1]},{"time":4.8,"x":-1.45,"y":-0.36}],"scale":[{"time":0,"x":0.108,"y":0.108,"curve":[0.082,0.68,0.447,1]},{"time":1.4667,"x":1,"y":1,"curve":[0.25,0,0.75,1]},{"time":3.1333,"x":0.5,"y":0.5,"curve":[0.25,0,0.75,1]},{"time":4.8,"x":1,"y":1}]},"zqdw_tccd3":{"rotate":[{"time":0,"angle":0,"curve":"stepped"},{"time":1.3333,"angle":0,"curve":"stepped"},{"time":3,"angle":0,"curve":"stepped"},{"time":4.8,"angle":0}],"translate":[{"time":0,"x":1.29,"y":-67.03,"curve":[0.082,0.68,0.447,1]},{"time":1.3333,"x":1.29,"y":0.39,"curve":[0.25,0,0.75,1]},{"time":3,"x":1.29,"y":-229.12,"curve":[0.382,0.57,0.735,1]},{"time":4.8,"x":1.29,"y":0.39}],"scale":[{"time":0,"x":0.108,"y":0.108,"curve":[0.082,0.68,0.447,1]},{"time":1.3333,"x":1,"y":1,"curve":"stepped"},{"time":3,"x":1,"y":1,"curve":"stepped"},{"time":4.8,"x":1,"y":1}]},"zqdw_tcxd1":{"translate":[{"time":0.4333,"x":1.32,"y":-0.28},{"time":0.7,"x":-1.27,"y":0.27}],"scale":[{"time":0.4333,"x":0.99,"y":0.99},{"time":0.7,"x":1.01,"y":1.01}]},"zqdw_tcxd2":{"translate":[{"time":0.4333,"x":-0.74,"y":0.01},{"time":0.7,"x":0.71,"y":-0.01}],"scale":[{"time":0.4333,"x":0.99,"y":0.99},{"time":0.7,"x":1.01,"y":1.01}]},"zqdw_tcgq":{"scale":[{"time":0,"x":0,"y":0,"curve":[0.082,0.68,0.447,1]},{"time":0.8,"x":3,"y":3}]},"zqdw_tcksd":{"rotate":[{"time":0,"angle":0,"curve":[0.082,0.68,0.447,1]},{"time":1.2,"angle":140.74},{"time":4.8,"angle":0}],"translate":[{"time":0,"x":2.36,"y":56.02,"curve":[0.082,0.68,0.447,1]},{"time":1.2,"x":377.84,"y":-446.27},{"time":4.8,"x":2.36,"y":123.44}],"scale":[{"time":0,"x":1,"y":1}]},"zqdw_tcksd2":{"rotate":[{"time":0,"angle":0,"curve":[0.082,0.68,0.447,1]},{"time":0.8,"angle":-147.96},{"time":4.8,"angle":0}],"translate":[{"time":0,"x":2.36,"y":56.02,"curve":[0.082,0.68,0.447,1]},{"time":0.8,"x":225.33,"y":208.44},{"time":4.8,"x":2.36,"y":123.44}],"scale":[{"time":0,"x":1,"y":1}]},"zqdw_tcgq2":{"scale":[{"time":0,"x":0,"y":0,"curve":[0.082,0.68,0.447,1]},{"time":0.8,"x":12,"y":12}]},"zqdw_tcksd3":{"rotate":[{"time":0,"angle":0,"curve":[0.082,0.68,0.447,1]},{"time":0.8,"angle":-93.01},{"time":4.8,"angle":0}],"translate":[{"time":0,"x":-133.35,"y":102.61,"curve":[0.082,0.68,0.447,1]},{"time":0.8,"x":-539.78,"y":246.94},{"time":4.8,"x":2.36,"y":123.44}],"scale":[{"time":0,"x":1,"y":1}]},"zqdw_tcksd4":{"rotate":[{"time":0,"angle":0,"curve":[0.082,0.68,0.447,1]},{"time":0.8333,"angle":-188.95},{"time":4.8,"angle":0}],"translate":[{"time":0,"x":-73.2,"y":201.6,"curve":[0.082,0.68,0.447,1]},{"time":0.8333,"x":-111.77,"y":342.45},{"time":4.8,"x":2.36,"y":123.44}],"scale":[{"time":0,"x":1,"y":1}]},"zqdw_tcksd5":{"rotate":[{"time":0,"angle":0,"curve":[0.082,0.68,0.447,1]},{"time":0.8333,"angle":-188.95},{"time":4.8,"angle":0}],"translate":[{"time":0,"x":0,"y":0,"curve":[0.082,0.68,0.447,1]},{"time":0.8333,"x":-260.2,"y":-123.99},{"time":4.8,"x":2.36,"y":123.44}],"scale":[{"time":0,"x":1,"y":1}]},"zqdw_tcksd6":{"rotate":[{"time":0,"angle":0,"curve":[0.082,0.68,0.447,1]},{"time":0.5,"angle":-188.95},{"time":4.8,"angle":0}],"translate":[{"time":0,"x":0,"y":0,"curve":[0.082,0.68,0.447,1]},{"time":0.5,"x":-7.99,"y":-370.81},{"time":4.8,"x":2.36,"y":123.44}],"scale":[{"time":0,"x":1,"y":1}]},"zqdw_tcksd7":{"rotate":[{"time":0,"angle":0,"curve":[0.082,0.68,0.447,1]},{"time":0.8,"angle":-188.95},{"time":4.8,"angle":0}],"translate":[{"time":0,"x":0,"y":0,"curve":[0.082,0.68,0.447,1]},{"time":0.8,"x":343.83,"y":-114.62},{"time":4.8,"x":2.36,"y":123.44}],"scale":[{"time":0,"x":1,"y":1}]},"zqdw_tcksd8":{"rotate":[{"time":0,"angle":0,"curve":[0.082,0.68,0.447,1]},{"time":0.8,"angle":-188.95},{"time":4.8,"angle":0}],"translate":[{"time":0,"x":0,"y":0,"curve":[0.082,0.68,0.447,1]},{"time":0.8,"x":-258.49,"y":315.2},{"time":4.8,"x":2.36,"y":123.44}],"scale":[{"time":0,"x":1,"y":1}]},"zqdw_tcksd9":{"rotate":[{"time":0,"angle":0,"curve":[0.082,0.68,0.447,1]},{"time":1.2,"angle":-147.96},{"time":4.8,"angle":0}],"translate":[{"time":0,"x":2.36,"y":56.02,"curve":[0.082,0.68,0.447,1]},{"time":1.2,"x":-416.14,"y":11.31},{"time":4.8,"x":2.36,"y":123.44}],"scale":[{"time":0,"x":1,"y":1}]},"zqdw_tcksd10":{"rotate":[{"time":0,"angle":0,"curve":[0.082,0.68,0.447,1]},{"time":1.2,"angle":140.74},{"time":4.8,"angle":0}],"translate":[{"time":0,"x":2.36,"y":56.02,"curve":[0.082,0.68,0.447,1]},{"time":1.2,"x":287,"y":-301.78},{"time":4.8,"x":2.36,"y":123.44}],"scale":[{"time":0,"x":1,"y":1}]},"zqdw_tcksd11":{"rotate":[{"time":0,"angle":0,"curve":[0.082,0.68,0.447,1]},{"time":0.8,"angle":-147.96},{"time":4.8,"angle":0}],"translate":[{"time":0,"x":2.36,"y":56.02,"curve":[0.082,0.68,0.447,1]},{"time":0.8,"x":225.33,"y":208.44},{"time":4.8,"x":2.36,"y":123.44}],"scale":[{"time":0,"x":1,"y":1}]},"zqdw_tcksd12":{"rotate":[{"time":0,"angle":0,"curve":[0.082,0.68,0.447,1]},{"time":0.8,"angle":-93.01},{"time":4.8,"angle":0}],"translate":[{"time":0,"x":-15.43,"y":11.02,"curve":[0.082,0.68,0.447,1]},{"time":0.8,"x":-223.61,"y":131.24},{"time":4.8,"x":2.36,"y":123.44}],"scale":[{"time":0,"x":1,"y":1}]},"zqdw_tcksd13":{"rotate":[{"time":0,"angle":0,"curve":[0.082,0.68,0.447,1]},{"time":0.8333,"angle":-188.95},{"time":4.8,"angle":0}],"translate":[{"time":0,"x":-22.78,"y":63.07,"curve":[0.082,0.68,0.447,1]},{"time":0.8333,"x":-2.52,"y":215.57},{"time":4.8,"x":2.36,"y":123.44}],"scale":[{"time":0,"x":1,"y":1}]},"zqdw_tcksd14":{"rotate":[{"time":0,"angle":0,"curve":[0.082,0.68,0.447,1]},{"time":0.8333,"angle":-188.95},{"time":4.8,"angle":0}],"translate":[{"time":0,"x":0,"y":0,"curve":[0.082,0.68,0.447,1]},{"time":0.8333,"x":-260.2,"y":-123.99},{"time":4.8,"x":2.36,"y":123.44}],"scale":[{"time":0,"x":1,"y":1}]},"zqdw_tcksd15":{"rotate":[{"time":0,"angle":0,"curve":[0.082,0.68,0.447,1]},{"time":0.5,"angle":-188.95},{"time":4.8,"angle":0}],"translate":[{"time":0,"x":0,"y":0,"curve":[0.082,0.68,0.447,1]},{"time":0.5,"x":-129.72,"y":-197.48},{"time":4.8,"x":2.36,"y":123.44}],"scale":[{"time":0,"x":1,"y":1}]},"zqdw_tcksd16":{"rotate":[{"time":0,"angle":0,"curve":[0.082,0.68,0.447,1]},{"time":0.8,"angle":-188.95},{"time":4.8,"angle":0}],"translate":[{"time":0,"x":-1.2,"y":0.2,"curve":[0.082,0.68,0.447,1]},{"time":0.8,"x":262.78,"y":28.46},{"time":4.8,"x":2.36,"y":123.44}],"scale":[{"time":0,"x":1,"y":1}]},"zqdw_tcksd17":{"rotate":[{"time":0,"angle":0,"curve":[0.082,0.68,0.447,1]},{"time":0.8,"angle":-188.95},{"time":4.8,"angle":0}],"translate":[{"time":0,"x":0,"y":0,"curve":[0.082,0.68,0.447,1]},{"time":0.8,"x":-258.49,"y":315.2},{"time":4.8,"x":2.36,"y":123.44}],"scale":[{"time":0,"x":1,"y":1}]},"zqdw_tcksd18":{"rotate":[{"time":0,"angle":0,"curve":[0.082,0.68,0.447,1]},{"time":1.2,"angle":-147.96},{"time":4.8,"angle":0}],"translate":[{"time":0,"x":2.36,"y":56.02,"curve":[0.082,0.68,0.447,1]},{"time":1.2,"x":-416.14,"y":11.31},{"time":4.8,"x":2.36,"y":123.44}],"scale":[{"time":0,"x":1,"y":1}]},"zqdw_tcksd19":{"rotate":[{"time":0,"angle":0,"curve":[0.082,0.68,0.447,1]},{"time":1.2,"angle":140.74},{"time":4.8,"angle":0}],"translate":[{"time":0,"x":2.36,"y":56.02,"curve":[0.082,0.68,0.447,1]},{"time":1.2,"x":13.18,"y":346.4},{"time":4.8,"x":2.36,"y":123.44}],"scale":[{"time":0,"x":1,"y":1}]},"zqdw_tcggt":{"scale":[{"time":0,"x":0,"y":0,"curve":[0.082,0.68,0.447,1]},{"time":1.2,"x":1,"y":1}]},"zqdw_tcggt2":{"scale":[{"time":0,"x":0,"y":0,"curve":"stepped"},{"time":0.0333,"x":0,"y":0,"curve":[0.082,0.68,0.447,1]},{"time":0.6,"x":2,"y":8}]}}}}}