{"skeleton":{"hash":"cPHo/K1iJg+YJlC1FKXpbgZfPRg","spine":"3.6.37","width":1333,"height":750,"images":"./images/"},"bones":[{"name":"root"},{"name":"hip","parent":"root"},{"name":"rementipslg","parent":"root","x":-1.25,"y":7.28,"scaleX":2,"scaleY":2},{"name":"tips","parent":"hip"},{"name":"tips_xingdian","parent":"tips","rotation":113.98,"x":-7.21,"y":5.7,"scaleX":0.25,"scaleY":0.25},{"name":"tips_xingdian2","parent":"tips","rotation":56.04,"x":-4.02,"y":-12.31,"scaleX":0.25,"scaleY":0.25},{"name":"tips_xingdian3","parent":"tips","rotation":153.18,"x":16.93,"y":12.23,"scaleX":0.25,"scaleY":0.25},{"name":"tips_xingdian4","parent":"tips","rotation":103.05,"x":-25.76,"y":1.42,"scaleX":0.25,"scaleY":0.25},{"name":"tips_xingdian5","parent":"tips","rotation":153.18,"x":12.51,"y":-17.78,"scaleX":0.25,"scaleY":0.25},{"name":"tips_xingdian6","parent":"tips","rotation":103.05,"x":4.61,"y":-2.1,"scaleX":0.25,"scaleY":0.25},{"name":"tips_xingdian7","parent":"tips","rotation":143.21,"x":-17.86,"y":-18.29,"scaleX":0.25,"scaleY":0.25},{"name":"tips_xingdian8","parent":"tips","rotation":-163.8,"x":9.44,"y":16.07,"scaleX":0.25,"scaleY":0.25},{"name":"tips_xingdian9","parent":"tips","rotation":143.21,"x":-19.42,"y":-8.26,"scaleX":0.25,"scaleY":0.25},{"name":"tips_xingdian10","parent":"tips","rotation":153.18,"x":27.58,"y":-3.3,"scaleX":0.25,"scaleY":0.25},{"name":"tips_xingdian11","parent":"tips","rotation":-163.8,"x":-2.43,"y":26.34,"scaleX":0.25,"scaleY":0.25}],"slots":[{"name":"bg.jpg","bone":"root"},{"name":"zongzi","bone":"tips","attachment":"zongzi"},{"name":"tips_xingdian","bone":"tips_xingdian","attachment":"tips_xingdian","blend":"additive"},{"name":"tips_xingdian3","bone":"tips_xingdian3","attachment":"tips_xingdian","blend":"additive"},{"name":"tips_xingdian8","bone":"tips_xingdian8","attachment":"tips_xingdian","blend":"additive"},{"name":"tips_xingdian11","bone":"tips_xingdian11","attachment":"tips_xingdian","blend":"additive"},{"name":"tips_xingdian5","bone":"tips_xingdian5","attachment":"tips_xingdian","blend":"additive"},{"name":"tips_xingdian10","bone":"tips_xingdian10","attachment":"tips_xingdian","blend":"additive"},{"name":"tips_xingdian2","bone":"tips_xingdian2","attachment":"tips_xingdian","blend":"additive"},{"name":"tips_xingdian4","bone":"tips_xingdian4","attachment":"tips_xingdian","blend":"additive"},{"name":"tips_xingdian6","bone":"tips_xingdian6","attachment":"tips_xingdian","blend":"additive"},{"name":"tips_xingdian7","bone":"tips_xingdian7","attachment":"tips_xingdian","blend":"additive"},{"name":"tips_xingdian9","bone":"tips_xingdian9","attachment":"tips_xingdian","blend":"additive"},{"name":"zqdw_icontips0","bone":"rementipslg","attachment":"zqdw_icontips25","blend":"additive"}],"skins":{"default":{"tips_xingdian":{"tips_xingdian":{"width":32,"height":32}},"tips_xingdian10":{"tips_xingdian":{"width":32,"height":32}},"tips_xingdian11":{"tips_xingdian":{"width":32,"height":32}},"tips_xingdian2":{"tips_xingdian":{"width":32,"height":32}},"tips_xingdian3":{"tips_xingdian":{"width":32,"height":32}},"tips_xingdian4":{"tips_xingdian":{"width":32,"height":32}},"tips_xingdian5":{"tips_xingdian":{"width":32,"height":32}},"tips_xingdian6":{"tips_xingdian":{"width":32,"height":32}},"tips_xingdian7":{"tips_xingdian":{"width":32,"height":32}},"tips_xingdian8":{"tips_xingdian":{"width":32,"height":32}},"tips_xingdian9":{"tips_xingdian":{"width":32,"height":32}},"zongzi":{"zongzi":{"width":69,"height":64}},"zqdw_icontips0":{"zqdw_icontips0":{"width":33,"height":17},"zqdw_icontips1":{"width":33,"height":17},"zqdw_icontips2":{"width":33,"height":17},"zqdw_icontips3":{"width":33,"height":17},"zqdw_icontips4":{"width":33,"height":17},"zqdw_icontips5":{"width":33,"height":17},"zqdw_icontips6":{"width":33,"height":17},"zqdw_icontips7":{"width":33,"height":17},"zqdw_icontips8":{"width":33,"height":17},"zqdw_icontips9":{"width":33,"height":17},"zqdw_icontips10":{"width":33,"height":17},"zqdw_icontips11":{"width":33,"height":17},"zqdw_icontips12":{"width":33,"height":17},"zqdw_icontips13":{"width":33,"height":17},"zqdw_icontips14":{"width":33,"height":17},"zqdw_icontips15":{"width":33,"height":17},"zqdw_icontips16":{"width":33,"height":17},"zqdw_icontips17":{"width":33,"height":17},"zqdw_icontips18":{"width":33,"height":17},"zqdw_icontips19":{"width":33,"height":17},"zqdw_icontips20":{"width":33,"height":17},"zqdw_icontips21":{"width":33,"height":17},"zqdw_icontips22":{"width":33,"height":17},"zqdw_icontips23":{"width":33,"height":17},"zqdw_icontips24":{"width":33,"height":17},"zqdw_icontips25":{"width":33,"height":17},"zqdw_icontips26":{"width":33,"height":17},"zqdw_icontips27":{"width":33,"height":17},"zqdw_icontips28":{"width":33,"height":17},"zqdw_icontips29":{"width":33,"height":17},"zqdw_icontips30":{"width":33,"height":17},"zqdw_icontips31":{"width":33,"height":17},"zqdw_icontips32":{"width":33,"height":17},"zqdw_icontips33":{"width":33,"height":17},"zqdw_icontips34":{"width":33,"height":17},"zqdw_icontips35":{"width":33,"height":17}}}},"animations":{"animation":{"slots":{"tips_xingdian":{"color":[{"time":0,"color":"ffffff00"},{"time":0.2667,"color":"fffffffe"},{"time":0.6,"color":"ffffff00","curve":"stepped"},{"time":0.7667,"color":"ffffff00"},{"time":0.8,"color":"fffffffe"},{"time":1.2667,"color":"ffffff00"},{"time":1.3,"color":"fffffffe"},{"time":1.9333,"color":"ffffff00","curve":"stepped"},{"time":2.2667,"color":"ffffff00"}]},"tips_xingdian2":{"color":[{"time":0,"color":"ffffff1a","curve":"stepped"},{"time":0.2667,"color":"ffffff1a"},{"time":0.3,"color":"ffffff00"},{"time":0.4667,"color":"fffffffe"},{"time":0.7667,"color":"ffffff1a"},{"time":0.8333,"color":"ffffff00"},{"time":1.2,"color":"fffffffe"},{"time":1.2667,"color":"ffffff1a"},{"time":1.3333,"color":"ffffff00"},{"time":1.7,"color":"fffffffe"},{"time":2.2667,"color":"ffffff1a"}]},"tips_xingdian3":{"color":[{"time":0,"color":"ffffff00","curve":"stepped"},{"time":0.2667,"color":"ffffff00"},{"time":0.3667,"color":"fffffffe"},{"time":0.6667,"color":"ffffff00","curve":"stepped"},{"time":0.7667,"color":"ffffff00"},{"time":0.9667,"color":"fffffffe"},{"time":1.2667,"color":"ffffff00"},{"time":1.4667,"color":"fffffffe"},{"time":2.1,"color":"ffffff00","curve":"stepped"},{"time":2.2667,"color":"ffffff00"}]},"tips_xingdian4":{"color":[{"time":0,"color":"ffffff0c"},{"time":0.2667,"color":"ffffff00"},{"time":0.4667,"color":"fffffffe"},{"time":0.7667,"color":"ffffff0c"},{"time":0.8,"color":"ffffff00"},{"time":1.1667,"color":"fffffffe"},{"time":1.2667,"color":"ffffff0c"},{"time":1.3,"color":"ffffff00"},{"time":1.6667,"color":"fffffffe"},{"time":2.2667,"color":"ffffff0c"}]},"tips_xingdian5":{"color":[{"time":0,"color":"ffffff42","curve":"stepped"},{"time":0.2667,"color":"ffffff42"},{"time":0.3333,"color":"ffffff00"},{"time":0.5333,"color":"fffffffe"},{"time":0.7667,"color":"ffffff42"},{"time":0.9333,"color":"ffffff00"},{"time":1.2667,"color":"ffffff42"},{"time":1.4333,"color":"ffffff00"},{"time":1.8,"color":"fffffffe"},{"time":2.2667,"color":"ffffff42"}]},"tips_xingdian6":{"color":[{"time":0,"color":"ffffffe6","curve":"stepped"},{"time":0.2667,"color":"ffffffe6"},{"time":0.6,"color":"ffffff00"},{"time":0.7667,"color":"ffffffe6","curve":"stepped"},{"time":1.2667,"color":"ffffffe6"},{"time":1.9333,"color":"ffffff00"},{"time":2.2667,"color":"ffffffe6"}]},"tips_xingdian7":{"color":[{"time":0,"color":"ffffffae","curve":"stepped"},{"time":0.2667,"color":"ffffffae"},{"time":0.4667,"color":"ffffff00"},{"time":0.6667,"color":"fffffffe"},{"time":0.7667,"color":"ffffffae"},{"time":1.2,"color":"ffffff00"},{"time":1.2667,"color":"ffffffae"},{"time":1.7,"color":"ffffff00"},{"time":2.0667,"color":"fffffffe"},{"time":2.2667,"color":"ffffffae"}]},"tips_xingdian8":{"color":[{"time":0,"color":"ffffff72","curve":"stepped"},{"time":0.2667,"color":"ffffff72"},{"time":0.6667,"color":"ffffff00"},{"time":0.7667,"color":"ffffff72","curve":"stepped"},{"time":1.2667,"color":"ffffff72"},{"time":2.1,"color":"ffffff00"},{"time":2.2667,"color":"ffffff72"}]},"tips_xingdian9":{"color":[{"time":0,"color":"ffffffd6","curve":"stepped"},{"time":0.2667,"color":"ffffffd6"},{"time":0.5333,"color":"ffffff00"},{"time":0.6667,"color":"fffffffe"},{"time":0.7667,"color":"ffffffd6","curve":"stepped"},{"time":1.2667,"color":"ffffffd6"},{"time":1.8,"color":"ffffff00"},{"time":2.1667,"color":"fffffffe"},{"time":2.2667,"color":"ffffffd6"}]},"tips_xingdian10":{"color":[{"time":0,"color":"ffffffd0","curve":"stepped"},{"time":0.2667,"color":"ffffffd0"},{"time":0.6,"color":"ffffff00"},{"time":0.7667,"color":"ffffffd0","curve":"stepped"},{"time":1.2667,"color":"ffffffd0"},{"time":1.9667,"color":"ffffff00"},{"time":2.2667,"color":"ffffffd0"}]},"tips_xingdian11":{"color":[{"time":0,"color":"ffffff72","curve":"stepped"},{"time":0.1,"color":"ffffff72"},{"time":0.5,"color":"ffffff00"},{"time":0.6,"color":"ffffff72","curve":"stepped"},{"time":1.1,"color":"ffffff72"},{"time":1.9333,"color":"ffffff00"},{"time":2.1,"color":"ffffff72"}]},"zongzi":{"color":[{"time":0,"color":"fffffffe","curve":"stepped"},{"time":0.2667,"color":"fffffffe","curve":"stepped"},{"time":1.2667,"color":"fffffffe"}]},"zqdw_icontips0":{"attachment":[{"time":0,"name":"zqdw_icontips0"},{"time":0.0333,"name":"zqdw_icontips1"},{"time":0.0667,"name":"zqdw_icontips2"},{"time":0.1,"name":"zqdw_icontips3"},{"time":0.1333,"name":"zqdw_icontips4"},{"time":0.1667,"name":"zqdw_icontips5"},{"time":0.2,"name":"zqdw_icontips6"},{"time":0.2333,"name":"zqdw_icontips7"},{"time":0.2667,"name":"zqdw_icontips8"},{"time":0.3,"name":"zqdw_icontips9"},{"time":0.3333,"name":"zqdw_icontips10"},{"time":0.3667,"name":"zqdw_icontips11"},{"time":0.4,"name":"zqdw_icontips12"},{"time":0.4333,"name":"zqdw_icontips13"},{"time":0.4667,"name":"zqdw_icontips14"},{"time":0.5,"name":"zqdw_icontips15"},{"time":0.5333,"name":"zqdw_icontips16"},{"time":0.5667,"name":"zqdw_icontips17"},{"time":0.6,"name":"zqdw_icontips18"},{"time":0.6333,"name":"zqdw_icontips19"},{"time":0.6667,"name":"zqdw_icontips20"},{"time":0.7,"name":"zqdw_icontips21"},{"time":0.7333,"name":"zqdw_icontips22"},{"time":0.7667,"name":"zqdw_icontips23"},{"time":0.8,"name":"zqdw_icontips24"},{"time":0.8333,"name":"zqdw_icontips25"},{"time":0.8667,"name":"zqdw_icontips26"},{"time":0.9,"name":"zqdw_icontips27"},{"time":0.9333,"name":"zqdw_icontips28"},{"time":0.9667,"name":"zqdw_icontips29"},{"time":1,"name":"zqdw_icontips30"},{"time":1.0333,"name":"zqdw_icontips31"},{"time":1.0667,"name":"zqdw_icontips32"},{"time":1.1,"name":"zqdw_icontips33"},{"time":1.1333,"name":"zqdw_icontips34"},{"time":1.1667,"name":"zqdw_icontips35"}]}},"bones":{"tips":{"rotate":[{"time":0,"angle":0,"curve":"stepped"},{"time":0.2667,"angle":0,"curve":"stepped"},{"time":0.6667,"angle":0,"curve":"stepped"},{"time":1.2667,"angle":0,"curve":"stepped"},{"time":2.2667,"angle":0}],"translate":[{"time":0,"x":0,"y":0,"curve":"stepped"},{"time":0.2667,"x":0,"y":0,"curve":"stepped"},{"time":0.6667,"x":0,"y":0,"curve":"stepped"},{"time":1.2667,"x":0,"y":0,"curve":"stepped"},{"time":2.2667,"x":0,"y":0}],"scale":[{"time":0,"x":1,"y":1,"curve":"stepped"},{"time":0.2667,"x":1,"y":1,"curve":"stepped"},{"time":0.6667,"x":1,"y":1,"curve":[0.311,0.8,0.7,1]},{"time":0.7333,"x":1.1,"y":0.9,"curve":[0.311,0.8,0.7,1]},{"time":0.8667,"x":0.95,"y":1.05,"curve":[0.311,0.8,0.7,1]},{"time":1,"x":1.04,"y":0.96,"curve":[0.311,0.8,0.7,1]},{"time":1.1333,"x":1,"y":1,"curve":"stepped"},{"time":1.2667,"x":1,"y":1}],"shear":[{"time":0,"x":0,"y":0,"curve":"stepped"},{"time":0.2667,"x":0,"y":0,"curve":"stepped"},{"time":0.6667,"x":0,"y":0,"curve":"stepped"},{"time":1.2667,"x":0,"y":0,"curve":"stepped"},{"time":2.2667,"x":0,"y":0}]},"tips_xingdian":{"rotate":[{"time":0,"angle":0,"curve":"stepped"},{"time":0.2667,"angle":0,"curve":"stepped"},{"time":1.2667,"angle":0}],"translate":[{"time":0,"x":0,"y":0,"curve":"stepped"},{"time":0.2667,"x":0,"y":0,"curve":"stepped"},{"time":1.2667,"x":0,"y":0}],"scale":[{"time":0,"x":1,"y":1,"curve":"stepped"},{"time":0.2667,"x":1,"y":1,"curve":"stepped"},{"time":1.2667,"x":1,"y":1}],"shear":[{"time":0,"x":0,"y":0,"curve":"stepped"},{"time":0.2667,"x":0,"y":0,"curve":"stepped"},{"time":1.2667,"x":0,"y":0}]},"tips_xingdian2":{"rotate":[{"time":0,"angle":0,"curve":"stepped"},{"time":0.2667,"angle":0,"curve":"stepped"},{"time":1.2667,"angle":0}],"translate":[{"time":0,"x":0,"y":0,"curve":"stepped"},{"time":0.2667,"x":0,"y":0,"curve":"stepped"},{"time":1.2667,"x":0,"y":0}],"scale":[{"time":0,"x":1,"y":1,"curve":"stepped"},{"time":0.2667,"x":1,"y":1,"curve":"stepped"},{"time":1.2667,"x":1,"y":1}],"shear":[{"time":0,"x":0,"y":0,"curve":"stepped"},{"time":0.2667,"x":0,"y":0,"curve":"stepped"},{"time":1.2667,"x":0,"y":0}]},"tips_xingdian3":{"rotate":[{"time":0,"angle":0,"curve":"stepped"},{"time":0.2667,"angle":0,"curve":"stepped"},{"time":1.2667,"angle":0}],"translate":[{"time":0,"x":0,"y":0,"curve":"stepped"},{"time":0.2667,"x":0,"y":0,"curve":"stepped"},{"time":1.2667,"x":0,"y":0}],"scale":[{"time":0,"x":1,"y":1,"curve":"stepped"},{"time":0.2667,"x":1,"y":1,"curve":"stepped"},{"time":1.2667,"x":1,"y":1}],"shear":[{"time":0,"x":0,"y":0,"curve":"stepped"},{"time":0.2667,"x":0,"y":0,"curve":"stepped"},{"time":1.2667,"x":0,"y":0}]},"tips_xingdian4":{"rotate":[{"time":0,"angle":0,"curve":"stepped"},{"time":0.2667,"angle":0,"curve":"stepped"},{"time":1.2667,"angle":0}],"translate":[{"time":0,"x":0,"y":0,"curve":"stepped"},{"time":0.2667,"x":0,"y":0,"curve":"stepped"},{"time":1.2667,"x":0,"y":0}],"scale":[{"time":0,"x":1,"y":1,"curve":"stepped"},{"time":0.2667,"x":1,"y":1,"curve":"stepped"},{"time":1.2667,"x":1,"y":1}],"shear":[{"time":0,"x":0,"y":0,"curve":"stepped"},{"time":0.2667,"x":0,"y":0,"curve":"stepped"},{"time":1.2667,"x":0,"y":0}]},"tips_xingdian5":{"rotate":[{"time":0,"angle":0,"curve":"stepped"},{"time":0.2667,"angle":0,"curve":"stepped"},{"time":1.2667,"angle":0}],"translate":[{"time":0,"x":0,"y":0,"curve":"stepped"},{"time":0.2667,"x":0,"y":0,"curve":"stepped"},{"time":1.2667,"x":0,"y":0}],"scale":[{"time":0,"x":1,"y":1,"curve":"stepped"},{"time":0.2667,"x":1,"y":1,"curve":"stepped"},{"time":1.2667,"x":1,"y":1}],"shear":[{"time":0,"x":0,"y":0,"curve":"stepped"},{"time":0.2667,"x":0,"y":0,"curve":"stepped"},{"time":1.2667,"x":0,"y":0}]},"tips_xingdian6":{"rotate":[{"time":0,"angle":0,"curve":"stepped"},{"time":0.2667,"angle":0,"curve":"stepped"},{"time":1.2667,"angle":0}],"translate":[{"time":0,"x":0,"y":0,"curve":"stepped"},{"time":0.2667,"x":0,"y":0,"curve":"stepped"},{"time":1.2667,"x":0,"y":0}],"scale":[{"time":0,"x":1,"y":1,"curve":"stepped"},{"time":0.2667,"x":1,"y":1,"curve":"stepped"},{"time":1.2667,"x":1,"y":1}],"shear":[{"time":0,"x":0,"y":0,"curve":"stepped"},{"time":0.2667,"x":0,"y":0,"curve":"stepped"},{"time":1.2667,"x":0,"y":0}]},"tips_xingdian7":{"rotate":[{"time":0,"angle":0,"curve":"stepped"},{"time":0.2667,"angle":0,"curve":"stepped"},{"time":1.2667,"angle":0}],"translate":[{"time":0,"x":0,"y":0,"curve":"stepped"},{"time":0.2667,"x":0,"y":0,"curve":"stepped"},{"time":1.2667,"x":0,"y":0}],"scale":[{"time":0,"x":1,"y":1,"curve":"stepped"},{"time":0.2667,"x":1,"y":1,"curve":"stepped"},{"time":1.2667,"x":1,"y":1}],"shear":[{"time":0,"x":0,"y":0,"curve":"stepped"},{"time":0.2667,"x":0,"y":0,"curve":"stepped"},{"time":1.2667,"x":0,"y":0}]},"tips_xingdian8":{"rotate":[{"time":0,"angle":0,"curve":"stepped"},{"time":0.2667,"angle":0,"curve":"stepped"},{"time":1.2667,"angle":0}],"translate":[{"time":0,"x":0,"y":0,"curve":"stepped"},{"time":0.2667,"x":0,"y":0,"curve":"stepped"},{"time":1.2667,"x":0,"y":0}],"scale":[{"time":0,"x":1,"y":1,"curve":"stepped"},{"time":0.2667,"x":1,"y":1,"curve":"stepped"},{"time":1.2667,"x":1,"y":1}],"shear":[{"time":0,"x":0,"y":0,"curve":"stepped"},{"time":0.2667,"x":0,"y":0,"curve":"stepped"},{"time":1.2667,"x":0,"y":0}]},"tips_xingdian9":{"rotate":[{"time":0,"angle":0,"curve":"stepped"},{"time":0.2667,"angle":0,"curve":"stepped"},{"time":1.2667,"angle":0}],"translate":[{"time":0,"x":0,"y":0,"curve":"stepped"},{"time":0.2667,"x":0,"y":0,"curve":"stepped"},{"time":1.2667,"x":0,"y":0}],"scale":[{"time":0,"x":1,"y":1,"curve":"stepped"},{"time":0.2667,"x":1,"y":1,"curve":"stepped"},{"time":1.2667,"x":1,"y":1}],"shear":[{"time":0,"x":0,"y":0,"curve":"stepped"},{"time":0.2667,"x":0,"y":0,"curve":"stepped"},{"time":1.2667,"x":0,"y":0}]},"tips_xingdian10":{"rotate":[{"time":0,"angle":0,"curve":"stepped"},{"time":0.2667,"angle":0,"curve":"stepped"},{"time":1.2667,"angle":0}],"translate":[{"time":0,"x":0,"y":0,"curve":"stepped"},{"time":0.2667,"x":0,"y":0,"curve":"stepped"},{"time":1.2667,"x":0,"y":0}],"scale":[{"time":0,"x":1,"y":1,"curve":"stepped"},{"time":0.2667,"x":1,"y":1,"curve":"stepped"},{"time":1.2667,"x":1,"y":1}],"shear":[{"time":0,"x":0,"y":0,"curve":"stepped"},{"time":0.2667,"x":0,"y":0,"curve":"stepped"},{"time":1.2667,"x":0,"y":0}]},"hip":{"rotate":[{"time":0,"angle":0,"curve":[0.25,0,0.75,1]},{"time":0.0667,"angle":4,"curve":[0.25,0,0.75,1]},{"time":0.1,"angle":-4,"curve":[0.25,0,0.75,1]},{"time":0.1667,"angle":2,"curve":[0.25,0,0.75,1]},{"time":0.2,"angle":-2,"curve":[0.25,0,0.75,1]},{"time":0.2667,"angle":0,"curve":[0.25,0,0.75,1]},{"time":0.3,"angle":4,"curve":[0.25,0,0.75,1]},{"time":0.3667,"angle":-4,"curve":[0.25,0,0.75,1]},{"time":0.4,"angle":2,"curve":[0.25,0,0.75,1]},{"time":0.4667,"angle":-2,"curve":[0.25,0,0.75,1]},{"time":0.5,"angle":0,"curve":"stepped"},{"time":0.6667,"angle":0},{"time":0.7,"angle":2},{"time":0.7667,"angle":-2},{"time":0.8667,"angle":2},{"time":0.9667,"angle":-2},{"time":1.0667,"angle":2},{"time":1.1667,"angle":-2},{"time":1.2667,"angle":0,"curve":"stepped"},{"time":2.2667,"angle":0}],"translate":[{"time":0,"x":0,"y":0,"curve":"stepped"},{"time":0.2667,"x":0,"y":0,"curve":"stepped"},{"time":0.7,"x":0,"y":0,"curve":"stepped"},{"time":1.2667,"x":0,"y":0,"curve":"stepped"},{"time":2.2667,"x":0,"y":0}],"scale":[{"time":0,"x":1,"y":1,"curve":"stepped"},{"time":0.2667,"x":1,"y":1,"curve":"stepped"},{"time":0.7,"x":1,"y":1,"curve":"stepped"},{"time":1.2667,"x":1,"y":1,"curve":"stepped"},{"time":2.2667,"x":1,"y":1}],"shear":[{"time":0,"x":0,"y":0,"curve":"stepped"},{"time":0.2667,"x":0,"y":0,"curve":"stepped"},{"time":0.7,"x":0,"y":0,"curve":"stepped"},{"time":1.2667,"x":0,"y":0,"curve":"stepped"},{"time":2.2667,"x":0,"y":0}]},"root":{"rotate":[{"time":0,"angle":0,"curve":"stepped"},{"time":0.2667,"angle":0,"curve":"stepped"},{"time":1.2667,"angle":0}],"translate":[{"time":0,"x":0,"y":0,"curve":"stepped"},{"time":0.2667,"x":0,"y":0,"curve":"stepped"},{"time":1.2667,"x":0,"y":0}],"scale":[{"time":0,"x":1,"y":1,"curve":"stepped"},{"time":0.2667,"x":1,"y":1,"curve":"stepped"},{"time":1.2667,"x":1,"y":1}],"shear":[{"time":0,"x":0,"y":0,"curve":"stepped"},{"time":0.2667,"x":0,"y":0,"curve":"stepped"},{"time":1.2667,"x":0,"y":0}]},"tips_xingdian11":{"rotate":[{"time":0,"angle":0,"curve":"stepped"},{"time":0.1,"angle":0,"curve":"stepped"},{"time":1.1,"angle":0}],"translate":[{"time":0,"x":0,"y":0,"curve":"stepped"},{"time":0.1,"x":0,"y":0,"curve":"stepped"},{"time":1.1,"x":0,"y":0}],"scale":[{"time":0,"x":1,"y":1,"curve":"stepped"},{"time":0.1,"x":1,"y":1,"curve":"stepped"},{"time":1.1,"x":1,"y":1}],"shear":[{"time":0,"x":0,"y":0,"curve":"stepped"},{"time":0.1,"x":0,"y":0,"curve":"stepped"},{"time":1.1,"x":0,"y":0}]}}}}}