{"skeleton":{"hash":"N2c6ehheJdfl38LTI1hIWbcQKtg","spine":"3.6.37","width":1334,"height":750,"images":"./放大版/images/"},"bones":[{"name":"root"},{"name":"byfs_xzdk","parent":"root"},{"name":"bone41","parent":"byfs_xzdk"},{"name":"bone","parent":"bone41","x":-0.04},{"name":"bone48","parent":"byfs_xzdk","x":-31.88,"y":-29.35,"scaleX":0.37,"scaleY":0.37,"color":"13ff00ff"},{"name":"bone49","parent":"byfs_xzdk","x":11.88,"y":-3.9,"scaleX":0.572,"scaleY":0.572,"color":"13ff00ff"},{"name":"bone50","parent":"byfs_xzdk","x":-46.31,"y":-12,"scaleX":0.37,"scaleY":0.37,"color":"13ff00ff"},{"name":"bone51","parent":"byfs_xzdk","x":7.49,"y":-19.84,"scaleX":0.703,"scaleY":0.703,"color":"13ff00ff"},{"name":"bone52","parent":"byfs_xzdk","x":24.62,"y":-28.72,"scaleX":0.128,"scaleY":0.128,"color":"13ff00ff"},{"name":"bone53","parent":"byfs_xzdk","x":-8.82,"y":-27.01,"scaleX":0.29,"scaleY":0.29,"color":"13ff00ff"},{"name":"bone54","parent":"byfs_xzdk","x":44.59,"y":-17.93,"scaleX":0.435,"scaleY":0.435,"color":"13ff00ff"}],"slots":[{"name":"byfs_xiaozhu","bone":"bone41","attachment":"byfs_xiaozhu"},{"name":"byfs_xiaozhu2","bone":"bone","color":"ffffff00","attachment":"byfs_xiaozhu","blend":"additive"},{"name":"byfs_xiaoguangdian4","bone":"bone48","attachment":"byfs_xiaoguangdian","blend":"additive"},{"name":"byfs_xiaoguangdian6","bone":"bone50","attachment":"byfs_xiaoguangdian","blend":"additive"},{"name":"byfs_xiaoguangdian5","bone":"bone49","attachment":"byfs_xiaoguangdian","blend":"additive"},{"name":"byfs_xiaoguangdian8","bone":"bone52","attachment":"byfs_xiaoguangdian","blend":"additive"},{"name":"byfs_xiaoguangdian9","bone":"bone53","attachment":"byfs_xiaoguangdian","blend":"additive"},{"name":"byfs_xiaoguangdian7","bone":"bone51","attachment":"byfs_xiaoguangdian","blend":"additive"},{"name":"byfs_xiaoguangdian10","bone":"bone54","attachment":"byfs_xiaoguangdian","blend":"additive"}],"skins":{"default":{"byfs_xiaoguangdian10":{"byfs_xiaoguangdian":{"width":64,"height":64}},"byfs_xiaoguangdian4":{"byfs_xiaoguangdian":{"width":64,"height":64}},"byfs_xiaoguangdian5":{"byfs_xiaoguangdian":{"width":64,"height":64}},"byfs_xiaoguangdian6":{"byfs_xiaoguangdian":{"width":64,"height":64}},"byfs_xiaoguangdian7":{"byfs_xiaoguangdian":{"width":64,"height":64}},"byfs_xiaoguangdian8":{"byfs_xiaoguangdian":{"width":64,"height":64}},"byfs_xiaoguangdian9":{"byfs_xiaoguangdian":{"width":64,"height":64}},"byfs_xiaozhu":{"byfs_xiaozhu":{"x":0.46,"width":127,"height":101}},"byfs_xiaozhu2":{"byfs_xiaozhu":{"x":0.5,"width":127,"height":101}}}},"animations":{"animation":{"slots":{"byfs_xiaoguangdian4":{"color":[{"time":0,"color":"ffffff48"},{"time":0.6,"color":"ffffff00","curve":"stepped"},{"time":0.6333,"color":"ffffff00"},{"time":1.2667,"color":"fffffffe","curve":"stepped"},{"time":1.4667,"color":"fffffffe"},{"time":3,"color":"ffffff48"}],"attachment":[{"time":0,"name":"byfs_xiaoguangdian"}]},"byfs_xiaoguangdian5":{"color":[{"time":0,"color":"ffffff92"},{"time":1.2,"color":"ffffff00","curve":"stepped"},{"time":1.2667,"color":"ffffff00"},{"time":1.8667,"color":"fffffffe","curve":"stepped"},{"time":2.1,"color":"fffffffe"},{"time":3,"color":"ffffff92"}],"attachment":[{"time":0,"name":"byfs_xiaoguangdian"}]},"byfs_xiaoguangdian6":{"color":[{"time":0,"color":"ffffff00"},{"time":0.6333,"color":"fffffffe","curve":"stepped"},{"time":0.8333,"color":"fffffffe"},{"time":3,"color":"ffffff00"}],"attachment":[{"time":0,"name":"byfs_xiaoguangdian"}]},"byfs_xiaoguangdian7":{"color":[{"time":0,"color":"fffffff4","curve":"stepped"},{"time":0.4333,"color":"fffffff4"},{"time":2.0333,"color":"ffffff00","curve":"stepped"},{"time":2.0667,"color":"ffffff00","curve":"stepped"},{"time":2.1,"color":"ffffff00"},{"time":2.7,"color":"fffffffe","curve":"stepped"},{"time":2.9333,"color":"fffffffe"},{"time":3,"color":"fffffff4"}],"attachment":[{"time":0,"name":"byfs_xiaoguangdian"}]},"byfs_xiaoguangdian8":{"color":[{"time":0,"color":"ffffff92"},{"time":1.2,"color":"ffffff00","curve":"stepped"},{"time":1.2667,"color":"ffffff00"},{"time":1.8667,"color":"fffffffe","curve":"stepped"},{"time":2.1,"color":"fffffffe"},{"time":3,"color":"ffffff92"}],"attachment":[{"time":0,"name":"byfs_xiaoguangdian"}]},"byfs_xiaoguangdian9":{"color":[{"time":0,"color":"ffffff92"},{"time":1.2,"color":"ffffff00","curve":"stepped"},{"time":1.2667,"color":"ffffff00"},{"time":1.8667,"color":"fffffffe","curve":"stepped"},{"time":2.1,"color":"fffffffe"},{"time":3,"color":"ffffff92"}],"attachment":[{"time":0,"name":"byfs_xiaoguangdian"}]},"byfs_xiaoguangdian10":{"color":[{"time":0,"color":"ffffff00"},{"time":0.6333,"color":"fffffffe","curve":"stepped"},{"time":0.8333,"color":"fffffffe"},{"time":3,"color":"ffffff00"}],"attachment":[{"time":0,"name":"byfs_xiaoguangdian"}]},"byfs_xiaozhu":{"attachment":[{"time":0,"name":"byfs_xiaozhu"}]},"byfs_xiaozhu2":{"color":[{"time":0,"color":"ffffff00","curve":[0.25,0,0.75,1]},{"time":1.5,"color":"ffffff32","curve":[0.25,0,0.75,1]},{"time":3,"color":"ffffff00"}],"attachment":[{"time":0,"name":"byfs_xiaozhu"}]}},"bones":{"bone48":{"translate":[{"time":0,"x":0,"y":42.93},{"time":0.6,"x":0,"y":54.23},{"time":0.6333,"x":0,"y":0},{"time":3,"x":0,"y":42.93}],"scale":[{"time":0,"x":0.391,"y":0.391},{"time":0.6,"x":0.219,"y":0.219},{"time":0.6333,"x":0.437,"y":0.437},{"time":1.2667,"x":0.875,"y":0.875},{"time":3,"x":0.391,"y":0.391}]},"bone49":{"translate":[{"time":0,"x":0,"y":31.63},{"time":1.2,"x":0,"y":54.23},{"time":1.2667,"x":0,"y":0},{"time":3,"x":0,"y":31.63}],"scale":[{"time":0,"x":0.564,"y":0.564},{"time":1.2,"x":0.219,"y":0.219},{"time":1.2667,"x":0.437,"y":0.437},{"time":1.8667,"x":0.875,"y":0.875},{"time":3,"x":0.564,"y":0.564}]},"bone50":{"translate":[{"time":0,"x":0,"y":0},{"time":3,"x":0,"y":54.23}],"scale":[{"time":0,"x":0.437,"y":0.437},{"time":0.6333,"x":0.875,"y":0.875},{"time":3,"x":0.219,"y":0.219}]},"bone51":{"translate":[{"time":0,"x":0,"y":16.57},{"time":2.0333,"x":0,"y":54.23},{"time":2.1,"x":0,"y":0},{"time":3,"x":0,"y":16.57}],"scale":[{"time":0,"x":0.794,"y":0.794},{"time":2.0333,"x":0.219,"y":0.219},{"time":2.1,"x":0.437,"y":0.437},{"time":2.7,"x":0.875,"y":0.875},{"time":3,"x":0.794,"y":0.794}]},"bone52":{"translate":[{"time":0,"x":0,"y":31.63},{"time":1.2,"x":0,"y":54.23},{"time":1.2667,"x":0,"y":0},{"time":3,"x":0,"y":31.63}],"scale":[{"time":0,"x":0.564,"y":0.564},{"time":1.2,"x":0.219,"y":0.219},{"time":1.2667,"x":0.437,"y":0.437},{"time":1.8667,"x":0.875,"y":0.875},{"time":3,"x":0.564,"y":0.564}]},"bone53":{"translate":[{"time":0,"x":0,"y":31.63},{"time":1.2,"x":0,"y":54.23},{"time":1.2667,"x":0,"y":0},{"time":3,"x":0,"y":31.63}],"scale":[{"time":0,"x":0.564,"y":0.564},{"time":1.2,"x":0.219,"y":0.219},{"time":1.2667,"x":0.437,"y":0.437},{"time":1.8667,"x":0.875,"y":0.875},{"time":3,"x":0.564,"y":0.564}]},"bone54":{"translate":[{"time":0,"x":0,"y":0},{"time":3,"x":0,"y":54.23}],"scale":[{"time":0,"x":0.437,"y":0.437},{"time":0.6333,"x":0.875,"y":0.875},{"time":3,"x":0.219,"y":0.219}]},"byfs_xzdk":{"rotate":[{"time":0,"angle":0,"curve":[0.082,0.68,0.447,0.97]},{"time":0.1333,"angle":5,"curve":[0.25,0,0.75,1]},{"time":0.3,"angle":-4,"curve":[0.25,0,0.75,1]},{"time":0.5,"angle":3,"curve":[0.25,0,0.75,1]},{"time":0.7333,"angle":-2,"curve":[0.25,0,0.75,1]},{"time":1,"angle":1,"curve":[0.25,0,0.75,1]},{"time":1.3,"angle":0,"curve":"stepped"},{"time":3,"angle":0}],"scale":[{"time":0,"x":1,"y":1,"curve":[0.082,0.68,0.447,0.97]},{"time":0.2,"x":1.02,"y":0.98,"curve":[0.25,0,0.75,1]},{"time":0.4,"x":0.99,"y":1.01,"curve":[0.25,0,0.75,1]},{"time":0.6,"x":1,"y":1}]}}}}}