 z索引(必须有序),更新内容
index_ks,updateLog_s
index_ks,updateLog_s
"4.0.20","亲爱的玩家您好,本次更新内容如下:\n\n1.新增三人推倒胡玩法。\n\n感谢您的支持，祝您游戏愉快"
"4.0.35","亲爱的玩家您好,本次更新内容如下:\n\n1.新增肇庆麻将玩法。\n\n感谢您的支持，祝您游戏愉快"
"4.0.46","亲爱的玩家您好,本次更新内容如下:\n\n1.新增英超麻将玩法。\n\n2.新增活动入口。\n\n感谢您的支持，祝您游戏愉快"
"4.0.61","亲爱的玩家您好,本次更新内容如下:\n\n1.新增战绩回放功能。\n\n感谢您的支持，祝您游戏愉快"
"5.0.14","亲爱的玩家您好,本次更新内容如下:\n\n1.新增地理防作弊功能。\n\n2.更换新的界面。\n\n感谢您的支持，祝您游戏愉快"
"5.0.24","亲爱的玩家您好,本次更新内容如下:\n\n1.更换新界面。\n\n2.更换麻将牌面。\n\n3.优化牌局界面。\n\n感谢您的支持，祝您游戏愉快"
"5.0.37","亲爱的玩家您好,本次更新内容如下:\n\n1.新增吴川麻将玩法。\n\n感谢您的支持，祝您游戏愉快！"
"5.0.48","亲爱的玩家您好,本次更新内容如下:\n\n1.新增吴川麻将玩法。\n\n2.新增惠州麻将玩法。\n\n3.更换麻将桌布。\n\n感谢您的支持，祝您游戏愉快！"
"5.0.49","亲爱的玩家您好,本次更新内容如下:\n\n1.新增潮汕麻将玩法。\n\n2.修复无法出牌漏洞。\n\n感谢您的支持，祝您游戏愉快！"
