编号,描述,跳转游戏
id_k,des_s,gamekind_s
id_k,des_s,gamekind_s
1,获得牛牛及以上牌型并且获得当局胜利,29
2,获得牛牛及以上牌型并且获得当局胜利,55
3,单局盈利，盈利数额越大，获得粽子的概率越高,104
4,单局盈利，盈利数额越大，获得粽子的概率越高,521
5,参与投注，投注量越大，获得粽子的概率越高,122
6,参与投注，投注量越大，获得粽子的概率越高,108
7,参与投注，投注量越大，获得粽子的概率越高,522
8,参与投注，投注量越大，获得粽子的概率越高,249
9,参与投注，投注量越大，获得粽子的概率越高,430
10,单局获得彩金或中奖达到100倍及以上,470
11,单局获得彩金或单次奖励不小于投注额20倍,533
12,单局获得全屏奖或中奖达到100倍及以上,460
13,单次捕获鱼倍数达到100倍或以上,2003
14,捕获到100倍或以上的鱼,2001
15,捕获到100倍或以上的鱼,2011
16,捕获到100倍或以上的鱼,2013