游戏类型,游戏名字,gameKind全局变量名,资源目录(gameres/module下),人数,模块类名,模块代理,游戏大类(1:棋牌，2:多人，3:休闲街机，4:捕鱼),静默下载优先级,是否显示入口,是否开放,是否有选桌,游戏玩法（对战游戏1，百人游戏2，单人游戏3）退出游戏时判断强退提示用,进游戏追踪id,进房间追踪id,快速开始追踪id,显示排序(后台给值),集合入口类型,是否集合入口,是否子游戏入口（活动有另外的开关，需要忽略这里的isOpen，0游戏 1活动）
kind_k,name_s,gameKindPropName_s,res_s,player,moduleName_s,moduleProxyName_s,gameType,downloadPriority,showEntrance,isOpen_n,hasHall_n,gamePlay_n,trackId_n,trackId2_n,trackId3_n,displayIndex_n,entranceKind_n,isGameEntrance_n,isNotSubGame_n
kind_k,name_c,gameKindPropName_s,res_s,player,moduleName_s,moduleProxyName_s,gameType,downloadPriority,showEntrance,isOpen_n,hasHall_n,gamePlay_n,trackId_n,trackId2_n,trackId3_n,displayIndex_n,entranceKind_n,isGameEntrance_n,isNotSubGame_n
50,二人斗牛,GameKind_ERNN,ernn,100,ErnnModule,ProxyErnn,1,301,1,1,1,1,100101,100102,100103,0,0,0,0
51,四人斗牛,GameKind_SRNN,srnn,100,SrnnModule,ProxySrnn,1,10010,1,1,1,1,100201,100202,100203,0,0,0,0
29,通比牛牛,GameKind_LRNN,lrnn,100,LrnnModule,ProxyLrnn,1,10,1,1,1,1,100301,100302,100303,0,0,0,0
55,抢庄牛牛,GameKind_QZNNB,qznnb,100,QznnbModule,ProxyQznnb,1,301,1,1,0,1,100401,100402,100403,0,0,0,0
54,明牌牛牛,GameKind_QZNN,qznn,100,QznnModule,ProxyQznn,1,301,1,1,1,1,100501,100502,100503,0,0,0,0
60,经典牛牛,GameKind_JDNN,jdnn,100,JdnnModule,ProxyJdnn,1,10010,1,1,1,1,100601,100602,100603,0,0,0,0
65,欢乐三张,GameKind_SG,sg,100,SgModule,ProxySg,1,0,1,1,0,1,100701,100702,100703,0,0,0,0
101,欢乐五张,GameKind_HLWZ,hlwz,100,HlwzModule,ProxyHlwz,1,1,1,1,1,1,100801,100802,100803,0,0,0,0
233,千变双扣,GameKind_QBSK,qbsk,100,QbskModule,ProxyQbsk,1,10060,1,1,0,1,100901,100902,100903,0,0,0,0
408,赢三张,GameKind_YSZ,ysz,100,YszModule,ProxyYsz,1,100,1,1,0,1,101001,101002,101003,0,0,0,0
500,德州扑克,GameKind_DZPK,dzpk,100,DzpkModule,ProxyDzpk,1,10060,1,1,1,1,101101,101102,101103,0,0,0,0
399,斗地主,GameKind_DDZ_BXP,ddz,100,DdzModule,ProxyDdz,1,100000,1,1,0,1,101201,101202,101203,0,0,0,0
400,斗地主,GameKind_DDZ_JD,ddz,100,DdzModule,ProxyDdz,1,100000,1,1,0,1,101301,101302,101303,0,0,0,0
12345,斗地主,GameKind_DDZ_VIRTUAL,ddz,100,DdzModule,ProxyDdz,1,100000,1,1,0,1,101401,101402,101403,0,0,0,0
523,21点,GameKind_BLACKJACK,blackjack,100,BlackjackModule,ProxyBlackjack,1,10065,1,0,1,1,101501,101502,101503,0,0,0,0
380,跑得快,GameKind_PDK,pdk,100,PdkModule,ProxyPdk,1,10065,1,1,1,1,101601,101602,101603,0,0,0,0
70,十三水,GameKind_SSS,sss,100,SssModule,ProxySss,1,10000,1,1,0,1,101701,101702,101703,0,0,0,0
306,二人麻将,GameKind_ERMJex,ermjex,100,ErmjexModule,ProxyErmjex,1,10000,1,1,1,1,101801,101802,101803,0,0,0,0
56789,麻将合集,GameKind_ENTRANCE_MJ,entrancemj,100,EntranceMJModule,ProxyEntranceMJ,1,100000,1,1,0,1,101901,101902,101903,0,0,1,0
308,温州麻将,GameKind_ERMJ,ermj,100,ErmjModule,ProxyErmj,1,10070,1,1,1,1,102001,102002,102003,0,56789,0,0
307,二人雀神,GameKind_ERQS,erqs,100,ErqsModule,ProxyErqs,1,10000,1,1,0,1,102101,102102,102103,0,56789,0,0
104,百人牛牛,GameKind_BRNN,brnn,100,BrnnModule,ProxyBrnn,2,200,1,1,0,2,102201,102202,102203,0,0,0,0
119,十点半,GameKind_SDB,sdb,100,SdbModule,ProxySdb,2,10040,1,1,0,2,102301,102302,102303,0,0,0,0
122,欢乐30秒,GameKind_HLSSM,hlssm,100,HlssmModule,ProxyHlssm,2,400,1,1,0,2,102401,102402,102403,0,0,0,0
249,欢乐至尊,GameKind_HLZZ,hlzz,100,HlzzModule,ProxyHlzz,2,300,1,1,0,2,102501,102502,102503,0,0,0,0
510,欢乐世界杯,GameKind_SJB,sjb,100,SjbModule,ProxySjb,2,10066,1,1,0,2,102601,102602,102603,0,0,0,0
524,骰宝,GameKind_SBB,sbb,100,SbbModule,ProxySbb,2,10000,1,1,0,2,102701,102702,102703,0,0,0,0
521,龙虎斗,GameKind_LHD,lhd,100,LhdModule,ProxyLhd,2,0,1,1,0,2,102801,102802,102803,0,0,0,0
420,红黑大战,GameKind_HHDZ,hhdz,100,HhdzModule,ProxyHhdz,2,0,1,1,0,2,102901,102902,102903,0,0,0,0
108,奔驰宝马,GameKind_BCBM,vbcbm,100,BcbmModule,ProxyBcbm,3,10020,1,1,0,2,103001,103002,103003,0,0,0,0
109,虎虎生威,GameKind_HHSW,hhsw,100,HHswModule,ProxyHHsw,3,10030,1,1,0,2,103101,103102,103103,0,0,0,0
300,连环夺宝,GameKind_SERIAL,serial,100,SerialModule,ProxySerial,3,10000,1,1,0,2,103201,103202,103203,0,0,0,0
480,糖果派对,GameKind_TGPD,tgpd,100,TgpdModule,ProxyTgpd,3,10000,1,1,0,2,103301,103302,103303,0,0,0,0
522,森林舞会,GameKind_SLWH,slwh,100,SlwhModule,ProxySlwh,3,10000,1,1,0,2,103401,103402,103403,0,0,0,0
430,飞禽走兽,GameKind_FQZS,fqzs,100,FqzsModule,ProxyFqzs,3,10030,1,1,0,2,103501,103502,103503,0,0,0,0
450,铃铛游戏,GameKind_SGJ,sgj,100,SgjModule,ProxySgj,3,10050,1,1,0,3,103601,103602,103603,0,0,0,0
525,扫雷红包,GameKind_SLHB,slhb,100,SlhbModule,ProxySlhb,3,20,1,1,0,3,103701,103702,103703,0,0,0,0
460,水浒传,GameKind_SHZ,shz,100,ShzModule,ProxyShz,3,10055,1,1,0,3,103801,103802,103803,0,0,0,0
490,财神到,GameKind_CSD,csd,100,CsdModule,ProxyCsd,3,10066,1,1,0,3,103901,103902,103903,0,0,0,0
533,多福多财,GameKind_DFDC,dfdc,100,DfdcModule,ProxyDfdc,3,10066,1,1,0,3,104201,104202,104203,0,0,0,0
470,九线拉王,GameKind_JXLW,jxlw,100,JxlwModule,ProxyJxlw,3,20,1,1,0,3,104001,104002,104003,0,0,0,0
2001,大闹天宫,GameKind_DNTG,dntg,100,DntgModule,ProxyDntg,4,60,1,1,0,2,104101,104102,104103,0,0,0,0
2011,大闹天宫2,GameKind_DNTGTEST,dntgtest,100,DntgtestModule,ProxyDntgtest,4,20,1,1,0,2,104201,104202,104203,0,0,0,0
2003,千炮捕鱼3D,GameKind_FISHTD,fishtd,100,FishTdModule,ProxyFishTd,4,10000,1,1,0,2,104301,104302,104303,0,0,0,0
2012,李逵捕鱼,GameKind_DNTGLK,dntglk,100,DntglkModule,ProxyDntglk,4,20,1,1,0,2,104401,104402,104403,0,0,0,0
2013,捕鱼大亨,GameKind_FISHINGJOY,fishingjoy,100,FishingJoyModule,ProxyFishingJoy,4,20,1,1,0,2,104501,104502,104503,0,0,0,0
2002,金蟾捕鱼,GameKind_JCBY,dntglkprop,100,DntglkpropModule,ProxyDntglkprop,4,20,1,1,0,2,104601,104602,104603,0,0,0,0
2010,李逵劈鱼,GameKind_LKPY,dntglkprop,100,DntglkpropModule,ProxyDntglkprop,4,20,1,1,0,2,104701,104702,104703,0,0,0,0
3000,道具版李逵,GameKind_DNTGLKPROP,dntglkprop,100,DntglkpropModule,ProxyDntglkprop,4,20,1,1,0,2,104801,104802,104803,0,0,0,0
10000001,月满中秋,GameKind_MOON,moon,100,MoonModule,ProxyMoon,5,20,1,1,0,5,104901,0,0,0,0,0,1
10000002,回归大礼包,GameKind_FLYBACK,hglb,100,HglbModule,ProxyHglb,5,20,1,1,0,5,105001,0,0,0,0,0,1
10000003,赢分送金活动,GameKind_YFSJ,yfsj,100,YfsjModule,ProxyYfsj,5,20,1,1,0,5,105101,0,0,0,0,0,1
10000004,点燃圣火,GameKind_NSDZZ,nshd,100,NshdModule,ProxyNshd,5,20,1,1,0,5,105201,0,0,0,0,0,1
10000005,双旦同庆,GameKind_SJTQ,sjtq,100,SjtqModule,ProxySjtq,5,20,1,1,0,5,105301,0,0,0,0,0,1
10000006,双旦豪礼,GameKind_SDHL,sdhl,100,SdhlModule,ProxySdhl,5,20,1,1,0,5,105401,0,0,0,0,0,1
10000007,每日抽奖,GameKind_SDMRCJ,sdmrcj,100,SdmrcjModule,ProxySdmrcj,5,20,1,1,0,5,105501,0,0,0,0,0,1
10000008,春节炸年兽,GameKind_XCZNS,xczns,100,XcznsModule,ProxyXczns,5,20,1,1,0,5,105601,0,0,0,0,0,1
66666,【捕鱼大厅】,GameKind_PLAZA,0,0,0,0,0,0,0,0,0,0,0,0,0,0,0,0,1
2,【广播】充值,GameKind_Notice_Agent_Recharge,0,0,0,0,0,0,0,0,0,0,0,0,0,0,0,0,1
3,【广播】幸运大转盘,GameKind_Notice_LuckyWheel,0,0,0,0,0,0,0,0,0,0,0,0,0,0,0,0,1
4,【广播】月满中秋,GameKind_Notice_Moon,0,0,0,0,0,0,0,0,0,0,0,0,0,0,0,0,1
10,【广播】年兽：普通boss刷新,GameKind_Notice_NS_coming,0,0,0,0,0,0,0,0,0,0,0,0,0,0,0,0,1
11,【广播】年兽：普通boss被击杀,GameKind_Notice_NS_Dead,0,0,0,0,0,0,0,0,0,0,0,0,0,0,0,0,1
12,【广播】年兽：幸运一击,GameKind_Notice_NS_LuckyHit,0,0,0,0,0,0,0,0,0,0,0,0,0,0,0,0,1
1000010,【广播】超级年兽：超级boss刷新,GameKind_Notice_Super_NS_coming,0,0,0,0,0,0,0,0,0,0,0,0,0,0,0,0,1
1000011,【广播】超级年兽：超级boss被击杀,GameKind_Notice_Super_NS_Dead,0,0,0,0,0,0,0,0,0,0,0,0,0,0,0,0,1
1000012,【广播】超级年兽：幸运一击,GameKind_Notice_Super_NS_LuckyHit,0,0,0,0,0,0,0,0,0,0,0,0,0,0,0,0,1