编号,描述,跳转游戏
id_k,des_s,gamekind_s
id_k,des_s,gamekind_s
1,获得牛牛及以上牌型并且获得当局胜利,29
2,获得牛牛及以上牌型并且获得当局胜利,55
3,每局胜利后有几率获得月饼，盈利越大概率越高,104
4,每局胜利后有几率获得月饼，盈利越大概率越高,122
5,每局胜利后有几率获得月饼，盈利越大概率越高,521
6,每局胜利后有几率获得月饼，盈利越大概率越高,108
7,每局胜利后有几率获得月饼，盈利越大概率越高,430
8,每局胜利后有几率获得月饼，盈利越大概率越高,522
9,每局胜利后有几率获得月饼，盈利越大概率越高,249
10,单局获得彩金或中奖达到100倍及以上,470
11,单局获得全屏奖或中奖达到100倍及以上,460
12,捕获到100倍或以上的鱼,2003
13,捕获到100倍或以上的鱼,2001
14,捕获到100倍或以上的鱼,2011
15,捕获到100倍或以上的鱼,2013