索引,标题,内容,是否显示按钮
id_kn,isShowBtn_n,title_s,content_s
id_kn,isShowBtn_n,title_s,content_s,
1,1,亲，您好,欢迎来到$GAME_NAME$，请跟随我走进快乐的游戏世界！
2,0,,让我们来认识一下一起玩的朋友们吧！
3,0,,让我们来看看都有谁和我们一起玩吧！请点击排行榜图标。
4,0,,在总榜中，我们可以找到当前最有钱的土豪们！如果运气好，可以在每日金榜上扬名立万哦！让我们看看今天的每日金榜有哪些幸运儿吧！
5,0,,排行榜还可以上下推动来查看最多30名玩家，偷偷告诉你，点击他们可以加好友哦！好啦，快去找到您的好朋友开始游戏吧！
6,0,恭喜您充值成功！,接下来让我们前往银行把欢乐豆取出来吧！
7,0,,点击输入框，输入您的密码，再点击确定进入银行。
8,0,,请点击“银行取款”按钮。
9,0,,点击“MAX”再点击“取款”按钮，就能将充值的金币全部取出来啦！快试一试吧！
10,0,,为了您的账号安全，需要绑定手机号才能使用银行赠送功能哦，快前往绑定手机吧！