索引,下一步索引,引导id,注释,api名字,前置描述,后置描述,指引tips
id_kn,nextId_n,newbieId_n,comment_c,api_s,preIntroId_n,endIntroId_n,tipsIntroId_n
id_kn,nextId_n,newbieId_n,comment_c,api_s,preIntroId_n,endIntroId_n,tipsIntroId_n
10001,10002,101,引导点击主界面大类,NewbieApi10001,1,,
10002,10003,101,引导点击子游戏入口,NewbieApi10002,,,
10003,10004,101,引导选房间类型,NewbieApi10003,,,
10004,,101,引导选房快速开始,NewbieApi10004,,,
20001,20002,102,引导点击前往排行榜,NewbieApi20001,,,2
20002,20003,102,引导点击排行榜,NewbieApi20002,3
20003,,102,引导切换排行榜,NewbieApi20003,4,5
30001,30002,103,点击确认提示框,NewbieApi30001,6,
30002,30003,103,点击前往银行按钮,NewbieApi30002,,
30003,,103,引导银行登录,NewbieApi30003,7,
40001,,104,引导点击取款,NewbieApi40001,8,9
50001,50002,105,引导点击立刻绑定,NewbieApi50001,10
50002,,105,引导点击图片知道了,NewbieApi50002,

