﻿索引(必须保持有序),标题,内容
index_k,title_s,content_s
index_k,title_c,content_c
1,1-如何存取欢乐豆？,"点击“银行”，输入银行密码，即可进行存取操作。"
2,2-怎样赠送欢乐豆给好友？,"点击""银行""，输入银行密码，选择“赠送”选项，输入好友的ID，即可赠送欢乐豆。"
3,3-为什么要绑定手机？,绑定手机账号后，如出现忘记密码情况，即可通过官网找回密码，所以绑定手机是最便捷/最安全的方式。
4,4-为什么会生成新账号？,您好，如果您是游客账号，进行了删除游戏、更换设备操作，那么游客账号会清除掉，下次登录会生成新账号，建议游客账号尽快绑定手机。
5,5-头像怎么更换？,您好，您可以在游戏大厅中点击个人头像打开个人信息框，然后点击头像后选择头像进行更换。
6,6-如何找回密码？,您好，绑定手机后，可以通过手机验证码随时找回登录密码和银行密码。
7,7-充值比例？,充值1元可获得13000欢乐豆。
