国家编号,名字,资源名字
id_k,name_s,flag_s
id_k,name_s,flag_s
1001,俄罗斯,1001.png
1002,沙特阿拉伯,1002.png
1003,埃及,1003.png
1004,乌拉圭,1004.png
1005,葡萄牙,1005.png
1006,西班牙,1006.png
1007,摩洛哥,1007.png
1008,伊朗,1008.png
1009,法国,1009.png
1010,澳大利亚,1010.png
1011,秘鲁,1011.png
1012,丹麦,1012.png
1013,阿根廷,1013.png
1014,冰岛,1014.png
1015,克罗地亚,1015.png
1016,尼日利亚,1016.png
1017,巴西,1017.png
1018,瑞士,1018.png
1019,哥斯达黎加,1019.png
1020,塞尔维亚,1020.png
1021,德国,1021.png
1022,墨西哥,1022.png
1023,瑞典,1023.png
1024,韩国,1024.png
1025,比利时,1025.png
1026,巴拿马,1026.png
1027,突尼斯,1027.png
1028,英格兰,1028.png
1029,波兰,1029.png
1030,塞内加尔,1030.png
1031,哥伦比亚,1031.png
1032,日本,1032.png