﻿ID,姓,间隔,名
id_kn,first_s,mid_s,last_s
id_kn,first_s,mid_s,last_s
1,冷酷,之,叼炸天
2,南非,的,高压线
3,特级,地,怪老头
4,我,又,怪蜀黎
5,喝醉,不是,皇帝
6,叛逆,是,帮主
7,捣蛋,在,大炮
8,不高兴,不在,祖母绿
9,宅神,要,蓝宝石
10,精致,不要,娃娃菜
11,歪脖子,看,大头菜
12,红桃,吃,番茄
13,黑桃,丢,天王
14,二次元,拿,高富帅
15,悲催,抓,杀马特
16,金刚,,萌萌哒
17,剪刀手,,板蓝根
18,天真,,叫兽
19,纯良,,卤牛肉
20,可爱,,兔司机
21,娃娃脸,,梦露
22,烟熏,,大脑壳
23,卤汁,,又旅
24,爆炒,,孙悟空
25,翘臀,,犀犬
26,高贵,,牛鬼
27,泡脚,,瞳兽
28,珠光,,叮叮猫
29,动感,,剪刀手
30,宇宙,,招财猫
31,银河,,狼君
32,倒立,,郎君
33,奔跑,,一尾
34,缺氧,,二尾
35,抽筋,,四尾
36,逮捕,,六尾
37,黑糖,,八尾
38,世纪,,十尾
39,咸蛋,,小天使
40,金坷垃,,王子
41,妖娆,,皮诺曹
42,芭蕉,,潜力股
43,红发,,米其林
44,榴莲味,,宝马
45,香蕉味,,主页君
46,二合一,,冒菜
47,三合一,,老湿
48,四合一,,半兽人
49,五合一,,思密达
50,六合一,,演算纸
51,七合一,,初音
52,八合一,,双立人
53,九合一,,齐刘海
54,十合一,,万年坑
55,拆线办,,垂耳兔
56,城管局,,鱼板面
57,低调,,冰淇淋
58,屁颠儿,,班主任
59,白毛,,阿凡提
60,炝锅,,星矢
61,不认识,,莉莉丝
62,骨灰级,,钢铁侠
63,扑克脸,,康师傅
64,国字脸,,大兔纸
65,十八禁,,大妹纸
66,二重身,,福禄娃
67,泡菜,,金刚钻
68,泡饭,,挊神
69,高调,,绅士
70,妖娆,,二娃
71,果味,,四娃
72,甜甜,,六娃
73,放开那,,黑丝
74,特务,,咯咯哒
75,碉堡,,电话虫
76,学生会,,熊猫
77,单眼皮,,汪星人
78,双眼皮,,必剩客
79,战神,,猪八戒
80,卧底,,继承者
81,洋气,,猫叔
82,我不爱,,屌丝
83,乾坤,,囧囧侠
84,星际,,过儿
85,血轮眼,,女妖王
86,哇塞,,大裤衩
87,躺尸,,特仑苏
88,躺枪,,国宝
89,制服,,打卤面
90,银发,,吐丝
91,恋上,,筋肉人
92,坑爹,,优乐美
93,摩登,,桃太郎
94,牛掰,,乔帮主
95,黄金,,甲壳虫
96,社会,,四次元
97,神父,,罗密欧
98,邋遢,,豆豆
99,专业,,娘娘
100,认真,,母后
101,山野,,柠檬茶
102,原味,,摩天轮
103,暴走,,草薙京
104,三秒,,牛川疯
105,无奈,,杀生丸
106,剪彩,,佐助
107,能力,,樱木
108,单身汉,,阿狸
109,流行,,克拉拉
110,剩斗士,,红发
111,顺丰,,爱德华
112,申通,,御妹
113,神奇,,护士
114,安全,,正太
115,耗电,,小纯洁
116,科幻,,型男
117,抽象,,女神
118,梦幻,,蔷薇
119,梦话,,虚妹
120,哎呦歪,,皇子
121,不听话,,唐老鸭
122,贼帅,,重口味
123,酷帅,,小伙伴
124,妖娆,,好同事
125,美丽,,好孩子
126,太极,,宝贝
127,樱花,,小萝莉
128,旋风,,御姐
129,神般的,,女帝
130,裸奔,,女皇
131,质感,,神兽
132,超薄,,乐天派
133,无敌,,钻石
134,对眼儿,,红宝石
135,冷艳,,宝宝
136,变异,,菠菜
137,拼接,,西红柿
138,消灭,,天后
139,北极,,白富美
140,水煮,,果立橙
141,逆天,,天然呆
142,嘎巴脆,,么么哒
143,联合国,,夏桑菊
144,东南亚,,烤鸭
145,爱国,,暴力熊
146,神圣,,哈哈猴
147,南联盟,,豆腐脑
148,潮流,,守鹤
149,泡椒,,矶抚
150,霸道,,穆王
151,奥斯卡,,重明
152,高端,,九喇嘛
153,高仿,,路灰
154,山寨,,郡主
155,爱心,,咖啡猫
156,小小,,点赞手
157,护花,,村姑
158,圣母,,娘子
159,纠结,,菇凉
160,郁闷,,三尾
161,没头脑,,五尾
162,狂人,,七尾
163,妖精,,九尾
164,国际,,董小姐
165,甜心,,天使
166,幽怨,,公主
167,哀怨,,狐狸精
168,伤心,,倍耐力
169,开心,,奔弛
170,黑帮,,楼主
171,索马里,,甜不辣
172,幻灭,,巫妖王
173,失宠,,狗仔队
174,殿堂级,,铁盒
175,天线,,算盘
176,托塔,,伊卡璐
177,时尚,,皮卡丘
178,潮流,,中分头
179,西瓜,,光头强
180,一介,,开裆裤
181,芥末,,核弹头
182,南极,,鱼丸粉
183,晴天,,雪糕
184,蓝翔,,爸比
185,钵兰街,,阿凡达
186,天才,,雅典娜
187,聪明,,蜘蛛侠
188,口水,,骚年
189,萌娃,,老酸菜
190,萌妞,,萌妹纸
191,八分,,大兄弟
192,我不懂,,狗蛋儿
193,我不是,,毒药
194,只是,,好宝宝
195,只当,,大娃
196,只爱,,三娃
197,我要,,五娃
198,土豪,,七娃
199,房产,,肉丝
200,高端,,须佐能
201,大气,,仙人
202,上档次,,喵星人
203,死灵,,加多宝
204,酷跑,,斗战佛
205,八卦,,沙和尚
206,红烧,,鸟叔
207,魔鬼,,程序猿
208,包金,,呆呆佛
209,精致,,小龙女
210,连上,,母夜叉
211,神兽儿,,小裤裤
212,跑跑,,天然萌
213,奔放,,活宝
214,啤酒味,,破烂王
215,焦糖,,牛油包
216,手刀,,酸奶
217,乱入,,肌肉人
218,孜然,,一休哥
219,斯巴达,,二郎神
220,世纪,,棒棒糖
221,丐帮,,非主流
222,豪门,,朱丽叶
223,邪魅,,小企鹅
224,胡茬,,小主
225,骨灰级,,阿玛
226,淡粉,,美杜莎
227,专业,,冰红茶
228,扑街,,八神庵
229,消灭,,卡卡西
230,名牌,,柯南
231,秒杀,,我爱罗
232,霹雳,,鸣人
233,热血,,基斯
234,地下道,,滑头鬼
235,倒立,,挖掘机
236,假牙,,一字马
237,星星的,,女王
238,开档,,女仆
239,死灵,,兄台
240,奢华,,小清新
241,素颜,,小可爱
242,崩坏,,猛男
243,百万,,男神
244,拆迁办,,百合
245,爱神,,太子
246,桃花,,米老鼠
247,三鲜,,高飞
248,爱死,,战五渣
249,鲁哇鲁,,好同学
250,嘻哈,,好老师
251,闪亮,,好娃娃
252,贝克街,,超人
253,碉堡,,闪电侠
254,欧美,,洋葱头
255,欧巴,,黑执事
256,傀儡,,M记
257,至尊,,菊花茶
258,天才,,玛奇朵
259,鬼才,,鼻涕猴
260,洒家,,阿西吧
261,乡村,,奥利奥
262,护花,,芭芭拉
263,牛哄哄,,皮皮虾
264,酱爆,,派大星
265,四眼,,演算纸
266,卖萌,,珠心算
267,霸道,,小情歌
268,量贩,,无厘头
269,歪脖子,,哥斯拉
270,木有,,APP
271,终极,,咖啡豆
272,究极,,婴儿肥
273,征服,,花骨朵
274,磨叽,,毛毛兔
275,维他命,,史努比
276,暴风,,史迪奇
277,小霸王,,布娃娃
278,超音速,,炮兵连
279,苍天,,大板牙
280,奇葩,,小公主
281,伤心,,小郡主
282,桑心,,凹凸曼
283,马上有,,铁三角
284,绝世,,桃太郎
285,超至尊,,黑黑猪
286,超质感,,苏打水
287,抠鼻,,秘书长
288,变异,,麦兜儿
289,哥特,,老卢
290,诱惑,,仓老师
291,多乐士,,老衲
292,学生会,,略萌
293,请叫我,,小蘑菇
294,特价,,冰糖
295,限量,,跳跳糖
296,沉睡,,波板糖
297,死神,,钉子户
298,新东方,,轰炸机
299,丝滑,,海盗
300,天然呆,,喜羊羊
301,蜡笔,,灰太狼
302,梁山,,美羊羊
303,乌龙山,,学霸
304,吐槽,,学渣
305,早乙女,,瞌睡虫
306,黑帮,,wifi
307,爱死,,北鼻
308,初吻给,,太阳
309,铁打,,月亮
310,法号,,星星
311,此人,,卸妆油
312,吃了,,BB霜
313,本宫,,吃货
314,加勒比,,喵喵鱼
315,百万,,澄邈
316,花蝶,,德泽
317,灼莹,,海超
318,雁翎,,海阳
319,飞花,,海荣
320,雷音,,海逸
321,中舆,,亦杨
322,烽火,,海昌
323,望月,,瀚钰
324,玄派冲虚,,瀚文
325,妖变武曲,,涵亮
326,妖刀雁凝,,涵煦
327,圣腿,,明宇
328,玄派蓝染,,道韫
329,佛指,,涵衍
330,兽鳞妖劈,,浩皛
331,癸水魔轰,,浩波
332,玄派九绝,,浩博
333,霸隐,,浩初
334,玄派,,浩宕
335,御虚龙斩,,浩歌
336,致情鬼指,,浩广
337,红布佛劲,,浩邈
338,霸鲸妖刀,,浩气
339,夜磷圣斩,,斯年
340,元阳妖隐,,浩思
341,定天魔爆,,浩言
342,螳螂妖瘴,,鸿宝
343,神武神咒,,鸿波
344,真火佛劈,,鸿博
345,寒铁霸变,,鸿才
346,天啸妖爪,,鸿畅
347,破月霸隐,,鸿畴
348,天鹰神劈,,鸿达
349,映江皇舞,,鸿德
350,里皇劲,,鸿飞
351,螳螂妖刀,,鸿风
352,孤风圣枪,,鸿福
353,绣花神隐,,鸿光
354,破月佛劲,,鸿晖
355,绿灵魔咒,,鸿朗
356,绣金魔变,,鸿文
357,北寒鬼手,,鸿轩
358,问天圣掌,,鸿煊
359,玄羽鬼掌,,鸿骞
360,冷酷,,鸿远
361,南非,,鸿云
362,特级,,鸿哲
363,我,,嘉叶
364,喝醉,,鸿祯
365,叛逆,,鸿志
366,捣蛋,,鸿卓
367,不高兴,,嘉澍
368,宅神,,光济
369,精致,,澎湃
370,歪脖子,,彭泽
371,红桃,,鹏池
372,黑桃,,鹏海
373,二次元,,浦和
374,悲催,,浦泽
375,金刚,,瑞渊
376,剪刀手,,越泽
377,天真,,博耘
378,纯良,,德运
379,可爱,,修夏
380,娃娃脸,,辰宇
381,烟熏,,辰皓
382,卤汁,,辰钊
383,爆炒,,辰铭
384,翘臀,,辰锟
385,高贵,,辰阳
386,泡脚,,辰韦
387,珠光,,辰良
388,动感,,辰沛
389,宇宙,,晨轩
390,银河,,晨涛
391,倒立,,晨濡
392,奔跑,,晨潍
393,缺氧,,鸿振
394,抽筋,,吉星
395,逮捕,,铭晨
396,黑糖,,起运
397,世纪,,运凡
398,咸蛋,,运凯
399,金坷垃,,运鹏
400,妖娆,,荛克
401,芭蕉,,睿识
402,红发,,阳泽
403,榴莲味,,江淅
404,香蕉味,,运浩
405,二合一,,运诚
406,三合一,,曜瑞
407,四合一,,高兴
408,五合一,,胥旌
409,六合一,,运良
410,七合一,,运鸿
411,八合一,,运锋
412,九合一,,运盛
413,十合一,,运升
414,拆线办,,运杰
415,城管局,,运珧
416,低调,,星睿
417,屁颠儿,,博超
418,白毛,,祺福
419,炝锅,,建中
420,不认识,,运骏
421,骨灰级,,运凯
422,扑克脸,,运乾
423,国字脸,,维运
424,十八禁,,运晟
425,二重身,,运莱
426,泡菜,,运华
427,泡饭,,耘豪
428,高调,,星爵
429,妖娆,,星腾
430,果味,,星睿
431,甜甜,,骏奇
432,放开那,,飞鸾
433,特务,,雨华
434,碉堡,,慈司
435,学生会,,星泽
436,单眼皮,,星鹏
437,双眼皮,,星然
438,战神,,震轩
439,卧底,,震博
440,洋气,,康震
441,我不爱,,震博
442,乾坤,,振强
443,星际,,振博
444,血轮眼,,责川
445,哇塞,,宜人
446,躺尸,,才艺
447,躺枪,,向汉
448,制服,,振华
449,银发,,振锐
450,恋上,,振凯
451,坑爹,,振海
452,摩登,,振国
453,牛掰,,振平
454,黄金,,昂然
455,社会,,昂雄
456,神父,,昂杰
457,邋遢,,昂熙
458,专业,,同方
459,认真,,天元
460,山野,,鸿祯
461,原味,,玖书
462,暴走,,昌勋
463,三秒,,昌盛
464,无奈,,昌淼
465,剪彩,,昌茂
466,能力,,昌黎
467,单身汉,,昌燎
468,流行,,昌翰
469,剩斗士,,晨朗
470,顺丰,,德明
471,申通,,德昌
472,神奇,,蓄玉
473,安全,,敏智
474,耗电,,博易
475,科幻,,冲琅
476,抽象,,德曜
477,梦幻,,范明
478,梦话,,飞昂
479,哎呦歪,,高旻
480,不听话,,晗日
481,贼帅,,昊然
482,酷帅,,昊天
483,妖娆,,昊苍
484,美丽,,昊英
485,太极,,昊宇
486,樱花,,阳煦
487,旋风,,宜民
488,神般的,,晨轩
489,裸奔,,闰嶙
490,质感,,昊嘉
491,超薄,,昊明
492,无敌,,昊伟
493,对眼儿,,昊硕
494,冷艳,,昊磊
495,变异,,昊东
496,拼接,,鸿晖
497,消灭,,鸿朗
498,北极,,华晖
499,水煮,,金鹏
500,逆天,,晋鹏
501,嘎巴脆,,敬曦
502,联合国,,景明
503,东南亚,,景天
504,爱国,,景浩
505,神圣,,俊晖
506,南联盟,,君昊
507,潮流,,昆琦
508,泡椒,,昆鹏
509,霸道,,昆纬
510,奥斯卡,,昆宇
511,高端,,昆锐
512,高仿,,嘉志
513,山寨,,新翰
514,爱心,,弘盛
515,小小,,玖誊
516,护花,,昆卉
517,圣母,,昆峰
518,纠结,,昆颉
519,郁闷,,昆谊
520,没头脑,,昆皓
521,狂人,,昆鹏
522,妖精,,昆明
523,国际,,昆杰
524,甜心,,昆雄
525,幽怨,,昆纶
526,哀怨,,令璟
527,伤心,,腾骏
528,开心,,泽雨
529,黑帮,,宏扬
530,索马里,,鹏涛
531,幻灭,,鹏煊
532,失宠,,曦晨
533,殿堂级,,曦之
534,天线,,新曦
535,托塔,,旭彬
536,时尚,,旭尧
537,潮流,,旭鹏
538,西瓜,,旭东
539,一介,,旭炎
540,芥末,,炫明
541,南极,,宣朗
542,晴天,,学智
543,蓝翔,,轩昂
544,钵兰街,,彦昌
545,天才,,曜坤
546,聪明,,曜栋
547,口水,,曜文
548,萌娃,,曜曦
549,萌妞,,曜灿
550,八分,,曜瑞
551,我不懂,,智伟
552,我不是,,智杰
553,只是,,玉成
554,只当,,翰藻
555,只爱,,旭炎
556,我要,,韫至
557,土豪,,智刚
558,房产,,智阳
559,高端,,昌勋
560,大气,,昌盛
561,上档次,,昌茂
562,死灵,,昌黎
563,酷跑,,昌燎
564,八卦,,昌翰
565,红烧,,晨朗
566,魔鬼,,昂然
567,包金,,昂雄
568,精致,,睿明
569,连上,,承望
570,神兽儿,,奇玮
571,跑跑,,箐皇
572,奔放,,昂杰
573,啤酒味,,昂熙
574,焦糖,,范明
575,手刀,,飞昂
576,乱入,,高朗
577,孜然,,高旻
578,斯巴达,,德明
579,世纪,,德昌
580,丐帮,,德曜
581,豪门,,智伟
582,邪魅,,翰采
583,胡茬,,运骏
584,骨灰级,,玉韵
585,淡粉,,居帆
586,专业,,智杰
587,扑街,,智刚
588,消灭,,智阳
589,名牌,,瀚彭
590,秒杀,,旭炎
591,霹雳,,宣朗
592,热血,,学智
593,地下道,,昊然
594,倒立,,昊天
595,假牙,,昊苍
596,星星的,,俊名
597,开档,,炳君
598,死灵,,钡舶
599,奢华,,高澹
600,素颜,,昊英
601,崩坏,,昊宇
602,百万,,昊嘉
603,拆迁办,,昊明
604,爱神,,昊伟
605,桃花,,鸿朗
606,三鲜,,华晖
607,爱死,,金鹏
608,鲁哇鲁,,晋鹏
609,嘻哈,,敬曦
610,闪亮,,令梓
611,贝克街,,文彬
612,碉堡,,常戎
613,欧美,,则康
614,欧巴,,景明
615,傀儡,,景天
616,至尊,,景浩
617,天才,,景行
618,鬼才,,景中
619,洒家,,景逸
620,乡村,,景彰
621,护花,,昆鹏
622,牛哄哄,,昆明
623,酱爆,,昆杰
624,四眼,,和悌
625,卖萌,,靖琪
626,霸道,,筏甘
627,量贩,,胥同
628,歪脖子,,昆雄
629,木有,,昆纶
630,终极,,鹏涛
631,究极,,鹏煊
632,征服,,景平
633,磨叽,,俊晖
634,维他命,,君昊
635,暴风,,昆琦
636,小霸王,,昆鹏
637,超音速,,雨星
638,苍天,,涵畅
639,奇葩,,戌诵
640,伤心,,居概
641,桑心,,昆纬
642,马上有,,昆宇
643,绝世,,昆锐
644,超至尊,,昆卉
645,超质感,,昆峰
646,抠鼻,,昆颉
647,变异,,昆谊
648,哥特,,轩昂
649,诱惑,,彦昌
650,多乐士,,曜坤
651,学生会,,鹏程
652,请叫我,,永康
653,特价,,浩气
654,限量,,案榆
655,沉睡,,曜文
656,死神,,曜曦
657,新东方,,曜灿
658,丝滑,,曜瑞
659,天然呆,,曦晨
660,蜡笔,,曦之
661,梁山,,新曦
662,乌龙山,,鑫鹏
663,吐槽,,旭彬
664,早乙女,,旭尧
665,黑帮,,绍元
666,爱死,,毅君
667,初吻给,,稹虎
668,铁打,,胥骁
669,法号,,旭鹏
670,此人,,旭东
671,吃了,,浩轩
672,本宫,,浩瀚
673,加勒比,,浩慨
674,百万,,浩阔
675,花蝶,,鸿熙
676,灼莹,,鸿羲
677,雁翎,,鸿禧
678,飞花,,鸿信
679,雷音,,泽洋
680,中舆,,康盛
681,烽火,,阳晖
682,望月,,韫贞
683,玄派冲虚,,居慷
684,妖变武曲,,泽雨
685,妖刀雁凝,,哲瀚
686,圣腿,,胤运
687,玄派蓝染,,佑运
688,佛指,,允晨
689,兽鳞妖劈,,运恒
690,癸水魔轰,,运发
691,玄派九绝,,云天
692,霸隐,,耘志
693,玄派,,耘涛
694,御虚龙斩,,振荣
695,致情鬼指,,振翱
696,红布佛劲,,中震
697,霸鲸妖刀,,子辰
698,夜磷圣斩,,晗昱
699,元阳妖隐,,瀚玥
700,定天魔爆,,瀚昂
701,螳螂妖瘴,,瀚彭
702,神武神咒,,景行
703,真火佛劈,,景中
704,寒铁霸变,,景逸
705,天啸妖爪,,景彰
706,破月霸隐,,绍晖
707,天鹰神劈,,文景
708,映江皇舞,,曦哲
709,里皇劲,,永昌
710,螳螂妖刀,,子昂
711,孤风圣枪,,智宇
712,绣花神隐,,智晖
713,破月佛劲,,晗日
714,绿灵魔咒,,晗昱
715,绣金魔变,,瀚昂
716,北寒鬼手,,昊硕
717,问天圣掌,,昊磊
718,玄羽鬼掌,,昊东
719,智宇,,鸿晖
720,智晖,,绍晖
721,晗日,,文昂
722,晗昱,,文景
723,瀚昂,,曦哲
724,昊硕,,永昌
725,昊磊,,子昂
726,昊东,,智宇
727,鸿晖,,智晖
728,绍晖,,浩然
729,文昂,,鸿运
730,文景,,辰龙
731,曦哲,,运珹
732,永昌,,振宇
733,子昂,,高朗
734,智宇,,景平
735,智晖,,鑫鹏
736,浩然,,昌淼
737,鸿运,,炫明
738,辰龙,,昆皓
739,运珹,,曜栋
740,振宇,,文昂
741,高朗,,明志
742,景平,,晋宇
743,鑫鹏,,涛源
744,昌淼,,文浩
745,炫明,,瀚拓
746,昆皓,,博裕
747,曜栋,,安荣
748,文昂,,晓铭
749,明志,,松泽
750,晋宇,,益才
751,涛源,,文复
752,文浩,,顺德
753,瀚拓,,涛聪
754,博裕,,展辉
755,安荣,,圣博
756,晓铭,,彬恒
757,松泽,,浩邦
758,益才,,亦温
759,文复,,博来
760,顺德,,圣诚
761,涛聪,,德恒
762,展辉,,文豪
763,圣博,,棋浪
764,彬恒,,泽海
765,浩邦,,唯仁
766,亦温,,劲玮
767,博来,,德舟
768,圣诚,,韵辉
769,德恒,,浩润
770,文豪,,彬元
771,棋浪,,博弘
772,泽海,,德佑
773,唯仁,,智远
774,劲玮,,晋哲
775,德舟,,彬尚
776,韵辉,,轩棋
777,浩润,,雨帆
778,彬元,,杰洋
779,博弘,,弘熙
780,德佑,,浩哲
781,智远,,俊绍
782,晋哲,,智月
783,彬尚,,宇灿
784,轩棋,,清乾
785,雨帆,,圣恒
786,杰洋,,哲舟
787,弘熙,,弘琪
788,浩哲,,韶华
789,俊绍,,荣庭
790,智月,,涛博
791,宇灿,,旭泽
792,清乾,,至海
793,圣恒,,涛文
794,哲舟,,弘羽
795,弘琪,,星磊
796,韶华,,浩天
797,荣庭,,君谦
798,涛博,,昌德
799,旭泽,,棋帆
800,至海,,宇帆
801,涛文,,弘恒
802,弘羽,,若溪
803,星磊,,宇鹤
804,浩天,,智翎
805,君谦,,文鹤
806,昌德,,昊柏
807,棋帆,,浩修
808,宇帆,,青林
809,弘恒,,昌耀
810,若溪,,弘易
811,宇鹤,,柯仁
812,智翎,,万松
813,文鹤,,全智
814,昊柏,,依振
815,浩修,,睿圣
816,青林,,文义
817,昌耀,,棕德
818,弘易,,天佑
819,柯仁,,博均
820,万松,,昌国
821,全智,,德欢
822,依振,,弘泰
823,睿圣,,浩璋
824,文义,,博若
825,棕德,,博亦
826,天佑,,瀚帆
827,博均,,弘元
828,昌国,,鸿润
829,德欢,,圣伯
830,弘泰,,旭豪
831,浩璋,,棋天
832,博若,,晋辰
833,博亦,,彤逸
834,瀚帆,,晋拓
835,弘元,,瀚景
836,鸿润,,翰瑞
837,圣伯,,涛瀚
838,旭豪,,达鸣
839,棋天,,文方
840,晋辰,,明耀
841,彤逸,,昌辉
842,晋拓,,天鸣
843,瀚景,,博远
844,翰瑞,,涛影
845,涛瀚,,文峻
846,达鸣,,博奇
847,文方,,昌智
848,明耀,,翰宇
849,昌辉,,瀚东
850,天鸣,,智新
851,博远,,翰尚
852,涛影,,圣龙
853,文峻,,文楷
854,博奇,,君遥
855,昌智,,杰融
856,翰宇,,韵皓
857,瀚东,,展轩
858,智新,,辉宇
859,翰尚,,浩龙
860,圣龙,,文盛
861,文楷,,德信
862,君遥,,弥茂
863,杰融,,俊桦
864,韵皓,,仁顺
865,展轩,,旭柏
866,辉宇,,哲伦
867,浩龙,,致波
868,文盛,,志伟
869,德信,,明楷
870,弥茂,,文博
871,俊桦,,旭哲
872,仁顺,,文林
873,旭柏,,俊翰
874,哲伦,,圣琪
875,致波,,圣楠
876,志伟,,光辉
877,明楷,,月华
878,文博,,博仁
879,旭哲,,晓奇
880,文林,,文青
881,俊翰,,博皓
882,圣琪,,远达
883,圣楠,,博昌
884,光辉,,博帆
885,月华,,志材
886,博仁,,寒远
887,晓奇,,彤玮
888,文青,,鼎辉
889,博皓,,远松
890,远达,,智城
891,博昌,,星宇
892,博帆,,贼帅
893,志材,,酷帅
894,寒远,,妖娆
895,彤玮,,美丽
896,鼎辉,,太极
897,远松,,樱花
898,智城,,旋风
899,星宇,,神般
900,贼帅,,裸奔
901,酷帅,,质感
902,妖娆,,超薄
903,美丽,,无敌
904,太极,,对眼儿
905,樱花,,冷艳
906,旋风,,变异
907,神般,,拼接