{"skeleton":{"hash":"AEvKWE7W6RGSheM/aPNvqCZZMc4","spine":"3.6.37","width":118.2,"height":90.77,"images":"./images/"},"bones":[{"name":"root"},{"name":"hip","parent":"root"},{"name":"mlsd_hdrkhb","parent":"hip","length":19.12,"rotation":80.79,"x":-12.59,"y":-19.88},{"name":"mlsd_hdrkx1","parent":"hip","x":-11.9,"y":34.05},{"name":"mlsd_hdrkx2","parent":"hip","x":-53.3,"y":7.89},{"name":"mlsd_hdrkx3","parent":"hip","x":-30.32,"y":30,"scaleX":0.5,"scaleY":0.5},{"name":"mlsd_hdrkx4","parent":"hip","x":7.31,"y":22.41,"scaleX":0.75,"scaleY":0.75},{"name":"mlsd_hdrkx5","parent":"hip","x":50.58,"y":4.11,"scaleX":0.45,"scaleY":0.45},{"name":"mlsd_hdrkx6","parent":"hip","x":12.78,"y":44.6,"scaleX":0.8,"scaleY":0.8},{"name":"mlsd_hdrkx7","parent":"hip","x":-20.86,"y":47.39,"scaleX":0.35,"scaleY":0.35},{"name":"mlsd_hdrkxx","parent":"mlsd_hdrkhb","rotation":23.1,"x":32.62,"y":-5.03},{"name":"mlsd_hdrkxx2","parent":"hip","rotation":18.9,"x":25.05,"y":-10.58,"scaleX":0.75,"scaleY":0.75},{"name":"mlsd_hdrkxx3","parent":"hip","rotation":18.9,"x":-29.8,"y":-12.8,"scaleX":0.75,"scaleY":0.75},{"name":"mlsd_hdrkxx4","parent":"hip","rotation":18.9,"x":-3.64,"y":-24.17,"scaleX":0.75,"scaleY":0.75},{"name":"mlsd_hdrkxx5","parent":"mlsd_hdrkhb","rotation":23.1,"x":25.58,"y":-7.98,"scaleX":0.5,"scaleY":0.5},{"name":"sg","parent":"hip","x":0.94,"y":-21.46},{"name":"xd","parent":"mlsd_hdrkhb","rotation":-80.79,"x":31.74,"y":10.5},{"name":"xd2","parent":"mlsd_hdrkhb","rotation":-80.79,"x":27.46,"y":-14.98},{"name":"xd3","parent":"mlsd_hdrkhb","rotation":-80.79,"x":20.75,"y":5.66},{"name":"xd4","parent":"mlsd_hdrkhb","rotation":-80.79,"x":38.24,"y":-2.22},{"name":"xd5","parent":"mlsd_hdrkhb","rotation":-80.79,"x":28.24,"y":-0.93},{"name":"xd6","parent":"mlsd_hdrkhb","rotation":-80.79,"x":24.01,"y":20.41}],"slots":[{"name":"mlsd_hdrkx6","bone":"mlsd_hdrkx6","attachment":"mlsd_hdrkx1"},{"name":"mlsd_hdrkx7","bone":"mlsd_hdrkx7","attachment":"mlsd_hdrkx1"},{"name":"mlsd_hdrkhb","bone":"mlsd_hdrkhb","attachment":"mlsd_hdrkhb"},{"name":"mlsd_hdrkgz","bone":"hip","attachment":"mlsd_hdrkgz"},{"name":"mlsd_hdrkx2","bone":"mlsd_hdrkx2","attachment":"mlsd_hdrkx2"},{"name":"mlsd_hdrkx5","bone":"mlsd_hdrkx5","attachment":"mlsd_hdrkx2"},{"name":"mlsd_hdrkx1","bone":"mlsd_hdrkx1","attachment":"mlsd_hdrkx1"},{"name":"mlsd_hdrkx4","bone":"mlsd_hdrkx4","attachment":"mlsd_hdrkx1"},{"name":"mlsd_hdrkx3","bone":"mlsd_hdrkx3","attachment":"mlsd_hdrkx1"},{"name":"mlsd_hdrkz","bone":"hip","attachment":"mlsd_hdrkz"},{"name":"mlsd_hdrksg0","bone":"sg","attachment":"mlsd_hdrksg9","blend":"additive"},{"name":"mlsd_hdrkxx","bone":"mlsd_hdrkxx","attachment":"mlsd_hdrkxx1","blend":"additive"},{"name":"mlsd_hdrkxx5","bone":"mlsd_hdrkxx5","attachment":"mlsd_hdrkxx1","blend":"additive"},{"name":"mlsd_hdrkxx2","bone":"mlsd_hdrkxx2","attachment":"mlsd_hdrkxx1","blend":"additive"},{"name":"mlsd_hdrkxx3","bone":"mlsd_hdrkxx3","attachment":"mlsd_hdrkxx1","blend":"additive"},{"name":"mlsd_hdrkxx4","bone":"mlsd_hdrkxx4","attachment":"mlsd_hdrkxx1","blend":"additive"},{"name":"mlsd_hdrkxd","bone":"xd","attachment":"mlsd_hdrkxd","blend":"additive"},{"name":"mlsd_hdrkxd2","bone":"xd2","attachment":"mlsd_hdrkxd","blend":"additive"},{"name":"mlsd_hdrkxd3","bone":"xd3","attachment":"mlsd_hdrkxd","blend":"additive"},{"name":"mlsd_hdrkxd4","bone":"xd4","attachment":"mlsd_hdrkxd","blend":"additive"},{"name":"mlsd_hdrkxd5","bone":"xd5","attachment":"mlsd_hdrkxd","blend":"additive"},{"name":"mlsd_hdrkxd6","bone":"xd6","attachment":"mlsd_hdrkxd","blend":"additive"}],"skins":{"default":{"mlsd_hdrkgz":{"mlsd_hdrkgz":{"x":26.55,"y":1.99,"width":45,"height":64}},"mlsd_hdrkhb":{"mlsd_hdrkhb":{"x":20.12,"y":0.08,"rotation":-80.79,"width":59,"height":48}},"mlsd_hdrksg0":{"mlsd_hdrksg0":{"width":105,"height":28},"mlsd_hdrksg1":{"width":105,"height":28},"mlsd_hdrksg2":{"width":105,"height":28},"mlsd_hdrksg3":{"width":105,"height":28},"mlsd_hdrksg4":{"width":105,"height":28},"mlsd_hdrksg5":{"width":105,"height":28},"mlsd_hdrksg6":{"width":105,"height":28},"mlsd_hdrksg7":{"width":105,"height":28},"mlsd_hdrksg8":{"width":105,"height":28},"mlsd_hdrksg9":{"width":105,"height":28},"mlsd_hdrksg10":{"width":105,"height":28},"mlsd_hdrksg11":{"width":105,"height":28},"mlsd_hdrksg12":{"width":105,"height":28},"mlsd_hdrksg13":{"width":105,"height":28},"mlsd_hdrksg14":{"width":105,"height":28},"mlsd_hdrksg15":{"width":105,"height":28},"mlsd_hdrksg16":{"width":105,"height":28},"mlsd_hdrksg17":{"width":105,"height":28},"mlsd_hdrksg18":{"width":105,"height":28},"mlsd_hdrksg19":{"width":105,"height":28},"mlsd_hdrksg20":{"width":105,"height":28},"mlsd_hdrksg21":{"width":105,"height":28},"mlsd_hdrksg22":{"width":105,"height":28},"mlsd_hdrksg23":{"width":105,"height":28},"mlsd_hdrksg24":{"width":105,"height":28},"mlsd_hdrksg25":{"width":105,"height":28},"mlsd_hdrksg26":{"width":105,"height":28},"mlsd_hdrksg27":{"width":105,"height":28},"mlsd_hdrksg28":{"width":105,"height":28},"mlsd_hdrksg29":{"width":105,"height":28},"mlsd_hdrksg30":{"width":105,"height":28},"mlsd_hdrksg31":{"width":105,"height":28},"mlsd_hdrksg32":{"width":105,"height":28},"mlsd_hdrksg33":{"width":105,"height":28},"mlsd_hdrksg34":{"width":105,"height":28},"mlsd_hdrksg35":{"width":105,"height":28}},"mlsd_hdrkx1":{"mlsd_hdrkx1":{"x":-0.05,"y":-0.07,"width":6,"height":6}},"mlsd_hdrkx2":{"mlsd_hdrkx2":{"x":0.35,"y":0.09,"width":20,"height":20}},"mlsd_hdrkx3":{"mlsd_hdrkx1":{"x":-0.05,"y":-0.07,"width":6,"height":6}},"mlsd_hdrkx4":{"mlsd_hdrkx1":{"x":-0.05,"y":-0.07,"width":6,"height":6}},"mlsd_hdrkx5":{"mlsd_hdrkx2":{"x":0.35,"y":0.09,"width":20,"height":20}},"mlsd_hdrkx6":{"mlsd_hdrkx1":{"x":-0.05,"y":-0.07,"width":6,"height":6}},"mlsd_hdrkx7":{"mlsd_hdrkx1":{"x":-0.05,"y":-0.07,"width":6,"height":6}},"mlsd_hdrkxd":{"mlsd_hdrkxd":{"scaleX":0.35,"scaleY":0.35,"width":32,"height":32}},"mlsd_hdrkxd2":{"mlsd_hdrkxd":{"scaleX":0.35,"scaleY":0.35,"width":32,"height":32}},"mlsd_hdrkxd3":{"mlsd_hdrkxd":{"scaleX":0.35,"scaleY":0.35,"width":32,"height":32}},"mlsd_hdrkxd4":{"mlsd_hdrkxd":{"scaleX":0.35,"scaleY":0.35,"width":32,"height":32}},"mlsd_hdrkxd5":{"mlsd_hdrkxd":{"scaleX":0.35,"scaleY":0.35,"width":32,"height":32}},"mlsd_hdrkxd6":{"mlsd_hdrkxd":{"scaleX":0.35,"scaleY":0.35,"width":32,"height":32}},"mlsd_hdrkxx":{"mlsd_hdrkxx1":{"x":-1.28,"y":-0.82,"scaleX":0.35,"scaleY":0.35,"rotation":-80.79,"width":96,"height":100}},"mlsd_hdrkxx2":{"mlsd_hdrkxx1":{"x":-1.28,"y":-0.82,"scaleX":0.35,"scaleY":0.35,"rotation":-80.79,"width":96,"height":100}},"mlsd_hdrkxx3":{"mlsd_hdrkxx1":{"x":-1.28,"y":-0.82,"scaleX":0.35,"scaleY":0.35,"rotation":-80.79,"width":96,"height":100}},"mlsd_hdrkxx4":{"mlsd_hdrkxx1":{"x":-1.28,"y":-0.82,"scaleX":0.35,"scaleY":0.35,"rotation":-80.79,"width":96,"height":100}},"mlsd_hdrkxx5":{"mlsd_hdrkxx1":{"x":-1.28,"y":-0.82,"scaleX":0.35,"scaleY":0.35,"rotation":-80.79,"width":96,"height":100}},"mlsd_hdrkz":{"mlsd_hdrkz":{"x":0.55,"y":-22.01,"width":109,"height":30}}}},"animations":{"animation":{"slots":{"mlsd_hdrkgz":{"color":[{"time":0,"color":"ffffffff","curve":"stepped"},{"time":4.8,"color":"ffffffff"}]},"mlsd_hdrkhb":{"color":[{"time":0,"color":"ffffffff","curve":"stepped"},{"time":4.8,"color":"ffffffff"}]},"mlsd_hdrksg0":{"color":[{"time":0,"color":"ffffffff","curve":"stepped"},{"time":4.8,"color":"ffffffff"}],"attachment":[{"time":0,"name":"mlsd_hdrksg0"},{"time":0.0667,"name":"mlsd_hdrksg1"},{"time":0.1333,"name":"mlsd_hdrksg2"},{"time":0.2,"name":"mlsd_hdrksg3"},{"time":0.2667,"name":"mlsd_hdrksg4"},{"time":0.3333,"name":"mlsd_hdrksg5"},{"time":0.4,"name":"mlsd_hdrksg6"},{"time":0.4667,"name":"mlsd_hdrksg7"},{"time":0.5333,"name":"mlsd_hdrksg8"},{"time":0.6,"name":"mlsd_hdrksg9"},{"time":0.6667,"name":"mlsd_hdrksg10"},{"time":0.7333,"name":"mlsd_hdrksg11"},{"time":0.8,"name":"mlsd_hdrksg12"},{"time":0.8667,"name":"mlsd_hdrksg13"},{"time":0.9333,"name":"mlsd_hdrksg14"},{"time":1,"name":"mlsd_hdrksg15"},{"time":1.0667,"name":"mlsd_hdrksg16"},{"time":1.1333,"name":"mlsd_hdrksg17"},{"time":1.2,"name":"mlsd_hdrksg18"},{"time":1.2667,"name":"mlsd_hdrksg19"},{"time":1.3333,"name":"mlsd_hdrksg20"},{"time":1.4,"name":"mlsd_hdrksg21"},{"time":1.4667,"name":"mlsd_hdrksg22"},{"time":1.5333,"name":"mlsd_hdrksg23"},{"time":1.6,"name":"mlsd_hdrksg24"},{"time":1.6667,"name":"mlsd_hdrksg25"},{"time":1.7333,"name":"mlsd_hdrksg26"},{"time":1.8,"name":"mlsd_hdrksg27"},{"time":1.8667,"name":"mlsd_hdrksg28"},{"time":1.9333,"name":"mlsd_hdrksg29"},{"time":2,"name":"mlsd_hdrksg30"},{"time":2.0667,"name":"mlsd_hdrksg31"},{"time":2.1333,"name":"mlsd_hdrksg32"},{"time":2.2,"name":"mlsd_hdrksg33"},{"time":2.2667,"name":"mlsd_hdrksg34"},{"time":2.3333,"name":"mlsd_hdrksg35"},{"time":2.4,"name":"mlsd_hdrksg0"},{"time":2.4667,"name":"mlsd_hdrksg1"},{"time":2.5333,"name":"mlsd_hdrksg2"},{"time":2.6,"name":"mlsd_hdrksg3"},{"time":2.6667,"name":"mlsd_hdrksg4"},{"time":2.7333,"name":"mlsd_hdrksg5"},{"time":2.8,"name":"mlsd_hdrksg6"},{"time":2.8667,"name":"mlsd_hdrksg7"},{"time":2.9333,"name":"mlsd_hdrksg8"},{"time":3,"name":"mlsd_hdrksg9"},{"time":3.0667,"name":"mlsd_hdrksg10"},{"time":3.1333,"name":"mlsd_hdrksg11"},{"time":3.2,"name":"mlsd_hdrksg12"},{"time":3.2667,"name":"mlsd_hdrksg13"},{"time":3.3333,"name":"mlsd_hdrksg14"},{"time":3.4,"name":"mlsd_hdrksg15"},{"time":3.4667,"name":"mlsd_hdrksg16"},{"time":3.5333,"name":"mlsd_hdrksg17"},{"time":3.6,"name":"mlsd_hdrksg18"},{"time":3.6667,"name":"mlsd_hdrksg19"},{"time":3.7333,"name":"mlsd_hdrksg20"},{"time":3.8,"name":"mlsd_hdrksg21"},{"time":3.8667,"name":"mlsd_hdrksg22"},{"time":3.9333,"name":"mlsd_hdrksg23"},{"time":4,"name":"mlsd_hdrksg24"},{"time":4.0667,"name":"mlsd_hdrksg25"},{"time":4.1333,"name":"mlsd_hdrksg26"},{"time":4.2,"name":"mlsd_hdrksg27"},{"time":4.2667,"name":"mlsd_hdrksg28"},{"time":4.3333,"name":"mlsd_hdrksg29"},{"time":4.4,"name":"mlsd_hdrksg30"},{"time":4.4667,"name":"mlsd_hdrksg31"},{"time":4.5333,"name":"mlsd_hdrksg32"},{"time":4.6,"name":"mlsd_hdrksg33"},{"time":4.6667,"name":"mlsd_hdrksg34"},{"time":4.7333,"name":"mlsd_hdrksg35"},{"time":4.8,"name":"mlsd_hdrksg0"}]},"mlsd_hdrkx1":{"color":[{"time":0,"color":"fffffffe","curve":"stepped"},{"time":1.4,"color":"fffffffe"},{"time":3.2,"color":"ffffff00","curve":"stepped"},{"time":4,"color":"ffffff00"},{"time":4.6667,"color":"fffffffe","curve":"stepped"},{"time":4.8,"color":"fffffffe"}]},"mlsd_hdrkx2":{"color":[{"time":0,"color":"ffffff00"},{"time":0.8333,"color":"fffffffe","curve":"stepped"},{"time":3.3333,"color":"fffffffe"},{"time":4.8,"color":"ffffff00"}]},"mlsd_hdrkx3":{"color":[{"time":0,"color":"ffffff80"},{"time":1.8,"color":"ffffff00","curve":"stepped"},{"time":1.8333,"color":"ffffff00"},{"time":2.4667,"color":"ffffff80","curve":"stepped"},{"time":4.8,"color":"ffffff80"}]},"mlsd_hdrkx4":{"color":[{"time":0,"color":"ffffff00"},{"time":1.3333,"color":"ffffffb0"},{"time":4,"color":"ffffff00","curve":"stepped"},{"time":4.8,"color":"ffffff00"}]},"mlsd_hdrkx5":{"color":[{"time":0,"color":"ffffffbe","curve":"stepped"},{"time":0.9333,"color":"ffffffbe"},{"time":2.4,"color":"ffffff00","curve":"stepped"},{"time":2.4333,"color":"ffffff00"},{"time":3.2333,"color":"ffffffbe","curve":"stepped"},{"time":4.8,"color":"ffffffbe"}]},"mlsd_hdrkx6":{"color":[{"time":0,"color":"ffffff10"},{"time":1.3333,"color":"ffffff00","curve":"stepped"},{"time":1.3667,"color":"ffffff00"},{"time":2.5,"color":"ffffff2e"},{"time":4.8,"color":"ffffff10"}]},"mlsd_hdrkx7":{"color":[{"time":0,"color":"ffffff28"},{"time":3.1667,"color":"ffffff00","curve":"stepped"},{"time":3.2,"color":"ffffff00"},{"time":4.3333,"color":"ffffff2e"},{"time":4.8,"color":"ffffff28"}]},"mlsd_hdrkxd":{"color":[{"time":0,"color":"ffffff80"},{"time":0.1,"color":"ffffff4e"},{"time":0.2,"color":"ffffffaa"},{"time":0.3,"color":"ffffff84"},{"time":0.4,"color":"ffffffd4"},{"time":0.5,"color":"ffffffa6"},{"time":0.6,"color":"ffffff80"},{"time":0.7,"color":"ffffff4e"},{"time":0.8,"color":"ffffffaa"},{"time":0.9,"color":"ffffff84"},{"time":1,"color":"ffffffd4"},{"time":1.1,"color":"ffffffa6"},{"time":1.2,"color":"ffffff80"},{"time":1.3,"color":"ffffff4e"},{"time":1.4,"color":"ffffffaa"},{"time":1.5,"color":"ffffff84"},{"time":1.6,"color":"ffffffd4"},{"time":1.7,"color":"ffffffa6"},{"time":1.8,"color":"ffffff80"},{"time":1.9,"color":"ffffff4e"},{"time":2,"color":"ffffffaa"},{"time":2.1,"color":"ffffff84"},{"time":2.2,"color":"ffffffd4"},{"time":2.3,"color":"ffffffa6"},{"time":2.4,"color":"ffffff80"},{"time":2.5,"color":"ffffff4e"},{"time":2.6,"color":"ffffffaa"},{"time":2.7,"color":"ffffff84"},{"time":2.8,"color":"ffffffd4"},{"time":2.9,"color":"ffffffa6"},{"time":3,"color":"ffffff80"},{"time":3.1,"color":"ffffff4e"},{"time":3.2,"color":"ffffffaa"},{"time":3.3,"color":"ffffff84"},{"time":3.4,"color":"ffffffd4"},{"time":3.5,"color":"ffffffa6"},{"time":3.6,"color":"ffffff80"},{"time":3.7,"color":"ffffff4e"},{"time":3.8,"color":"ffffffaa"},{"time":3.9,"color":"ffffff84"},{"time":4,"color":"ffffffd4"},{"time":4.1,"color":"ffffffa6"},{"time":4.2,"color":"ffffff80"},{"time":4.3,"color":"ffffff4e"},{"time":4.4,"color":"ffffffaa"},{"time":4.5,"color":"ffffff84"},{"time":4.6,"color":"ffffffd4"},{"time":4.7,"color":"ffffffa6"},{"time":4.8,"color":"fffffffe"}]},"mlsd_hdrkxd2":{"color":[{"time":0,"color":"ffffff9e"},{"time":0.0667,"color":"ffffffd4"},{"time":0.1667,"color":"ffffffa6"},{"time":0.2667,"color":"fffffffe"},{"time":0.3667,"color":"ffffff4e"},{"time":0.4667,"color":"ffffffaa"},{"time":0.5667,"color":"ffffff84"},{"time":0.6667,"color":"ffffffd4"},{"time":0.7667,"color":"ffffffa6"},{"time":0.8667,"color":"ffffff80"},{"time":0.9667,"color":"ffffff4e"},{"time":1.0667,"color":"ffffffaa"},{"time":1.1667,"color":"ffffff84"},{"time":1.2667,"color":"ffffffd4"},{"time":1.3667,"color":"ffffffa6"},{"time":1.4667,"color":"ffffff80"},{"time":1.5667,"color":"ffffff4e"},{"time":1.6667,"color":"ffffffaa"},{"time":1.7667,"color":"ffffff84"},{"time":1.8667,"color":"ffffffd4"},{"time":1.9667,"color":"ffffffa6"},{"time":2.0667,"color":"ffffff80"},{"time":2.1667,"color":"ffffff4e"},{"time":2.2667,"color":"ffffffaa"},{"time":2.3667,"color":"ffffff84"},{"time":2.4667,"color":"ffffffd4"},{"time":2.5667,"color":"ffffffa6"},{"time":2.6667,"color":"ffffff80"},{"time":2.7667,"color":"ffffff4e"},{"time":2.8667,"color":"ffffffaa"},{"time":2.9667,"color":"ffffff84"},{"time":3.0667,"color":"ffffffd4"},{"time":3.1667,"color":"ffffffa6"},{"time":3.2667,"color":"ffffff80"},{"time":3.3667,"color":"ffffff4e"},{"time":3.4667,"color":"ffffffaa"},{"time":3.5667,"color":"ffffff84"},{"time":3.6667,"color":"ffffffd4"},{"time":3.7667,"color":"ffffffa6"},{"time":3.8667,"color":"ffffff80"},{"time":3.9667,"color":"ffffff4e"},{"time":4.0667,"color":"ffffffaa"},{"time":4.1667,"color":"ffffff84"},{"time":4.2667,"color":"ffffffd4"},{"time":4.3667,"color":"ffffffa6"},{"time":4.4667,"color":"ffffff80"},{"time":4.5667,"color":"ffffff4e"},{"time":4.6667,"color":"ffffffaa"},{"time":4.7667,"color":"ffffff84"},{"time":4.8,"color":"ffffff9e"}]},"mlsd_hdrkxd3":{"color":[{"time":0,"color":"ffffff5e"},{"time":0.0333,"color":"ffffff4e"},{"time":0.1333,"color":"ffffffaa"},{"time":0.2333,"color":"ffffff84"},{"time":0.3333,"color":"ffffffd4"},{"time":0.4333,"color":"ffffffa6"},{"time":0.5333,"color":"fffffffe"},{"time":0.6333,"color":"ffffff4e"},{"time":0.7333,"color":"ffffffaa"},{"time":0.8333,"color":"ffffff84"},{"time":0.9333,"color":"ffffffd4"},{"time":1.0333,"color":"ffffffa6"},{"time":1.1333,"color":"ffffff80"},{"time":1.2333,"color":"ffffff4e"},{"time":1.3333,"color":"ffffffaa"},{"time":1.4333,"color":"ffffff84"},{"time":1.5333,"color":"ffffffd4"},{"time":1.6333,"color":"ffffffa6"},{"time":1.7333,"color":"ffffff80"},{"time":1.8333,"color":"ffffff4e"},{"time":1.9333,"color":"ffffffaa"},{"time":2.0333,"color":"ffffff84"},{"time":2.1333,"color":"ffffffd4"},{"time":2.2333,"color":"ffffffa6"},{"time":2.3333,"color":"ffffff80"},{"time":2.4333,"color":"ffffff4e"},{"time":2.5333,"color":"ffffffaa"},{"time":2.6333,"color":"ffffff84"},{"time":2.7333,"color":"ffffffd4"},{"time":2.8333,"color":"ffffffa6"},{"time":2.9333,"color":"ffffff80"},{"time":3.0333,"color":"ffffff4e"},{"time":3.1333,"color":"ffffffaa"},{"time":3.2333,"color":"ffffff84"},{"time":3.3333,"color":"ffffffd4"},{"time":3.4333,"color":"ffffffa6"},{"time":3.5333,"color":"ffffff80"},{"time":3.6333,"color":"ffffff4e"},{"time":3.7333,"color":"ffffffaa"},{"time":3.8333,"color":"ffffff84"},{"time":3.9333,"color":"ffffffd4"},{"time":4.0333,"color":"ffffffa6"},{"time":4.1333,"color":"ffffff80"},{"time":4.2333,"color":"ffffff4e"},{"time":4.3333,"color":"ffffffaa"},{"time":4.4333,"color":"ffffff84"},{"time":4.5333,"color":"ffffffd4"},{"time":4.6333,"color":"ffffffa6"},{"time":4.7333,"color":"ffffff80"},{"time":4.8,"color":"ffffff5e"}]},"mlsd_hdrkxd4":{"color":[{"time":0,"color":"ffffffd4"},{"time":0.1,"color":"ffffffa6"},{"time":0.2,"color":"ffffff80"},{"time":0.3,"color":"ffffff4e"},{"time":0.4,"color":"ffffffaa"},{"time":0.5,"color":"ffffff84"},{"time":0.6,"color":"ffffffd4"},{"time":0.7,"color":"ffffffa6"},{"time":0.8,"color":"fffffffe"},{"time":0.9,"color":"ffffff4e"},{"time":1,"color":"ffffffaa"},{"time":1.1,"color":"ffffff84"},{"time":1.2,"color":"ffffffd4"},{"time":1.3,"color":"ffffffa6"},{"time":1.4,"color":"ffffff80"},{"time":1.5,"color":"ffffff4e"},{"time":1.6,"color":"ffffffaa"},{"time":1.7,"color":"ffffff84"},{"time":1.8,"color":"ffffffd4"},{"time":1.9,"color":"ffffffa6"},{"time":2,"color":"ffffff80"},{"time":2.1,"color":"ffffff4e"},{"time":2.2,"color":"ffffffaa"},{"time":2.3,"color":"ffffff84"},{"time":2.4,"color":"ffffffd4"},{"time":2.5,"color":"ffffffa6"},{"time":2.6,"color":"ffffff80"},{"time":2.7,"color":"ffffff4e"},{"time":2.8,"color":"ffffffaa"},{"time":2.9,"color":"ffffff84"},{"time":3,"color":"ffffffd4"},{"time":3.1,"color":"ffffffa6"},{"time":3.2,"color":"ffffff80"},{"time":3.3,"color":"ffffff4e"},{"time":3.4,"color":"ffffffaa"},{"time":3.5,"color":"ffffff84"},{"time":3.6,"color":"ffffffd4"},{"time":3.7,"color":"ffffffa6"},{"time":3.8,"color":"ffffff80"},{"time":3.9,"color":"ffffff4e"},{"time":4,"color":"ffffffaa"},{"time":4.1,"color":"ffffff84"},{"time":4.2,"color":"ffffffd4"},{"time":4.3,"color":"ffffffa6"},{"time":4.4,"color":"ffffff80"},{"time":4.5,"color":"ffffff4e"},{"time":4.6,"color":"ffffffaa"},{"time":4.7,"color":"ffffff84"},{"time":4.8,"color":"ffffffd4"}]},"mlsd_hdrkxd5":{"color":[{"time":0,"color":"ffffff80"},{"time":0.1,"color":"ffffff4e"},{"time":0.2,"color":"ffffffaa"},{"time":0.3,"color":"ffffff84"},{"time":0.4,"color":"ffffffd4"},{"time":0.5,"color":"ffffffa6"},{"time":0.6,"color":"ffffff80"},{"time":0.7,"color":"ffffff4e"},{"time":0.8,"color":"ffffffaa"},{"time":0.9,"color":"ffffff84"},{"time":1,"color":"ffffffd4"},{"time":1.1,"color":"ffffffa6"},{"time":1.2,"color":"fffffffe"},{"time":1.3,"color":"ffffff4e"},{"time":1.4,"color":"ffffffaa"},{"time":1.5,"color":"ffffff84"},{"time":1.6,"color":"ffffffd4"},{"time":1.7,"color":"ffffffa6"},{"time":1.8,"color":"ffffff80"},{"time":1.9,"color":"ffffff4e"},{"time":2,"color":"ffffffaa"},{"time":2.1,"color":"ffffff84"},{"time":2.2,"color":"ffffffd4"},{"time":2.3,"color":"ffffffa6"},{"time":2.4,"color":"ffffff80"},{"time":2.5,"color":"ffffff4e"},{"time":2.6,"color":"ffffffaa"},{"time":2.7,"color":"ffffff84"},{"time":2.8,"color":"ffffffd4"},{"time":2.9,"color":"ffffffa6"},{"time":3,"color":"ffffff80"},{"time":3.1,"color":"ffffff4e"},{"time":3.2,"color":"ffffffaa"},{"time":3.3,"color":"ffffff84"},{"time":3.4,"color":"ffffffd4"},{"time":3.5,"color":"ffffffa6"},{"time":3.6,"color":"ffffff80"},{"time":3.7,"color":"ffffff4e"},{"time":3.8,"color":"ffffffaa"},{"time":3.9,"color":"ffffff84"},{"time":4,"color":"ffffffd4"},{"time":4.1,"color":"ffffffa6"},{"time":4.2,"color":"ffffff80"},{"time":4.3,"color":"ffffff4e"},{"time":4.4,"color":"ffffffaa"},{"time":4.5,"color":"ffffff84"},{"time":4.6,"color":"ffffffd4"},{"time":4.7,"color":"ffffffa6"},{"time":4.8,"color":"ffffff80"}]},"mlsd_hdrkxd6":{"color":[{"time":0,"color":"ffffffd4"},{"time":0.1,"color":"ffffffa6"},{"time":0.2,"color":"ffffff80"},{"time":0.3,"color":"ffffff4e"},{"time":0.4,"color":"ffffffaa"},{"time":0.5,"color":"ffffff84"},{"time":0.6,"color":"ffffffd4"},{"time":0.7,"color":"ffffffa6"},{"time":0.8,"color":"ffffff80"},{"time":0.9,"color":"ffffff4e"},{"time":1,"color":"ffffffaa"},{"time":1.1,"color":"ffffff84"},{"time":1.2,"color":"ffffffd4"},{"time":1.3,"color":"ffffffa6"},{"time":1.4,"color":"fffffffe"},{"time":1.5,"color":"ffffff4e"},{"time":1.6,"color":"ffffffaa"},{"time":1.7,"color":"ffffff84"},{"time":1.8,"color":"ffffffd4"},{"time":1.9,"color":"ffffffa6"},{"time":2,"color":"ffffff80"},{"time":2.1,"color":"ffffff4e"},{"time":2.2,"color":"ffffffaa"},{"time":2.3,"color":"ffffff84"},{"time":2.4,"color":"ffffffd4"},{"time":2.5,"color":"ffffffa6"},{"time":2.6,"color":"ffffff80"},{"time":2.7,"color":"ffffff4e"},{"time":2.8,"color":"ffffffaa"},{"time":2.9,"color":"ffffff84"},{"time":3,"color":"ffffffd4"},{"time":3.1,"color":"ffffffa6"},{"time":3.2,"color":"ffffff80"},{"time":3.3,"color":"ffffff4e"},{"time":3.4,"color":"ffffffaa"},{"time":3.5,"color":"ffffff84"},{"time":3.6,"color":"ffffffd4"},{"time":3.7,"color":"ffffffa6"},{"time":3.8,"color":"ffffff80"},{"time":3.9,"color":"ffffff4e"},{"time":4,"color":"ffffffaa"},{"time":4.1,"color":"ffffff84"},{"time":4.2,"color":"ffffffd4"},{"time":4.3,"color":"ffffffa6"},{"time":4.4,"color":"ffffff80"},{"time":4.5,"color":"ffffff4e"},{"time":4.6,"color":"ffffffaa"},{"time":4.7,"color":"ffffff84"},{"time":4.8,"color":"ffffffd4"}]},"mlsd_hdrkxx":{"color":[{"time":0,"color":"ffffff00","curve":[0.245,0.59,0.561,1.01]},{"time":0.2667,"color":"fffffffe","curve":[0.25,0,0.75,1]},{"time":1.5,"color":"ffffff00","curve":"stepped"},{"time":2.4,"color":"ffffff00","curve":[0.245,0.59,0.561,1.01]},{"time":2.6667,"color":"fffffffe","curve":[0.25,0,0.75,1]},{"time":3.9,"color":"ffffff00","curve":"stepped"},{"time":4.8,"color":"ffffff00"}]},"mlsd_hdrkxx2":{"color":[{"time":0,"color":"ffffff00","curve":"stepped"},{"time":0.6667,"color":"ffffff00","curve":[0.245,0.59,0.561,1.01]},{"time":0.9333,"color":"fffffffe","curve":[0.25,0,0.75,1]},{"time":2.1667,"color":"ffffff00","curve":"stepped"},{"time":2.4,"color":"ffffff00","curve":"stepped"},{"time":3.0667,"color":"ffffff00","curve":[0.245,0.59,0.561,1.01]},{"time":3.3333,"color":"fffffffe","curve":[0.25,0,0.75,1]},{"time":4.5667,"color":"ffffff00","curve":"stepped"},{"time":4.8,"color":"ffffff00"}]},"mlsd_hdrkxx3":{"color":[{"time":0,"color":"ffffff4e","curve":[0.382,0.56,0.737,1]},{"time":0.4333,"color":"ffffff00","curve":"stepped"},{"time":1.3333,"color":"ffffff00","curve":[0.245,0.59,0.561,1.01]},{"time":1.6,"color":"fffffffe","curve":[0.244,0,0.645,0.59]},{"time":2.4,"color":"ffffff4e","curve":[0.382,0.56,0.737,1]},{"time":2.8333,"color":"ffffff00","curve":"stepped"},{"time":3.7333,"color":"ffffff00","curve":[0.245,0.59,0.561,1.01]},{"time":4,"color":"fffffffe","curve":[0.244,0,0.645,0.59]},{"time":4.8,"color":"ffffff4e"}]},"mlsd_hdrkxx4":{"color":[{"time":0,"color":"fffffff2","curve":[0.292,0.18,0.755,1]},{"time":1.1,"color":"ffffff00","curve":"stepped"},{"time":2,"color":"ffffff00","curve":[0.245,0.59,0.561,1.01]},{"time":2.2667,"color":"fffffffe","curve":[0.303,0,0.639,0.36]},{"time":2.4,"color":"fffffff2","curve":[0.292,0.18,0.755,1]},{"time":3.5,"color":"ffffff00","curve":"stepped"},{"time":4.4,"color":"ffffff00","curve":[0.245,0.59,0.561,1.01]},{"time":4.6667,"color":"fffffffe","curve":[0.303,0,0.639,0.36]},{"time":4.8,"color":"fffffff2"}]},"mlsd_hdrkxx5":{"color":[{"time":0,"color":"ffffffa8","curve":[0.359,0.43,0.756,1]},{"time":0.7667,"color":"ffffff00","curve":"stepped"},{"time":1.6667,"color":"ffffff00","curve":[0.245,0.59,0.561,1.01]},{"time":1.9333,"color":"fffffffe","curve":[0.25,0,0.75,1]},{"time":3.1667,"color":"ffffff00","curve":"stepped"},{"time":4.0667,"color":"ffffff00","curve":[0.245,0.59,0.561,1.01]},{"time":4.3333,"color":"fffffffe","curve":[0.26,0,0.618,0.45]},{"time":4.8,"color":"ffffffa8"}]},"mlsd_hdrkz":{"color":[{"time":0,"color":"ffffffff","curve":"stepped"},{"time":4.8,"color":"ffffffff"}]}},"bones":{"mlsd_hdrkx1":{"rotate":[{"time":0,"angle":0,"curve":"stepped"},{"time":3.2,"angle":0,"curve":"stepped"},{"time":4,"angle":0,"curve":"stepped"},{"time":4.8,"angle":0}],"translate":[{"time":0,"x":-0.15,"y":3.28},{"time":3.2,"x":-16.41,"y":-44.35},{"time":4,"x":3.92,"y":15.19},{"time":4.8,"x":-0.15,"y":3.28}],"scale":[{"time":0,"x":0.6,"y":0.6},{"time":3.2,"x":1,"y":1},{"time":4,"x":0.5,"y":0.5},{"time":4.8,"x":0.6,"y":0.6}]},"mlsd_hdrkx2":{"rotate":[{"time":0,"angle":0,"curve":[0.25,0,0.75,1]},{"time":2.4,"angle":-31.16,"curve":[0.25,0,0.75,1]},{"time":4.8,"angle":-8.74}],"translate":[{"time":0,"x":26.7,"y":49},{"time":4.8,"x":-10.29,"y":-7.6}],"scale":[{"time":0,"x":1,"y":1,"curve":"stepped"},{"time":4.8,"x":1,"y":1}]},"mlsd_hdrkhb":{"rotate":[{"time":0,"angle":0,"curve":[0.25,0,0.75,1]},{"time":0.3333,"angle":-1.84,"curve":[0.25,0,0.75,1]},{"time":0.6667,"angle":0.95,"curve":[0.25,0,0.75,1]},{"time":1,"angle":-2.64,"curve":[0.25,0,0.75,1]},{"time":1.3333,"angle":1.24,"curve":[0.25,0,0.75,1]},{"time":1.6667,"angle":-1.84,"curve":[0.25,0,0.75,1]},{"time":2.4,"angle":0,"curve":"stepped"},{"time":4.8,"angle":0}],"translate":[{"time":0,"x":0,"y":0,"curve":[0.25,0,0.75,1]},{"time":1.2,"x":0,"y":2.39,"curve":[0.25,0,0.75,1]},{"time":2.4,"x":0,"y":0,"curve":[0.25,0,0.75,1]},{"time":3.6,"x":0,"y":1.97,"curve":[0.25,0,0.75,1]},{"time":4.8,"x":0,"y":0}],"scale":[{"time":0,"x":1,"y":1,"curve":"stepped"},{"time":4.8,"x":1,"y":1}]},"mlsd_hdrkx3":{"rotate":[{"time":0,"angle":0,"curve":"stepped"},{"time":1.8,"angle":0,"curve":"stepped"},{"time":1.8333,"angle":0,"curve":"stepped"},{"time":4.8,"angle":0}],"translate":[{"time":0,"x":-7.23,"y":-6.78},{"time":1.8,"x":-18.45,"y":-23.1},{"time":1.8333,"x":11.49,"y":20.43},{"time":4.8,"x":-7.23,"y":-6.78}],"scale":[{"time":0,"x":0.813,"y":0.813},{"time":1.8,"x":1,"y":1},{"time":1.8333,"x":0.5,"y":0.5},{"time":4.8,"x":0.813,"y":0.813}]},"mlsd_hdrkx4":{"rotate":[{"time":0,"angle":0,"curve":"stepped"},{"time":4,"angle":0,"curve":"stepped"},{"time":4.8,"angle":0}],"translate":[{"time":0,"x":14.69,"y":24.5},{"time":4,"x":28.4,"y":-39.69,"curve":"stepped"},{"time":4.8,"x":28.4,"y":-39.69}],"scale":[{"time":0,"x":0.5,"y":0.5},{"time":4,"x":1,"y":1,"curve":"stepped"},{"time":4.8,"x":1,"y":1}]},"mlsd_hdrkx5":{"rotate":[{"time":0,"angle":0,"curve":[0.25,0,0.75,1]},{"time":1.1667,"angle":-9.04,"curve":[0.25,0,0.75,1]},{"time":2.4,"angle":0,"curve":"stepped"},{"time":2.4333,"angle":0,"curve":[0.25,0,0.75,1]},{"time":3.4,"angle":-20.89,"curve":[0.25,0,0.75,1]},{"time":4.8,"angle":0}],"translate":[{"time":0,"x":5.39,"y":12.78},{"time":2.4,"x":13.28,"y":-19.53},{"time":2.4333,"x":-2.39,"y":44.64},{"time":4.8,"x":5.39,"y":12.78}],"scale":[{"time":0,"x":1,"y":1,"curve":"stepped"},{"time":2.4,"x":1,"y":1,"curve":"stepped"},{"time":2.4333,"x":1,"y":1,"curve":"stepped"},{"time":4.8,"x":1,"y":1}]},"mlsd_hdrkx6":{"rotate":[{"time":0,"angle":0,"curve":"stepped"},{"time":1.3333,"angle":0,"curve":"stepped"},{"time":1.3667,"angle":0,"curve":"stepped"},{"time":4.8,"angle":0}],"translate":[{"time":0,"x":-4.24,"y":-32.89},{"time":1.3333,"x":-6.47,"y":-46.34},{"time":1.3667,"x":1.53,"y":2.06},{"time":4.8,"x":-4.24,"y":-32.89}],"scale":[{"time":0,"x":1,"y":1,"curve":"stepped"},{"time":1.3333,"x":1,"y":1,"curve":"stepped"},{"time":1.3667,"x":1,"y":1,"curve":"stepped"},{"time":4.8,"x":1,"y":1}]},"mlsd_hdrkx7":{"rotate":[{"time":0,"angle":0,"curve":"stepped"},{"time":3.1667,"angle":0,"curve":"stepped"},{"time":3.2,"angle":0,"curve":"stepped"},{"time":4.8,"angle":0}],"translate":[{"time":0,"x":0.62,"y":-5.85},{"time":3.1667,"x":-3.08,"y":-30.81},{"time":3.2,"x":2.53,"y":7.03},{"time":4.8,"x":0.62,"y":-5.85}],"scale":[{"time":0,"x":1,"y":1,"curve":"stepped"},{"time":3.1667,"x":1,"y":1,"curve":"stepped"},{"time":3.2,"x":1,"y":1,"curve":"stepped"},{"time":4.8,"x":1,"y":1}]},"mlsd_hdrkxx":{"rotate":[{"time":0,"angle":0,"curve":"stepped"},{"time":2.4,"angle":0,"curve":"stepped"},{"time":4.8,"angle":0}],"translate":[{"time":0,"x":0,"y":0,"curve":"stepped"},{"time":2.4,"x":0,"y":0,"curve":"stepped"},{"time":4.8,"x":0,"y":0}],"scale":[{"time":0,"x":0.5,"y":0.5,"curve":[0.245,0.59,0.561,1.01]},{"time":0.4333,"x":1,"y":1,"curve":[0.25,0,0.75,1]},{"time":1.5,"x":0.75,"y":0.75},{"time":2.4,"x":0.5,"y":0.5,"curve":[0.245,0.59,0.561,1.01]},{"time":2.8333,"x":1,"y":1,"curve":[0.25,0,0.75,1]},{"time":3.9,"x":0.75,"y":0.75},{"time":4.8,"x":1,"y":1}]},"mlsd_hdrkxx2":{"rotate":[{"time":0,"angle":0,"curve":"stepped"},{"time":0.6667,"angle":0,"curve":"stepped"},{"time":2.4,"angle":0,"curve":"stepped"},{"time":3.0667,"angle":0,"curve":"stepped"},{"time":4.8,"angle":0}],"translate":[{"time":0,"x":0,"y":0,"curve":"stepped"},{"time":0.6667,"x":0,"y":0,"curve":"stepped"},{"time":2.4,"x":0,"y":0,"curve":"stepped"},{"time":3.0667,"x":0,"y":0,"curve":"stepped"},{"time":4.8,"x":0,"y":0}],"scale":[{"time":0,"x":0.5,"y":0.5,"curve":"stepped"},{"time":0.6667,"x":0.5,"y":0.5,"curve":[0.245,0.59,0.561,1.01]},{"time":1.1,"x":1,"y":1,"curve":[0.25,0,0.75,1]},{"time":2.1667,"x":0.75,"y":0.75},{"time":2.4,"x":0.5,"y":0.5,"curve":"stepped"},{"time":3.0667,"x":0.5,"y":0.5,"curve":[0.245,0.59,0.561,1.01]},{"time":3.5,"x":1,"y":1,"curve":[0.25,0,0.75,1]},{"time":4.5667,"x":0.75,"y":0.75},{"time":4.8,"x":1,"y":1}]},"mlsd_hdrkxx3":{"rotate":[{"time":0,"angle":0,"curve":"stepped"},{"time":1.3333,"angle":0,"curve":"stepped"},{"time":2.4,"angle":0,"curve":"stepped"},{"time":3.7333,"angle":0,"curve":"stepped"},{"time":4.8,"angle":0}],"translate":[{"time":0,"x":0,"y":0,"curve":"stepped"},{"time":1.3333,"x":0,"y":0,"curve":"stepped"},{"time":2.4,"x":0,"y":0,"curve":"stepped"},{"time":3.7333,"x":0,"y":0,"curve":"stepped"},{"time":4.8,"x":0,"y":0}],"scale":[{"time":0,"x":0.844,"y":0.844,"curve":[0.381,0.54,0.743,1]},{"time":0.4333,"x":0.75,"y":0.75},{"time":1.3333,"x":0.5,"y":0.5,"curve":[0.245,0.59,0.561,1.01]},{"time":1.7667,"x":1,"y":1,"curve":[0.245,0,0.636,0.55]},{"time":2.4,"x":0.844,"y":0.844,"curve":[0.381,0.54,0.743,1]},{"time":2.8333,"x":0.75,"y":0.75},{"time":3.7333,"x":0.5,"y":0.5,"curve":[0.245,0.59,0.561,1.01]},{"time":4.1667,"x":1,"y":1,"curve":[0.245,0,0.636,0.55]},{"time":4.8,"x":0.844,"y":0.844}]},"mlsd_hdrkxx4":{"rotate":[{"time":0,"angle":0,"curve":"stepped"},{"time":2,"angle":0,"curve":"stepped"},{"time":2.4,"angle":0,"curve":"stepped"},{"time":4.4,"angle":0,"curve":"stepped"},{"time":4.8,"angle":0}],"translate":[{"time":0,"x":0,"y":0,"curve":"stepped"},{"time":2,"x":0,"y":0,"curve":"stepped"},{"time":2.4,"x":0,"y":0,"curve":"stepped"},{"time":4.4,"x":0,"y":0,"curve":"stepped"},{"time":4.8,"x":0,"y":0}],"scale":[{"time":0,"x":1,"y":1,"curve":[0.25,0,0.75,1]},{"time":1.1,"x":0.75,"y":0.75},{"time":2,"x":0.5,"y":0.5,"curve":[0.245,0.59,0.561,1.01]},{"time":2.4,"x":1,"y":1,"curve":[0.25,0,0.75,1]},{"time":3.5,"x":0.75,"y":0.75},{"time":4.4,"x":0.5,"y":0.5,"curve":[0.245,0.59,0.561,1.01]},{"time":4.8,"x":1,"y":1}]},"mlsd_hdrkxx5":{"rotate":[{"time":0,"angle":0,"curve":"stepped"},{"time":1.6667,"angle":0,"curve":"stepped"},{"time":4.0667,"angle":0,"curve":"stepped"},{"time":4.8,"angle":0}],"translate":[{"time":0,"x":0,"y":0,"curve":"stepped"},{"time":1.6667,"x":0,"y":0,"curve":"stepped"},{"time":4.0667,"x":0,"y":0,"curve":"stepped"},{"time":4.8,"x":0,"y":0}],"scale":[{"time":0,"x":0.945,"y":0.945,"curve":[0.341,0.36,0.757,1]},{"time":0.7667,"x":0.75,"y":0.75},{"time":1.6667,"x":0.5,"y":0.5,"curve":[0.245,0.59,0.561,1.01]},{"time":2.1,"x":1,"y":1,"curve":[0.25,0,0.75,1]},{"time":3.1667,"x":0.75,"y":0.75},{"time":4.0667,"x":0.5,"y":0.5,"curve":[0.245,0.59,0.561,1.01]},{"time":4.5,"x":1,"y":1,"curve":[0.271,0,0.619,0.41]},{"time":4.8,"x":0.945,"y":0.945}]},"sg":{"rotate":[{"time":0,"angle":0,"curve":"stepped"},{"time":4.8,"angle":0}],"translate":[{"time":0,"x":0,"y":0,"curve":"stepped"},{"time":4.8,"x":0,"y":0}],"scale":[{"time":0,"x":1,"y":1,"curve":"stepped"},{"time":4.8,"x":1,"y":1}]},"xd":{"rotate":[{"time":0,"angle":0,"curve":"stepped"},{"time":4.8,"angle":0}],"translate":[{"time":0,"x":0,"y":0,"curve":"stepped"},{"time":4.8,"x":0,"y":0}],"scale":[{"time":0,"x":1,"y":1,"curve":"stepped"},{"time":4.8,"x":1,"y":1}]},"xd2":{"rotate":[{"time":0,"angle":0,"curve":"stepped"},{"time":4.8,"angle":0}],"translate":[{"time":0,"x":0,"y":0,"curve":"stepped"},{"time":4.8,"x":0,"y":0}],"scale":[{"time":0,"x":1,"y":1,"curve":"stepped"},{"time":4.8,"x":1,"y":1}]},"xd3":{"rotate":[{"time":0,"angle":0,"curve":"stepped"},{"time":4.8,"angle":0}],"translate":[{"time":0,"x":0,"y":0,"curve":"stepped"},{"time":4.8,"x":0,"y":0}],"scale":[{"time":0,"x":1,"y":1,"curve":"stepped"},{"time":4.8,"x":1,"y":1}]},"xd4":{"rotate":[{"time":0,"angle":0,"curve":"stepped"},{"time":4.8,"angle":0}],"translate":[{"time":0,"x":0,"y":0,"curve":"stepped"},{"time":4.8,"x":0,"y":0}],"scale":[{"time":0,"x":1,"y":1,"curve":"stepped"},{"time":4.8,"x":1,"y":1}]},"xd5":{"rotate":[{"time":0,"angle":0,"curve":"stepped"},{"time":4.8,"angle":0}],"translate":[{"time":0,"x":0,"y":0,"curve":"stepped"},{"time":4.8,"x":0,"y":0}],"scale":[{"time":0,"x":1,"y":1,"curve":"stepped"},{"time":4.8,"x":1,"y":1}]},"xd6":{"rotate":[{"time":0,"angle":0,"curve":"stepped"},{"time":4.8,"angle":0}],"translate":[{"time":0,"x":0,"y":0,"curve":"stepped"},{"time":4.8,"x":0,"y":0}],"scale":[{"time":0,"x":1,"y":1,"curve":"stepped"},{"time":4.8,"x":1,"y":1}]},"root":{"rotate":[{"time":0,"angle":0,"curve":"stepped"},{"time":4.8,"angle":0}],"translate":[{"time":0,"x":0,"y":0,"curve":"stepped"},{"time":4.8,"x":0,"y":0}],"scale":[{"time":0,"x":1,"y":1,"curve":"stepped"},{"time":4.8,"x":1,"y":1}]},"hip":{"rotate":[{"time":0,"angle":0,"curve":"stepped"},{"time":4.8,"angle":0}],"translate":[{"time":0,"x":0,"y":0,"curve":"stepped"},{"time":4.8,"x":0,"y":0}],"scale":[{"time":0,"x":1,"y":1,"curve":"stepped"},{"time":4.8,"x":1,"y":1}]}}}}}