{"skeleton":{"hash":"SVX+IBRyG5sghF+xTstehn5Ddfc","spine":"3.6.37","width":256,"height":138,"images":"./images/"},"bones":[{"name":"root"},{"name":"zxsf_hd_anniuhip","parent":"root"},{"name":"zxsf_hd_anniu","parent":"zxsf_hd_anniuhip","x":2.11,"y":21.66,"color":"d3ff00ff"},{"name":"zxsf_hd_anniusgcc","parent":"zxsf_hd_anniu","x":-2,"y":-21.5,"scaleX":2,"scaleY":2,"color":"fcb654ff"}],"slots":[{"name":"zxsf_hd_anniu","bone":"zxsf_hd_anniu","attachment":"zxsf_hd_anniu"},{"name":"zxsf_hd_anniusgcc_0","bone":"zxsf_hd_anniusgcc","attachment":"zxsf_hd_anniusgcc_9","blend":"additive"}],"skins":{"default":{"zxsf_hd_anniu":{"zxsf_hd_anniu":{"width":256,"height":138}},"zxsf_hd_anniusgcc_0":{"zxsf_hd_anniusgcc_0":{"width":123,"height":37},"zxsf_hd_anniusgcc_1":{"width":123,"height":37},"zxsf_hd_anniusgcc_2":{"width":123,"height":37},"zxsf_hd_anniusgcc_3":{"width":123,"height":37},"zxsf_hd_anniusgcc_4":{"width":123,"height":37},"zxsf_hd_anniusgcc_5":{"width":123,"height":37},"zxsf_hd_anniusgcc_6":{"width":123,"height":37},"zxsf_hd_anniusgcc_7":{"width":123,"height":37},"zxsf_hd_anniusgcc_8":{"width":123,"height":37},"zxsf_hd_anniusgcc_9":{"width":123,"height":37},"zxsf_hd_anniusgcc_10":{"width":123,"height":37},"zxsf_hd_anniusgcc_11":{"width":123,"height":37},"zxsf_hd_anniusgcc_12":{"width":123,"height":37},"zxsf_hd_anniusgcc_13":{"width":123,"height":37},"zxsf_hd_anniusgcc_14":{"width":123,"height":37},"zxsf_hd_anniusgcc_15":{"width":123,"height":37},"zxsf_hd_anniusgcc_16":{"width":123,"height":37},"zxsf_hd_anniusgcc_17":{"width":123,"height":37},"zxsf_hd_anniusgcc_18":{"width":123,"height":37},"zxsf_hd_anniusgcc_19":{"width":123,"height":37},"zxsf_hd_anniusgcc_20":{"width":123,"height":37},"zxsf_hd_anniusgcc_21":{"width":123,"height":37},"zxsf_hd_anniusgcc_22":{"width":123,"height":37},"zxsf_hd_anniusgcc_23":{"width":123,"height":37},"zxsf_hd_anniusgcc_24":{"width":123,"height":37},"zxsf_hd_anniusgcc_25":{"width":123,"height":37},"zxsf_hd_anniusgcc_26":{"width":123,"height":37},"zxsf_hd_anniusgcc_27":{"width":123,"height":37},"zxsf_hd_anniusgcc_28":{"width":123,"height":37},"zxsf_hd_anniusgcc_29":{"width":123,"height":37},"zxsf_hd_anniusgcc_30":{"width":123,"height":37},"zxsf_hd_anniusgcc_31":{"width":123,"height":37},"zxsf_hd_anniusgcc_32":{"width":123,"height":37},"zxsf_hd_anniusgcc_33":{"width":123,"height":37},"zxsf_hd_anniusgcc_34":{"width":123,"height":37},"zxsf_hd_anniusgcc_35":{"width":123,"height":37}}}},"animations":{"animation":{"slots":{"zxsf_hd_anniu":{"color":[{"time":0,"color":"fffffffe","curve":"stepped"},{"time":2.4,"color":"fffffffe"}]},"zxsf_hd_anniusgcc_0":{"attachment":[{"time":0,"name":"zxsf_hd_anniusgcc_0"},{"time":0.0667,"name":"zxsf_hd_anniusgcc_1"},{"time":0.1333,"name":"zxsf_hd_anniusgcc_2"},{"time":0.2,"name":"zxsf_hd_anniusgcc_3"},{"time":0.2667,"name":"zxsf_hd_anniusgcc_4"},{"time":0.3333,"name":"zxsf_hd_anniusgcc_5"},{"time":0.4,"name":"zxsf_hd_anniusgcc_6"},{"time":0.4667,"name":"zxsf_hd_anniusgcc_7"},{"time":0.5333,"name":"zxsf_hd_anniusgcc_8"},{"time":0.6,"name":"zxsf_hd_anniusgcc_9"},{"time":0.6667,"name":"zxsf_hd_anniusgcc_10"},{"time":0.7333,"name":"zxsf_hd_anniusgcc_11"},{"time":0.8,"name":"zxsf_hd_anniusgcc_12"},{"time":0.8667,"name":"zxsf_hd_anniusgcc_13"},{"time":0.9333,"name":"zxsf_hd_anniusgcc_14"},{"time":1,"name":"zxsf_hd_anniusgcc_15"},{"time":1.0667,"name":"zxsf_hd_anniusgcc_16"},{"time":1.1333,"name":"zxsf_hd_anniusgcc_17"},{"time":1.2,"name":"zxsf_hd_anniusgcc_18"},{"time":1.2667,"name":"zxsf_hd_anniusgcc_19"},{"time":1.3333,"name":"zxsf_hd_anniusgcc_20"},{"time":1.4,"name":"zxsf_hd_anniusgcc_21"},{"time":1.4667,"name":"zxsf_hd_anniusgcc_22"},{"time":1.5333,"name":"zxsf_hd_anniusgcc_23"},{"time":1.6,"name":"zxsf_hd_anniusgcc_24"},{"time":1.6667,"name":"zxsf_hd_anniusgcc_25"},{"time":1.7333,"name":"zxsf_hd_anniusgcc_26"},{"time":1.8,"name":"zxsf_hd_anniusgcc_27"},{"time":1.8667,"name":"zxsf_hd_anniusgcc_28"},{"time":1.9333,"name":"zxsf_hd_anniusgcc_29"},{"time":2,"name":"zxsf_hd_anniusgcc_30"},{"time":2.0667,"name":"zxsf_hd_anniusgcc_31"},{"time":2.1333,"name":"zxsf_hd_anniusgcc_32"},{"time":2.2,"name":"zxsf_hd_anniusgcc_33"},{"time":2.2667,"name":"zxsf_hd_anniusgcc_34"},{"time":2.3333,"name":"zxsf_hd_anniusgcc_35"},{"time":2.4,"name":null}]}},"bones":{"root":{"rotate":[{"time":0,"angle":0,"curve":"stepped"},{"time":2.3333,"angle":0,"curve":"stepped"},{"time":2.4,"angle":0}],"translate":[{"time":0,"x":0,"y":0,"curve":"stepped"},{"time":2.3333,"x":0,"y":0,"curve":"stepped"},{"time":2.4,"x":0,"y":0}],"scale":[{"time":0,"x":1,"y":1,"curve":"stepped"},{"time":2.3333,"x":1,"y":1,"curve":"stepped"},{"time":2.4,"x":1,"y":1}],"shear":[{"time":0,"x":0,"y":0,"curve":"stepped"},{"time":2.4,"x":0,"y":0}]},"zxsf_hd_anniu":{"rotate":[{"time":0,"angle":0,"curve":"stepped"},{"time":2.4,"angle":0}],"translate":[{"time":0,"x":0,"y":0,"curve":"stepped"},{"time":2.4,"x":0,"y":0}],"scale":[{"time":0,"x":1,"y":1,"curve":"stepped"},{"time":2.4,"x":1,"y":1}]},"zxsf_hd_anniusgcc":{"rotate":[{"time":0,"angle":0,"curve":"stepped"},{"time":2.4,"angle":0}],"translate":[{"time":0,"x":0,"y":0,"curve":"stepped"},{"time":2.4,"x":0,"y":0}],"scale":[{"time":0,"x":1,"y":1,"curve":"stepped"},{"time":2.4,"x":1,"y":1}]}}}}}