{"skeleton":{"hash":"jEuv+BqayKygjpDSGoMSN5pT3Hk","spine":"3.6.37","width":213,"height":237,"images":"./images/"},"bones":[{"name":"root"},{"name":"hip","parent":"root"},{"name":"scale","parent":"hip","rotation":-0.3},{"name":"sdhd_liwuhe","parent":"scale","rotation":0.3},{"name":"qfyz_shiwueffect","parent":"sdhd_liwuhe","rotation":-0.35,"x":1.4,"y":-23.01,"scaleX":2,"scaleY":2},{"name":"qfyz_shiwulizi","parent":"sdhd_liwuhe","rotation":-0.35,"x":-63.25,"y":66.51,"scaleX":0.548,"scaleY":0.548},{"name":"qfyz_shiwulizi2","parent":"sdhd_liwuhe","rotation":43.18,"x":80.5,"y":-73.93,"scaleX":0.454,"scaleY":0.454},{"name":"qfyz_shiwulizi3","parent":"sdhd_liwuhe","rotation":90.08,"x":81.51,"y":17.49,"scaleX":0.518,"scaleY":0.518},{"name":"qfyz_shiwulizi4","parent":"sdhd_liwuhe","rotation":132.03,"x":39.22,"y":87.63,"scaleX":0.427,"scaleY":0.427},{"name":"qfyz_shiwulizi5","parent":"sdhd_liwuhe","rotation":168.39,"x":-78.38,"y":35.6,"scaleX":0.427,"scaleY":0.427},{"name":"qfyz_shiwulizi6","parent":"sdhd_liwuhe","rotation":-134.98,"x":-76.01,"y":-34.53,"scaleX":0.427,"scaleY":0.427},{"name":"qfyz_shiwulizi7","parent":"sdhd_liwuhe","rotation":158.67,"x":-46.16,"y":-83.42,"scaleX":0.427,"scaleY":0.427},{"name":"qfyz_shiwulizi8","parent":"sdhd_liwuhe","rotation":-113.2,"x":-19.57,"y":77.95,"scaleX":0.427,"scaleY":0.427},{"name":"qfyz_shiwulizi9","parent":"sdhd_liwuhe","rotation":-151.26,"x":13.32,"y":-59.5,"scaleX":0.427,"scaleY":0.427},{"name":"qfyz_shiwulizi10","parent":"sdhd_liwuhe","rotation":30.51,"x":-6.37,"y":26.62,"scaleX":0.548,"scaleY":0.548},{"name":"qfyz_shiwunumber","parent":"hip","scaleX":3.58,"scaleY":3.58},{"name":"sdhd_wp_kuosan1","parent":"sdhd_liwuhe","rotation":-0.35,"x":1.4,"y":-23.01},{"name":"sdhd_wp_kuosan2","parent":"sdhd_liwuhe","rotation":-0.35,"x":1.4,"y":-23.01}],"slots":[{"name":"sdhd_liwuhe","bone":"sdhd_liwuhe","attachment":"sdhd_liwuhe"},{"name":"qfyz_shiwunumber","bone":"qfyz_shiwunumber","attachment":"qfyz_shiwunumber"},{"name":"qfyz_shiwulizi","bone":"qfyz_shiwulizi","attachment":"qfyz_shiwulizi","blend":"additive"},{"name":"qfyz_shiwulizi10","bone":"qfyz_shiwulizi10","attachment":"qfyz_shiwulizi","blend":"additive"},{"name":"qfyz_shiwulizi2","bone":"qfyz_shiwulizi2","attachment":"qfyz_shiwulizi","blend":"additive"},{"name":"qfyz_shiwulizi3","bone":"qfyz_shiwulizi3","attachment":"qfyz_shiwulizi","blend":"additive"},{"name":"qfyz_shiwulizi4","bone":"qfyz_shiwulizi4","attachment":"qfyz_shiwulizi","blend":"additive"},{"name":"qfyz_shiwulizi7","bone":"qfyz_shiwulizi7","attachment":"qfyz_shiwulizi","blend":"additive"},{"name":"qfyz_shiwulizi5","bone":"qfyz_shiwulizi5","attachment":"qfyz_shiwulizi","blend":"additive"},{"name":"qfyz_shiwulizi9","bone":"qfyz_shiwulizi9","attachment":"qfyz_shiwulizi","blend":"additive"},{"name":"qfyz_shiwulizi6","bone":"qfyz_shiwulizi6","attachment":"qfyz_shiwulizi","blend":"additive"},{"name":"qfyz_shiwulizi8","bone":"qfyz_shiwulizi8","attachment":"qfyz_shiwulizi","blend":"additive"},{"name":"qfyz_shiwueffect","bone":"qfyz_shiwueffect","blend":"additive"},{"name":"sdhd_wp_kuosan2","bone":"sdhd_wp_kuosan2","blend":"additive"},{"name":"sdhd_wp_kuosan1","bone":"sdhd_wp_kuosan1","blend":"additive"}],"skins":{"default":{"qfyz_shiwueffect":{"qfyz_shiwueffect0":{"width":152,"height":153},"qfyz_shiwueffect1":{"width":152,"height":153},"qfyz_shiwueffect2":{"width":152,"height":153},"qfyz_shiwueffect3":{"width":152,"height":153},"qfyz_shiwueffect4":{"width":152,"height":153},"qfyz_shiwueffect5":{"width":152,"height":153},"qfyz_shiwueffect6":{"width":152,"height":153},"qfyz_shiwueffect7":{"width":152,"height":153},"qfyz_shiwueffect8":{"width":152,"height":153},"qfyz_shiwueffect9":{"width":152,"height":153},"qfyz_shiwueffect10":{"width":152,"height":153},"qfyz_shiwueffect11":{"width":152,"height":153},"qfyz_shiwueffect12":{"width":152,"height":153},"qfyz_shiwueffect13":{"width":152,"height":153},"qfyz_shiwueffect14":{"width":152,"height":153},"qfyz_shiwueffect15":{"width":152,"height":153},"qfyz_shiwueffect16":{"width":152,"height":153},"qfyz_shiwueffect17":{"width":152,"height":153},"qfyz_shiwueffect18":{"width":152,"height":153},"qfyz_shiwueffect19":{"width":152,"height":153}},"qfyz_shiwulizi":{"qfyz_shiwulizi":{"width":9,"height":9}},"qfyz_shiwulizi10":{"qfyz_shiwulizi":{"width":9,"height":9}},"qfyz_shiwulizi2":{"qfyz_shiwulizi":{"width":9,"height":9}},"qfyz_shiwulizi3":{"qfyz_shiwulizi":{"width":9,"height":9}},"qfyz_shiwulizi4":{"qfyz_shiwulizi":{"width":9,"height":9}},"qfyz_shiwulizi5":{"qfyz_shiwulizi":{"width":9,"height":9}},"qfyz_shiwulizi6":{"qfyz_shiwulizi":{"width":9,"height":9}},"qfyz_shiwulizi7":{"qfyz_shiwulizi":{"width":9,"height":9}},"qfyz_shiwulizi8":{"qfyz_shiwulizi":{"width":9,"height":9}},"qfyz_shiwulizi9":{"qfyz_shiwulizi":{"width":9,"height":9}},"qfyz_shiwunumber":{"qfyz_shiwunumber":{"scaleX":0.25,"scaleY":0.25,"width":99,"height":73}},"sdhd_liwuhe":{"sdhd_liwuhe":{"width":213,"height":237}},"sdhd_wp_kuosan1":{"sdhd_wp_kuosan1":{"width":162,"height":160}},"sdhd_wp_kuosan2":{"sdhd_wp_kuosan2":{"width":70,"height":70}}}},"animations":{"end":{"slots":{"qfyz_shiwueffect":{"color":[{"time":0,"color":"fffffffe","curve":"stepped"},{"time":0.4333,"color":"fffffffe"},{"time":0.7,"color":"ffffff00","curve":"stepped"},{"time":1,"color":"ffffff00"}],"attachment":[{"time":0,"name":null},{"time":0.0333,"name":"qfyz_shiwueffect0"},{"time":0.0667,"name":"qfyz_shiwueffect1"},{"time":0.1,"name":"qfyz_shiwueffect2"},{"time":0.1333,"name":"qfyz_shiwueffect3"},{"time":0.1667,"name":"qfyz_shiwueffect4"},{"time":0.2,"name":"qfyz_shiwueffect5"},{"time":0.2333,"name":"qfyz_shiwueffect6"},{"time":0.2667,"name":"qfyz_shiwueffect7"},{"time":0.3,"name":"qfyz_shiwueffect8"},{"time":0.3333,"name":"qfyz_shiwueffect9"},{"time":0.3667,"name":"qfyz_shiwueffect10"},{"time":0.4,"name":"qfyz_shiwueffect11"},{"time":0.4333,"name":"qfyz_shiwueffect12"},{"time":0.4667,"name":"qfyz_shiwueffect13"},{"time":0.5,"name":"qfyz_shiwueffect14"},{"time":0.5333,"name":"qfyz_shiwueffect15"},{"time":0.5667,"name":"qfyz_shiwueffect16"},{"time":0.6,"name":"qfyz_shiwueffect17"},{"time":0.6333,"name":"qfyz_shiwueffect18"},{"time":0.6667,"name":"qfyz_shiwueffect19"},{"time":0.7,"name":null},{"time":1,"name":null}]},"qfyz_shiwulizi":{"color":[{"time":0,"color":"ffffff00","curve":[0.25,0,0.75,1]},{"time":0.2,"color":"fffffffe","curve":[0.25,0,0.75,1]},{"time":0.4,"color":"ffffff80","curve":[0.25,0,0.75,1]},{"time":0.6,"color":"ffffff22","curve":[0.25,0,0.75,1]},{"time":0.8,"color":"ffffffb2","curve":[0.25,0,0.75,1]},{"time":1,"color":"ffffff00"}],"attachment":[{"time":0,"name":"qfyz_shiwulizi"},{"time":1,"name":null}]},"qfyz_shiwulizi2":{"color":[{"time":0,"color":"ffffffb2","curve":[0.25,0,0.75,1]},{"time":0.0667,"color":"ffffff4a","curve":[0.25,0,0.75,1]},{"time":0.1333,"color":"ffffff00","curve":[0.25,0,0.75,1]},{"time":0.2,"color":"fffffffe","curve":[0.25,0,0.75,1]},{"time":0.2667,"color":"ffffff80","curve":[0.25,0,0.75,1]},{"time":0.3333,"color":"ffffff00","curve":[0.25,0,0.75,1]},{"time":0.4,"color":"fffffffe","curve":[0.25,0,0.75,1]},{"time":0.4667,"color":"ffffff80","curve":[0.25,0,0.75,1]},{"time":0.5333,"color":"ffffff22","curve":[0.25,0,0.75,1]},{"time":0.6,"color":"ffffffb2","curve":[0.25,0,0.75,1]},{"time":0.6667,"color":"ffffff4a","curve":[0.25,0,0.75,1]},{"time":0.7333,"color":"ffffff00","curve":[0.25,0,0.75,1]},{"time":0.8,"color":"fffffffe","curve":[0.25,0,0.75,1]},{"time":0.8667,"color":"ffffff80","curve":[0.25,0,0.75,1]},{"time":0.9333,"color":"ffffff22","curve":[0.25,0,0.75,1]},{"time":1,"color":"ffffffb2"}],"attachment":[{"time":0,"name":"qfyz_shiwulizi"},{"time":1,"name":null}]},"qfyz_shiwulizi3":{"color":[{"time":0,"color":"ffffff00","curve":[0.25,0,0.75,1]},{"time":0.0667,"color":"fffffffe","curve":[0.25,0,0.75,1]},{"time":0.1333,"color":"ffffff80","curve":[0.25,0,0.75,1]},{"time":0.2,"color":"ffffff22","curve":[0.25,0,0.75,1]},{"time":0.2667,"color":"ffffffb2","curve":[0.25,0,0.75,1]},{"time":0.3333,"color":"ffffff4a","curve":[0.25,0,0.75,1]},{"time":0.4,"color":"ffffff00","curve":[0.25,0,0.75,1]},{"time":0.4667,"color":"fffffffe","curve":[0.25,0,0.75,1]},{"time":0.5333,"color":"ffffff80","curve":[0.25,0,0.75,1]},{"time":0.6,"color":"ffffff22","curve":[0.25,0,0.75,1]},{"time":0.6667,"color":"ffffffb2","curve":[0.25,0,0.75,1]},{"time":0.7333,"color":"ffffff4a","curve":[0.25,0,0.75,1]},{"time":0.8,"color":"ffffff00","curve":[0.25,0,0.75,1]},{"time":0.8667,"color":"fffffffe","curve":[0.25,0,0.75,1]},{"time":0.9333,"color":"ffffff80","curve":[0.25,0,0.75,1]},{"time":1,"color":"ffffff00"}],"attachment":[{"time":0,"name":"qfyz_shiwulizi"},{"time":1,"name":null}]},"qfyz_shiwulizi4":{"color":[{"time":0,"color":"fffffffe","curve":[0.25,0,0.75,1]},{"time":0.1667,"color":"ffffff80","curve":[0.25,0,0.75,1]},{"time":0.3333,"color":"ffffff22","curve":[0.25,0,0.75,1]},{"time":0.5,"color":"ffffffb2","curve":[0.25,0,0.75,1]},{"time":0.6667,"color":"ffffff80","curve":[0.25,0,0.75,1]},{"time":0.8333,"color":"ffffff22","curve":[0.25,0,0.75,1]},{"time":1,"color":"fffffffe"}],"attachment":[{"time":0,"name":"qfyz_shiwulizi"},{"time":1,"name":null}]},"qfyz_shiwulizi5":{"color":[{"time":0,"color":"fffffffe","curve":[0.25,0,0.75,1]},{"time":0.3333,"color":"ffffff80","curve":[0.25,0,0.75,1]},{"time":1,"color":"fffffffe"}],"attachment":[{"time":0,"name":"qfyz_shiwulizi"},{"time":1,"name":null}]},"qfyz_shiwulizi6":{"color":[{"time":0,"color":"ffffff4a","curve":[0.25,0,0.75,1]},{"time":0.2667,"color":"ffffff00","curve":[0.25,0,0.75,1]},{"time":0.5,"color":"fffffffe","curve":[0.25,0,0.75,1]},{"time":0.7667,"color":"ffffffb2","curve":[0.25,0,0.75,1]},{"time":1,"color":"ffffff4a"}],"attachment":[{"time":0,"name":"qfyz_shiwulizi"},{"time":1,"name":null}]},"qfyz_shiwulizi7":{"color":[{"time":0,"color":"fffffffe","curve":[0.25,0,0.75,1]},{"time":0.1667,"color":"ffffff80","curve":[0.25,0,0.75,1]},{"time":0.3333,"color":"ffffff22","curve":[0.25,0,0.75,1]},{"time":0.5,"color":"ffffffb2","curve":[0.25,0,0.75,1]},{"time":0.6667,"color":"ffffff80","curve":[0.25,0,0.75,1]},{"time":0.8333,"color":"ffffff22","curve":[0.25,0,0.75,1]},{"time":1,"color":"fffffffe"}],"attachment":[{"time":0,"name":"qfyz_shiwulizi"},{"time":1,"name":null}]},"qfyz_shiwulizi8":{"color":[{"time":0,"color":"ffffff4a","curve":[0.25,0,0.75,1]},{"time":0.2667,"color":"ffffff00","curve":[0.25,0,0.75,1]},{"time":0.5,"color":"fffffffe","curve":[0.25,0,0.75,1]},{"time":0.7667,"color":"ffffffb2","curve":[0.25,0,0.75,1]},{"time":1,"color":"ffffff4a"}],"attachment":[{"time":0,"name":"qfyz_shiwulizi"},{"time":1,"name":null}]},"qfyz_shiwulizi9":{"color":[{"time":0,"color":"fffffffe","curve":[0.25,0,0.75,1]},{"time":0.3333,"color":"ffffff80","curve":[0.25,0,0.75,1]},{"time":1,"color":"fffffffe"}],"attachment":[{"time":0,"name":"qfyz_shiwulizi"},{"time":1,"name":null}]},"qfyz_shiwulizi10":{"color":[{"time":0,"color":"ffffff00","curve":[0.25,0,0.75,1]},{"time":0.2,"color":"fffffffe","curve":[0.25,0,0.75,1]},{"time":0.4,"color":"ffffff80","curve":[0.25,0,0.75,1]},{"time":0.6,"color":"ffffff22","curve":[0.25,0,0.75,1]},{"time":0.8,"color":"ffffffb2","curve":[0.25,0,0.75,1]},{"time":1,"color":"ffffff00"}],"attachment":[{"time":0,"name":"qfyz_shiwulizi"},{"time":1,"name":null}]},"qfyz_shiwunumber":{"color":[{"time":0,"color":"ffffff00","curve":[0.269,0,0.618,0.42]},{"time":0.2,"color":"fffffffe","curve":"stepped"},{"time":0.4667,"color":"fffffffe","curve":[0.345,0.37,0.757,1]},{"time":1,"color":"ffffff00"}],"attachment":[{"time":0,"name":"qfyz_shiwunumber"},{"time":1,"name":null}]},"sdhd_liwuhe":{"color":[{"time":0,"color":"fffffffe","curve":"stepped"},{"time":1,"color":"fffffffe"}],"attachment":[{"time":0,"name":null},{"time":1,"name":null}]},"sdhd_wp_kuosan1":{"color":[{"time":0,"color":"ffffff00","curve":"stepped"},{"time":1,"color":"ffffff00"}],"attachment":[{"time":0,"name":null},{"time":1,"name":null}]},"sdhd_wp_kuosan2":{"color":[{"time":0,"color":"ffffff00","curve":"stepped"},{"time":1,"color":"ffffff00"}],"attachment":[{"time":0,"name":null},{"time":1,"name":null}]}},"bones":{"sdhd_liwuhe":{"rotate":[{"time":0,"angle":-0.3,"curve":"stepped"},{"time":1,"angle":-0.3}],"translate":[{"time":0,"x":0,"y":0,"curve":"stepped"},{"time":1,"x":0,"y":0}],"scale":[{"time":0,"x":1,"y":1,"curve":"stepped"},{"time":1,"x":1,"y":1}]},"scale":{"rotate":[{"time":0,"angle":0,"curve":"stepped"},{"time":1,"angle":0}],"translate":[{"time":0,"x":0,"y":0,"curve":"stepped"},{"time":1,"x":0,"y":0}],"scale":[{"time":0,"x":1,"y":1,"curve":"stepped"},{"time":1,"x":1,"y":1}]},"qfyz_shiwunumber":{"translate":[{"time":0,"x":0,"y":65,"curve":[0.16,0.59,0.459,0.99]},{"time":1,"x":0,"y":165}]},"qfyz_shiwulizi":{"rotate":[{"time":0,"angle":0,"curve":"stepped"},{"time":1,"angle":0}],"translate":[{"time":0,"x":0,"y":0,"curve":"stepped"},{"time":1,"x":0,"y":0}],"scale":[{"time":0,"x":1,"y":1,"curve":"stepped"},{"time":1,"x":1,"y":1}]},"qfyz_shiwulizi2":{"rotate":[{"time":0,"angle":0,"curve":"stepped"},{"time":1,"angle":0}],"translate":[{"time":0,"x":0,"y":0,"curve":"stepped"},{"time":1,"x":0,"y":0}],"scale":[{"time":0,"x":1,"y":1,"curve":"stepped"},{"time":1,"x":1,"y":1}]},"qfyz_shiwulizi3":{"rotate":[{"time":0,"angle":0,"curve":"stepped"},{"time":1,"angle":0}],"translate":[{"time":0,"x":0,"y":0,"curve":"stepped"},{"time":1,"x":0,"y":0}],"scale":[{"time":0,"x":1,"y":1,"curve":"stepped"},{"time":1,"x":1,"y":1}]},"qfyz_shiwulizi4":{"rotate":[{"time":0,"angle":0,"curve":"stepped"},{"time":1,"angle":0}],"translate":[{"time":0,"x":0,"y":0,"curve":"stepped"},{"time":1,"x":0,"y":0}],"scale":[{"time":0,"x":1,"y":1,"curve":"stepped"},{"time":1,"x":1,"y":1}]},"qfyz_shiwulizi5":{"rotate":[{"time":0,"angle":0,"curve":"stepped"},{"time":1,"angle":0}],"translate":[{"time":0,"x":0,"y":0,"curve":"stepped"},{"time":1,"x":0,"y":0}],"scale":[{"time":0,"x":1,"y":1,"curve":"stepped"},{"time":1,"x":1,"y":1}]},"qfyz_shiwulizi6":{"rotate":[{"time":0,"angle":0,"curve":"stepped"},{"time":1,"angle":0}],"translate":[{"time":0,"x":0,"y":0,"curve":"stepped"},{"time":1,"x":0,"y":0}],"scale":[{"time":0,"x":1,"y":1,"curve":"stepped"},{"time":1,"x":1,"y":1}]},"qfyz_shiwulizi7":{"rotate":[{"time":0,"angle":0,"curve":"stepped"},{"time":1,"angle":0}],"translate":[{"time":0,"x":0,"y":0,"curve":"stepped"},{"time":1,"x":0,"y":0}],"scale":[{"time":0,"x":1,"y":1,"curve":"stepped"},{"time":1,"x":1,"y":1}]},"qfyz_shiwulizi8":{"rotate":[{"time":0,"angle":0,"curve":"stepped"},{"time":1,"angle":0}],"translate":[{"time":0,"x":0,"y":0,"curve":"stepped"},{"time":1,"x":0,"y":0}],"scale":[{"time":0,"x":1,"y":1,"curve":"stepped"},{"time":1,"x":1,"y":1}]},"qfyz_shiwulizi9":{"rotate":[{"time":0,"angle":0,"curve":"stepped"},{"time":1,"angle":0}],"translate":[{"time":0,"x":0,"y":0,"curve":"stepped"},{"time":1,"x":0,"y":0}],"scale":[{"time":0,"x":1,"y":1,"curve":"stepped"},{"time":1,"x":1,"y":1}]},"qfyz_shiwulizi10":{"rotate":[{"time":0,"angle":0,"curve":"stepped"},{"time":1,"angle":0}],"translate":[{"time":0,"x":0,"y":0,"curve":"stepped"},{"time":1,"x":0,"y":0}],"scale":[{"time":0,"x":1,"y":1,"curve":"stepped"},{"time":1,"x":1,"y":1}]},"qfyz_shiwueffect":{"rotate":[{"time":0,"angle":0,"curve":"stepped"},{"time":1,"angle":0}],"translate":[{"time":0,"x":0,"y":0,"curve":"stepped"},{"time":1,"x":0,"y":0}],"scale":[{"time":0,"x":1,"y":1,"curve":"stepped"},{"time":1,"x":1,"y":1}]},"hip":{"rotate":[{"time":0,"angle":0,"curve":"stepped"},{"time":1,"angle":0}],"translate":[{"time":0,"x":0,"y":0,"curve":"stepped"},{"time":1,"x":0,"y":0}],"scale":[{"time":0,"x":1,"y":1,"curve":"stepped"},{"time":1,"x":1,"y":1}]},"root":{"rotate":[{"time":0,"angle":0,"curve":"stepped"},{"time":1,"angle":0}],"translate":[{"time":0,"x":0,"y":0,"curve":"stepped"},{"time":1,"x":0,"y":0}],"scale":[{"time":0,"x":1,"y":1,"curve":"stepped"},{"time":1,"x":1,"y":1}]},"sdhd_wp_kuosan1":{"rotate":[{"time":0,"angle":0,"curve":"stepped"},{"time":1,"angle":0}],"translate":[{"time":0,"x":0,"y":0,"curve":"stepped"},{"time":1,"x":0,"y":0}],"scale":[{"time":0,"x":3,"y":3,"curve":"stepped"},{"time":1,"x":3,"y":3}]},"sdhd_wp_kuosan2":{"rotate":[{"time":0,"angle":0,"curve":"stepped"},{"time":1,"angle":0}],"translate":[{"time":0,"x":0,"y":0,"curve":"stepped"},{"time":1,"x":0,"y":0}],"scale":[{"time":0,"x":6,"y":6,"curve":"stepped"},{"time":1,"x":6,"y":6}]}}},"idle":{"slots":{"qfyz_shiwueffect":{"color":[{"time":0,"color":"ffffff00","curve":"stepped"},{"time":1,"color":"ffffff00"}],"attachment":[{"time":0,"name":null},{"time":1,"name":null}]},"qfyz_shiwulizi":{"color":[{"time":0,"color":"ffffff00","curve":[0.25,0,0.75,1]},{"time":0.2,"color":"fffffffe","curve":[0.25,0,0.75,1]},{"time":0.4,"color":"ffffff80","curve":[0.25,0,0.75,1]},{"time":0.6,"color":"ffffff22","curve":[0.25,0,0.75,1]},{"time":0.8,"color":"ffffffb2","curve":[0.25,0,0.75,1]},{"time":1,"color":"ffffff00"}],"attachment":[{"time":0,"name":"qfyz_shiwulizi"},{"time":1,"name":"qfyz_shiwulizi"}]},"qfyz_shiwulizi2":{"color":[{"time":0,"color":"ffffffb2","curve":[0.25,0,0.75,1]},{"time":0.0667,"color":"ffffff4a","curve":[0.25,0,0.75,1]},{"time":0.1333,"color":"ffffff00","curve":[0.25,0,0.75,1]},{"time":0.2,"color":"fffffffe","curve":[0.25,0,0.75,1]},{"time":0.2667,"color":"ffffff80","curve":[0.25,0,0.75,1]},{"time":0.3333,"color":"ffffff00","curve":[0.25,0,0.75,1]},{"time":0.4,"color":"fffffffe","curve":[0.25,0,0.75,1]},{"time":0.4667,"color":"ffffff80","curve":[0.25,0,0.75,1]},{"time":0.5333,"color":"ffffff22","curve":[0.25,0,0.75,1]},{"time":0.6,"color":"ffffffb2","curve":[0.25,0,0.75,1]},{"time":0.6667,"color":"ffffff4a","curve":[0.25,0,0.75,1]},{"time":0.7333,"color":"ffffff00","curve":[0.25,0,0.75,1]},{"time":0.8,"color":"fffffffe","curve":[0.25,0,0.75,1]},{"time":0.8667,"color":"ffffff80","curve":[0.25,0,0.75,1]},{"time":0.9333,"color":"ffffff22","curve":[0.25,0,0.75,1]},{"time":1,"color":"ffffffb2"}],"attachment":[{"time":0,"name":"qfyz_shiwulizi"},{"time":1,"name":"qfyz_shiwulizi"}]},"qfyz_shiwulizi3":{"color":[{"time":0,"color":"ffffff00","curve":[0.25,0,0.75,1]},{"time":0.0667,"color":"fffffffe","curve":[0.25,0,0.75,1]},{"time":0.1333,"color":"ffffff80","curve":[0.25,0,0.75,1]},{"time":0.2,"color":"ffffff22","curve":[0.25,0,0.75,1]},{"time":0.2667,"color":"ffffffb2","curve":[0.25,0,0.75,1]},{"time":0.3333,"color":"ffffff4a","curve":[0.25,0,0.75,1]},{"time":0.4,"color":"ffffff00","curve":[0.25,0,0.75,1]},{"time":0.4667,"color":"fffffffe","curve":[0.25,0,0.75,1]},{"time":0.5333,"color":"ffffff80","curve":[0.25,0,0.75,1]},{"time":0.6,"color":"ffffff22","curve":[0.25,0,0.75,1]},{"time":0.6667,"color":"ffffffb2","curve":[0.25,0,0.75,1]},{"time":0.7333,"color":"ffffff4a","curve":[0.25,0,0.75,1]},{"time":0.8,"color":"ffffff00","curve":[0.25,0,0.75,1]},{"time":0.8667,"color":"fffffffe","curve":[0.25,0,0.75,1]},{"time":0.9333,"color":"ffffff80","curve":[0.25,0,0.75,1]},{"time":1,"color":"ffffff00"}],"attachment":[{"time":0,"name":"qfyz_shiwulizi"},{"time":1,"name":"qfyz_shiwulizi"}]},"qfyz_shiwulizi4":{"color":[{"time":0,"color":"fffffffe","curve":[0.25,0,0.75,1]},{"time":0.1667,"color":"ffffff80","curve":[0.25,0,0.75,1]},{"time":0.3333,"color":"ffffff22","curve":[0.25,0,0.75,1]},{"time":0.5,"color":"ffffffb2","curve":[0.25,0,0.75,1]},{"time":0.6667,"color":"ffffff80","curve":[0.25,0,0.75,1]},{"time":0.8333,"color":"ffffff22","curve":[0.25,0,0.75,1]},{"time":1,"color":"fffffffe"}],"attachment":[{"time":0,"name":"qfyz_shiwulizi"},{"time":1,"name":"qfyz_shiwulizi"}]},"qfyz_shiwulizi5":{"color":[{"time":0,"color":"fffffffe","curve":[0.25,0,0.75,1]},{"time":0.3333,"color":"ffffff80","curve":[0.25,0,0.75,1]},{"time":1,"color":"fffffffe"}],"attachment":[{"time":0,"name":"qfyz_shiwulizi"},{"time":1,"name":"qfyz_shiwulizi"}]},"qfyz_shiwulizi6":{"color":[{"time":0,"color":"ffffff4a","curve":[0.25,0,0.75,1]},{"time":0.2667,"color":"ffffff00","curve":[0.25,0,0.75,1]},{"time":0.5,"color":"fffffffe","curve":[0.25,0,0.75,1]},{"time":0.7667,"color":"ffffffb2","curve":[0.25,0,0.75,1]},{"time":1,"color":"ffffff4a"}],"attachment":[{"time":0,"name":"qfyz_shiwulizi"},{"time":1,"name":"qfyz_shiwulizi"}]},"qfyz_shiwulizi7":{"color":[{"time":0,"color":"fffffffe","curve":[0.25,0,0.75,1]},{"time":0.1667,"color":"ffffff80","curve":[0.25,0,0.75,1]},{"time":0.3333,"color":"ffffff22","curve":[0.25,0,0.75,1]},{"time":0.5,"color":"ffffffb2","curve":[0.25,0,0.75,1]},{"time":0.6667,"color":"ffffff80","curve":[0.25,0,0.75,1]},{"time":0.8333,"color":"ffffff22","curve":[0.25,0,0.75,1]},{"time":1,"color":"fffffffe"}],"attachment":[{"time":0,"name":"qfyz_shiwulizi"},{"time":1,"name":"qfyz_shiwulizi"}]},"qfyz_shiwulizi8":{"color":[{"time":0,"color":"ffffff4a","curve":[0.25,0,0.75,1]},{"time":0.2667,"color":"ffffff00","curve":[0.25,0,0.75,1]},{"time":0.5,"color":"fffffffe","curve":[0.25,0,0.75,1]},{"time":0.7667,"color":"ffffffb2","curve":[0.25,0,0.75,1]},{"time":1,"color":"ffffff4a"}],"attachment":[{"time":0,"name":"qfyz_shiwulizi"},{"time":1,"name":"qfyz_shiwulizi"}]},"qfyz_shiwulizi9":{"color":[{"time":0,"color":"fffffffe","curve":[0.25,0,0.75,1]},{"time":0.3333,"color":"ffffff80","curve":[0.25,0,0.75,1]},{"time":1,"color":"fffffffe"}],"attachment":[{"time":0,"name":"qfyz_shiwulizi"},{"time":1,"name":"qfyz_shiwulizi"}]},"qfyz_shiwulizi10":{"color":[{"time":0,"color":"ffffff00","curve":[0.25,0,0.75,1]},{"time":0.2,"color":"fffffffe","curve":[0.25,0,0.75,1]},{"time":0.4,"color":"ffffff80","curve":[0.25,0,0.75,1]},{"time":0.6,"color":"ffffff22","curve":[0.25,0,0.75,1]},{"time":0.8,"color":"ffffffb2","curve":[0.25,0,0.75,1]},{"time":1,"color":"ffffff00"}],"attachment":[{"time":0,"name":"qfyz_shiwulizi"},{"time":1,"name":"qfyz_shiwulizi"}]},"qfyz_shiwunumber":{"color":[{"time":0,"color":"ffffff00","curve":"stepped"},{"time":1,"color":"ffffff00"}],"attachment":[{"time":0,"name":null},{"time":1,"name":null}]},"sdhd_liwuhe":{"color":[{"time":0,"color":"fffffffe","curve":"stepped"},{"time":1,"color":"fffffffe"}],"attachment":[{"time":0,"name":"sdhd_liwuhe"},{"time":1,"name":"sdhd_liwuhe"}]},"sdhd_wp_kuosan1":{"color":[{"time":0,"color":"ffffff00","curve":"stepped"},{"time":1,"color":"ffffff00"}],"attachment":[{"time":0,"name":null},{"time":1,"name":null}]},"sdhd_wp_kuosan2":{"color":[{"time":0,"color":"ffffff00","curve":"stepped"},{"time":1,"color":"ffffff00"}],"attachment":[{"time":0,"name":null},{"time":1,"name":null}]}},"bones":{"scale":{"rotate":[{"time":0,"angle":0,"curve":"stepped"},{"time":1,"angle":0}],"translate":[{"time":0,"x":0,"y":0,"curve":"stepped"},{"time":1,"x":0,"y":0}],"scale":[{"time":0,"x":1,"y":1,"curve":"stepped"},{"time":1,"x":1,"y":1}]},"qfyz_shiwulizi4":{"rotate":[{"time":0,"angle":0,"curve":"stepped"},{"time":1,"angle":0}],"translate":[{"time":0,"x":0,"y":0,"curve":"stepped"},{"time":1,"x":0,"y":0}],"scale":[{"time":0,"x":1,"y":1,"curve":"stepped"},{"time":1,"x":1,"y":1}]},"qfyz_shiwulizi7":{"rotate":[{"time":0,"angle":0,"curve":"stepped"},{"time":1,"angle":0}],"translate":[{"time":0,"x":0,"y":0,"curve":"stepped"},{"time":1,"x":0,"y":0}],"scale":[{"time":0,"x":1,"y":1,"curve":"stepped"},{"time":1,"x":1,"y":1}]},"qfyz_shiwulizi10":{"rotate":[{"time":0,"angle":0,"curve":"stepped"},{"time":1,"angle":0}],"translate":[{"time":0,"x":0,"y":0,"curve":"stepped"},{"time":1,"x":0,"y":0}],"scale":[{"time":0,"x":1,"y":1,"curve":"stepped"},{"time":1,"x":1,"y":1}]},"qfyz_shiwulizi":{"rotate":[{"time":0,"angle":0,"curve":"stepped"},{"time":1,"angle":0}],"translate":[{"time":0,"x":0,"y":0,"curve":"stepped"},{"time":1,"x":0,"y":0}],"scale":[{"time":0,"x":1,"y":1,"curve":"stepped"},{"time":1,"x":1,"y":1}]},"qfyz_shiwulizi6":{"rotate":[{"time":0,"angle":0,"curve":"stepped"},{"time":1,"angle":0}],"translate":[{"time":0,"x":0,"y":0,"curve":"stepped"},{"time":1,"x":0,"y":0}],"scale":[{"time":0,"x":1,"y":1,"curve":"stepped"},{"time":1,"x":1,"y":1}]},"qfyz_shiwulizi2":{"rotate":[{"time":0,"angle":0,"curve":"stepped"},{"time":1,"angle":0}],"translate":[{"time":0,"x":0,"y":0,"curve":"stepped"},{"time":1,"x":0,"y":0}],"scale":[{"time":0,"x":1,"y":1,"curve":"stepped"},{"time":1,"x":1,"y":1}]},"sdhd_wp_kuosan2":{"rotate":[{"time":0,"angle":0,"curve":"stepped"},{"time":1,"angle":0}],"translate":[{"time":0,"x":0,"y":0,"curve":"stepped"},{"time":1,"x":0,"y":0}],"scale":[{"time":0,"x":6,"y":6,"curve":"stepped"},{"time":1,"x":6,"y":6}]},"hip":{"rotate":[{"time":0,"angle":0,"curve":"stepped"},{"time":1,"angle":0}],"translate":[{"time":0,"x":0,"y":0,"curve":"stepped"},{"time":1,"x":0,"y":0}],"scale":[{"time":0,"x":1,"y":1,"curve":"stepped"},{"time":1,"x":1,"y":1}]},"qfyz_shiwulizi3":{"rotate":[{"time":0,"angle":0,"curve":"stepped"},{"time":1,"angle":0}],"translate":[{"time":0,"x":0,"y":0,"curve":"stepped"},{"time":1,"x":0,"y":0}],"scale":[{"time":0,"x":1,"y":1,"curve":"stepped"},{"time":1,"x":1,"y":1}]},"qfyz_shiwulizi8":{"rotate":[{"time":0,"angle":0,"curve":"stepped"},{"time":1,"angle":0}],"translate":[{"time":0,"x":0,"y":0,"curve":"stepped"},{"time":1,"x":0,"y":0}],"scale":[{"time":0,"x":1,"y":1,"curve":"stepped"},{"time":1,"x":1,"y":1}]},"qfyz_shiwulizi5":{"rotate":[{"time":0,"angle":0,"curve":"stepped"},{"time":1,"angle":0}],"translate":[{"time":0,"x":0,"y":0,"curve":"stepped"},{"time":1,"x":0,"y":0}],"scale":[{"time":0,"x":1,"y":1,"curve":"stepped"},{"time":1,"x":1,"y":1}]},"sdhd_wp_kuosan1":{"rotate":[{"time":0,"angle":0,"curve":"stepped"},{"time":1,"angle":0}],"translate":[{"time":0,"x":0,"y":0,"curve":"stepped"},{"time":1,"x":0,"y":0}],"scale":[{"time":0,"x":3,"y":3,"curve":"stepped"},{"time":1,"x":3,"y":3}]},"qfyz_shiwulizi9":{"rotate":[{"time":0,"angle":0,"curve":"stepped"},{"time":1,"angle":0}],"translate":[{"time":0,"x":0,"y":0,"curve":"stepped"},{"time":1,"x":0,"y":0}],"scale":[{"time":0,"x":1,"y":1,"curve":"stepped"},{"time":1,"x":1,"y":1}]},"sdhd_liwuhe":{"rotate":[{"time":0,"angle":-0.3,"curve":"stepped"},{"time":1,"angle":-0.3}],"translate":[{"time":0,"x":0,"y":0,"curve":"stepped"},{"time":1,"x":0,"y":0}],"scale":[{"time":0,"x":1,"y":1,"curve":"stepped"},{"time":1,"x":1,"y":1}]},"qfyz_shiwueffect":{"rotate":[{"time":0,"angle":0,"curve":"stepped"},{"time":1,"angle":0}],"translate":[{"time":0,"x":0,"y":0,"curve":"stepped"},{"time":1,"x":0,"y":0}],"scale":[{"time":0,"x":1,"y":1,"curve":"stepped"},{"time":1,"x":1,"y":1}]},"qfyz_shiwunumber":{"translate":[{"time":0,"x":0,"y":0,"curve":"stepped"},{"time":1,"x":0,"y":0}]},"root":{"rotate":[{"time":0,"angle":0,"curve":"stepped"},{"time":1,"angle":0}],"translate":[{"time":0,"x":0,"y":0,"curve":"stepped"},{"time":1,"x":0,"y":0}],"scale":[{"time":0,"x":1,"y":1,"curve":"stepped"},{"time":1,"x":1,"y":1}]}}},"start":{"slots":{"qfyz_shiwueffect":{"color":[{"time":0,"color":"fffffffe","curve":"stepped"},{"time":0.4333,"color":"fffffffe"},{"time":0.7,"color":"ffffff00","curve":"stepped"},{"time":1,"color":"ffffff00"}],"attachment":[{"time":0,"name":null},{"time":0.0333,"name":"qfyz_shiwueffect0"},{"time":0.0667,"name":"qfyz_shiwueffect1"},{"time":0.1,"name":"qfyz_shiwueffect2"},{"time":0.1333,"name":"qfyz_shiwueffect3"},{"time":0.1667,"name":"qfyz_shiwueffect4"},{"time":0.2,"name":"qfyz_shiwueffect5"},{"time":0.2333,"name":"qfyz_shiwueffect6"},{"time":0.2667,"name":"qfyz_shiwueffect7"},{"time":0.3,"name":"qfyz_shiwueffect8"},{"time":0.3333,"name":"qfyz_shiwueffect9"},{"time":0.3667,"name":"qfyz_shiwueffect10"},{"time":0.4,"name":"qfyz_shiwueffect11"},{"time":0.4333,"name":"qfyz_shiwueffect12"},{"time":0.4667,"name":"qfyz_shiwueffect13"},{"time":0.5,"name":"qfyz_shiwueffect14"},{"time":0.5333,"name":"qfyz_shiwueffect15"},{"time":0.5667,"name":"qfyz_shiwueffect16"},{"time":0.6,"name":"qfyz_shiwueffect17"},{"time":0.6333,"name":"qfyz_shiwueffect18"},{"time":0.6667,"name":"qfyz_shiwueffect19"},{"time":0.7,"name":null},{"time":1,"name":null}]},"qfyz_shiwulizi":{"color":[{"time":0,"color":"ffffff00","curve":[0.25,0,0.75,1]},{"time":0.2,"color":"fffffffe","curve":[0.25,0,0.75,1]},{"time":0.4,"color":"ffffff80","curve":[0.25,0,0.75,1]},{"time":0.6,"color":"ffffff22","curve":[0.25,0,0.75,1]},{"time":0.8,"color":"ffffffb2","curve":[0.25,0,0.75,1]},{"time":1,"color":"ffffff00"}],"attachment":[{"time":0,"name":"qfyz_shiwulizi"},{"time":1,"name":null}]},"qfyz_shiwulizi2":{"color":[{"time":0,"color":"ffffffb2","curve":[0.25,0,0.75,1]},{"time":0.0667,"color":"ffffff4a","curve":[0.25,0,0.75,1]},{"time":0.1333,"color":"ffffff00","curve":[0.25,0,0.75,1]},{"time":0.2,"color":"fffffffe","curve":[0.25,0,0.75,1]},{"time":0.2667,"color":"ffffff80","curve":[0.25,0,0.75,1]},{"time":0.3333,"color":"ffffff00","curve":[0.25,0,0.75,1]},{"time":0.4,"color":"fffffffe","curve":[0.25,0,0.75,1]},{"time":0.4667,"color":"ffffff80","curve":[0.25,0,0.75,1]},{"time":0.5333,"color":"ffffff22","curve":[0.25,0,0.75,1]},{"time":0.6,"color":"ffffffb2","curve":[0.25,0,0.75,1]},{"time":0.6667,"color":"ffffff4a","curve":[0.25,0,0.75,1]},{"time":0.7333,"color":"ffffff00","curve":[0.25,0,0.75,1]},{"time":0.8,"color":"fffffffe","curve":[0.25,0,0.75,1]},{"time":0.8667,"color":"ffffff80","curve":[0.25,0,0.75,1]},{"time":0.9333,"color":"ffffff22","curve":[0.25,0,0.75,1]},{"time":1,"color":"ffffffb2"}],"attachment":[{"time":0,"name":"qfyz_shiwulizi"},{"time":1,"name":null}]},"qfyz_shiwulizi3":{"color":[{"time":0,"color":"ffffff00","curve":[0.25,0,0.75,1]},{"time":0.0667,"color":"fffffffe","curve":[0.25,0,0.75,1]},{"time":0.1333,"color":"ffffff80","curve":[0.25,0,0.75,1]},{"time":0.2,"color":"ffffff22","curve":[0.25,0,0.75,1]},{"time":0.2667,"color":"ffffffb2","curve":[0.25,0,0.75,1]},{"time":0.3333,"color":"ffffff4a","curve":[0.25,0,0.75,1]},{"time":0.4,"color":"ffffff00","curve":[0.25,0,0.75,1]},{"time":0.4667,"color":"fffffffe","curve":[0.25,0,0.75,1]},{"time":0.5333,"color":"ffffff80","curve":[0.25,0,0.75,1]},{"time":0.6,"color":"ffffff22","curve":[0.25,0,0.75,1]},{"time":0.6667,"color":"ffffffb2","curve":[0.25,0,0.75,1]},{"time":0.7333,"color":"ffffff4a","curve":[0.25,0,0.75,1]},{"time":0.8,"color":"ffffff00","curve":[0.25,0,0.75,1]},{"time":0.8667,"color":"fffffffe","curve":[0.25,0,0.75,1]},{"time":0.9333,"color":"ffffff80","curve":[0.25,0,0.75,1]},{"time":1,"color":"ffffff00"}],"attachment":[{"time":0,"name":"qfyz_shiwulizi"},{"time":1,"name":null}]},"qfyz_shiwulizi4":{"color":[{"time":0,"color":"fffffffe","curve":[0.25,0,0.75,1]},{"time":0.1667,"color":"ffffff80","curve":[0.25,0,0.75,1]},{"time":0.3333,"color":"ffffff22","curve":[0.25,0,0.75,1]},{"time":0.5,"color":"ffffffb2","curve":[0.25,0,0.75,1]},{"time":0.6667,"color":"ffffff80","curve":[0.25,0,0.75,1]},{"time":0.8333,"color":"ffffff22","curve":[0.25,0,0.75,1]},{"time":1,"color":"fffffffe"}],"attachment":[{"time":0,"name":"qfyz_shiwulizi"},{"time":1,"name":null}]},"qfyz_shiwulizi5":{"color":[{"time":0,"color":"fffffffe","curve":[0.25,0,0.75,1]},{"time":0.3333,"color":"ffffff80","curve":[0.25,0,0.75,1]},{"time":1,"color":"fffffffe"}],"attachment":[{"time":0,"name":"qfyz_shiwulizi"},{"time":1,"name":null}]},"qfyz_shiwulizi6":{"color":[{"time":0,"color":"ffffff4a","curve":[0.25,0,0.75,1]},{"time":0.2667,"color":"ffffff00","curve":[0.25,0,0.75,1]},{"time":0.5,"color":"fffffffe","curve":[0.25,0,0.75,1]},{"time":0.7667,"color":"ffffffb2","curve":[0.25,0,0.75,1]},{"time":1,"color":"ffffff4a"}],"attachment":[{"time":0,"name":"qfyz_shiwulizi"},{"time":1,"name":null}]},"qfyz_shiwulizi7":{"color":[{"time":0,"color":"fffffffe","curve":[0.25,0,0.75,1]},{"time":0.1667,"color":"ffffff80","curve":[0.25,0,0.75,1]},{"time":0.3333,"color":"ffffff22","curve":[0.25,0,0.75,1]},{"time":0.5,"color":"ffffffb2","curve":[0.25,0,0.75,1]},{"time":0.6667,"color":"ffffff80","curve":[0.25,0,0.75,1]},{"time":0.8333,"color":"ffffff22","curve":[0.25,0,0.75,1]},{"time":1,"color":"fffffffe"}],"attachment":[{"time":0,"name":"qfyz_shiwulizi"},{"time":1,"name":null}]},"qfyz_shiwulizi8":{"color":[{"time":0,"color":"ffffff4a","curve":[0.25,0,0.75,1]},{"time":0.2667,"color":"ffffff00","curve":[0.25,0,0.75,1]},{"time":0.5,"color":"fffffffe","curve":[0.25,0,0.75,1]},{"time":0.7667,"color":"ffffffb2","curve":[0.25,0,0.75,1]},{"time":1,"color":"ffffff4a"}],"attachment":[{"time":0,"name":"qfyz_shiwulizi"},{"time":1,"name":null}]},"qfyz_shiwulizi9":{"color":[{"time":0,"color":"fffffffe","curve":[0.25,0,0.75,1]},{"time":0.3333,"color":"ffffff80","curve":[0.25,0,0.75,1]},{"time":1,"color":"fffffffe"}],"attachment":[{"time":0,"name":"qfyz_shiwulizi"},{"time":1,"name":null}]},"qfyz_shiwulizi10":{"color":[{"time":0,"color":"ffffff00","curve":[0.25,0,0.75,1]},{"time":0.2,"color":"fffffffe","curve":[0.25,0,0.75,1]},{"time":0.4,"color":"ffffff80","curve":[0.25,0,0.75,1]},{"time":0.6,"color":"ffffff22","curve":[0.25,0,0.75,1]},{"time":0.8,"color":"ffffffb2","curve":[0.25,0,0.75,1]},{"time":1,"color":"ffffff00"}],"attachment":[{"time":0,"name":"qfyz_shiwulizi"},{"time":1,"name":null}]},"qfyz_shiwunumber":{"color":[{"time":0,"color":"ffffff00","curve":"stepped"},{"time":1,"color":"ffffff00"}],"attachment":[{"time":0,"name":null},{"time":1,"name":null}]},"sdhd_liwuhe":{"color":[{"time":0,"color":"ffffff00","curve":[0.313,0,0.648,0.35]},{"time":0.0667,"color":"fffffffe","curve":"stepped"},{"time":1,"color":"fffffffe"}],"attachment":[{"time":0,"name":"sdhd_liwuhe"},{"time":1,"name":"sdhd_liwuhe"}]},"sdhd_wp_kuosan1":{"color":[{"time":0,"color":"ffffff00"},{"time":0.1,"color":"ffffff48"},{"time":0.3,"color":"ffffff00","curve":"stepped"},{"time":1,"color":"ffffff00"}],"attachment":[{"time":0,"name":"sdhd_wp_kuosan1"},{"time":0.3,"name":null},{"time":1,"name":null}]},"sdhd_wp_kuosan2":{"color":[{"time":0,"color":"ffffff00"},{"time":0.1,"color":"ffffff48"},{"time":0.6,"color":"ffffff00","curve":"stepped"},{"time":1,"color":"ffffff00"}],"attachment":[{"time":0,"name":"sdhd_wp_kuosan2"},{"time":0.6,"name":null},{"time":1,"name":null}]}},"bones":{"sdhd_liwuhe":{"rotate":[{"time":0,"angle":-0.3,"curve":[0.686,0,0.316,0.99]},{"time":0.1333,"angle":1.7,"curve":[0.686,0,0.316,0.99]},{"time":0.2667,"angle":-2.3,"curve":[0.686,0,0.316,0.99]},{"time":0.4,"angle":0.7,"curve":[0.686,0,0.316,0.99]},{"time":0.5333,"angle":-1.3,"curve":[0.686,0,0.316,0.99]},{"time":0.6667,"angle":-0.3,"curve":"stepped"},{"time":1,"angle":-0.3}],"translate":[{"time":0,"x":0,"y":0,"curve":"stepped"},{"time":1,"x":0,"y":0}],"scale":[{"time":0,"x":1.1,"y":0.9,"curve":[0.25,0,0.75,1]},{"time":0.1,"x":0.9,"y":1.2,"curve":[0.25,0,0.75,1]},{"time":0.2,"x":1.1,"y":0.95,"curve":[0.25,0,0.75,1]},{"time":0.3,"x":0.95,"y":1.05,"curve":[0.25,0,0.75,1]},{"time":0.4,"x":1,"y":1,"curve":"stepped"},{"time":1,"x":1,"y":1}]},"scale":{"rotate":[{"time":0,"angle":0,"curve":"stepped"},{"time":1,"angle":0}],"translate":[{"time":0,"x":0,"y":0,"curve":"stepped"},{"time":1,"x":0,"y":0}],"scale":[{"time":0,"x":0.5,"y":0.5,"curve":[0.16,0.59,0.459,0.99]},{"time":0.1333,"x":1.1,"y":1.1,"curve":[0.293,0,0.631,0.37]},{"time":0.4,"x":1,"y":1,"curve":"stepped"},{"time":1,"x":1,"y":1}]},"qfyz_shiwunumber":{"translate":[{"time":0,"x":0,"y":65,"curve":"stepped"},{"time":1,"x":0,"y":65}]},"qfyz_shiwulizi":{"rotate":[{"time":0,"angle":0,"curve":"stepped"},{"time":1,"angle":0}],"translate":[{"time":0,"x":0,"y":0,"curve":"stepped"},{"time":1,"x":0,"y":0}],"scale":[{"time":0,"x":1,"y":1,"curve":"stepped"},{"time":1,"x":1,"y":1}]},"qfyz_shiwulizi2":{"rotate":[{"time":0,"angle":0,"curve":"stepped"},{"time":1,"angle":0}],"translate":[{"time":0,"x":0,"y":0,"curve":"stepped"},{"time":1,"x":0,"y":0}],"scale":[{"time":0,"x":1,"y":1,"curve":"stepped"},{"time":1,"x":1,"y":1}]},"qfyz_shiwulizi3":{"rotate":[{"time":0,"angle":0,"curve":"stepped"},{"time":1,"angle":0}],"translate":[{"time":0,"x":0,"y":0,"curve":"stepped"},{"time":1,"x":0,"y":0}],"scale":[{"time":0,"x":1,"y":1,"curve":"stepped"},{"time":1,"x":1,"y":1}]},"qfyz_shiwulizi4":{"rotate":[{"time":0,"angle":0,"curve":"stepped"},{"time":1,"angle":0}],"translate":[{"time":0,"x":0,"y":0,"curve":"stepped"},{"time":1,"x":0,"y":0}],"scale":[{"time":0,"x":1,"y":1,"curve":"stepped"},{"time":1,"x":1,"y":1}]},"qfyz_shiwulizi5":{"rotate":[{"time":0,"angle":0,"curve":"stepped"},{"time":1,"angle":0}],"translate":[{"time":0,"x":0,"y":0,"curve":"stepped"},{"time":1,"x":0,"y":0}],"scale":[{"time":0,"x":1,"y":1,"curve":"stepped"},{"time":1,"x":1,"y":1}]},"qfyz_shiwulizi6":{"rotate":[{"time":0,"angle":0,"curve":"stepped"},{"time":1,"angle":0}],"translate":[{"time":0,"x":0,"y":0,"curve":"stepped"},{"time":1,"x":0,"y":0}],"scale":[{"time":0,"x":1,"y":1,"curve":"stepped"},{"time":1,"x":1,"y":1}]},"qfyz_shiwulizi7":{"rotate":[{"time":0,"angle":0,"curve":"stepped"},{"time":1,"angle":0}],"translate":[{"time":0,"x":0,"y":0,"curve":"stepped"},{"time":1,"x":0,"y":0}],"scale":[{"time":0,"x":1,"y":1,"curve":"stepped"},{"time":1,"x":1,"y":1}]},"qfyz_shiwulizi8":{"rotate":[{"time":0,"angle":0,"curve":"stepped"},{"time":1,"angle":0}],"translate":[{"time":0,"x":0,"y":0,"curve":"stepped"},{"time":1,"x":0,"y":0}],"scale":[{"time":0,"x":1,"y":1,"curve":"stepped"},{"time":1,"x":1,"y":1}]},"qfyz_shiwulizi9":{"rotate":[{"time":0,"angle":0,"curve":"stepped"},{"time":1,"angle":0}],"translate":[{"time":0,"x":0,"y":0,"curve":"stepped"},{"time":1,"x":0,"y":0}],"scale":[{"time":0,"x":1,"y":1,"curve":"stepped"},{"time":1,"x":1,"y":1}]},"qfyz_shiwulizi10":{"rotate":[{"time":0,"angle":0,"curve":"stepped"},{"time":1,"angle":0}],"translate":[{"time":0,"x":0,"y":0,"curve":"stepped"},{"time":1,"x":0,"y":0}],"scale":[{"time":0,"x":1,"y":1,"curve":"stepped"},{"time":1,"x":1,"y":1}]},"qfyz_shiwueffect":{"rotate":[{"time":0,"angle":0,"curve":"stepped"},{"time":1,"angle":0}],"translate":[{"time":0,"x":0,"y":0,"curve":"stepped"},{"time":1,"x":0,"y":0}],"scale":[{"time":0,"x":1,"y":1,"curve":"stepped"},{"time":1,"x":1,"y":1}]},"sdhd_wp_kuosan2":{"rotate":[{"time":0,"angle":0,"curve":"stepped"},{"time":1,"angle":0}],"translate":[{"time":0,"x":0,"y":0,"curve":"stepped"},{"time":1,"x":0,"y":0}],"scale":[{"time":0,"x":1,"y":1},{"time":0.6,"x":6,"y":6,"curve":"stepped"},{"time":1,"x":6,"y":6}]},"sdhd_wp_kuosan1":{"rotate":[{"time":0,"angle":0,"curve":"stepped"},{"time":1,"angle":0}],"translate":[{"time":0,"x":0,"y":0,"curve":"stepped"},{"time":1,"x":0,"y":0}],"scale":[{"time":0,"x":1,"y":1},{"time":0.3,"x":3,"y":3,"curve":"stepped"},{"time":1,"x":3,"y":3}]},"root":{"rotate":[{"time":0,"angle":0,"curve":"stepped"},{"time":1,"angle":0}],"translate":[{"time":0,"x":0,"y":0,"curve":"stepped"},{"time":1,"x":0,"y":0}],"scale":[{"time":0,"x":1,"y":1,"curve":"stepped"},{"time":1,"x":1,"y":1}]},"hip":{"rotate":[{"time":0,"angle":0,"curve":"stepped"},{"time":1,"angle":0}],"translate":[{"time":0,"x":0,"y":0,"curve":"stepped"},{"time":1,"x":0,"y":0}],"scale":[{"time":0,"x":1,"y":1,"curve":"stepped"},{"time":1,"x":1,"y":1}]}}}}}