{"skeleton":{"hash":"yQjVdbDnSPBHus/28KRQdUsGm/0","spine":"2.1.27","width":155.04,"height":63,"images":"./images/"},"bones":[{"name":"root"},{"name":"bone","parent":"root"}],"slots":[{"name":"gouwuche","bone":"root","attachment":"gouwuche"},{"name":"gouwuchehx","bone":"root","attachment":"gouwuchehx","blend":"additive"}],"skins":{"default":{"gouwuche":{"gouwuche":{"width":155,"height":63}},"gouwuchehx":{"gouwuchehx":{"x":3.54,"y":-2.46,"width":148,"height":58}}}},"animations":{"animation":{"slots":{"gouwuchehx":{"color":[{"time":0,"color":"ffffff00","curve":[0.25,0,0.75,1]},{"time":1,"color":"ffffffff","curve":[0.25,0,0.75,1]},{"time":2,"color":"ffffff00"}]}}}}}