{"skeleton":{"hash":"w/quBT11XEoREu1RVliEmy7ztrc","spine":"3.6.34","width":547.85,"height":414.69,"images":"./images/"},"bones":[{"name":"root"},{"name":"duoren_02","parent":"root","x":-58.3,"y":194.37},{"name":"duoren_03","parent":"root","x":62.1,"y":168.61},{"name":"duoren_04","parent":"root","x":127.06,"y":273.89},{"name":"guangdian","parent":"root","x":-103.66,"y":88.53},{"name":"guangdian2","parent":"root","x":108.71,"y":88.42},{"name":"puke-l","parent":"root","x":327.36,"y":68.43},{"name":"puke-r","parent":"root","x":344.98,"y":-29.69},{"name":"puke-u","parent":"root","x":357.24,"y":-104.58}],"slots":[{"name":"kuang","bone":"root","attachment":"kuang"},{"name":"duoren_01","bone":"root","attachment":"duoren_01"},{"name":"duoren_02","bone":"duoren_02","attachment":"duoren_02"},{"name":"duoren_03","bone":"duoren_03","attachment":"duoren_03"},{"name":"duoren_04","bone":"duoren_04","attachment":"duoren_04"},{"name":"drdz2","bone":"root","attachment":"drdz2"},{"name":"guangdian","bone":"guangdian","attachment":"guangdian"},{"name":"guangdian2","bone":"guangdian2","attachment":"guangdian"},{"name":"puke-l","bone":"puke-l","attachment":"puke-l"},{"name":"puke-r","bone":"puke-r","attachment":"puke-r"},{"name":"puke-u","bone":"puke-u","attachment":"puke-u"},{"name":"01","bone":"root","attachment":"28","blend":"additive"}],"skins":{"default":{"01":{"01":{"x":0.8,"y":169.15,"width":334,"height":296},"02":{"x":0.8,"y":169.15,"width":334,"height":296},"03":{"x":0.8,"y":169.15,"width":334,"height":296},"04":{"x":0.8,"y":169.15,"width":334,"height":296},"05":{"x":0.8,"y":169.15,"width":334,"height":296},"06":{"x":0.8,"y":169.15,"width":334,"height":296},"07":{"x":0.8,"y":169.15,"width":334,"height":296},"08":{"x":0.8,"y":169.15,"width":334,"height":296},"09":{"x":0.8,"y":169.15,"width":334,"height":296},"10":{"x":0.8,"y":169.15,"width":334,"height":296},"11":{"x":0.8,"y":169.15,"width":334,"height":296},"12":{"x":0.8,"y":169.15,"width":334,"height":296},"13":{"x":0.8,"y":169.15,"width":334,"height":296},"14":{"x":0.8,"y":169.15,"width":334,"height":296},"15":{"x":0.8,"y":169.15,"width":334,"height":296},"16":{"x":0.8,"y":169.15,"width":334,"height":296},"17":{"x":0.8,"y":169.15,"width":334,"height":296},"18":{"x":0.8,"y":169.15,"width":334,"height":296},"19":{"x":0.8,"y":169.15,"width":334,"height":296},"20":{"x":0.8,"y":169.15,"width":334,"height":296},"21":{"x":0.8,"y":169.15,"width":334,"height":296},"22":{"x":0.8,"y":169.15,"width":334,"height":296},"23":{"x":0.8,"y":169.15,"width":334,"height":296},"24":{"x":0.8,"y":169.15,"width":334,"height":296},"25":{"x":0.8,"y":169.15,"width":334,"height":296},"26":{"x":0.8,"y":169.15,"width":334,"height":296},"27":{"x":0.8,"y":169.15,"width":334,"height":296},"28":{"x":0.8,"y":169.15,"width":334,"height":296}},"drdz2":{"drdz2":{"x":0.48,"y":167.05,"width":355,"height":295}},"duoren_01":{"duoren_01":{"x":0.42,"y":171.98,"width":357,"height":307}},"duoren_02":{"duoren_02":{"x":8.72,"y":-13.27,"width":213,"height":225}},"duoren_03":{"duoren_03":{"x":-18.18,"y":-27.51,"rotation":-0.03,"width":270,"height":185}},"duoren_04":{"duoren_04":{"x":-126.64,"y":-106.79,"width":317,"height":257}},"guangdian":{"guangdian":{"x":0.08,"y":0.07,"width":41,"height":40}},"guangdian2":{"guangdian":{"x":0.04,"y":-0.66,"width":41,"height":40}},"kuang":{"kuang":{"x":0.42,"y":169,"width":315,"height":255}},"puke-l":{"puke-l":{"x":-15.29,"y":-5,"width":2,"height":37}},"puke-r":{"puke-r":{"x":-20.05,"y":1.2,"width":2,"height":42}},"puke-u":{"puke-u":{"x":0.53,"y":16.37,"width":24,"height":2}}}},"animations":{"animation":{"slots":{"01":{"color":[{"time":0,"color":"ffffff00"},{"time":0.4333,"color":"ffffffb2"},{"time":1,"color":"ffffff10"},{"time":1.8,"color":"ffffff66"},{"time":2.4,"color":"ffffff00"}],"attachment":[{"time":0,"name":"01"},{"time":0.1,"name":"02"},{"time":0.2,"name":"03"},{"time":0.3,"name":"04"},{"time":0.4,"name":"05"},{"time":0.5,"name":"06"},{"time":0.6,"name":"07"},{"time":0.7,"name":"08"},{"time":0.8,"name":"09"},{"time":0.9,"name":"10"},{"time":1,"name":"11"},{"time":1.1,"name":"12"},{"time":1.2,"name":"13"},{"time":1.3,"name":"14"},{"time":1.4,"name":"15"},{"time":1.5,"name":"16"},{"time":1.6,"name":"17"},{"time":1.7,"name":"18"},{"time":1.8,"name":"19"},{"time":1.9,"name":"20"},{"time":2,"name":"21"},{"time":2.1,"name":"22"},{"time":2.2,"name":"23"},{"time":2.3,"name":"24"},{"time":2.4,"name":"25"},{"time":2.5,"name":"26"},{"time":2.6,"name":"27"},{"time":2.7,"name":"28"}]},"duoren_04":{"color":[{"time":0,"color":"ffffff00"},{"time":1.6667,"color":"fffffffe"},{"time":3.3333,"color":"ffffff00"}]},"guangdian":{"color":[{"time":0,"color":"ffffff00"},{"time":0.1333,"color":"fffffffe","curve":"stepped"},{"time":3.0333,"color":"fffffffe"},{"time":3.1667,"color":"ffffff00"}]},"guangdian2":{"color":[{"time":0,"color":"ffffff00"},{"time":0.1333,"color":"fffffffe","curve":"stepped"},{"time":3.0333,"color":"fffffffe"},{"time":3.1667,"color":"ffffff00"}]}},"bones":{"duoren_02":{"translate":[{"time":0,"x":-0.29,"y":0,"curve":[0.029,0.21,0.274,1.03]},{"time":1.6667,"x":-0.28,"y":-8.78,"curve":[0.029,0.21,0.274,1.03]},{"time":3.3333,"x":-0.28,"y":0}]},"duoren_03":{"translate":[{"time":0,"x":1.18,"y":-5.88,"curve":[0,0.07,0.176,0.99]},{"time":1.6667,"x":1.18,"y":1.09,"curve":[0,0.07,0.176,0.99]},{"time":3.3333,"x":1.18,"y":-5.88}]},"guangdian2":{"translate":[{"time":0.1333,"x":0,"y":0},{"time":0.3333,"x":6.2,"y":-0.38},{"time":0.5,"x":9.65,"y":-3.21},{"time":0.7,"x":13.23,"y":-7.76},{"time":0.8667,"x":13.78,"y":-13.12},{"time":1.0667,"x":12.74,"y":-18.05},{"time":1.2333,"x":9.74,"y":-22.43},{"time":1.4333,"x":5.56,"y":-25.15},{"time":1.6,"x":0,"y":-26.24},{"time":1.8,"x":-5,"y":-25.23},{"time":1.9667,"x":-9.44,"y":-22.54},{"time":2.1667,"x":-12.49,"y":-18.25},{"time":2.3,"x":-13.61,"y":-13.12},{"time":2.5,"x":-12.57,"y":-7.54},{"time":2.6667,"x":-9.3,"y":-3.08},{"time":2.8667,"x":-5.76,"y":-0.37},{"time":3.0333,"x":0,"y":0}]},"guangdian":{"translate":[{"time":0.1333,"x":0,"y":0},{"time":0.3333,"x":5.62,"y":-0.45},{"time":0.5,"x":9.1,"y":-3.33},{"time":0.7,"x":12.4,"y":-7.81},{"time":0.8667,"x":12.96,"y":-13.12},{"time":1.0667,"x":12.09,"y":-18.27},{"time":1.2333,"x":8.98,"y":-22.31},{"time":1.4333,"x":4.92,"y":-25.51},{"time":1.6,"x":0,"y":-26.24},{"time":1.8,"x":-5.67,"y":-25.35},{"time":1.9667,"x":-10.22,"y":-22.79},{"time":2.1667,"x":-13.03,"y":-18.65},{"time":2.3,"x":-13.94,"y":-13.12},{"time":2.5,"x":-13.54,"y":-7.8},{"time":2.6667,"x":-10.06,"y":-3.32},{"time":2.8667,"x":-6.03,"y":-0.08},{"time":3.0333,"x":0,"y":0}]},"puke-l":{"translate":[{"time":0,"x":-467.92,"y":73.42,"curve":[0,0.12,0.057,1]},{"time":1.6667,"x":-467.92,"y":65.71,"curve":[0,0.12,0.057,1]},{"time":3.3333,"x":-467.92,"y":73.42}]},"puke-r":{"translate":[{"time":0,"x":-168.22,"y":202.68,"curve":[0,0.13,0.265,1]},{"time":1.6667,"x":-168.08,"y":212.24,"curve":[0,0.13,0.265,1]},{"time":3.3333,"x":-168.08,"y":203.49}]},"puke-u":{"translate":[{"time":0,"x":-413.63,"y":383.42}]}}}}}