{"skeleton":{"hash":"aFTsp0+76QS3xWC1HXWeSHun450","spine":"2.1.27","width":1333.45,"height":750,"images":"./images/"},"bones":[{"name":"root"},{"name":"dating_pf","parent":"root","x":-546.65,"y":-66.77},{"name":"dating_pf2","parent":"root","x":546.65,"y":-66.77}],"slots":[{"name":"dating_pf","bone":"dating_pf","attachment":"dating_pf"},{"name":"dating_pf2","bone":"dating_pf2","attachment":"dating_fd"}],"skins":{"default":{"dating_pf":{"dating_pf":{"x":8.84,"width":256,"height":401}},"dating_pf2":{"dating_fd":{"x":-219.51,"y":64.92,"width":681,"height":750}}}},"animations":{"animation":{"bones":{"dating_pf":{"rotate":[{"time":0,"angle":0,"curve":"stepped"},{"time":1.1,"angle":0,"curve":"stepped"},{"time":6.6666,"angle":0}],"translate":[{"time":0,"x":0,"y":4.44,"curve":[0.25,0,0.75,1]},{"time":1.1,"x":0,"y":15.33,"curve":[0.25,0,0.75,1]},{"time":4.4333,"x":0,"y":-17.34,"curve":[0.25,0,0.75,1]},{"time":6.6666,"x":0,"y":4.44}],"scale":[{"time":0,"x":1,"y":1,"curve":"stepped"},{"time":1.1,"x":1,"y":1,"curve":"stepped"},{"time":6.6666,"x":1,"y":1}]},"dating_pf2":{"rotate":[{"time":0,"angle":0,"curve":"stepped"},{"time":2.2333,"angle":0,"curve":"stepped"},{"time":6.6666,"angle":0}],"translate":[{"time":0,"x":0,"y":-6.45,"curve":[0.25,0,0.75,1]},{"time":2.2333,"x":0,"y":15.33,"curve":[0.25,0,0.75,1]},{"time":5.5666,"x":0,"y":-17.34,"curve":[0.25,0,0.75,1]},{"time":6.6666,"x":0,"y":-6.45}],"scale":[{"time":0,"x":1,"y":1,"curve":"stepped"},{"time":2.2333,"x":1,"y":1,"curve":"stepped"},{"time":6.6666,"x":1,"y":1}]}}}}}