{"skeleton":{"hash":"70YyP8GCL+tmKn+8syROU+9gCrA","spine":"3.6.37","width":0,"height":0,"images":"./images/"},"bones":[{"name":"root"},{"name":"hip","parent":"root"},{"name":"rbay_dftc_xzlq","parent":"hip"},{"name":"xzlqsg","parent":"rbay_dftc_xzlq","y":8.52,"scaleX":2,"scaleY":2}],"slots":[{"name":"rbay_dftc_xzlq","bone":"rbay_dftc_xzlq","attachment":"rbay_dftc_xzlq"},{"name":"rbay_dftc_xzlqan0","bone":"xzlqsg","blend":"additive"}],"skins":{"default":{"rbay_dftc_xzlq":{"rbay_dftc_xzlq":{"width":219,"height":82}},"rbay_dftc_xzlqan0":{"rbay_dftc_xzlqan0":{"width":99,"height":30},"rbay_dftc_xzlqan1":{"width":99,"height":30},"rbay_dftc_xzlqan2":{"width":99,"height":30},"rbay_dftc_xzlqan3":{"width":99,"height":30},"rbay_dftc_xzlqan4":{"width":99,"height":30},"rbay_dftc_xzlqan5":{"width":99,"height":30},"rbay_dftc_xzlqan6":{"width":99,"height":30},"rbay_dftc_xzlqan7":{"width":99,"height":30},"rbay_dftc_xzlqan8":{"width":99,"height":30},"rbay_dftc_xzlqan9":{"width":99,"height":30},"rbay_dftc_xzlqan10":{"width":99,"height":30},"rbay_dftc_xzlqan11":{"width":99,"height":30},"rbay_dftc_xzlqan12":{"width":99,"height":30},"rbay_dftc_xzlqan13":{"width":99,"height":30},"rbay_dftc_xzlqan14":{"width":99,"height":30},"rbay_dftc_xzlqan15":{"width":99,"height":30},"rbay_dftc_xzlqan16":{"width":99,"height":30},"rbay_dftc_xzlqan17":{"width":99,"height":30},"rbay_dftc_xzlqan18":{"width":99,"height":30},"rbay_dftc_xzlqan19":{"width":99,"height":30},"rbay_dftc_xzlqan20":{"width":99,"height":30},"rbay_dftc_xzlqan21":{"width":99,"height":30},"rbay_dftc_xzlqan22":{"width":99,"height":30},"rbay_dftc_xzlqan23":{"width":99,"height":30},"rbay_dftc_xzlqan24":{"width":99,"height":30},"rbay_dftc_xzlqan25":{"width":99,"height":30},"rbay_dftc_xzlqan26":{"width":99,"height":30},"rbay_dftc_xzlqan27":{"width":99,"height":30},"rbay_dftc_xzlqan28":{"width":99,"height":30},"rbay_dftc_xzlqan29":{"width":99,"height":30},"rbay_dftc_xzlqan30":{"width":99,"height":30},"rbay_dftc_xzlqan31":{"width":99,"height":30},"rbay_dftc_xzlqan32":{"width":99,"height":30},"rbay_dftc_xzlqan33":{"width":99,"height":30},"rbay_dftc_xzlqan34":{"width":99,"height":30},"rbay_dftc_xzlqan35":{"width":99,"height":30}}}},"animations":{"idle":{"slots":{"rbay_dftc_xzlqan0":{"attachment":[{"time":0,"name":"rbay_dftc_xzlqan0"},{"time":0.0667,"name":"rbay_dftc_xzlqan1"},{"time":0.1333,"name":"rbay_dftc_xzlqan2"},{"time":0.2,"name":"rbay_dftc_xzlqan3"},{"time":0.2667,"name":"rbay_dftc_xzlqan4"},{"time":0.3333,"name":"rbay_dftc_xzlqan5"},{"time":0.4,"name":"rbay_dftc_xzlqan6"},{"time":0.4667,"name":"rbay_dftc_xzlqan7"},{"time":0.5333,"name":"rbay_dftc_xzlqan8"},{"time":0.6,"name":"rbay_dftc_xzlqan9"},{"time":0.6667,"name":"rbay_dftc_xzlqan10"},{"time":0.7333,"name":"rbay_dftc_xzlqan11"},{"time":0.8,"name":"rbay_dftc_xzlqan12"},{"time":0.8667,"name":"rbay_dftc_xzlqan13"},{"time":0.9333,"name":"rbay_dftc_xzlqan14"},{"time":1,"name":"rbay_dftc_xzlqan15"},{"time":1.0667,"name":"rbay_dftc_xzlqan16"},{"time":1.1333,"name":"rbay_dftc_xzlqan17"},{"time":1.2,"name":"rbay_dftc_xzlqan18"},{"time":1.2667,"name":"rbay_dftc_xzlqan19"},{"time":1.3333,"name":"rbay_dftc_xzlqan20"},{"time":1.4,"name":"rbay_dftc_xzlqan21"},{"time":1.4667,"name":"rbay_dftc_xzlqan22"},{"time":1.5333,"name":"rbay_dftc_xzlqan23"},{"time":1.6,"name":"rbay_dftc_xzlqan24"},{"time":1.6667,"name":"rbay_dftc_xzlqan25"},{"time":1.7333,"name":"rbay_dftc_xzlqan26"},{"time":1.8,"name":"rbay_dftc_xzlqan27"},{"time":1.8667,"name":"rbay_dftc_xzlqan28"},{"time":1.9333,"name":"rbay_dftc_xzlqan29"},{"time":2,"name":"rbay_dftc_xzlqan30"},{"time":2.0667,"name":"rbay_dftc_xzlqan31"},{"time":2.1333,"name":"rbay_dftc_xzlqan32"},{"time":2.2,"name":"rbay_dftc_xzlqan33"},{"time":2.2667,"name":"rbay_dftc_xzlqan34"},{"time":2.3333,"name":"rbay_dftc_xzlqan35"},{"time":2.4,"name":"rbay_dftc_xzlqan0"}]}},"bones":{"rbay_dftc_xzlq":{"rotate":[{"time":0,"angle":0,"curve":"stepped"},{"time":2.4,"angle":0}],"translate":[{"time":0,"x":0,"y":0,"curve":"stepped"},{"time":2.4,"x":0,"y":0}],"scale":[{"time":0,"x":1,"y":1,"curve":"stepped"},{"time":2.4,"x":1,"y":1}]}}},"start":{"slots":{"rbay_dftc_xzlq":{"color":[{"time":0,"color":"ffffff00","curve":"stepped"},{"time":0.2,"color":"ffffff00","curve":[0.184,0.52,0.696,1]},{"time":0.4,"color":"fffffffe","curve":"stepped"},{"time":2.4,"color":"fffffffe"}]},"rbay_dftc_xzlqan0":{"color":[{"time":0,"color":"ffffff00","curve":"stepped"},{"time":0.2,"color":"ffffff00","curve":[0.184,0.52,0.696,1]},{"time":0.4,"color":"fffffffe"}],"attachment":[{"time":0,"name":"rbay_dftc_xzlqan0"},{"time":0.0667,"name":"rbay_dftc_xzlqan1"},{"time":0.1333,"name":"rbay_dftc_xzlqan2"},{"time":0.2,"name":"rbay_dftc_xzlqan3"},{"time":0.2667,"name":"rbay_dftc_xzlqan4"},{"time":0.3333,"name":"rbay_dftc_xzlqan5"},{"time":0.4,"name":"rbay_dftc_xzlqan6"},{"time":0.4667,"name":"rbay_dftc_xzlqan7"},{"time":0.5333,"name":"rbay_dftc_xzlqan8"},{"time":0.6,"name":"rbay_dftc_xzlqan9"},{"time":0.6667,"name":"rbay_dftc_xzlqan10"},{"time":0.7333,"name":"rbay_dftc_xzlqan11"},{"time":0.8,"name":"rbay_dftc_xzlqan12"},{"time":0.8667,"name":"rbay_dftc_xzlqan13"},{"time":0.9333,"name":"rbay_dftc_xzlqan14"},{"time":1,"name":"rbay_dftc_xzlqan15"},{"time":1.0667,"name":"rbay_dftc_xzlqan16"},{"time":1.1333,"name":"rbay_dftc_xzlqan17"},{"time":1.2,"name":"rbay_dftc_xzlqan18"},{"time":1.2667,"name":"rbay_dftc_xzlqan19"},{"time":1.3333,"name":"rbay_dftc_xzlqan20"},{"time":1.4,"name":"rbay_dftc_xzlqan21"},{"time":1.4667,"name":"rbay_dftc_xzlqan22"},{"time":1.5333,"name":"rbay_dftc_xzlqan23"},{"time":1.6,"name":"rbay_dftc_xzlqan24"},{"time":1.6667,"name":"rbay_dftc_xzlqan25"},{"time":1.7333,"name":"rbay_dftc_xzlqan26"},{"time":1.8,"name":"rbay_dftc_xzlqan27"},{"time":1.8667,"name":"rbay_dftc_xzlqan28"},{"time":1.9333,"name":"rbay_dftc_xzlqan29"},{"time":2,"name":"rbay_dftc_xzlqan30"},{"time":2.0667,"name":"rbay_dftc_xzlqan31"},{"time":2.1333,"name":"rbay_dftc_xzlqan32"},{"time":2.2,"name":"rbay_dftc_xzlqan33"},{"time":2.2667,"name":"rbay_dftc_xzlqan34"},{"time":2.3333,"name":"rbay_dftc_xzlqan35"},{"time":2.4,"name":"rbay_dftc_xzlqan0"}]}},"bones":{"rbay_dftc_xzlq":{"rotate":[{"time":0,"angle":0,"curve":"stepped"},{"time":2.4,"angle":0}],"translate":[{"time":0,"x":0,"y":0,"curve":"stepped"},{"time":2.4,"x":0,"y":0}],"scale":[{"time":0,"x":0.75,"y":0.75,"curve":"stepped"},{"time":0.2,"x":0.75,"y":0.75,"curve":[0,0.59,0.43,0.99]},{"time":0.4,"x":1.05,"y":1.05,"curve":[0.25,0,0.75,1]},{"time":0.7333,"x":0.95,"y":0.95,"curve":[0.25,0,0.75,1]},{"time":1.2333,"x":1,"y":1,"curve":"stepped"},{"time":2.4,"x":1,"y":1}]}}}}}