{"skeleton":{"hash":"+UYJQV2qkxncOi8segy2jD2rNIM","spine":"3.6.37","width":304,"height":83.37,"images":"./images/"},"bones":[{"name":"root"},{"name":"zsb_yuekamenu1","parent":"root"},{"name":"zsb_yuekamenu1lg","parent":"zsb_yuekamenu1","x":-0.85,"y":-1.37,"scaleX":2,"scaleY":2}],"slots":[{"name":"zsb_yuekamenu1","bone":"zsb_yuekamenu1","attachment":"zsb_yuekamenu1"},{"name":"zsb_yuekamenu1lg","bone":"zsb_yuekamenu1lg","attachment":"zsb_yuekamenu1lg0","blend":"additive"}],"skins":{"default":{"zsb_yuekamenu1":{"zsb_yuekamenu1":{"width":304,"height":82}},"zsb_yuekamenu1lg":{"zsb_yuekamenu1lg0":{"width":149,"height":41},"zsb_yuekamenu1lg1":{"width":149,"height":41},"zsb_yuekamenu1lg2":{"width":149,"height":41},"zsb_yuekamenu1lg3":{"width":149,"height":41},"zsb_yuekamenu1lg4":{"width":149,"height":41},"zsb_yuekamenu1lg5":{"width":149,"height":41},"zsb_yuekamenu1lg6":{"width":149,"height":41},"zsb_yuekamenu1lg7":{"width":149,"height":41},"zsb_yuekamenu1lg8":{"width":149,"height":41},"zsb_yuekamenu1lg9":{"width":149,"height":41},"zsb_yuekamenu1lg10":{"width":149,"height":41},"zsb_yuekamenu1lg11":{"width":149,"height":41},"zsb_yuekamenu1lg12":{"width":149,"height":41},"zsb_yuekamenu1lg13":{"width":149,"height":41},"zsb_yuekamenu1lg14":{"width":149,"height":41},"zsb_yuekamenu1lg15":{"width":149,"height":41},"zsb_yuekamenu1lg16":{"width":149,"height":41},"zsb_yuekamenu1lg17":{"width":149,"height":41},"zsb_yuekamenu1lg18":{"width":149,"height":41},"zsb_yuekamenu1lg19":{"width":149,"height":41},"zsb_yuekamenu1lg20":{"width":149,"height":41},"zsb_yuekamenu1lg21":{"width":149,"height":41},"zsb_yuekamenu1lg22":{"width":149,"height":41},"zsb_yuekamenu1lg23":{"width":149,"height":41},"zsb_yuekamenu1lg24":{"width":149,"height":41},"zsb_yuekamenu1lg25":{"width":149,"height":41},"zsb_yuekamenu1lg26":{"width":149,"height":41},"zsb_yuekamenu1lg27":{"width":149,"height":41},"zsb_yuekamenu1lg28":{"width":149,"height":41},"zsb_yuekamenu1lg29":{"width":149,"height":41},"zsb_yuekamenu1lg30":{"width":149,"height":41},"zsb_yuekamenu1lg31":{"width":149,"height":41},"zsb_yuekamenu1lg32":{"width":149,"height":41},"zsb_yuekamenu1lg33":{"width":149,"height":41},"zsb_yuekamenu1lg34":{"width":149,"height":41},"zsb_yuekamenu1lg35":{"width":149,"height":41}}}},"animations":{"animation":{"slots":{"zsb_yuekamenu1lg":{"attachment":[{"time":0,"name":"zsb_yuekamenu1lg0"},{"time":0.0333,"name":"zsb_yuekamenu1lg1"},{"time":0.0667,"name":"zsb_yuekamenu1lg2"},{"time":0.1,"name":"zsb_yuekamenu1lg3"},{"time":0.1333,"name":"zsb_yuekamenu1lg4"},{"time":0.1667,"name":"zsb_yuekamenu1lg5"},{"time":0.2,"name":"zsb_yuekamenu1lg6"},{"time":0.2333,"name":"zsb_yuekamenu1lg7"},{"time":0.2667,"name":"zsb_yuekamenu1lg8"},{"time":0.3,"name":"zsb_yuekamenu1lg9"},{"time":0.3333,"name":"zsb_yuekamenu1lg10"},{"time":0.3667,"name":"zsb_yuekamenu1lg11"},{"time":0.4,"name":"zsb_yuekamenu1lg12"},{"time":0.4333,"name":"zsb_yuekamenu1lg13"},{"time":0.4667,"name":"zsb_yuekamenu1lg14"},{"time":0.5,"name":"zsb_yuekamenu1lg15"},{"time":0.5333,"name":"zsb_yuekamenu1lg16"},{"time":0.5667,"name":"zsb_yuekamenu1lg17"},{"time":0.6,"name":"zsb_yuekamenu1lg18"},{"time":0.6333,"name":"zsb_yuekamenu1lg19"},{"time":0.6667,"name":"zsb_yuekamenu1lg20"},{"time":0.7,"name":"zsb_yuekamenu1lg21"},{"time":0.7333,"name":"zsb_yuekamenu1lg22"},{"time":0.7667,"name":"zsb_yuekamenu1lg23"},{"time":0.8,"name":"zsb_yuekamenu1lg24"},{"time":0.8333,"name":"zsb_yuekamenu1lg25"},{"time":0.8667,"name":"zsb_yuekamenu1lg26"},{"time":0.9,"name":"zsb_yuekamenu1lg27"},{"time":0.9333,"name":"zsb_yuekamenu1lg28"},{"time":0.9667,"name":"zsb_yuekamenu1lg29"},{"time":1,"name":"zsb_yuekamenu1lg30"},{"time":1.0333,"name":"zsb_yuekamenu1lg31"},{"time":1.0667,"name":"zsb_yuekamenu1lg32"},{"time":1.1,"name":"zsb_yuekamenu1lg33"},{"time":1.1333,"name":"zsb_yuekamenu1lg34"},{"time":1.1667,"name":"zsb_yuekamenu1lg35"},{"time":1.2,"name":"zsb_yuekamenu1lg0"}]}}}}}