{"skeleton":{"hash":"xF1l4cDgcZphyzJOxAz6MX3T3XU","spine":"3.6.37","width":396,"height":91.42,"images":"./images/"},"bones":[{"name":"root"},{"name":"hip","parent":"root"},{"name":"gouwukuaisukaishibghy","parent":"hip","scaleX":2,"scaleY":2},{"name":"jt","parent":"hip","x":114.16,"y":-13.5},{"name":"jt2","parent":"hip","x":128.04,"y":-13.5},{"name":"text","parent":"hip","x":8.13,"y":-7.42}],"slots":[{"name":"gouwukuaisukaishibg","bone":"hip","attachment":"gouwukuaisukaishibg"},{"name":"gouwukuaisukaishibghx","bone":"hip","attachment":"gouwukuaisukaishibghx"},{"name":"gouwukuaisukaishibghy","bone":"gouwukuaisukaishibghy","color":"ffffff7f","attachment":"gouwukuaisukaishibghy_0","blend":"additive"},{"name":"gouwukuaisukaishi_jt","bone":"jt","attachment":"gouwukuaisukaishi_jt"},{"name":"gouwukuaisukaishi_jt2","bone":"jt2","attachment":"gouwukuaisukaishi_jt"},{"name":"gouwukuaisukaishi_jthx","bone":"jt","attachment":"gouwukuaisukaishi_jthx"},{"name":"gouwukuaisukaishi_jthx2","bone":"jt2","attachment":"gouwukuaisukaishi_jthx"},{"name":"gouwukuaisukaishitext","bone":"text","attachment":"gouwukuaisukaishitext"},{"name":"gouwukuaisukaishitexthx","bone":"text","attachment":"gouwukuaisukaishitexthx"}],"skins":{"default":{"gouwukuaisukaishi_jt":{"gouwukuaisukaishi_jt":{"width":49,"height":60}},"gouwukuaisukaishi_jt2":{"gouwukuaisukaishi_jt":{"width":49,"height":60}},"gouwukuaisukaishi_jthx":{"gouwukuaisukaishi_jthx":{"width":49,"height":60}},"gouwukuaisukaishi_jthx2":{"gouwukuaisukaishi_jthx":{"width":49,"height":60}},"gouwukuaisukaishibg":{"gouwukuaisukaishibg":{"width":391,"height":90}},"gouwukuaisukaishibghx":{"gouwukuaisukaishibghx":{"x":-2.5,"width":396,"height":90}},"gouwukuaisukaishibghy":{"gouwukuaisukaishibghy_0":{"width":130,"height":45},"gouwukuaisukaishibghy_1":{"width":130,"height":45},"gouwukuaisukaishibghy_2":{"width":130,"height":45},"gouwukuaisukaishibghy_3":{"width":130,"height":45},"gouwukuaisukaishibghy_4":{"width":130,"height":45},"gouwukuaisukaishibghy_5":{"width":130,"height":45},"gouwukuaisukaishibghy_6":{"width":130,"height":45},"gouwukuaisukaishibghy_7":{"width":130,"height":45},"gouwukuaisukaishibghy_8":{"width":130,"height":45},"gouwukuaisukaishibghy_9":{"width":130,"height":45},"gouwukuaisukaishibghy_10":{"width":130,"height":45},"gouwukuaisukaishibghy_11":{"width":130,"height":45},"gouwukuaisukaishibghy_12":{"width":130,"height":45},"gouwukuaisukaishibghy_13":{"width":130,"height":45},"gouwukuaisukaishibghy_14":{"width":130,"height":45}},"gouwukuaisukaishitext":{"gouwukuaisukaishitext":{"x":-0.3,"width":211,"height":78}},"gouwukuaisukaishitexthx":{"gouwukuaisukaishitexthx":{"width":178,"height":43}}}},"animations":{"animation":{"slots":{"gouwukuaisukaishi_jt":{"color":[{"time":0,"color":"ffffff00","curve":[0.25,0,0.75,1]},{"time":0.5,"color":"ffffff7d","curve":[0.25,0,0.75,1]},{"time":1,"color":"ffffffff","curve":[0.25,0,0.75,1]},{"time":1.5,"color":"ffffff00","curve":"stepped"},{"time":2,"color":"ffffff00"}]},"gouwukuaisukaishi_jt2":{"color":[{"time":0,"color":"ffffff00","curve":"stepped"},{"time":0.3,"color":"ffffff00","curve":[0.25,0,0.75,1]},{"time":0.8,"color":"ffffff7d","curve":[0.25,0,0.75,1]},{"time":1.3,"color":"ffffffff","curve":[0.25,0,0.75,1]},{"time":1.8,"color":"ffffff00"}]},"gouwukuaisukaishi_jthx":{"color":[{"time":0,"color":"ffffff00","curve":[0.25,0,0.75,1]},{"time":0.5,"color":"ffffff7d","curve":[0.25,0,0.75,1]},{"time":1,"color":"ffffffff","curve":[0.25,0,0.75,1]},{"time":1.5,"color":"ffffff00","curve":"stepped"},{"time":2,"color":"ffffff00"}]},"gouwukuaisukaishi_jthx2":{"color":[{"time":0,"color":"ffffff00","curve":"stepped"},{"time":0.3,"color":"ffffff00","curve":[0.25,0,0.75,1]},{"time":0.8,"color":"ffffff7d","curve":[0.25,0,0.75,1]},{"time":1.3,"color":"ffffffff","curve":[0.25,0,0.75,1]},{"time":1.8,"color":"ffffff00"}]},"gouwukuaisukaishibghx":{"color":[{"time":0,"color":"ffffff00","curve":[0.25,0,0.75,1]},{"time":1,"color":"ffffffff","curve":[0.25,0,0.75,1]},{"time":2,"color":"ffffff00"}]},"gouwukuaisukaishibghy":{"attachment":[{"time":0,"name":"gouwukuaisukaishibghy_0"},{"time":0.0333,"name":"gouwukuaisukaishibghy_1"},{"time":0.0667,"name":"gouwukuaisukaishibghy_2"},{"time":0.1,"name":"gouwukuaisukaishibghy_3"},{"time":0.1333,"name":"gouwukuaisukaishibghy_4"},{"time":0.1667,"name":"gouwukuaisukaishibghy_5"},{"time":0.2,"name":"gouwukuaisukaishibghy_6"},{"time":0.2333,"name":"gouwukuaisukaishibghy_7"},{"time":0.2667,"name":"gouwukuaisukaishibghy_8"},{"time":0.3,"name":"gouwukuaisukaishibghy_9"},{"time":0.3333,"name":"gouwukuaisukaishibghy_10"},{"time":0.3667,"name":"gouwukuaisukaishibghy_11"},{"time":0.4,"name":"gouwukuaisukaishibghy_12"},{"time":0.4333,"name":"gouwukuaisukaishibghy_13"},{"time":0.4667,"name":"gouwukuaisukaishibghy_14"},{"time":0.5,"name":"gouwukuaisukaishibghy_0"},{"time":0.5333,"name":"gouwukuaisukaishibghy_1"},{"time":0.5667,"name":"gouwukuaisukaishibghy_2"},{"time":0.6,"name":"gouwukuaisukaishibghy_3"},{"time":0.6333,"name":"gouwukuaisukaishibghy_4"},{"time":0.6667,"name":"gouwukuaisukaishibghy_5"},{"time":0.7,"name":"gouwukuaisukaishibghy_6"},{"time":0.7333,"name":"gouwukuaisukaishibghy_7"},{"time":0.7667,"name":"gouwukuaisukaishibghy_8"},{"time":0.8,"name":"gouwukuaisukaishibghy_9"},{"time":0.8333,"name":"gouwukuaisukaishibghy_10"},{"time":0.8667,"name":"gouwukuaisukaishibghy_11"},{"time":0.9,"name":"gouwukuaisukaishibghy_12"},{"time":0.9333,"name":"gouwukuaisukaishibghy_13"},{"time":0.9667,"name":"gouwukuaisukaishibghy_14"},{"time":1,"name":"gouwukuaisukaishibghy_0"},{"time":1.0333,"name":"gouwukuaisukaishibghy_1"},{"time":1.0667,"name":"gouwukuaisukaishibghy_2"},{"time":1.1,"name":"gouwukuaisukaishibghy_3"},{"time":1.1333,"name":"gouwukuaisukaishibghy_4"},{"time":1.1667,"name":"gouwukuaisukaishibghy_5"},{"time":1.2,"name":"gouwukuaisukaishibghy_6"},{"time":1.2333,"name":"gouwukuaisukaishibghy_7"},{"time":1.2667,"name":"gouwukuaisukaishibghy_8"},{"time":1.3,"name":"gouwukuaisukaishibghy_9"},{"time":1.3333,"name":"gouwukuaisukaishibghy_10"},{"time":1.3667,"name":"gouwukuaisukaishibghy_11"},{"time":1.4,"name":"gouwukuaisukaishibghy_12"},{"time":1.4333,"name":"gouwukuaisukaishibghy_13"},{"time":1.4667,"name":"gouwukuaisukaishibghy_14"},{"time":1.5,"name":"gouwukuaisukaishibghy_0"},{"time":1.5333,"name":"gouwukuaisukaishibghy_1"},{"time":1.5667,"name":"gouwukuaisukaishibghy_2"},{"time":1.6,"name":"gouwukuaisukaishibghy_3"},{"time":1.6333,"name":"gouwukuaisukaishibghy_4"},{"time":1.6667,"name":"gouwukuaisukaishibghy_5"},{"time":1.7,"name":"gouwukuaisukaishibghy_6"},{"time":1.7333,"name":"gouwukuaisukaishibghy_7"},{"time":1.7667,"name":"gouwukuaisukaishibghy_8"},{"time":1.8,"name":"gouwukuaisukaishibghy_9"},{"time":1.8333,"name":"gouwukuaisukaishibghy_10"},{"time":1.8667,"name":"gouwukuaisukaishibghy_11"},{"time":1.9,"name":"gouwukuaisukaishibghy_12"},{"time":1.9333,"name":"gouwukuaisukaishibghy_13"},{"time":1.9667,"name":"gouwukuaisukaishibghy_14"},{"time":2,"name":"gouwukuaisukaishibghy_0"}]},"gouwukuaisukaishitexthx":{"color":[{"time":0,"color":"ffffff00","curve":[0.25,0,0.75,1]},{"time":1,"color":"ffffffff","curve":[0.25,0,0.75,1]},{"time":2,"color":"ffffff00"}]}}}}}