{"skeleton":{"hash":"M3HbMSUmR0kf0Udt9JLh3HQUx70","spine":"3.6.37","width":147,"height":89,"images":"./images/"},"bones":[{"name":"root"},{"name":"hip","parent":"root"},{"name":"dzpk_mtthdrksidai","parent":"hip"},{"name":"dzpk_mtthdrk_lg","parent":"dzpk_mtthdrksidai","x":0.86,"y":13.47,"scaleX":2,"scaleY":2},{"name":"dzpk_mtthdrkgd","parent":"dzpk_mtthdrksidai","x":27.81,"y":35.72},{"name":"dzpk_mtthdrkgd2","parent":"dzpk_mtthdrksidai","rotation":24.74,"x":-45.69,"y":30.44,"scaleX":0.606,"scaleY":0.606},{"name":"dzpk_mtthdrkgd3","parent":"dzpk_mtthdrksidai","rotation":157.04,"x":-49.23,"y":8.48,"scaleX":0.606,"scaleY":0.606},{"name":"dzpk_mtthdrkpuke1","parent":"dzpk_mtthdrksidai","length":13.89,"rotation":46.52,"x":39.81,"y":-9.24},{"name":"dzpk_mtthdrkpuke2","parent":"dzpk_mtthdrksidai","length":11.54,"rotation":147.61,"x":-59.75,"y":10.51}],"slots":[{"name":"dzpk_mtthdrksidai","bone":"dzpk_mtthdrksidai","attachment":"dzpk_mtthdrksidai"},{"name":"dzpk_mtthdrkpuke1","bone":"dzpk_mtthdrkpuke1","attachment":"dzpk_mtthdrkpuke1"},{"name":"dzpk_mtthdrktext","bone":"dzpk_mtthdrksidai","attachment":"dzpk_mtthdrktext"},{"name":"dzpk_mtthdrkbei","bone":"dzpk_mtthdrksidai","attachment":"dzpk_mtthdrkbei"},{"name":"dzpk_mtthdrktext1","bone":"dzpk_mtthdrksidai","attachment":"dzpk_mtthdrktext1"},{"name":"dzpk_mtthdrkpuke2","bone":"dzpk_mtthdrkpuke2","attachment":"dzpk_mtthdrkpuke2"},{"name":"dzpk_mtthdrkgd","bone":"dzpk_mtthdrkgd","attachment":"dzpk_mtthdrkgd","blend":"additive"},{"name":"dzpk_mtthdrkgd2","bone":"dzpk_mtthdrkgd2","attachment":"dzpk_mtthdrkgd","blend":"additive"},{"name":"dzpk_mtthdrkgd3","bone":"dzpk_mtthdrkgd3","attachment":"dzpk_mtthdrkgd","blend":"additive"},{"name":"dzpk_mtthdrk_lg","bone":"dzpk_mtthdrk_lg","attachment":"dzpk_mtthdrk_lg0","blend":"additive"}],"skins":{"default":{"dzpk_mtthdrk_lg":{"dzpk_mtthdrk_lg0":{"width":57,"height":35},"dzpk_mtthdrk_lg1":{"width":57,"height":35},"dzpk_mtthdrk_lg2":{"width":57,"height":35},"dzpk_mtthdrk_lg3":{"width":57,"height":35},"dzpk_mtthdrk_lg4":{"width":57,"height":35},"dzpk_mtthdrk_lg5":{"width":57,"height":35},"dzpk_mtthdrk_lg6":{"width":57,"height":35},"dzpk_mtthdrk_lg7":{"width":57,"height":35},"dzpk_mtthdrk_lg8":{"width":57,"height":35},"dzpk_mtthdrk_lg9":{"width":57,"height":35},"dzpk_mtthdrk_lg10":{"width":57,"height":35},"dzpk_mtthdrk_lg11":{"width":57,"height":35},"dzpk_mtthdrk_lg12":{"width":57,"height":35},"dzpk_mtthdrk_lg13":{"width":57,"height":35},"dzpk_mtthdrk_lg14":{"width":57,"height":35},"dzpk_mtthdrk_lg15":{"width":57,"height":35},"dzpk_mtthdrk_lg16":{"width":57,"height":35},"dzpk_mtthdrk_lg17":{"width":57,"height":35},"dzpk_mtthdrk_lg18":{"width":57,"height":35},"dzpk_mtthdrk_lg19":{"width":57,"height":35},"dzpk_mtthdrk_lg20":{"width":57,"height":35},"dzpk_mtthdrk_lg21":{"width":57,"height":35},"dzpk_mtthdrk_lg22":{"width":57,"height":35},"dzpk_mtthdrk_lg23":{"width":57,"height":35},"dzpk_mtthdrk_lg24":{"width":57,"height":35},"dzpk_mtthdrk_lg25":{"width":57,"height":35},"dzpk_mtthdrk_lg26":{"width":57,"height":35},"dzpk_mtthdrk_lg27":{"width":57,"height":35},"dzpk_mtthdrk_lg28":{"width":57,"height":35},"dzpk_mtthdrk_lg29":{"width":57,"height":35},"dzpk_mtthdrk_lg30":{"width":57,"height":35},"dzpk_mtthdrk_lg31":{"width":57,"height":35},"dzpk_mtthdrk_lg32":{"width":57,"height":35},"dzpk_mtthdrk_lg33":{"width":57,"height":35},"dzpk_mtthdrk_lg34":{"width":57,"height":35},"dzpk_mtthdrk_lg35":{"width":57,"height":35}},"dzpk_mtthdrkbei":{"dzpk_mtthdrkbei":{"x":31,"y":7.5,"width":61,"height":67}},"dzpk_mtthdrkgd":{"dzpk_mtthdrkgd":{"x":1.69,"y":-0.22,"width":32,"height":29}},"dzpk_mtthdrkgd2":{"dzpk_mtthdrkgd":{"x":1.69,"y":-0.22,"width":32,"height":29}},"dzpk_mtthdrkgd3":{"dzpk_mtthdrkgd":{"x":1.69,"y":-0.22,"width":32,"height":29}},"dzpk_mtthdrkpuke1":{"dzpk_mtthdrkpuke1":{"x":-0.42,"y":-0.66,"rotation":-46.52,"width":23,"height":20}},"dzpk_mtthdrkpuke2":{"dzpk_mtthdrkpuke2":{"x":0.63,"y":0.41,"rotation":-147.61,"width":24,"height":19}},"dzpk_mtthdrksidai":{"dzpk_mtthdrksidai":{"width":141,"height":78}},"dzpk_mtthdrktext":{"dzpk_mtthdrktext":{"x":-29,"y":15.5,"width":95,"height":41}},"dzpk_mtthdrktext1":{"dzpk_mtthdrktext1":{"x":-18.5,"y":-7.5,"width":78,"height":27}}}},"animations":{"animation":{"slots":{"dzpk_mtthdrk_lg":{"attachment":[{"time":0,"name":"dzpk_mtthdrk_lg0"},{"time":0.0667,"name":"dzpk_mtthdrk_lg1"},{"time":0.1333,"name":"dzpk_mtthdrk_lg2"},{"time":0.2,"name":"dzpk_mtthdrk_lg3"},{"time":0.2667,"name":"dzpk_mtthdrk_lg4"},{"time":0.3333,"name":"dzpk_mtthdrk_lg5"},{"time":0.4,"name":"dzpk_mtthdrk_lg6"},{"time":0.4667,"name":"dzpk_mtthdrk_lg7"},{"time":0.5333,"name":"dzpk_mtthdrk_lg8"},{"time":0.6,"name":"dzpk_mtthdrk_lg9"},{"time":0.6667,"name":"dzpk_mtthdrk_lg10"},{"time":0.7333,"name":"dzpk_mtthdrk_lg11"},{"time":0.8,"name":"dzpk_mtthdrk_lg12"},{"time":0.8667,"name":"dzpk_mtthdrk_lg13"},{"time":0.9333,"name":"dzpk_mtthdrk_lg14"},{"time":1,"name":"dzpk_mtthdrk_lg15"},{"time":1.0667,"name":"dzpk_mtthdrk_lg16"},{"time":1.1333,"name":"dzpk_mtthdrk_lg17"},{"time":1.2,"name":"dzpk_mtthdrk_lg18"},{"time":1.2667,"name":"dzpk_mtthdrk_lg19"},{"time":1.3333,"name":"dzpk_mtthdrk_lg20"},{"time":1.4,"name":"dzpk_mtthdrk_lg21"},{"time":1.4667,"name":"dzpk_mtthdrk_lg22"},{"time":1.5333,"name":"dzpk_mtthdrk_lg23"},{"time":1.6,"name":"dzpk_mtthdrk_lg24"},{"time":1.6667,"name":"dzpk_mtthdrk_lg25"},{"time":1.7333,"name":"dzpk_mtthdrk_lg26"},{"time":1.8,"name":"dzpk_mtthdrk_lg27"},{"time":1.8667,"name":"dzpk_mtthdrk_lg28"},{"time":1.9333,"name":"dzpk_mtthdrk_lg29"},{"time":2,"name":"dzpk_mtthdrk_lg30"},{"time":2.0667,"name":"dzpk_mtthdrk_lg31"},{"time":2.1333,"name":"dzpk_mtthdrk_lg32"},{"time":2.2,"name":"dzpk_mtthdrk_lg33"},{"time":2.2667,"name":"dzpk_mtthdrk_lg34"},{"time":2.3333,"name":"dzpk_mtthdrk_lg35"},{"time":2.4,"name":"dzpk_mtthdrk_lg0"}]},"dzpk_mtthdrkgd":{"color":[{"time":0,"color":"ffffff00","curve":"stepped"},{"time":0.5,"color":"ffffff00","curve":[0.25,0,0.75,1]},{"time":1.1667,"color":"fffffffe","curve":[0.25,0,0.75,1]},{"time":2.4,"color":"ffffff00"}]},"dzpk_mtthdrkgd2":{"color":[{"time":0,"color":"ffffff00","curve":[0.25,0,0.75,1]},{"time":0.6667,"color":"fffffffe","curve":[0.25,0,0.75,1]},{"time":1.9,"color":"ffffff00","curve":"stepped"},{"time":2.4,"color":"ffffff00"}]},"dzpk_mtthdrkgd3":{"color":[{"time":0,"color":"ffffff00","curve":"stepped"},{"time":0.2,"color":"ffffff00","curve":[0.25,0,0.75,1]},{"time":0.8667,"color":"fffffffe","curve":[0.25,0,0.75,1]},{"time":2.1,"color":"ffffff00","curve":"stepped"},{"time":2.4,"color":"ffffff00"}]}},"bones":{"dzpk_mtthdrkgd":{"rotate":[{"time":0,"angle":0,"curve":[0.25,0,0.75,1]},{"time":2.4,"angle":-45}],"translate":[{"time":0,"x":0,"y":0,"curve":"stepped"},{"time":2.4,"x":0,"y":0}],"scale":[{"time":0,"x":1,"y":1,"curve":"stepped"},{"time":2.4,"x":1,"y":1}],"shear":[{"time":0,"x":0,"y":0,"curve":"stepped"},{"time":2.4,"x":0,"y":0}]},"dzpk_mtthdrkgd2":{"rotate":[{"time":0,"angle":0,"curve":[0.25,0,0.75,1]},{"time":2.4,"angle":-45}],"translate":[{"time":0,"x":0,"y":0,"curve":"stepped"},{"time":2.4,"x":0,"y":0}],"scale":[{"time":0,"x":1,"y":1,"curve":"stepped"},{"time":2.4,"x":1,"y":1}],"shear":[{"time":0,"x":0,"y":0,"curve":"stepped"},{"time":2.4,"x":0,"y":0}]},"dzpk_mtthdrkgd3":{"rotate":[{"time":0,"angle":0,"curve":[0.25,0,0.75,1]},{"time":2.4,"angle":-45}],"translate":[{"time":0,"x":0,"y":0,"curve":"stepped"},{"time":2.4,"x":0,"y":0}],"scale":[{"time":0,"x":1,"y":1,"curve":"stepped"},{"time":2.4,"x":1,"y":1}],"shear":[{"time":0,"x":0,"y":0,"curve":"stepped"},{"time":2.4,"x":0,"y":0}]},"dzpk_mtthdrkpuke2":{"rotate":[{"time":0,"angle":0,"curve":"stepped"},{"time":2.4,"angle":0}],"translate":[{"time":0,"x":-0.62,"y":0.39,"curve":[0.25,0,0.75,1]},{"time":0.4,"x":0,"y":0,"curve":[0.25,0,0.75,1]},{"time":1.6,"x":-2.18,"y":1.38,"curve":[0.25,0,0.75,1]},{"time":2.4,"x":-0.62,"y":0.39}],"scale":[{"time":0,"x":1,"y":0.952,"curve":[0.25,0,0.75,1]},{"time":0.6,"x":1,"y":1,"curve":[0.25,0,0.75,1]},{"time":1.8,"x":1,"y":0.904,"curve":[0.25,0,0.75,1]},{"time":2.4,"x":1,"y":0.952}],"shear":[{"time":0,"x":0,"y":0,"curve":"stepped"},{"time":2.4,"x":0,"y":0}]},"dzpk_mtthdrkpuke1":{"rotate":[{"time":0,"angle":0,"curve":"stepped"},{"time":2.4,"angle":0}],"translate":[{"time":0,"x":0.17,"y":0.18,"curve":[0.25,0,0.75,1]},{"time":0.2,"x":0,"y":0,"curve":[0.25,0,0.75,1]},{"time":1.4,"x":1.78,"y":1.87,"curve":[0.25,0,0.75,1]},{"time":2.4,"x":0.17,"y":0.18}],"scale":[{"time":0,"x":1,"y":1.03,"curve":[0.25,0,0.75,1]},{"time":0.4,"x":1,"y":1,"curve":[0.25,0,0.75,1]},{"time":1.6,"x":1,"y":1.104,"curve":[0.25,0,0.75,1]},{"time":2.4,"x":1,"y":1.03}],"shear":[{"time":0,"x":0,"y":0,"curve":"stepped"},{"time":2.4,"x":0,"y":0}]}}}}}