{"skeleton":{"hash":"JRAvbhca0b3ysPBLFPkHyZ7OH3Q","spine":"3.6.37","width":1333,"height":750,"images":"./images/"},"bones":[{"name":"root"},{"name":"hip","parent":"root"},{"name":"tjcs_hbtips","parent":"hip"},{"name":"sd_xd3","parent":"tjcs_hbtips","rotation":113.98,"x":-3.87,"y":6.45,"scaleX":0.25,"scaleY":0.25},{"name":"sd_xd4","parent":"tjcs_hbtips","rotation":56.04,"x":20.12,"y":-19.65,"scaleX":0.25,"scaleY":0.25},{"name":"sd_xd5","parent":"tjcs_hbtips","rotation":153.18,"x":20.27,"y":23.27,"scaleX":0.25,"scaleY":0.25},{"name":"sd_xd6","parent":"tjcs_hbtips","rotation":103.05,"x":-20.79,"y":24.83,"scaleX":0.25,"scaleY":0.25},{"name":"sd_xd7","parent":"tjcs_hbtips","rotation":153.18,"x":6.64,"y":-12.11,"scaleX":0.25,"scaleY":0.25},{"name":"sd_xd8","parent":"tjcs_hbtips","rotation":103.05,"x":6.79,"y":23.8,"scaleX":0.25,"scaleY":0.25},{"name":"sd_xd9","parent":"tjcs_hbtips","rotation":143.21,"x":-16.24,"y":-20.19,"scaleX":0.25,"scaleY":0.25},{"name":"sd_xd10","parent":"tjcs_hbtips","rotation":-163.8,"x":-9.04,"y":20.29,"scaleX":0.25,"scaleY":0.25},{"name":"sd_xd11","parent":"tjcs_hbtips","rotation":143.21,"x":-15.03,"y":1.95,"scaleX":0.25,"scaleY":0.25},{"name":"sd_xd12","parent":"tjcs_hbtips","rotation":153.18,"x":16.2,"y":-0.73,"scaleX":0.25,"scaleY":0.25}],"slots":[{"name":"bg.jpg","bone":"root"},{"name":"tjcs_hbtips","bone":"tjcs_hbtips","attachment":"tjcs_hbtips"},{"name":"sd_xd3","bone":"sd_xd3","attachment":"sd_xd1","blend":"additive"},{"name":"sd_xd5","bone":"sd_xd5","attachment":"sd_xd1","blend":"additive"},{"name":"sd_xd10","bone":"sd_xd10","attachment":"sd_xd1","blend":"additive"},{"name":"sd_xd7","bone":"sd_xd7","attachment":"sd_xd1","blend":"additive"},{"name":"sd_xd12","bone":"sd_xd12","attachment":"sd_xd1","blend":"additive"},{"name":"sd_xd4","bone":"sd_xd4","attachment":"sd_xd2","blend":"additive"},{"name":"sd_xd6","bone":"sd_xd6","attachment":"sd_xd2","blend":"additive"},{"name":"sd_xd8","bone":"sd_xd8","attachment":"sd_xd2","blend":"additive"},{"name":"sd_xd9","bone":"sd_xd9","attachment":"sd_xd2","blend":"additive"},{"name":"sd_xd11","bone":"sd_xd11","attachment":"sd_xd2","blend":"additive"}],"skins":{"default":{"sd_xd10":{"sd_xd1":{"width":19,"height":19}},"sd_xd11":{"sd_xd2":{"width":17,"height":17}},"sd_xd12":{"sd_xd1":{"width":19,"height":19}},"sd_xd3":{"sd_xd1":{"width":19,"height":19}},"sd_xd4":{"sd_xd2":{"width":17,"height":17}},"sd_xd5":{"sd_xd1":{"width":19,"height":19}},"sd_xd6":{"sd_xd2":{"width":17,"height":17}},"sd_xd7":{"sd_xd1":{"width":19,"height":19}},"sd_xd8":{"sd_xd2":{"width":17,"height":17}},"sd_xd9":{"sd_xd2":{"width":17,"height":17}},"tjcs_hbtips":{"tjcs_hbtips":{"width":55,"height":60}}}},"animations":{"animation":{"slots":{"sd_xd3":{"color":[{"time":0,"color":"ffffff00"},{"time":0.2667,"color":"fffffffe"},{"time":0.6,"color":"ffffff00","curve":"stepped"},{"time":0.7667,"color":"ffffff00"},{"time":0.8,"color":"fffffffe"},{"time":1.2667,"color":"ffffff00"},{"time":1.3,"color":"fffffffe"},{"time":1.9333,"color":"ffffff00","curve":"stepped"},{"time":2.2667,"color":"ffffff00"}]},"sd_xd4":{"color":[{"time":0,"color":"ffffff1a","curve":"stepped"},{"time":0.2667,"color":"ffffff1a"},{"time":0.3,"color":"ffffff00"},{"time":0.4667,"color":"fffffffe"},{"time":0.7667,"color":"ffffff1a"},{"time":0.8333,"color":"ffffff00"},{"time":1.2,"color":"fffffffe"},{"time":1.2667,"color":"ffffff1a"},{"time":1.3333,"color":"ffffff00"},{"time":1.7,"color":"fffffffe"},{"time":2.2667,"color":"ffffff1a"}]},"sd_xd5":{"color":[{"time":0,"color":"ffffff00","curve":"stepped"},{"time":0.2667,"color":"ffffff00"},{"time":0.3667,"color":"fffffffe"},{"time":0.6667,"color":"ffffff00","curve":"stepped"},{"time":0.7667,"color":"ffffff00"},{"time":0.9667,"color":"fffffffe"},{"time":1.2667,"color":"ffffff00"},{"time":1.4667,"color":"fffffffe"},{"time":2.1,"color":"ffffff00","curve":"stepped"},{"time":2.2667,"color":"ffffff00"}]},"sd_xd6":{"color":[{"time":0,"color":"ffffff0c"},{"time":0.2667,"color":"ffffff00"},{"time":0.4667,"color":"fffffffe"},{"time":0.7667,"color":"ffffff0c"},{"time":0.8,"color":"ffffff00"},{"time":1.1667,"color":"fffffffe"},{"time":1.2667,"color":"ffffff0c"},{"time":1.3,"color":"ffffff00"},{"time":1.6667,"color":"fffffffe"},{"time":2.2667,"color":"ffffff0c"}]},"sd_xd7":{"color":[{"time":0,"color":"ffffff42","curve":"stepped"},{"time":0.2667,"color":"ffffff42"},{"time":0.3333,"color":"ffffff00"},{"time":0.5333,"color":"fffffffe"},{"time":0.7667,"color":"ffffff42"},{"time":0.9333,"color":"ffffff00"},{"time":1.2667,"color":"ffffff42"},{"time":1.4333,"color":"ffffff00"},{"time":1.8,"color":"fffffffe"},{"time":2.2667,"color":"ffffff42"}]},"sd_xd8":{"color":[{"time":0,"color":"ffffffe6","curve":"stepped"},{"time":0.2667,"color":"ffffffe6"},{"time":0.6,"color":"ffffff00"},{"time":0.7667,"color":"ffffffe6","curve":"stepped"},{"time":1.2667,"color":"ffffffe6"},{"time":1.9333,"color":"ffffff00"},{"time":2.2667,"color":"ffffffe6"}]},"sd_xd9":{"color":[{"time":0,"color":"ffffffae","curve":"stepped"},{"time":0.2667,"color":"ffffffae"},{"time":0.4667,"color":"ffffff00"},{"time":0.6667,"color":"fffffffe"},{"time":0.7667,"color":"ffffffae"},{"time":1.2,"color":"ffffff00"},{"time":1.2667,"color":"ffffffae"},{"time":1.7,"color":"ffffff00"},{"time":2.0667,"color":"fffffffe"},{"time":2.2667,"color":"ffffffae"}]},"sd_xd10":{"color":[{"time":0,"color":"ffffff72","curve":"stepped"},{"time":0.2667,"color":"ffffff72"},{"time":0.6667,"color":"ffffff00"},{"time":0.7667,"color":"ffffff72","curve":"stepped"},{"time":1.2667,"color":"ffffff72"},{"time":2.1,"color":"ffffff00"},{"time":2.2667,"color":"ffffff72"}]},"sd_xd11":{"color":[{"time":0,"color":"ffffffd6","curve":"stepped"},{"time":0.2667,"color":"ffffffd6"},{"time":0.5333,"color":"ffffff00"},{"time":0.6667,"color":"fffffffe"},{"time":0.7667,"color":"ffffffd6","curve":"stepped"},{"time":1.2667,"color":"ffffffd6"},{"time":1.8,"color":"ffffff00"},{"time":2.1667,"color":"fffffffe"},{"time":2.2667,"color":"ffffffd6"}]},"sd_xd12":{"color":[{"time":0,"color":"ffffffd0","curve":"stepped"},{"time":0.2667,"color":"ffffffd0"},{"time":0.6,"color":"ffffff00"},{"time":0.7667,"color":"ffffffd0","curve":"stepped"},{"time":1.2667,"color":"ffffffd0"},{"time":1.9667,"color":"ffffff00"},{"time":2.2667,"color":"ffffffd0"}]},"tjcs_hbtips":{"color":[{"time":0,"color":"fffffffe","curve":"stepped"},{"time":0.2667,"color":"fffffffe","curve":"stepped"},{"time":1.2667,"color":"fffffffe"}]}},"bones":{"tjcs_hbtips":{"rotate":[{"time":0,"angle":0,"curve":"stepped"},{"time":0.2667,"angle":0,"curve":"stepped"},{"time":0.6667,"angle":0,"curve":"stepped"},{"time":1.2667,"angle":0,"curve":"stepped"},{"time":2.2667,"angle":0}],"translate":[{"time":0,"x":0,"y":0,"curve":"stepped"},{"time":0.2667,"x":0,"y":0,"curve":"stepped"},{"time":0.6667,"x":0,"y":0,"curve":"stepped"},{"time":1.2667,"x":0,"y":0,"curve":"stepped"},{"time":2.2667,"x":0,"y":0}],"scale":[{"time":0,"x":1,"y":1,"curve":"stepped"},{"time":0.2667,"x":1,"y":1,"curve":"stepped"},{"time":0.6667,"x":1,"y":1,"curve":[0.311,0.8,0.7,1]},{"time":0.7333,"x":1.1,"y":0.9,"curve":[0.311,0.8,0.7,1]},{"time":0.8667,"x":0.95,"y":1.05,"curve":[0.311,0.8,0.7,1]},{"time":1,"x":1.04,"y":0.96,"curve":[0.311,0.8,0.7,1]},{"time":1.1333,"x":1,"y":1,"curve":"stepped"},{"time":1.2667,"x":1,"y":1}],"shear":[{"time":0,"x":0,"y":0,"curve":"stepped"},{"time":0.2667,"x":0,"y":0,"curve":"stepped"},{"time":0.6667,"x":0,"y":0,"curve":"stepped"},{"time":1.2667,"x":0,"y":0,"curve":"stepped"},{"time":2.2667,"x":0,"y":0}]},"sd_xd3":{"rotate":[{"time":0,"angle":0,"curve":"stepped"},{"time":0.2667,"angle":0,"curve":"stepped"},{"time":1.2667,"angle":0}],"translate":[{"time":0,"x":0,"y":0,"curve":"stepped"},{"time":0.2667,"x":0,"y":0,"curve":"stepped"},{"time":1.2667,"x":0,"y":0}],"scale":[{"time":0,"x":1,"y":1,"curve":"stepped"},{"time":0.2667,"x":1,"y":1,"curve":"stepped"},{"time":1.2667,"x":1,"y":1}],"shear":[{"time":0,"x":0,"y":0,"curve":"stepped"},{"time":0.2667,"x":0,"y":0,"curve":"stepped"},{"time":1.2667,"x":0,"y":0}]},"sd_xd4":{"rotate":[{"time":0,"angle":0,"curve":"stepped"},{"time":0.2667,"angle":0,"curve":"stepped"},{"time":1.2667,"angle":0}],"translate":[{"time":0,"x":0,"y":0,"curve":"stepped"},{"time":0.2667,"x":0,"y":0,"curve":"stepped"},{"time":1.2667,"x":0,"y":0}],"scale":[{"time":0,"x":1,"y":1,"curve":"stepped"},{"time":0.2667,"x":1,"y":1,"curve":"stepped"},{"time":1.2667,"x":1,"y":1}],"shear":[{"time":0,"x":0,"y":0,"curve":"stepped"},{"time":0.2667,"x":0,"y":0,"curve":"stepped"},{"time":1.2667,"x":0,"y":0}]},"sd_xd5":{"rotate":[{"time":0,"angle":0,"curve":"stepped"},{"time":0.2667,"angle":0,"curve":"stepped"},{"time":1.2667,"angle":0}],"translate":[{"time":0,"x":0,"y":0,"curve":"stepped"},{"time":0.2667,"x":0,"y":0,"curve":"stepped"},{"time":1.2667,"x":0,"y":0}],"scale":[{"time":0,"x":1,"y":1,"curve":"stepped"},{"time":0.2667,"x":1,"y":1,"curve":"stepped"},{"time":1.2667,"x":1,"y":1}],"shear":[{"time":0,"x":0,"y":0,"curve":"stepped"},{"time":0.2667,"x":0,"y":0,"curve":"stepped"},{"time":1.2667,"x":0,"y":0}]},"sd_xd6":{"rotate":[{"time":0,"angle":0,"curve":"stepped"},{"time":0.2667,"angle":0,"curve":"stepped"},{"time":1.2667,"angle":0}],"translate":[{"time":0,"x":0,"y":0,"curve":"stepped"},{"time":0.2667,"x":0,"y":0,"curve":"stepped"},{"time":1.2667,"x":0,"y":0}],"scale":[{"time":0,"x":1,"y":1,"curve":"stepped"},{"time":0.2667,"x":1,"y":1,"curve":"stepped"},{"time":1.2667,"x":1,"y":1}],"shear":[{"time":0,"x":0,"y":0,"curve":"stepped"},{"time":0.2667,"x":0,"y":0,"curve":"stepped"},{"time":1.2667,"x":0,"y":0}]},"sd_xd7":{"rotate":[{"time":0,"angle":0,"curve":"stepped"},{"time":0.2667,"angle":0,"curve":"stepped"},{"time":1.2667,"angle":0}],"translate":[{"time":0,"x":0,"y":0,"curve":"stepped"},{"time":0.2667,"x":0,"y":0,"curve":"stepped"},{"time":1.2667,"x":0,"y":0}],"scale":[{"time":0,"x":1,"y":1,"curve":"stepped"},{"time":0.2667,"x":1,"y":1,"curve":"stepped"},{"time":1.2667,"x":1,"y":1}],"shear":[{"time":0,"x":0,"y":0,"curve":"stepped"},{"time":0.2667,"x":0,"y":0,"curve":"stepped"},{"time":1.2667,"x":0,"y":0}]},"sd_xd8":{"rotate":[{"time":0,"angle":0,"curve":"stepped"},{"time":0.2667,"angle":0,"curve":"stepped"},{"time":1.2667,"angle":0}],"translate":[{"time":0,"x":0,"y":0,"curve":"stepped"},{"time":0.2667,"x":0,"y":0,"curve":"stepped"},{"time":1.2667,"x":0,"y":0}],"scale":[{"time":0,"x":1,"y":1,"curve":"stepped"},{"time":0.2667,"x":1,"y":1,"curve":"stepped"},{"time":1.2667,"x":1,"y":1}],"shear":[{"time":0,"x":0,"y":0,"curve":"stepped"},{"time":0.2667,"x":0,"y":0,"curve":"stepped"},{"time":1.2667,"x":0,"y":0}]},"sd_xd9":{"rotate":[{"time":0,"angle":0,"curve":"stepped"},{"time":0.2667,"angle":0,"curve":"stepped"},{"time":1.2667,"angle":0}],"translate":[{"time":0,"x":0,"y":0,"curve":"stepped"},{"time":0.2667,"x":0,"y":0,"curve":"stepped"},{"time":1.2667,"x":0,"y":0}],"scale":[{"time":0,"x":1,"y":1,"curve":"stepped"},{"time":0.2667,"x":1,"y":1,"curve":"stepped"},{"time":1.2667,"x":1,"y":1}],"shear":[{"time":0,"x":0,"y":0,"curve":"stepped"},{"time":0.2667,"x":0,"y":0,"curve":"stepped"},{"time":1.2667,"x":0,"y":0}]},"sd_xd10":{"rotate":[{"time":0,"angle":0,"curve":"stepped"},{"time":0.2667,"angle":0,"curve":"stepped"},{"time":1.2667,"angle":0}],"translate":[{"time":0,"x":0,"y":0,"curve":"stepped"},{"time":0.2667,"x":0,"y":0,"curve":"stepped"},{"time":1.2667,"x":0,"y":0}],"scale":[{"time":0,"x":1,"y":1,"curve":"stepped"},{"time":0.2667,"x":1,"y":1,"curve":"stepped"},{"time":1.2667,"x":1,"y":1}],"shear":[{"time":0,"x":0,"y":0,"curve":"stepped"},{"time":0.2667,"x":0,"y":0,"curve":"stepped"},{"time":1.2667,"x":0,"y":0}]},"sd_xd11":{"rotate":[{"time":0,"angle":0,"curve":"stepped"},{"time":0.2667,"angle":0,"curve":"stepped"},{"time":1.2667,"angle":0}],"translate":[{"time":0,"x":0,"y":0,"curve":"stepped"},{"time":0.2667,"x":0,"y":0,"curve":"stepped"},{"time":1.2667,"x":0,"y":0}],"scale":[{"time":0,"x":1,"y":1,"curve":"stepped"},{"time":0.2667,"x":1,"y":1,"curve":"stepped"},{"time":1.2667,"x":1,"y":1}],"shear":[{"time":0,"x":0,"y":0,"curve":"stepped"},{"time":0.2667,"x":0,"y":0,"curve":"stepped"},{"time":1.2667,"x":0,"y":0}]},"sd_xd12":{"rotate":[{"time":0,"angle":0,"curve":"stepped"},{"time":0.2667,"angle":0,"curve":"stepped"},{"time":1.2667,"angle":0}],"translate":[{"time":0,"x":0,"y":0,"curve":"stepped"},{"time":0.2667,"x":0,"y":0,"curve":"stepped"},{"time":1.2667,"x":0,"y":0}],"scale":[{"time":0,"x":1,"y":1,"curve":"stepped"},{"time":0.2667,"x":1,"y":1,"curve":"stepped"},{"time":1.2667,"x":1,"y":1}],"shear":[{"time":0,"x":0,"y":0,"curve":"stepped"},{"time":0.2667,"x":0,"y":0,"curve":"stepped"},{"time":1.2667,"x":0,"y":0}]},"hip":{"rotate":[{"time":0,"angle":0,"curve":[0.25,0,0.75,1]},{"time":0.0667,"angle":4,"curve":[0.25,0,0.75,1]},{"time":0.1,"angle":-4,"curve":[0.25,0,0.75,1]},{"time":0.1667,"angle":2,"curve":[0.25,0,0.75,1]},{"time":0.2,"angle":-2,"curve":[0.25,0,0.75,1]},{"time":0.2667,"angle":0,"curve":[0.25,0,0.75,1]},{"time":0.3,"angle":4,"curve":[0.25,0,0.75,1]},{"time":0.3667,"angle":-4,"curve":[0.25,0,0.75,1]},{"time":0.4,"angle":2,"curve":[0.25,0,0.75,1]},{"time":0.4667,"angle":-2,"curve":[0.25,0,0.75,1]},{"time":0.5,"angle":0,"curve":"stepped"},{"time":0.6667,"angle":0},{"time":0.7,"angle":2},{"time":0.7667,"angle":-2},{"time":0.8667,"angle":2},{"time":0.9667,"angle":-2},{"time":1.0667,"angle":2},{"time":1.1667,"angle":-2},{"time":1.2667,"angle":0,"curve":"stepped"},{"time":2.2667,"angle":0}],"translate":[{"time":0,"x":0,"y":0,"curve":"stepped"},{"time":0.2667,"x":0,"y":0,"curve":"stepped"},{"time":0.7,"x":0,"y":0,"curve":"stepped"},{"time":1.2667,"x":0,"y":0,"curve":"stepped"},{"time":2.2667,"x":0,"y":0}],"scale":[{"time":0,"x":1,"y":1,"curve":"stepped"},{"time":0.2667,"x":1,"y":1,"curve":"stepped"},{"time":0.7,"x":1,"y":1,"curve":"stepped"},{"time":1.2667,"x":1,"y":1,"curve":"stepped"},{"time":2.2667,"x":1,"y":1}],"shear":[{"time":0,"x":0,"y":0,"curve":"stepped"},{"time":0.2667,"x":0,"y":0,"curve":"stepped"},{"time":0.7,"x":0,"y":0,"curve":"stepped"},{"time":1.2667,"x":0,"y":0,"curve":"stepped"},{"time":2.2667,"x":0,"y":0}]},"root":{"rotate":[{"time":0,"angle":0,"curve":"stepped"},{"time":0.2667,"angle":0,"curve":"stepped"},{"time":1.2667,"angle":0}],"translate":[{"time":0,"x":0,"y":0,"curve":"stepped"},{"time":0.2667,"x":0,"y":0,"curve":"stepped"},{"time":1.2667,"x":0,"y":0}],"scale":[{"time":0,"x":1,"y":1,"curve":"stepped"},{"time":0.2667,"x":1,"y":1,"curve":"stepped"},{"time":1.2667,"x":1,"y":1}],"shear":[{"time":0,"x":0,"y":0,"curve":"stepped"},{"time":0.2667,"x":0,"y":0,"curve":"stepped"},{"time":1.2667,"x":0,"y":0}]}}}}}