{"skeleton":{"hash":"FbQtTO7BU5mmty1Td+QEQcr7J7M","spine":"3.6.37","width":1100,"height":787.4,"images":"./images/"},"bones":[{"name":"root"},{"name":"hip","parent":"root"},{"name":"dayuanguang","parent":"hip"},{"name":"gxhd_baodian","parent":"root","y":121.87},{"name":"gxhd_baodian2","parent":"root","y":121.87},{"name":"gxhd_baodian3","parent":"root","y":121.87},{"name":"gxhd_baodian4","parent":"root","y":121.87},{"name":"gxhd_guangxiaobg","parent":"hip"},{"name":"gxhd_lizi1","parent":"hip"},{"name":"gxhd_sd","parent":"hip","y":209.75},{"name":"gxhd_zhakai","parent":"root"},{"name":"gxhd_zhakai2","parent":"root","y":122.4},{"name":"gxhdtext","parent":"gxhd_sd","y":0.05},{"name":"huangguan","parent":"hip","x":-2.46,"y":282.2},{"name":"huanledou","parent":"hip","length":151.97,"rotation":90,"y":-23.18},{"name":"wing1","parent":"hip","length":153.76,"rotation":36.8,"x":216.51,"y":193.57},{"name":"wing2","parent":"hip","length":163.32,"rotation":146.21,"x":-210.11,"y":197.61},{"name":"wing3","parent":"hip","length":163.32,"rotation":146.21,"x":-210.11,"y":197.61,"scaleX":1.562,"scaleY":1.961},{"name":"wing4","parent":"hip","length":153.76,"rotation":36.8,"x":216.51,"y":193.57,"scaleX":1.562,"scaleY":1.961},{"name":"wing5","parent":"hip","length":163.32,"rotation":146.21,"x":-210.11,"y":197.61,"scaleX":1.562,"scaleY":1.961},{"name":"wing6","parent":"hip","length":153.76,"rotation":36.8,"x":216.51,"y":193.57,"scaleX":1.562,"scaleY":1.961},{"name":"xingdian","parent":"hip","y":-194.74,"scaleX":8,"scaleY":0.147},{"name":"xuanzhuanguang","parent":"hip","x":3.92,"y":31.4}],"slots":[{"name":"wing6","bone":"wing6","color":"ffffff3f","attachment":"gxhd_wing1"},{"name":"wing5","bone":"wing5","color":"ffffff3f","attachment":"gxhd_wing2"},{"name":"wing4","bone":"wing4","color":"ffffff3f","attachment":"gxhd_wing1"},{"name":"wing3","bone":"wing3","color":"ffffff3f","attachment":"gxhd_wing2"},{"name":"gxhd_baodian3","bone":"gxhd_baodian3","attachment":"gxhd_baodian","blend":"screen"},{"name":"gxhd_baodian4","bone":"gxhd_baodian4","attachment":"gxhd_baodian","blend":"screen"},{"name":"wing1","bone":"wing1","attachment":"gxhd_wing1"},{"name":"wing2","bone":"wing2","attachment":"gxhd_wing2"},{"name":"gxhd_zhakai","bone":"gxhd_zhakai","attachment":"gxhd_zhakai"},{"name":"gxhd_zhakai2","bone":"gxhd_zhakai2","attachment":"gxhd_zhakai"},{"name":"xuanzhuanguang","bone":"xuanzhuanguang","attachment":"xuanzhuanguang"},{"name":"gxhd_guangxiaobg","bone":"gxhd_guangxiaobg","attachment":"gxhd_guangxiaobg"},{"name":"gxhd_lizi1","bone":"gxhd_lizi1","attachment":"gxhd_lizi1","blend":"additive"},{"name":"gxhd_sd","bone":"gxhd_sd","attachment":"gxhd_sd"},{"name":"huangguan","bone":"huangguan","attachment":"huangguan"},{"name":"gxhdtext","bone":"gxhdtext","attachment":"gxhdtext"},{"name":"huanledou","bone":"huanledou","attachment":"huanledou"},{"name":"dayuanguang","bone":"dayuanguang","blend":"additive"},{"name":"xingdian","bone":"xingdian","attachment":"xingdian","blend":"additive"},{"name":"gxhd_baodian","bone":"gxhd_baodian","attachment":"gxhd_baodian","blend":"screen"},{"name":"gxhd_baodian2","bone":"gxhd_baodian2","attachment":"gxhd_baodian","blend":"screen"}],"skins":{"default":{"gxhd_baodian":{"gxhd_baodian":{"scaleX":4,"scaleY":4,"width":128,"height":128}},"gxhd_baodian2":{"gxhd_baodian":{"scaleX":4,"scaleY":4,"width":128,"height":128}},"gxhd_baodian3":{"gxhd_baodian":{"scaleX":4,"scaleY":4,"width":128,"height":128}},"gxhd_baodian4":{"gxhd_baodian":{"scaleX":4,"scaleY":4,"width":128,"height":128}},"gxhd_guangxiaobg":{"gxhd_guangxiaobg":{"scaleX":4,"scaleY":4,"width":275,"height":187}},"gxhd_lizi1":{"gxhd_lizi1":{"y":76.8,"scaleX":2,"scaleY":2,"width":186,"height":164}},"gxhd_sd":{"gxhd_sd":{"y":-18.16,"width":646,"height":134}},"gxhd_zhakai":{"gxhd_zhakai":{"scaleX":4,"scaleY":4,"width":64,"height":64}},"gxhd_zhakai2":{"gxhd_zhakai":{"scaleX":4,"scaleY":4,"width":64,"height":64}},"gxhdtext":{"gxhdtext":{"x":3.67,"y":-0.81,"width":227,"height":56}},"huangguan":{"huangguan":{"x":0.8,"y":14.84,"width":115,"height":73}},"huanledou":{"huanledou":{"x":32.66,"y":-2.4,"rotation":-90,"width":189,"height":179}},"wing1":{"gxhd_wing1":{"x":68.53,"y":4,"rotation":-36.8,"width":154,"height":118}},"wing2":{"gxhd_wing2":{"x":72.34,"y":-0.82,"rotation":-146.21,"width":154,"height":118}},"wing3":{"gxhd_wing2":{"x":72.34,"y":-0.82,"rotation":-146.21,"width":154,"height":118}},"wing4":{"gxhd_wing1":{"x":68.53,"y":4,"rotation":-36.8,"width":154,"height":118}},"wing5":{"gxhd_wing2":{"x":72.34,"y":-0.82,"rotation":-146.21,"width":154,"height":118}},"wing6":{"gxhd_wing1":{"x":68.53,"y":4,"rotation":-36.8,"width":154,"height":118}},"xingdian":{"xingdian":{"width":114,"height":114}},"xuanzhuanguang":{"xuanzhuanguang":{"scaleX":4,"scaleY":4,"width":191,"height":191}}}},"animations":{"idle":{"slots":{"dayuanguang":{"color":[{"time":0,"color":"ffffff00","curve":[0.25,0,0.75,1]},{"time":1,"color":"fffffffe","curve":[0.25,0,0.75,1]},{"time":2,"color":"ffffff00","curve":[0.25,0,0.75,1]},{"time":3,"color":"fffffffe","curve":[0.25,0,0.75,1]},{"time":4,"color":"ffffff00"}]},"gxhd_baodian":{"color":[{"time":0,"color":"ffe74f00","curve":"stepped"},{"time":2,"color":"ffe74f00","curve":"stepped"},{"time":4,"color":"ffe74f00"}]},"gxhd_baodian2":{"color":[{"time":0,"color":"ffffff00","curve":"stepped"},{"time":1.3,"color":"ffffff00","curve":"stepped"},{"time":2,"color":"ffffff00","curve":"stepped"},{"time":3.3,"color":"ffffff00","curve":"stepped"},{"time":4,"color":"ffffff00"}]},"gxhd_baodian3":{"color":[{"time":0,"color":"ffffff00","curve":[0.25,0,0.75,1]},{"time":1.4667,"color":"ffe74f00","curve":[0.25,0,0.75,1]},{"time":2,"color":"ffffff00","curve":[0.25,0,0.75,1]},{"time":3.4667,"color":"ffe74f00","curve":[0.25,0,0.75,1]},{"time":4,"color":"ffffff00"}]},"gxhd_baodian4":{"color":[{"time":0,"color":"ffffff00","curve":[0.25,0,0.75,1]},{"time":1.6,"color":"ffe74f00","curve":[0.25,0,0.75,1]},{"time":2,"color":"ffffff00","curve":[0.25,0,0.75,1]},{"time":3.6,"color":"ffe74f00","curve":[0.25,0,0.75,1]},{"time":4,"color":"ffffff00"}]},"gxhd_lizi1":{"color":[{"time":0,"color":"ffffff00","curve":[0.25,0,0.75,1]},{"time":1,"color":"ffffff24","curve":[0.25,0,0.75,1]},{"time":2,"color":"ffffff00","curve":[0.25,0,0.75,1]},{"time":3,"color":"ffffff24","curve":[0.25,0,0.75,1]},{"time":4,"color":"ffffff00"}]},"gxhd_zhakai":{"color":[{"time":0,"color":"ffffff00","curve":"stepped"},{"time":2,"color":"ffffff00","curve":"stepped"},{"time":4,"color":"ffffff00"}]},"gxhd_zhakai2":{"color":[{"time":0,"color":"ffffff00","curve":[0.25,0,0.75,1]},{"time":1.7,"color":"ffe6ce00","curve":[0.25,0,0.75,1]},{"time":2,"color":"ffffff00","curve":[0.25,0,0.75,1]},{"time":3.7,"color":"ffe6ce00","curve":[0.25,0,0.75,1]},{"time":4,"color":"ffffff00"}]},"wing5":{"color":[{"time":0,"color":"ffffff00","curve":"stepped"},{"time":2,"color":"ffffff00","curve":"stepped"},{"time":4,"color":"ffffff00"}]},"wing6":{"color":[{"time":0,"color":"ffffff00","curve":"stepped"},{"time":2,"color":"ffffff00","curve":"stepped"},{"time":4,"color":"ffffff00"}]},"xingdian":{"color":[{"time":0,"color":"ffffff00","curve":[0.25,0,0.75,1]},{"time":1,"color":"fffffffe","curve":[0.25,0,0.75,1]},{"time":2,"color":"ffffff00","curve":[0.25,0,0.75,1]},{"time":3,"color":"fffffffe","curve":[0.25,0,0.75,1]},{"time":4,"color":"ffffff00"}]}},"bones":{"xuanzhuanguang":{"rotate":[{"time":0,"angle":0},{"time":1,"angle":-90},{"time":2,"angle":-180},{"time":3,"angle":90},{"time":4,"angle":0}],"translate":[{"time":0,"x":0,"y":0,"curve":"stepped"},{"time":4,"x":0,"y":0}],"scale":[{"time":0,"x":1,"y":1,"curve":"stepped"},{"time":4,"x":1,"y":1}]},"dayuanguang":{"rotate":[{"time":0,"angle":0,"curve":"stepped"},{"time":2,"angle":0,"curve":"stepped"},{"time":4,"angle":0}],"translate":[{"time":0,"x":0,"y":0,"curve":"stepped"},{"time":2,"x":0,"y":0,"curve":"stepped"},{"time":4,"x":0,"y":0}],"scale":[{"time":0,"x":1,"y":1,"curve":"stepped"},{"time":2,"x":1,"y":1,"curve":"stepped"},{"time":4,"x":1,"y":1}]},"gxhd_lizi1":{"rotate":[{"time":0,"angle":0,"curve":"stepped"},{"time":2,"angle":0,"curve":"stepped"},{"time":4,"angle":0}],"translate":[{"time":0,"x":0,"y":0,"curve":"stepped"},{"time":2,"x":0,"y":0,"curve":"stepped"},{"time":4,"x":0,"y":0}],"scale":[{"time":0,"x":1,"y":1,"curve":"stepped"},{"time":2,"x":1,"y":1,"curve":"stepped"},{"time":4,"x":1,"y":1}]},"xingdian":{"rotate":[{"time":0,"angle":0,"curve":"stepped"},{"time":2,"angle":0,"curve":"stepped"},{"time":4,"angle":0}],"translate":[{"time":0,"x":0,"y":0,"curve":"stepped"},{"time":2,"x":0,"y":0,"curve":"stepped"},{"time":4,"x":0,"y":0}],"scale":[{"time":0,"x":1,"y":1,"curve":[0.25,0,0.75,1]},{"time":1,"x":2.286,"y":1,"curve":[0.25,0,0.75,1]},{"time":2,"x":1,"y":1,"curve":[0.25,0,0.75,1]},{"time":3,"x":2.286,"y":1,"curve":[0.25,0,0.75,1]},{"time":4,"x":1,"y":1}]},"gxhd_zhakai":{"rotate":[{"time":0,"angle":0,"curve":"stepped"},{"time":2,"angle":0,"curve":"stepped"},{"time":4,"angle":0}],"translate":[{"time":0,"x":0,"y":0,"curve":"stepped"},{"time":2,"x":0,"y":0,"curve":"stepped"},{"time":4,"x":0,"y":0}],"scale":[{"time":0,"x":20,"y":20,"curve":"stepped"},{"time":2,"x":20,"y":20,"curve":"stepped"},{"time":4,"x":20,"y":20}]},"hip":{"rotate":[{"time":0,"angle":0,"curve":"stepped"},{"time":2,"angle":0,"curve":"stepped"},{"time":4,"angle":0}],"translate":[{"time":0,"x":0,"y":0,"curve":"stepped"},{"time":2,"x":0,"y":0,"curve":"stepped"},{"time":4,"x":0,"y":0}],"scale":[{"time":0,"x":1,"y":1,"curve":"stepped"},{"time":2,"x":1,"y":1,"curve":"stepped"},{"time":4,"x":1,"y":1}]},"root":{"rotate":[{"time":0,"angle":0,"curve":"stepped"},{"time":2,"angle":0,"curve":"stepped"},{"time":4,"angle":0}],"translate":[{"time":0,"x":0,"y":0,"curve":"stepped"},{"time":2,"x":0,"y":0,"curve":"stepped"},{"time":4,"x":0,"y":0}],"scale":[{"time":0,"x":1,"y":1,"curve":"stepped"},{"time":2,"x":1,"y":1,"curve":"stepped"},{"time":4,"x":1,"y":1}]},"gxhd_guangxiaobg":{"rotate":[{"time":0,"angle":0,"curve":"stepped"},{"time":2,"angle":0,"curve":"stepped"},{"time":4,"angle":0}],"translate":[{"time":0,"x":0,"y":0,"curve":"stepped"},{"time":2,"x":0,"y":0,"curve":"stepped"},{"time":4,"x":0,"y":0}],"scale":[{"time":0,"x":1,"y":1,"curve":"stepped"},{"time":2,"x":1,"y":1,"curve":"stepped"},{"time":4,"x":1,"y":1}]},"gxhd_sd":{"rotate":[{"time":0,"angle":0,"curve":"stepped"},{"time":2,"angle":0,"curve":"stepped"},{"time":4,"angle":0}],"translate":[{"time":0,"x":0,"y":0,"curve":"stepped"},{"time":2,"x":0,"y":0,"curve":"stepped"},{"time":4,"x":0,"y":0}],"scale":[{"time":0,"x":1,"y":1,"curve":"stepped"},{"time":2,"x":1,"y":1,"curve":"stepped"},{"time":4,"x":1,"y":1}]},"huangguan":{"rotate":[{"time":0,"angle":0,"curve":"stepped"},{"time":2,"angle":0,"curve":"stepped"},{"time":4,"angle":0}],"translate":[{"time":0,"x":0,"y":-3.8,"curve":[0.25,0,0.75,1]},{"time":2,"x":0,"y":7.27,"curve":[0.25,0,0.75,1]},{"time":4,"x":0,"y":-3.8}],"scale":[{"time":0,"x":1,"y":1,"curve":"stepped"},{"time":2,"x":1,"y":1,"curve":"stepped"},{"time":4,"x":1,"y":1}]},"huanledou":{"rotate":[{"time":0,"angle":0,"curve":"stepped"},{"time":2,"angle":0,"curve":"stepped"},{"time":4,"angle":0}],"translate":[{"time":0,"x":0,"y":0,"curve":"stepped"},{"time":2,"x":0,"y":0,"curve":"stepped"},{"time":4,"x":0,"y":0}],"scale":[{"time":0,"x":1,"y":1,"curve":"stepped"},{"time":2,"x":1,"y":1,"curve":"stepped"},{"time":4,"x":1,"y":1}]},"wing1":{"rotate":[{"time":0,"angle":0,"curve":[0.25,0,0.75,1]},{"time":1,"angle":-4.61,"curve":[0.25,0,0.75,1]},{"time":2,"angle":12.22,"curve":[0.25,0,0.75,1]},{"time":3,"angle":-4.61,"curve":[0.25,0,0.75,1]},{"time":4,"angle":0}],"translate":[{"time":0,"x":0,"y":0,"curve":"stepped"},{"time":2,"x":0,"y":0,"curve":"stepped"},{"time":4,"x":0,"y":0}],"scale":[{"time":0,"x":1,"y":1,"curve":"stepped"},{"time":2,"x":1,"y":1,"curve":"stepped"},{"time":4,"x":1,"y":1}]},"wing2":{"rotate":[{"time":0,"angle":0,"curve":[0.25,0,0.75,1]},{"time":1,"angle":4.61,"curve":[0.25,0,0.75,1]},{"time":2,"angle":-12.22,"curve":[0.25,0,0.75,1]},{"time":3,"angle":4.61,"curve":[0.25,0,0.75,1]},{"time":4,"angle":0}],"translate":[{"time":0,"x":0,"y":0,"curve":"stepped"},{"time":2,"x":0,"y":0,"curve":"stepped"},{"time":4,"x":0,"y":0}],"scale":[{"time":0,"x":1,"y":1,"curve":"stepped"},{"time":2,"x":1,"y":1,"curve":"stepped"},{"time":4,"x":1,"y":1}]},"gxhdtext":{"rotate":[{"time":0,"angle":0,"curve":"stepped"},{"time":2,"angle":0,"curve":"stepped"},{"time":4,"angle":0}],"translate":[{"time":0,"x":0,"y":0,"curve":"stepped"},{"time":2,"x":0,"y":0,"curve":"stepped"},{"time":4,"x":0,"y":0}],"scale":[{"time":0,"x":1,"y":1,"curve":"stepped"},{"time":2,"x":1,"y":1,"curve":"stepped"},{"time":4,"x":1,"y":1}]},"gxhd_baodian":{"rotate":[{"time":0,"angle":0,"curve":"stepped"},{"time":2,"angle":0,"curve":"stepped"},{"time":4,"angle":0}],"translate":[{"time":0,"x":0,"y":0,"curve":"stepped"},{"time":2,"x":0,"y":0,"curve":"stepped"},{"time":4,"x":0,"y":0}],"scale":[{"time":0,"x":1,"y":1,"curve":[0.25,0,0.75,1]},{"time":2,"x":8.506,"y":8.506,"curve":[0.25,0,0.75,1]},{"time":4,"x":1,"y":1}]},"gxhd_zhakai2":{"rotate":[{"time":0,"angle":0,"curve":"stepped"},{"time":2,"angle":0,"curve":"stepped"},{"time":4,"angle":0}],"translate":[{"time":0,"x":0,"y":0,"curve":"stepped"},{"time":2,"x":0,"y":0,"curve":"stepped"},{"time":4,"x":0,"y":0}],"scale":[{"time":0,"x":7.378,"y":7.378,"curve":"stepped"},{"time":2,"x":7.378,"y":7.378,"curve":"stepped"},{"time":4,"x":7.378,"y":7.378}]},"gxhd_baodian2":{"rotate":[{"time":0,"angle":0,"curve":"stepped"},{"time":2,"angle":0,"curve":"stepped"},{"time":4,"angle":0}],"translate":[{"time":0,"x":0,"y":0,"curve":"stepped"},{"time":2,"x":0,"y":0,"curve":"stepped"},{"time":4,"x":0,"y":0}],"scale":[{"time":0,"x":6.301,"y":6.301,"curve":[0.25,0,0.75,1]},{"time":1.3,"x":6.579,"y":6.579,"curve":[0.25,0,0.75,1]},{"time":2,"x":6.301,"y":6.301,"curve":[0.25,0,0.75,1]},{"time":3.3,"x":6.579,"y":6.579,"curve":[0.25,0,0.75,1]},{"time":4,"x":6.301,"y":6.301}]},"gxhd_baodian3":{"rotate":[{"time":0,"angle":0,"curve":"stepped"},{"time":2,"angle":0,"curve":"stepped"},{"time":4,"angle":0}],"translate":[{"time":0,"x":0,"y":0,"curve":"stepped"},{"time":2,"x":0,"y":0,"curve":"stepped"},{"time":4,"x":0,"y":0}],"scale":[{"time":0,"x":1,"y":1,"curve":[0.25,0,0.75,1]},{"time":1.4667,"x":3.72,"y":3.72,"curve":[0.25,0,0.75,1]},{"time":2,"x":3.345,"y":3.345,"curve":[0.25,0,0.75,1]},{"time":3.4667,"x":3.72,"y":3.72,"curve":[0.25,0,0.75,1]},{"time":4,"x":1,"y":1}]},"gxhd_baodian4":{"rotate":[{"time":0,"angle":0,"curve":"stepped"},{"time":2,"angle":0,"curve":"stepped"},{"time":4,"angle":0}],"translate":[{"time":0,"x":0,"y":0,"curve":"stepped"},{"time":2,"x":0,"y":0,"curve":"stepped"},{"time":4,"x":0,"y":0}],"scale":[{"time":0,"x":2.855,"y":2.855,"curve":[0.25,0,0.75,1]},{"time":1.6,"x":3.751,"y":3.751,"curve":[0.25,0,0.75,1]},{"time":2,"x":2.855,"y":2.855,"curve":[0.25,0,0.75,1]},{"time":3.6,"x":3.751,"y":3.751,"curve":[0.25,0,0.75,1]},{"time":4,"x":2.855,"y":2.855}]},"wing4":{"rotate":[{"time":0,"angle":0,"curve":"stepped"},{"time":2,"angle":0,"curve":"stepped"},{"time":4,"angle":0}],"translate":[{"time":0,"x":0,"y":0,"curve":"stepped"},{"time":2,"x":0,"y":0,"curve":"stepped"},{"time":4,"x":0,"y":0}],"scale":[{"time":0,"x":1,"y":1,"curve":"stepped"},{"time":2,"x":1,"y":1,"curve":"stepped"},{"time":4,"x":1,"y":1}]},"wing3":{"rotate":[{"time":0,"angle":0,"curve":"stepped"},{"time":2,"angle":0,"curve":"stepped"},{"time":4,"angle":0}],"translate":[{"time":0,"x":0,"y":0,"curve":"stepped"},{"time":2,"x":0,"y":0,"curve":"stepped"},{"time":4,"x":0,"y":0}],"scale":[{"time":0,"x":1,"y":1,"curve":"stepped"},{"time":2,"x":1,"y":1,"curve":"stepped"},{"time":4,"x":1,"y":1}]},"wing6":{"rotate":[{"time":0,"angle":0,"curve":"stepped"},{"time":2,"angle":0,"curve":"stepped"},{"time":4,"angle":0}],"translate":[{"time":0,"x":0,"y":0,"curve":"stepped"},{"time":2,"x":0,"y":0,"curve":"stepped"},{"time":4,"x":0,"y":0}],"scale":[{"time":0,"x":1.477,"y":1.477,"curve":"stepped"},{"time":2,"x":1.477,"y":1.477,"curve":"stepped"},{"time":4,"x":1.477,"y":1.477}]},"wing5":{"rotate":[{"time":0,"angle":0,"curve":"stepped"},{"time":2,"angle":0,"curve":"stepped"},{"time":4,"angle":0}],"translate":[{"time":0,"x":0,"y":0,"curve":"stepped"},{"time":2,"x":0,"y":0,"curve":"stepped"},{"time":4,"x":0,"y":0}],"scale":[{"time":0,"x":1.477,"y":1.477,"curve":"stepped"},{"time":2,"x":1.477,"y":1.477,"curve":"stepped"},{"time":4,"x":1.477,"y":1.477}]}}},"start":{"slots":{"dayuanguang":{"color":[{"time":0,"color":"ffffff00","curve":[0.25,0,0.75,1]},{"time":1,"color":"fffffffe","curve":[0.25,0,0.75,1]},{"time":2,"color":"ffffff00","curve":[0.25,0,0.75,1]},{"time":3,"color":"fffffffe","curve":[0.25,0,0.75,1]},{"time":4,"color":"ffffff00"}]},"gxhd_baodian":{"color":[{"time":0,"color":"ffe74f00","curve":[0.25,0,0.75,1]},{"time":0.3333,"color":"ffe64e22","curve":[0.25,0,0.75,1]},{"time":2,"color":"ffe74f00"}]},"gxhd_baodian2":{"color":[{"time":0,"color":"ffffff00","curve":"stepped"},{"time":0.1,"color":"ffffff00","curve":[0.25,0,0.75,1]},{"time":0.4333,"color":"ffe361fe","curve":[0.25,0,0.75,1]},{"time":2.1,"color":"ffffff00"}]},"gxhd_baodian3":{"color":[{"time":0,"color":"ffffff00","curve":"stepped"},{"time":0.1333,"color":"ffffff00","curve":[0.25,0,0.75,1]},{"time":0.4667,"color":"ffe74ffe","curve":[0.25,0,0.75,1]},{"time":2.1333,"color":"ffe74f00"}]},"gxhd_baodian4":{"color":[{"time":0,"color":"ffe74f00","curve":"stepped"},{"time":0.0333,"color":"ffe74f00","curve":[0.25,0,0.75,1]},{"time":0.3667,"color":"ffe64e4a","curve":[0.25,0,0.75,1]},{"time":1.4333,"color":"ffe74f00"}]},"gxhd_lizi1":{"color":[{"time":0,"color":"ffffff00","curve":[0.25,0,0.75,1]},{"time":1,"color":"fffffffe","curve":[0.25,0,0.75,1]},{"time":2,"color":"ffffff00","curve":[0.25,0,0.75,1]},{"time":3,"color":"fffffffe","curve":[0.25,0,0.75,1]},{"time":4,"color":"ffffff00"}]},"gxhd_zhakai":{"color":[{"time":0,"color":"ffffff00","curve":"stepped"},{"time":0.3333,"color":"ffffff00","curve":[0.25,0,0.75,1]},{"time":0.6667,"color":"fffffffe","curve":[0.25,0,0.75,1]},{"time":1.3333,"color":"ffffff00"}]},"gxhd_zhakai2":{"color":[{"time":0,"color":"ffe6ce00","curve":[0.25,0,0.75,1]},{"time":0.3333,"color":"ffe6cefe","curve":[0.25,0,0.75,1]},{"time":1.3333,"color":"ffe6ce4a","curve":[0.25,0,0.75,1]},{"time":2.5,"color":"ffe6ce00"}]},"wing5":{"color":[{"time":0,"color":"ffffff3e","curve":[0.25,0,0.75,1]},{"time":0.6667,"color":"ffffff7a","curve":[0.25,0,0.75,1]},{"time":1.5,"color":"ffffff00"}]},"wing6":{"color":[{"time":0,"color":"ffffff3e","curve":[0.25,0,0.75,1]},{"time":0.6667,"color":"ffffff7a","curve":[0.25,0,0.75,1]},{"time":1.5,"color":"ffffff00"}]},"xingdian":{"color":[{"time":0,"color":"ffffff00","curve":[0.25,0,0.75,1]},{"time":1,"color":"fffffffe","curve":[0.25,0,0.75,1]},{"time":2,"color":"ffffff00","curve":[0.25,0,0.75,1]},{"time":3,"color":"fffffffe","curve":[0.25,0,0.75,1]},{"time":4,"color":"ffffff00"}]}},"bones":{"xuanzhuanguang":{"rotate":[{"time":0,"angle":0},{"time":1,"angle":-90},{"time":2,"angle":-180},{"time":3,"angle":90},{"time":4,"angle":0}],"translate":[{"time":0,"x":0,"y":0,"curve":"stepped"},{"time":4,"x":0,"y":0}],"scale":[{"time":0,"x":1,"y":1,"curve":"stepped"},{"time":4,"x":1,"y":1}]},"dayuanguang":{"rotate":[{"time":0,"angle":0,"curve":"stepped"},{"time":4,"angle":0}],"translate":[{"time":0,"x":0,"y":0,"curve":"stepped"},{"time":4,"x":0,"y":0}],"scale":[{"time":0,"x":1,"y":1,"curve":"stepped"},{"time":4,"x":1,"y":1}]},"gxhd_lizi1":{"rotate":[{"time":0,"angle":0,"curve":"stepped"},{"time":4,"angle":0}],"translate":[{"time":0,"x":0,"y":0,"curve":"stepped"},{"time":4,"x":0,"y":0}],"scale":[{"time":0,"x":1,"y":1,"curve":"stepped"},{"time":4,"x":1,"y":1}]},"xingdian":{"rotate":[{"time":0,"angle":0,"curve":"stepped"},{"time":4,"angle":0}],"translate":[{"time":0,"x":0,"y":0,"curve":"stepped"},{"time":4,"x":0,"y":0}],"scale":[{"time":0,"x":1,"y":1,"curve":[0.25,0,0.75,1]},{"time":1,"x":2.286,"y":1,"curve":[0.25,0,0.75,1]},{"time":2,"x":1,"y":1,"curve":[0.25,0,0.75,1]},{"time":3,"x":2.286,"y":1,"curve":[0.25,0,0.75,1]},{"time":4,"x":1,"y":1}]},"gxhd_zhakai":{"rotate":[{"time":0,"angle":0,"curve":"stepped"},{"time":4,"angle":0}],"translate":[{"time":0,"x":0,"y":0,"curve":"stepped"},{"time":4,"x":0,"y":0}],"scale":[{"time":0,"x":1,"y":1,"curve":[0.25,0,0.75,1]},{"time":0.3333,"x":15,"y":15,"curve":[0.25,0,0.75,1]},{"time":1.3333,"x":20,"y":20,"curve":"stepped"},{"time":4,"x":20,"y":20}]},"hip":{"rotate":[{"time":0,"angle":0,"curve":"stepped"},{"time":4,"angle":0}],"translate":[{"time":0,"x":0,"y":0,"curve":"stepped"},{"time":4,"x":0,"y":0}],"scale":[{"time":0,"x":0.105,"y":0.105,"curve":[0.233,0.79,0.547,1]},{"time":0.2,"x":1.1,"y":1.1,"curve":[0.25,0,0.75,1]},{"time":0.5,"x":0.98,"y":0.98,"curve":[0.25,0,0.75,1]},{"time":1,"x":1,"y":1,"curve":"stepped"},{"time":4,"x":1,"y":1}]},"root":{"rotate":[{"time":0,"angle":0,"curve":"stepped"},{"time":4,"angle":0}],"translate":[{"time":0,"x":0,"y":0,"curve":"stepped"},{"time":4,"x":0,"y":0}],"scale":[{"time":0,"x":1,"y":1,"curve":"stepped"},{"time":4,"x":1,"y":1}]},"gxhd_guangxiaobg":{"rotate":[{"time":0,"angle":0,"curve":"stepped"},{"time":4,"angle":0}],"translate":[{"time":0,"x":0,"y":0,"curve":"stepped"},{"time":4,"x":0,"y":0}],"scale":[{"time":0,"x":1,"y":1,"curve":"stepped"},{"time":4,"x":1,"y":1}]},"gxhd_sd":{"rotate":[{"time":0,"angle":0,"curve":"stepped"},{"time":4,"angle":0}],"translate":[{"time":0,"x":0,"y":0,"curve":"stepped"},{"time":4,"x":0,"y":0}],"scale":[{"time":0,"x":0.802,"y":0.802,"curve":[0.233,0.79,0.547,1]},{"time":0.3,"x":1.1,"y":1.1,"curve":[0.25,0,0.75,1]},{"time":0.4333,"x":0.98,"y":0.98,"curve":[0.25,0,0.75,1]},{"time":0.6,"x":1.01,"y":1.01,"curve":[0.25,0,0.75,1]},{"time":0.8,"x":1,"y":1,"curve":"stepped"},{"time":4,"x":1,"y":1}]},"huangguan":{"rotate":[{"time":0,"angle":0,"curve":"stepped"},{"time":4,"angle":0}],"translate":[{"time":0,"x":0,"y":0,"curve":[0.233,0.79,0.547,1]},{"time":0.2,"x":0,"y":-6.2,"curve":[0.25,0,0.75,1]},{"time":0.5,"x":0,"y":7.27,"curve":[0.25,0,0.75,1]},{"time":0.8667,"x":0,"y":-3.8,"curve":[0.25,0,0.75,1]},{"time":2,"x":0,"y":7.27,"curve":[0.25,0,0.75,1]},{"time":3.3333,"x":0,"y":-3.8,"curve":"stepped"},{"time":4,"x":0,"y":-3.8}],"scale":[{"time":0,"x":0.19,"y":0.19,"curve":[0.233,0.79,0.547,1]},{"time":0.1,"x":0.195,"y":0.127,"curve":[0.25,0,0.75,1]},{"time":0.3667,"x":1.007,"y":1.339,"curve":[0.25,0,0.75,1]},{"time":0.5667,"x":1.006,"y":0.96,"curve":[0.25,0,0.75,1]},{"time":0.7667,"x":1,"y":1,"curve":"stepped"},{"time":4,"x":1,"y":1}]},"huanledou":{"rotate":[{"time":0,"angle":0,"curve":"stepped"},{"time":4,"angle":0}],"translate":[{"time":0,"x":0,"y":0,"curve":"stepped"},{"time":4,"x":0,"y":0}],"scale":[{"time":0,"x":1,"y":1,"curve":"stepped"},{"time":4,"x":1,"y":1}]},"wing1":{"rotate":[{"time":0,"angle":-15,"curve":"stepped"},{"time":0.0333,"angle":-15,"curve":[0.25,0,0.75,1]},{"time":1.2333,"angle":15,"curve":[0.25,0,0.75,1]},{"time":2.5,"angle":-4.61,"curve":[0.25,0,0.75,1]},{"time":4,"angle":0}],"translate":[{"time":0,"x":-147.07,"y":-110,"curve":"stepped"},{"time":0.0333,"x":-147.07,"y":-110,"curve":[0.25,0,0.75,1]},{"time":0.6333,"x":0,"y":0,"curve":"stepped"},{"time":4,"x":0,"y":0}],"scale":[{"time":0,"x":1,"y":1,"curve":"stepped"},{"time":0.6333,"x":1,"y":1,"curve":"stepped"},{"time":4,"x":1,"y":1}]},"wing2":{"rotate":[{"time":0,"angle":15,"curve":"stepped"},{"time":0.0333,"angle":15,"curve":[0.25,0,0.75,1]},{"time":1.2333,"angle":-15,"curve":[0.25,0,0.75,1]},{"time":2.5,"angle":4.61,"curve":[0.25,0,0.75,1]},{"time":4,"angle":0}],"translate":[{"time":0,"x":152.62,"y":-102.16,"curve":"stepped"},{"time":0.0333,"x":152.62,"y":-102.16,"curve":[0.25,0,0.75,1]},{"time":0.6333,"x":0,"y":0,"curve":"stepped"},{"time":4,"x":0,"y":0}],"scale":[{"time":0,"x":1,"y":1,"curve":"stepped"},{"time":0.6333,"x":1,"y":1,"curve":"stepped"},{"time":4,"x":1,"y":1}]},"gxhdtext":{"rotate":[{"time":0,"angle":0,"curve":"stepped"},{"time":4,"angle":0}],"translate":[{"time":0,"x":0,"y":0,"curve":"stepped"},{"time":4,"x":0,"y":0}],"scale":[{"time":0,"x":0.802,"y":0.802,"curve":[0.25,0,0.75,1]},{"time":0.5,"x":1.152,"y":1.152,"curve":[0.25,0,0.75,1]},{"time":0.6333,"x":0.95,"y":0.95,"curve":[0.25,0,0.75,1]},{"time":0.7667,"x":1.05,"y":1.05,"curve":[0.25,0,0.75,1]},{"time":0.9333,"x":1,"y":1,"curve":"stepped"},{"time":4,"x":1,"y":1}]},"gxhd_baodian":{"rotate":[{"time":0,"angle":0,"curve":"stepped"},{"time":4,"angle":0}],"translate":[{"time":0,"x":0,"y":0,"curve":"stepped"},{"time":4,"x":0,"y":0}],"scale":[{"time":0,"x":1,"y":1,"curve":[0.311,0.8,0.582,1]},{"time":0.3333,"x":3.6,"y":3.6,"curve":[0.25,0,0.75,1]},{"time":2,"x":8.506,"y":8.506,"curve":[0.25,0,0.75,1]},{"time":4,"x":1,"y":1}]},"gxhd_zhakai2":{"rotate":[{"time":0,"angle":0,"curve":"stepped"},{"time":4,"angle":0}],"translate":[{"time":0,"x":0,"y":0,"curve":"stepped"},{"time":4,"x":0,"y":0}],"scale":[{"time":0,"x":1,"y":1,"curve":[0.25,0,0.75,1]},{"time":0.3333,"x":7.378,"y":7.378,"curve":"stepped"},{"time":4,"x":7.378,"y":7.378}]},"gxhd_baodian2":{"rotate":[{"time":0,"angle":0,"curve":"stepped"},{"time":0.1,"angle":0,"curve":"stepped"},{"time":4,"angle":0}],"translate":[{"time":0,"x":0,"y":0,"curve":"stepped"},{"time":0.1,"x":0,"y":0,"curve":"stepped"},{"time":4,"x":0,"y":0}],"scale":[{"time":0,"x":0.448,"y":0.448,"curve":"stepped"},{"time":0.1,"x":0.448,"y":0.448,"curve":[0.311,0.8,0.582,1]},{"time":2.1,"x":6.579,"y":6.579,"curve":"stepped"},{"time":4,"x":6.579,"y":6.579}]},"gxhd_baodian3":{"rotate":[{"time":0,"angle":0,"curve":"stepped"},{"time":0.1333,"angle":0,"curve":"stepped"},{"time":4,"angle":0}],"translate":[{"time":0,"x":0,"y":0,"curve":"stepped"},{"time":0.1333,"x":0,"y":0,"curve":"stepped"},{"time":4,"x":0,"y":0}],"scale":[{"time":0,"x":0.242,"y":0.242,"curve":"stepped"},{"time":0.1333,"x":0.242,"y":0.242,"curve":[0.311,0.8,0.582,1]},{"time":2.1333,"x":3.72,"y":3.72,"curve":[0.25,0,0.75,1]},{"time":4,"x":1,"y":1}]},"gxhd_baodian4":{"rotate":[{"time":0,"angle":0,"curve":"stepped"},{"time":0.0333,"angle":0,"curve":"stepped"},{"time":4,"angle":0}],"translate":[{"time":0,"x":0,"y":0,"curve":"stepped"},{"time":0.0333,"x":0,"y":0,"curve":"stepped"},{"time":4,"x":0,"y":0}],"scale":[{"time":0,"x":0.211,"y":0.211,"curve":"stepped"},{"time":0.0333,"x":0.211,"y":0.211,"curve":[0.311,0.8,0.582,1]},{"time":1.4333,"x":3.751,"y":3.751,"curve":"stepped"},{"time":4,"x":3.751,"y":3.751}]},"wing4":{"rotate":[{"time":0,"angle":0,"curve":"stepped"},{"time":4,"angle":0}],"translate":[{"time":0,"x":-135.25,"y":-101.16,"curve":[0.25,0,0.75,1]},{"time":0.3333,"x":9.32,"y":6.97,"curve":[0.25,0,0.75,1]},{"time":0.5,"x":0,"y":0,"curve":"stepped"},{"time":4,"x":0,"y":0}],"scale":[{"time":0,"x":1,"y":1,"curve":"stepped"},{"time":4,"x":1,"y":1}]},"wing3":{"rotate":[{"time":0,"angle":0,"curve":"stepped"},{"time":4,"angle":0}],"translate":[{"time":0,"x":140.35,"y":-93.95,"curve":[0.25,0,0.75,1]},{"time":0.3333,"x":-9.67,"y":6.47,"curve":[0.25,0,0.75,1]},{"time":0.5,"x":0,"y":0,"curve":"stepped"},{"time":4,"x":0,"y":0}],"scale":[{"time":0,"x":1,"y":1,"curve":"stepped"},{"time":4,"x":1,"y":1}]},"wing6":{"rotate":[{"time":0,"angle":0,"curve":"stepped"},{"time":4,"angle":0}],"translate":[{"time":0,"x":0,"y":0,"curve":"stepped"},{"time":4,"x":0,"y":0}],"scale":[{"time":0,"x":0.216,"y":0.216,"curve":[0.25,0,0.75,1]},{"time":1.5,"x":1.477,"y":1.477,"curve":"stepped"},{"time":4,"x":1.477,"y":1.477}]},"wing5":{"rotate":[{"time":0,"angle":0,"curve":"stepped"},{"time":4,"angle":0}],"translate":[{"time":0,"x":0,"y":0,"curve":"stepped"},{"time":4,"x":0,"y":0}],"scale":[{"time":0,"x":0.216,"y":0.216,"curve":[0.25,0,0.75,1]},{"time":1.5,"x":1.477,"y":1.477,"curve":"stepped"},{"time":4,"x":1.477,"y":1.477}]}}}}}