{"skeleton":{"hash":"XpGLyqMYtYkNwm2KLjSAdqlWn1c","spine":"2.1.27","width":444.33,"height":299.39,"images":"./images/"},"bones":[{"name":"root"},{"name":"yinhang_zuanshi","parent":"root","x":-130.46,"y":70.61,"scaleX":0.8,"scaleY":0.8},{"name":"yinhang_zuanshi2","parent":"root","x":32.47,"y":-45.57,"scaleX":0.8,"scaleY":0.8},{"name":"yinhang_zuanshi3","parent":"root","x":-125.15,"y":5.22,"scaleX":0.8,"scaleY":0.8},{"name":"yinhang_zuanshi4","parent":"root","x":127.3,"y":46.53,"scaleX":0.8,"scaleY":0.8},{"name":"yinhang_zuanshi5","parent":"root","x":131.46,"y":-19.52,"scaleX":0.8,"scaleY":0.8}],"slots":[{"name":"yinhang_bg","bone":"root","attachment":"yinhang_bg"},{"name":"yinhang_text","bone":"root","attachment":"yinhang_text"},{"name":"yinhang_dl","bone":"root","attachment":"yinhang_dl"},{"name":"yinhang_dl2","bone":"root","attachment":"yinhang_dl"},{"name":"yinhang_zuanshi","bone":"yinhang_zuanshi","attachment":"xingdian","blend":"additive"},{"name":"yinhang_zuanshi2","bone":"yinhang_zuanshi2","attachment":"xingdian","blend":"additive"},{"name":"yinhang_zuanshi3","bone":"yinhang_zuanshi3","attachment":"xingdian","blend":"additive"},{"name":"yinhang_zuanshi4","bone":"yinhang_zuanshi4","attachment":"xingdian","blend":"additive"},{"name":"yinhang_zuanshi5","bone":"yinhang_zuanshi5","attachment":"xingdian","blend":"additive"}],"skins":{"default":{"yinhang_bg":{"yinhang_bg":{"width":299,"height":161}},"yinhang_dl":{"yinhang_dl":{"x":-86.91,"y":25.77,"width":39,"height":59}},"yinhang_dl2":{"yinhang_dl":{"x":88.19,"y":25.77,"width":39,"height":59}},"yinhang_text":{"yinhang_text":{"y":25.04,"width":139,"height":77}},"yinhang_zuanshi":{"xingdian":{"width":228,"height":229}},"yinhang_zuanshi2":{"xingdian":{"width":228,"height":229}},"yinhang_zuanshi3":{"xingdian":{"width":228,"height":229}},"yinhang_zuanshi4":{"xingdian":{"width":228,"height":229}},"yinhang_zuanshi5":{"xingdian":{"width":228,"height":229}}}},"animations":{"animation":{"slots":{"yinhang_zuanshi":{"color":[{"time":0,"color":"ffffff00","curve":"stepped"},{"time":1.3333,"color":"ffffff00"},{"time":1.6,"color":"ffffffff","curve":"stepped"},{"time":2.2,"color":"ffffffff"},{"time":2.6666,"color":"ffffff00"}]},"yinhang_zuanshi2":{"color":[{"time":0,"color":"ffffff00","curve":"stepped"},{"time":0.7333,"color":"ffffff00"},{"time":1,"color":"ffffffff","curve":"stepped"},{"time":1.6,"color":"ffffffff"},{"time":2.0666,"color":"ffffff00","curve":"stepped"},{"time":2.6666,"color":"ffffff00"}]},"yinhang_zuanshi3":{"color":[{"time":0,"color":"ffffff00"},{"time":0.2666,"color":"ffffffff","curve":"stepped"},{"time":0.8666,"color":"ffffffff"},{"time":1.3333,"color":"ffffff00","curve":"stepped"},{"time":2.6666,"color":"ffffff00"}]},"yinhang_zuanshi4":{"color":[{"time":0,"color":"ffffff00","curve":"stepped"},{"time":1.4666,"color":"ffffff00"},{"time":1.7333,"color":"ffffffff","curve":"stepped"},{"time":2.3333,"color":"ffffffff"},{"time":2.8,"color":"ffffff00","curve":"stepped"},{"time":3.6666,"color":"ffffff00"}]},"yinhang_zuanshi5":{"color":[{"time":0,"color":"ffffff00","curve":"stepped"},{"time":1.6666,"color":"ffffff00"},{"time":1.9333,"color":"ffffffff","curve":"stepped"},{"time":2.6,"color":"ffffffff"},{"time":3,"color":"ffffff00","curve":"stepped"},{"time":3.2,"color":"ffffff00"}]}}}}}