{"skeleton":{"hash":"jbw+JEemWfqV4EOnwom5uNHiQ6w","spine":"3.6.37","width":444.33,"height":299.39,"images":"./images/"},"bones":[{"name":"root"},{"name":"yinhang_zuanshi","parent":"root","x":-130.47,"y":70.62,"scaleX":0.8,"scaleY":0.8},{"name":"yinhang_zuanshi2","parent":"root","x":32.47,"y":-45.57,"scaleX":0.8,"scaleY":0.8},{"name":"yinhang_zuanshi3","parent":"root","x":-125.16,"y":5.22,"scaleX":0.8,"scaleY":0.8},{"name":"yinhang_zuanshi4","parent":"root","x":127.31,"y":46.54,"scaleX":0.8,"scaleY":0.8},{"name":"yinhang_zuanshi5","parent":"root","x":131.47,"y":-19.52,"scaleX":0.8,"scaleY":0.8}],"slots":[{"name":"cangku_bg","bone":"root","attachment":"cangku_bg"},{"name":"txt_dt_yh_bg6bt12","bone":"root","attachment":"txt_dt_yh_bg6bt12"},{"name":"yinhang_dl","bone":"root","attachment":"yinhang_dl"},{"name":"yinhang_dl2","bone":"root","attachment":"yinhang_dl"},{"name":"yinhang_zuanshi","bone":"yinhang_zuanshi","attachment":"xingdian","blend":"additive"},{"name":"yinhang_zuanshi2","bone":"yinhang_zuanshi2","attachment":"xingdian","blend":"additive"},{"name":"yinhang_zuanshi3","bone":"yinhang_zuanshi3","attachment":"xingdian","blend":"additive"},{"name":"yinhang_zuanshi4","bone":"yinhang_zuanshi4","attachment":"xingdian","blend":"additive"},{"name":"yinhang_zuanshi5","bone":"yinhang_zuanshi5","attachment":"xingdian","blend":"additive"}],"skins":{"default":{"cangku_bg":{"cangku_bg":{"width":299,"height":161}},"txt_dt_yh_bg6bt12":{"txt_dt_yh_bg6bt12":{"y":25.05,"width":138,"height":77}},"yinhang_dl":{"yinhang_dl":{"x":-86.92,"y":25.77,"width":39,"height":59}},"yinhang_dl2":{"yinhang_dl":{"x":88.19,"y":25.77,"width":39,"height":59}},"yinhang_zuanshi":{"xingdian":{"width":228,"height":229}},"yinhang_zuanshi2":{"xingdian":{"width":228,"height":229}},"yinhang_zuanshi3":{"xingdian":{"width":228,"height":229}},"yinhang_zuanshi4":{"xingdian":{"width":228,"height":229}},"yinhang_zuanshi5":{"xingdian":{"width":228,"height":229}}}},"animations":{"animation":{"slots":{"yinhang_zuanshi":{"color":[{"time":0,"color":"ffffff00","curve":"stepped"},{"time":1.3333,"color":"ffffff00"},{"time":1.6,"color":"ffffffff","curve":"stepped"},{"time":2.2,"color":"ffffffff"},{"time":2.6667,"color":"ffffff00"}]},"yinhang_zuanshi2":{"color":[{"time":0,"color":"ffffff00","curve":"stepped"},{"time":0.7333,"color":"ffffff00"},{"time":1,"color":"ffffffff","curve":"stepped"},{"time":1.6,"color":"ffffffff"},{"time":2.0667,"color":"ffffff00","curve":"stepped"},{"time":2.6667,"color":"ffffff00"}]},"yinhang_zuanshi3":{"color":[{"time":0,"color":"ffffff00"},{"time":0.2667,"color":"ffffffff","curve":"stepped"},{"time":0.8667,"color":"ffffffff"},{"time":1.3333,"color":"ffffff00","curve":"stepped"},{"time":2.6667,"color":"ffffff00"}]},"yinhang_zuanshi4":{"color":[{"time":0,"color":"ffffff00","curve":"stepped"},{"time":1.4667,"color":"ffffff00"},{"time":1.7333,"color":"ffffffff","curve":"stepped"},{"time":2.3333,"color":"ffffffff"},{"time":2.8,"color":"ffffff00","curve":"stepped"},{"time":3.6667,"color":"ffffff00"}]},"yinhang_zuanshi5":{"color":[{"time":0,"color":"ffffff00","curve":"stepped"},{"time":1.6667,"color":"ffffff00"},{"time":1.9333,"color":"ffffffff","curve":"stepped"},{"time":2.6,"color":"ffffffff"},{"time":3,"color":"ffffff00","curve":"stepped"},{"time":3.2,"color":"ffffff00"}]}}}}}