{"skeleton":{"hash":"4qwRRiqEHuT8WMsnJuH9MxJ/48Y","spine":"2.1.27","width":1824,"height":788.9,"images":"./images/"},"bones":[{"name":"root"},{"name":"gxhd_baodian","parent":"root","y":121.86},{"name":"gxhd_baodian2","parent":"root","y":121.86},{"name":"gxhd_baodian3","parent":"root","y":121.86},{"name":"gxhd_baodian4","parent":"root","y":121.86},{"name":"gxhd_zhakai","parent":"root"},{"name":"gxhd_zhakai2","parent":"root","y":122.39},{"name":"hip","parent":"root"},{"name":"dayuanguang","parent":"hip"},{"name":"gxhd_guangxiaobg","parent":"hip"},{"name":"gxhd_lizi1","parent":"hip"},{"name":"gxhd_sd","parent":"hip","y":209.74},{"name":"huangguan","parent":"hip","x":-2.46,"y":282.19},{"name":"huanledou","parent":"hip","length":151.96,"y":-23.18,"rotation":90},{"name":"wing1","parent":"hip","length":153.76,"x":216.5,"y":193.57,"rotation":36.79},{"name":"wing2","parent":"hip","length":163.31,"x":-210.1,"y":197.6,"rotation":146.2},{"name":"wing3","parent":"hip","length":163.31,"x":-210.1,"y":197.6,"scaleX":1.561,"scaleY":1.961,"rotation":146.2},{"name":"wing4","parent":"hip","length":153.76,"x":216.5,"y":193.57,"scaleX":1.561,"scaleY":1.961,"rotation":36.79},{"name":"wing5","parent":"hip","length":163.31,"x":-210.1,"y":197.6,"scaleX":1.561,"scaleY":1.961,"rotation":146.2},{"name":"wing6","parent":"hip","length":153.76,"x":216.5,"y":193.57,"scaleX":1.561,"scaleY":1.961,"rotation":36.79},{"name":"xingdian","parent":"hip","y":-194.74,"scaleX":8,"scaleY":0.146},{"name":"xuanzhuanguang","parent":"hip","x":3.92,"y":31.39},{"name":"gxhdtext","parent":"gxhd_sd","y":0.05}],"slots":[{"name":"wing6","bone":"wing6","color":"ffffff3f","attachment":"gxhd_wing1"},{"name":"wing5","bone":"wing5","color":"ffffff3f","attachment":"gxhd_wing2"},{"name":"wing4","bone":"wing4","color":"ffffff3f","attachment":"gxhd_wing1"},{"name":"wing3","bone":"wing3","color":"ffffff3f","attachment":"gxhd_wing2"},{"name":"gxhd_baodian3","bone":"gxhd_baodian3","attachment":"gxhd_baodian","blend":"screen"},{"name":"gxhd_baodian4","bone":"gxhd_baodian4","attachment":"gxhd_baodian","blend":"screen"},{"name":"wing1","bone":"wing1","attachment":"gxhd_wing1"},{"name":"wing2","bone":"wing2","attachment":"gxhd_wing2"},{"name":"gxhd_zhakai","bone":"gxhd_zhakai","attachment":"gxhd_zhakai"},{"name":"gxhd_zhakai2","bone":"gxhd_zhakai2","attachment":"gxhd_zhakai"},{"name":"xuanzhuanguang","bone":"xuanzhuanguang","attachment":"xuanzhuanguang"},{"name":"gxhd_guangxiaobg","bone":"gxhd_guangxiaobg","attachment":"gxhd_guangxiaobg"},{"name":"gxhd_lizi1","bone":"gxhd_lizi1","attachment":"gxhd_lizi1"},{"name":"gxhd_sd","bone":"gxhd_sd","attachment":"gxhd_sd"},{"name":"huangguan","bone":"huangguan","attachment":"huangguan"},{"name":"gxhdtext","bone":"gxhdtext","attachment":"gxhdtext"},{"name":"huanledou","bone":"huanledou","attachment":"huanledou"},{"name":"dayuanguang","bone":"dayuanguang","attachment":"gxhd_dayuanguang","blend":"additive"},{"name":"xingdian","bone":"xingdian","attachment":"xingdian","blend":"additive"},{"name":"gxhd_baodian","bone":"gxhd_baodian","attachment":"gxhd_baodian","blend":"screen"},{"name":"gxhd_baodian2","bone":"gxhd_baodian2","attachment":"gxhd_baodian","blend":"screen"}],"skins":{"default":{"dayuanguang":{"gxhd_dayuanguang":{"width":705,"height":704}},"gxhd_baodian":{"gxhd_baodian":{"width":256,"height":256}},"gxhd_baodian2":{"gxhd_baodian":{"width":256,"height":256}},"gxhd_baodian3":{"gxhd_baodian":{"width":256,"height":256}},"gxhd_baodian4":{"gxhd_baodian":{"width":256,"height":256}},"gxhd_guangxiaobg":{"gxhd_guangxiaobg":{"width":1103,"height":750}},"gxhd_lizi1":{"gxhd_lizi1":{"width":1334,"height":750}},"gxhd_sd":{"gxhd_sd":{"y":-18.15,"width":646,"height":134}},"gxhd_zhakai":{"gxhd_zhakai":{"width":128,"height":128}},"gxhd_zhakai2":{"gxhd_zhakai":{"width":128,"height":128}},"gxhdtext":{"gxhdtext":{"x":3.66,"y":-0.8,"width":227,"height":56}},"huangguan":{"huangguan":{"x":0.79,"y":14.84,"width":115,"height":73}},"huanledou":{"huanledou":{"x":32.65,"y":-2.4,"rotation":-90,"width":189,"height":179}},"wing1":{"gxhd_wing1":{"x":68.52,"y":4,"rotation":-36.79,"width":154,"height":118}},"wing2":{"gxhd_wing2":{"x":72.34,"y":-0.81,"rotation":-146.2,"width":154,"height":118}},"wing3":{"gxhd_wing2":{"x":72.34,"y":-0.81,"rotation":-146.2,"width":154,"height":118}},"wing4":{"gxhd_wing1":{"x":68.52,"y":4,"rotation":-36.79,"width":154,"height":118}},"wing5":{"gxhd_wing2":{"x":72.34,"y":-0.81,"rotation":-146.2,"width":154,"height":118}},"wing6":{"gxhd_wing1":{"x":68.52,"y":4,"rotation":-36.79,"width":154,"height":118}},"xingdian":{"xingdian":{"width":228,"height":229}},"xuanzhuanguang":{"xuanzhuanguang":{"width":766,"height":765}}}},"animations":{"idle":{"slots":{"dayuanguang":{"color":[{"time":0,"color":"ffffff00","curve":[0.25,0,0.75,1]},{"time":1,"color":"ffffffff","curve":[0.25,0,0.75,1]},{"time":2,"color":"ffffff00","curve":[0.25,0,0.75,1]},{"time":3,"color":"ffffffff","curve":[0.25,0,0.75,1]},{"time":4,"color":"ffffff00"}]},"gxhd_baodian":{"color":[{"time":0,"color":"ffe74f00","curve":"stepped"},{"time":2,"color":"ffe74f00","curve":"stepped"},{"time":4,"color":"ffe74f00"}]},"gxhd_baodian2":{"color":[{"time":0,"color":"ffffff00","curve":"stepped"},{"time":1.3,"color":"ffffff00","curve":"stepped"},{"time":2,"color":"ffffff00","curve":"stepped"},{"time":3.3,"color":"ffffff00","curve":"stepped"},{"time":4,"color":"ffffff00"}]},"gxhd_baodian3":{"color":[{"time":0,"color":"ffffff00","curve":[0.25,0,0.75,1]},{"time":1.4666,"color":"ffe74f00","curve":[0.25,0,0.75,1]},{"time":2,"color":"ffffff00","curve":[0.25,0,0.75,1]},{"time":3.4666,"color":"ffe74f00","curve":[0.25,0,0.75,1]},{"time":4,"color":"ffffff00"}]},"gxhd_baodian4":{"color":[{"time":0,"color":"ffffff00","curve":[0.25,0,0.75,1]},{"time":1.6,"color":"ffe74f00","curve":[0.25,0,0.75,1]},{"time":2,"color":"ffffff00","curve":[0.25,0,0.75,1]},{"time":3.6,"color":"ffe74f00","curve":[0.25,0,0.75,1]},{"time":4,"color":"ffffff00"}]},"gxhd_lizi1":{"color":[{"time":0,"color":"ffffff00","curve":[0.25,0,0.75,1]},{"time":1,"color":"ffffffff","curve":[0.25,0,0.75,1]},{"time":2,"color":"ffffff00","curve":[0.25,0,0.75,1]},{"time":3,"color":"ffffffff","curve":[0.25,0,0.75,1]},{"time":4,"color":"ffffff00"}]},"gxhd_zhakai":{"color":[{"time":0,"color":"ffffff00","curve":"stepped"},{"time":2,"color":"ffffff00","curve":"stepped"},{"time":4,"color":"ffffff00"}]},"gxhd_zhakai2":{"color":[{"time":0,"color":"ffffff00","curve":[0.25,0,0.75,1]},{"time":1.7,"color":"ffe6ce00","curve":[0.25,0,0.75,1]},{"time":2,"color":"ffffff00","curve":[0.25,0,0.75,1]},{"time":3.7,"color":"ffe6ce00","curve":[0.25,0,0.75,1]},{"time":4,"color":"ffffff00"}]},"wing5":{"color":[{"time":0,"color":"ffffff00","curve":"stepped"},{"time":2,"color":"ffffff00","curve":"stepped"},{"time":4,"color":"ffffff00"}]},"wing6":{"color":[{"time":0,"color":"ffffff00","curve":"stepped"},{"time":2,"color":"ffffff00","curve":"stepped"},{"time":4,"color":"ffffff00"}]},"xingdian":{"color":[{"time":0,"color":"ffffff00","curve":[0.25,0,0.75,1]},{"time":1,"color":"ffffffff","curve":[0.25,0,0.75,1]},{"time":2,"color":"ffffff00","curve":[0.25,0,0.75,1]},{"time":3,"color":"ffffffff","curve":[0.25,0,0.75,1]},{"time":4,"color":"ffffff00"}]}},"bones":{"xuanzhuanguang":{"rotate":[{"time":0,"angle":0},{"time":1,"angle":-90},{"time":2,"angle":-179.99},{"time":3,"angle":90},{"time":4,"angle":0}],"translate":[{"time":0,"x":0,"y":0,"curve":"stepped"},{"time":4,"x":0,"y":0}],"scale":[{"time":0,"x":1,"y":1,"curve":"stepped"},{"time":4,"x":1,"y":1}]},"dayuanguang":{"rotate":[{"time":0,"angle":0,"curve":"stepped"},{"time":2,"angle":0,"curve":"stepped"},{"time":4,"angle":0}],"translate":[{"time":0,"x":0,"y":0,"curve":"stepped"},{"time":2,"x":0,"y":0,"curve":"stepped"},{"time":4,"x":0,"y":0}],"scale":[{"time":0,"x":1,"y":1,"curve":"stepped"},{"time":2,"x":1,"y":1,"curve":"stepped"},{"time":4,"x":1,"y":1}]},"gxhd_lizi1":{"rotate":[{"time":0,"angle":0,"curve":"stepped"},{"time":2,"angle":0,"curve":"stepped"},{"time":4,"angle":0}],"translate":[{"time":0,"x":0,"y":0,"curve":"stepped"},{"time":2,"x":0,"y":0,"curve":"stepped"},{"time":4,"x":0,"y":0}],"scale":[{"time":0,"x":1,"y":1,"curve":"stepped"},{"time":2,"x":1,"y":1,"curve":"stepped"},{"time":4,"x":1,"y":1}]},"xingdian":{"rotate":[{"time":0,"angle":0,"curve":"stepped"},{"time":2,"angle":0,"curve":"stepped"},{"time":4,"angle":0}],"translate":[{"time":0,"x":0,"y":0,"curve":"stepped"},{"time":2,"x":0,"y":0,"curve":"stepped"},{"time":4,"x":0,"y":0}],"scale":[{"time":0,"x":1,"y":1,"curve":[0.25,0,0.75,1]},{"time":1,"x":2.286,"y":1,"curve":[0.25,0,0.75,1]},{"time":2,"x":1,"y":1,"curve":[0.25,0,0.75,1]},{"time":3,"x":2.286,"y":1,"curve":[0.25,0,0.75,1]},{"time":4,"x":1,"y":1}]},"gxhd_zhakai":{"rotate":[{"time":0,"angle":0,"curve":"stepped"},{"time":2,"angle":0,"curve":"stepped"},{"time":4,"angle":0}],"translate":[{"time":0,"x":0,"y":0,"curve":"stepped"},{"time":2,"x":0,"y":0,"curve":"stepped"},{"time":4,"x":0,"y":0}],"scale":[{"time":0,"x":20,"y":20,"curve":"stepped"},{"time":2,"x":20,"y":20,"curve":"stepped"},{"time":4,"x":20,"y":20}]},"hip":{"rotate":[{"time":0,"angle":0,"curve":"stepped"},{"time":2,"angle":0,"curve":"stepped"},{"time":4,"angle":0}],"translate":[{"time":0,"x":0,"y":0,"curve":"stepped"},{"time":2,"x":0,"y":0,"curve":"stepped"},{"time":4,"x":0,"y":0}],"scale":[{"time":0,"x":1,"y":1,"curve":"stepped"},{"time":2,"x":1,"y":1,"curve":"stepped"},{"time":4,"x":1,"y":1}]},"root":{"rotate":[{"time":0,"angle":0,"curve":"stepped"},{"time":2,"angle":0,"curve":"stepped"},{"time":4,"angle":0}],"translate":[{"time":0,"x":0,"y":0,"curve":"stepped"},{"time":2,"x":0,"y":0,"curve":"stepped"},{"time":4,"x":0,"y":0}],"scale":[{"time":0,"x":1,"y":1,"curve":"stepped"},{"time":2,"x":1,"y":1,"curve":"stepped"},{"time":4,"x":1,"y":1}]},"gxhd_guangxiaobg":{"rotate":[{"time":0,"angle":0,"curve":"stepped"},{"time":2,"angle":0,"curve":"stepped"},{"time":4,"angle":0}],"translate":[{"time":0,"x":0,"y":0,"curve":"stepped"},{"time":2,"x":0,"y":0,"curve":"stepped"},{"time":4,"x":0,"y":0}],"scale":[{"time":0,"x":1,"y":1,"curve":"stepped"},{"time":2,"x":1,"y":1,"curve":"stepped"},{"time":4,"x":1,"y":1}]},"gxhd_sd":{"rotate":[{"time":0,"angle":0,"curve":"stepped"},{"time":2,"angle":0,"curve":"stepped"},{"time":4,"angle":0}],"translate":[{"time":0,"x":0,"y":0,"curve":"stepped"},{"time":2,"x":0,"y":0,"curve":"stepped"},{"time":4,"x":0,"y":0}],"scale":[{"time":0,"x":1,"y":1,"curve":"stepped"},{"time":2,"x":1,"y":1,"curve":"stepped"},{"time":4,"x":1,"y":1}]},"huangguan":{"rotate":[{"time":0,"angle":0,"curve":"stepped"},{"time":2,"angle":0,"curve":"stepped"},{"time":4,"angle":0}],"translate":[{"time":0,"x":0,"y":-3.79,"curve":[0.25,0,0.75,1]},{"time":2,"x":0,"y":7.26,"curve":[0.25,0,0.75,1]},{"time":4,"x":0,"y":-3.79}],"scale":[{"time":0,"x":1,"y":1,"curve":"stepped"},{"time":2,"x":1,"y":1,"curve":"stepped"},{"time":4,"x":1,"y":1}]},"huanledou":{"rotate":[{"time":0,"angle":0,"curve":"stepped"},{"time":2,"angle":0,"curve":"stepped"},{"time":4,"angle":0}],"translate":[{"time":0,"x":0,"y":0,"curve":"stepped"},{"time":2,"x":0,"y":0,"curve":"stepped"},{"time":4,"x":0,"y":0}],"scale":[{"time":0,"x":1,"y":1,"curve":"stepped"},{"time":2,"x":1,"y":1,"curve":"stepped"},{"time":4,"x":1,"y":1}]},"wing1":{"rotate":[{"time":0,"angle":0,"curve":[0.25,0,0.75,1]},{"time":1,"angle":-4.61,"curve":[0.25,0,0.75,1]},{"time":2,"angle":12.22,"curve":[0.25,0,0.75,1]},{"time":3,"angle":-4.61,"curve":[0.25,0,0.75,1]},{"time":4,"angle":0}],"translate":[{"time":0,"x":0,"y":0,"curve":"stepped"},{"time":2,"x":0,"y":0,"curve":"stepped"},{"time":4,"x":0,"y":0}],"scale":[{"time":0,"x":1,"y":1,"curve":"stepped"},{"time":2,"x":1,"y":1,"curve":"stepped"},{"time":4,"x":1,"y":1}]},"wing2":{"rotate":[{"time":0,"angle":0,"curve":[0.25,0,0.75,1]},{"time":1,"angle":4.61,"curve":[0.25,0,0.75,1]},{"time":2,"angle":-12.22,"curve":[0.25,0,0.75,1]},{"time":3,"angle":4.61,"curve":[0.25,0,0.75,1]},{"time":4,"angle":0}],"translate":[{"time":0,"x":0,"y":0,"curve":"stepped"},{"time":2,"x":0,"y":0,"curve":"stepped"},{"time":4,"x":0,"y":0}],"scale":[{"time":0,"x":1,"y":1,"curve":"stepped"},{"time":2,"x":1,"y":1,"curve":"stepped"},{"time":4,"x":1,"y":1}]},"gxhdtext":{"rotate":[{"time":0,"angle":0,"curve":"stepped"},{"time":2,"angle":0,"curve":"stepped"},{"time":4,"angle":0}],"translate":[{"time":0,"x":0,"y":0,"curve":"stepped"},{"time":2,"x":0,"y":0,"curve":"stepped"},{"time":4,"x":0,"y":0}],"scale":[{"time":0,"x":1,"y":1,"curve":"stepped"},{"time":2,"x":1,"y":1,"curve":"stepped"},{"time":4,"x":1,"y":1}]},"gxhd_baodian":{"rotate":[{"time":0,"angle":0,"curve":"stepped"},{"time":2,"angle":0,"curve":"stepped"},{"time":4,"angle":0}],"translate":[{"time":0,"x":0,"y":0,"curve":"stepped"},{"time":2,"x":0,"y":0,"curve":"stepped"},{"time":4,"x":0,"y":0}],"scale":[{"time":0,"x":1,"y":1,"curve":[0.25,0,0.75,1]},{"time":2,"x":8.505,"y":8.505,"curve":[0.25,0,0.75,1]},{"time":4,"x":1,"y":1}]},"gxhd_zhakai2":{"rotate":[{"time":0,"angle":0,"curve":"stepped"},{"time":2,"angle":0,"curve":"stepped"},{"time":4,"angle":0}],"translate":[{"time":0,"x":0,"y":0,"curve":"stepped"},{"time":2,"x":0,"y":0,"curve":"stepped"},{"time":4,"x":0,"y":0}],"scale":[{"time":0,"x":7.377,"y":7.377,"curve":"stepped"},{"time":2,"x":7.377,"y":7.377,"curve":"stepped"},{"time":4,"x":7.377,"y":7.377}]},"gxhd_baodian2":{"rotate":[{"time":0,"angle":0,"curve":"stepped"},{"time":2,"angle":0,"curve":"stepped"},{"time":4,"angle":0}],"translate":[{"time":0,"x":0,"y":0,"curve":"stepped"},{"time":2,"x":0,"y":0,"curve":"stepped"},{"time":4,"x":0,"y":0}],"scale":[{"time":0,"x":6.3,"y":6.3,"curve":[0.25,0,0.75,1]},{"time":1.3,"x":6.578,"y":6.578,"curve":[0.25,0,0.75,1]},{"time":2,"x":6.3,"y":6.3,"curve":[0.25,0,0.75,1]},{"time":3.3,"x":6.578,"y":6.578,"curve":[0.25,0,0.75,1]},{"time":4,"x":6.3,"y":6.3}]},"gxhd_baodian3":{"rotate":[{"time":0,"angle":0,"curve":"stepped"},{"time":2,"angle":0,"curve":"stepped"},{"time":4,"angle":0}],"translate":[{"time":0,"x":0,"y":0,"curve":"stepped"},{"time":2,"x":0,"y":0,"curve":"stepped"},{"time":4,"x":0,"y":0}],"scale":[{"time":0,"x":1,"y":1,"curve":[0.25,0,0.75,1]},{"time":1.4666,"x":3.72,"y":3.72,"curve":[0.25,0,0.75,1]},{"time":2,"x":3.345,"y":3.345,"curve":[0.25,0,0.75,1]},{"time":3.4666,"x":3.72,"y":3.72,"curve":[0.25,0,0.75,1]},{"time":4,"x":1,"y":1}]},"gxhd_baodian4":{"rotate":[{"time":0,"angle":0,"curve":"stepped"},{"time":2,"angle":0,"curve":"stepped"},{"time":4,"angle":0}],"translate":[{"time":0,"x":0,"y":0,"curve":"stepped"},{"time":2,"x":0,"y":0,"curve":"stepped"},{"time":4,"x":0,"y":0}],"scale":[{"time":0,"x":2.854,"y":2.854,"curve":[0.25,0,0.75,1]},{"time":1.6,"x":3.75,"y":3.75,"curve":[0.25,0,0.75,1]},{"time":2,"x":2.854,"y":2.854,"curve":[0.25,0,0.75,1]},{"time":3.6,"x":3.75,"y":3.75,"curve":[0.25,0,0.75,1]},{"time":4,"x":2.854,"y":2.854}]},"wing4":{"rotate":[{"time":0,"angle":0,"curve":"stepped"},{"time":2,"angle":0,"curve":"stepped"},{"time":4,"angle":0}],"translate":[{"time":0,"x":0,"y":0,"curve":"stepped"},{"time":2,"x":0,"y":0,"curve":"stepped"},{"time":4,"x":0,"y":0}],"scale":[{"time":0,"x":1,"y":1,"curve":"stepped"},{"time":2,"x":1,"y":1,"curve":"stepped"},{"time":4,"x":1,"y":1}]},"wing3":{"rotate":[{"time":0,"angle":0,"curve":"stepped"},{"time":2,"angle":0,"curve":"stepped"},{"time":4,"angle":0}],"translate":[{"time":0,"x":0,"y":0,"curve":"stepped"},{"time":2,"x":0,"y":0,"curve":"stepped"},{"time":4,"x":0,"y":0}],"scale":[{"time":0,"x":1,"y":1,"curve":"stepped"},{"time":2,"x":1,"y":1,"curve":"stepped"},{"time":4,"x":1,"y":1}]},"wing6":{"rotate":[{"time":0,"angle":0,"curve":"stepped"},{"time":2,"angle":0,"curve":"stepped"},{"time":4,"angle":0}],"translate":[{"time":0,"x":0,"y":0,"curve":"stepped"},{"time":2,"x":0,"y":0,"curve":"stepped"},{"time":4,"x":0,"y":0}],"scale":[{"time":0,"x":1.476,"y":1.476,"curve":"stepped"},{"time":2,"x":1.476,"y":1.476,"curve":"stepped"},{"time":4,"x":1.476,"y":1.476}]},"wing5":{"rotate":[{"time":0,"angle":0,"curve":"stepped"},{"time":2,"angle":0,"curve":"stepped"},{"time":4,"angle":0}],"translate":[{"time":0,"x":0,"y":0,"curve":"stepped"},{"time":2,"x":0,"y":0,"curve":"stepped"},{"time":4,"x":0,"y":0}],"scale":[{"time":0,"x":1.476,"y":1.476,"curve":"stepped"},{"time":2,"x":1.476,"y":1.476,"curve":"stepped"},{"time":4,"x":1.476,"y":1.476}]}}},"start":{"slots":{"dayuanguang":{"color":[{"time":0,"color":"ffffff00","curve":[0.25,0,0.75,1]},{"time":1,"color":"ffffffff","curve":[0.25,0,0.75,1]},{"time":2,"color":"ffffff00","curve":[0.25,0,0.75,1]},{"time":3,"color":"ffffffff","curve":[0.25,0,0.75,1]},{"time":4,"color":"ffffff00"}]},"gxhd_baodian":{"color":[{"time":0,"color":"ffe74f00","curve":[0.25,0,0.75,1]},{"time":0.3333,"color":"ffe74fff","curve":[0.25,0,0.75,1]},{"time":2,"color":"ffe74f00"}]},"gxhd_baodian2":{"color":[{"time":0,"color":"ffffff00","curve":"stepped"},{"time":0.1,"color":"ffffff00","curve":[0.25,0,0.75,1]},{"time":0.4333,"color":"ffe361ff","curve":[0.25,0,0.75,1]},{"time":2.1,"color":"ffffff00"}]},"gxhd_baodian3":{"color":[{"time":0,"color":"ffffff00","curve":"stepped"},{"time":0.2666,"color":"ffffff00","curve":[0.25,0,0.75,1]},{"time":0.6,"color":"ffe74fff","curve":[0.25,0,0.75,1]},{"time":2.2666,"color":"ffe74f00"}]},"gxhd_baodian4":{"color":[{"time":0,"color":"ffe74f00","curve":"stepped"},{"time":1,"color":"ffe74f00","curve":[0.25,0,0.75,1]},{"time":1.3333,"color":"ffe74fff","curve":[0.25,0,0.75,1]},{"time":2.4,"color":"ffe74f00"}]},"gxhd_lizi1":{"color":[{"time":0,"color":"ffffff00","curve":[0.25,0,0.75,1]},{"time":1,"color":"ffffffff","curve":[0.25,0,0.75,1]},{"time":2,"color":"ffffff00","curve":[0.25,0,0.75,1]},{"time":3,"color":"ffffffff","curve":[0.25,0,0.75,1]},{"time":4,"color":"ffffff00"}]},"gxhd_zhakai":{"color":[{"time":0,"color":"ffffff00","curve":"stepped"},{"time":0.3333,"color":"ffffff00","curve":[0.25,0,0.75,1]},{"time":0.6666,"color":"ffffffff","curve":[0.25,0,0.75,1]},{"time":1.3333,"color":"ffffff00"}]},"gxhd_zhakai2":{"color":[{"time":0,"color":"ffe6ce00","curve":[0.25,0,0.75,1]},{"time":0.3333,"color":"ffe6ceff","curve":[0.25,0,0.75,1]},{"time":1.3333,"color":"ffe6ce4b","curve":[0.25,0,0.75,1]},{"time":2.5,"color":"ffe6ce00"}]},"wing5":{"color":[{"time":0,"color":"ffffff00","curve":[0.25,0,0.75,1]},{"time":0.5,"color":"ffffff3f","curve":[0.25,0,0.75,1]},{"time":1.1666,"color":"ffffff7b","curve":[0.25,0,0.75,1]},{"time":2,"color":"ffffff00"}]},"wing6":{"color":[{"time":0,"color":"ffffff00","curve":[0.25,0,0.75,1]},{"time":0.5,"color":"ffffff3f","curve":[0.25,0,0.75,1]},{"time":1.1666,"color":"ffffff7b","curve":[0.25,0,0.75,1]},{"time":2,"color":"ffffff00"}]},"xingdian":{"color":[{"time":0,"color":"ffffff00","curve":[0.25,0,0.75,1]},{"time":1,"color":"ffffffff","curve":[0.25,0,0.75,1]},{"time":2,"color":"ffffff00","curve":[0.25,0,0.75,1]},{"time":3,"color":"ffffffff","curve":[0.25,0,0.75,1]},{"time":4,"color":"ffffff00"}]}},"bones":{"xuanzhuanguang":{"rotate":[{"time":0,"angle":0},{"time":1,"angle":-90},{"time":2,"angle":-179.99},{"time":3,"angle":90},{"time":4,"angle":0}],"translate":[{"time":0,"x":0,"y":0,"curve":"stepped"},{"time":4,"x":0,"y":0}],"scale":[{"time":0,"x":1,"y":1,"curve":"stepped"},{"time":4,"x":1,"y":1}]},"dayuanguang":{"rotate":[{"time":0,"angle":0,"curve":"stepped"},{"time":4,"angle":0}],"translate":[{"time":0,"x":0,"y":0,"curve":"stepped"},{"time":4,"x":0,"y":0}],"scale":[{"time":0,"x":1,"y":1,"curve":"stepped"},{"time":4,"x":1,"y":1}]},"gxhd_lizi1":{"rotate":[{"time":0,"angle":0,"curve":"stepped"},{"time":4,"angle":0}],"translate":[{"time":0,"x":0,"y":0,"curve":"stepped"},{"time":4,"x":0,"y":0}],"scale":[{"time":0,"x":1,"y":1,"curve":"stepped"},{"time":4,"x":1,"y":1}]},"xingdian":{"rotate":[{"time":0,"angle":0,"curve":"stepped"},{"time":4,"angle":0}],"translate":[{"time":0,"x":0,"y":0,"curve":"stepped"},{"time":4,"x":0,"y":0}],"scale":[{"time":0,"x":1,"y":1,"curve":[0.25,0,0.75,1]},{"time":1,"x":2.286,"y":1,"curve":[0.25,0,0.75,1]},{"time":2,"x":1,"y":1,"curve":[0.25,0,0.75,1]},{"time":3,"x":2.286,"y":1,"curve":[0.25,0,0.75,1]},{"time":4,"x":1,"y":1}]},"gxhd_zhakai":{"rotate":[{"time":0,"angle":0,"curve":"stepped"},{"time":4,"angle":0}],"translate":[{"time":0,"x":0,"y":0,"curve":"stepped"},{"time":4,"x":0,"y":0}],"scale":[{"time":0,"x":1,"y":1,"curve":[0.25,0,0.75,1]},{"time":0.3333,"x":15,"y":15,"curve":[0.25,0,0.75,1]},{"time":1.3333,"x":20,"y":20,"curve":"stepped"},{"time":4,"x":20,"y":20}]},"hip":{"rotate":[{"time":0,"angle":0,"curve":"stepped"},{"time":4,"angle":0}],"translate":[{"time":0,"x":0,"y":0,"curve":"stepped"},{"time":4,"x":0,"y":0}],"scale":[{"time":0,"x":0.104,"y":0.104,"curve":[0.25,0,0.75,1]},{"time":0.3333,"x":1.15,"y":1.15,"curve":[0.25,0,0.75,1]},{"time":0.4666,"x":0.95,"y":0.95,"curve":[0.25,0,0.75,1]},{"time":0.6333,"x":1,"y":1,"curve":"stepped"},{"time":4,"x":1,"y":1}]},"root":{"rotate":[{"time":0,"angle":0,"curve":"stepped"},{"time":4,"angle":0}],"translate":[{"time":0,"x":0,"y":0,"curve":"stepped"},{"time":4,"x":0,"y":0}],"scale":[{"time":0,"x":1,"y":1,"curve":"stepped"},{"time":4,"x":1,"y":1}]},"gxhd_guangxiaobg":{"rotate":[{"time":0,"angle":0,"curve":"stepped"},{"time":4,"angle":0}],"translate":[{"time":0,"x":0,"y":0,"curve":"stepped"},{"time":4,"x":0,"y":0}],"scale":[{"time":0,"x":1,"y":1,"curve":"stepped"},{"time":4,"x":1,"y":1}]},"gxhd_sd":{"rotate":[{"time":0,"angle":0,"curve":"stepped"},{"time":4,"angle":0}],"translate":[{"time":0,"x":0,"y":0,"curve":"stepped"},{"time":4,"x":0,"y":0}],"scale":[{"time":0,"x":0.801,"y":0.801,"curve":[0.25,0,0.75,1]},{"time":0.4333,"x":1.151,"y":1.151,"curve":[0.25,0,0.75,1]},{"time":0.5666,"x":0.95,"y":0.95,"curve":[0.25,0,0.75,1]},{"time":0.7,"x":1.05,"y":1.05,"curve":[0.25,0,0.75,1]},{"time":0.8666,"x":1,"y":1,"curve":"stepped"},{"time":4,"x":1,"y":1}]},"huangguan":{"rotate":[{"time":0,"angle":0,"curve":"stepped"},{"time":4,"angle":0}],"translate":[{"time":0,"x":0,"y":0,"curve":[0.25,0,0.75,1]},{"time":0.3333,"x":0,"y":-6.19,"curve":[0.25,0,0.75,1]},{"time":0.7,"x":0,"y":7.26,"curve":[0.25,0,0.75,1]},{"time":1,"x":0,"y":-3.79,"curve":[0.25,0,0.75,1]},{"time":2,"x":0,"y":7.26,"curve":[0.25,0,0.75,1]},{"time":3.3333,"x":0,"y":-3.79,"curve":"stepped"},{"time":4,"x":0,"y":-3.79}],"scale":[{"time":0,"x":0.189,"y":0.189,"curve":[0.25,0,0.75,1]},{"time":0.3333,"x":0.195,"y":0.126,"curve":[0.25,0,0.75,1]},{"time":0.6,"x":1.006,"y":1.339,"curve":[0.25,0,0.75,1]},{"time":0.8,"x":1.006,"y":0.96,"curve":[0.25,0,0.75,1]},{"time":1,"x":1,"y":1,"curve":"stepped"},{"time":4,"x":1,"y":1}]},"huanledou":{"rotate":[{"time":0,"angle":0,"curve":"stepped"},{"time":4,"angle":0}],"translate":[{"time":0,"x":0,"y":0,"curve":"stepped"},{"time":4,"x":0,"y":0}],"scale":[{"time":0,"x":1,"y":1,"curve":"stepped"},{"time":4,"x":1,"y":1}]},"wing1":{"rotate":[{"time":0,"angle":-15,"curve":"stepped"},{"time":0.5333,"angle":-15,"curve":[0.25,0,0.75,1]},{"time":1.7333,"angle":14.99,"curve":[0.25,0,0.75,1]},{"time":3,"angle":-4.61,"curve":[0.25,0,0.75,1]},{"time":4,"angle":0}],"translate":[{"time":0,"x":-147.07,"y":-109.99,"curve":"stepped"},{"time":0.5333,"x":-147.07,"y":-109.99,"curve":[0.25,0,0.75,1]},{"time":1.1333,"x":0,"y":0,"curve":"stepped"},{"time":4,"x":0,"y":0}],"scale":[{"time":0,"x":1,"y":1,"curve":"stepped"},{"time":1.1333,"x":1,"y":1,"curve":"stepped"},{"time":4,"x":1,"y":1}]},"wing2":{"rotate":[{"time":0,"angle":15,"curve":"stepped"},{"time":0.5333,"angle":15,"curve":[0.25,0,0.75,1]},{"time":1.7333,"angle":-15,"curve":[0.25,0,0.75,1]},{"time":3,"angle":4.61,"curve":[0.25,0,0.75,1]},{"time":4,"angle":0}],"translate":[{"time":0,"x":152.61,"y":-102.16,"curve":"stepped"},{"time":0.5333,"x":152.61,"y":-102.16,"curve":[0.25,0,0.75,1]},{"time":1.1333,"x":0,"y":0,"curve":"stepped"},{"time":4,"x":0,"y":0}],"scale":[{"time":0,"x":1,"y":1,"curve":"stepped"},{"time":1.1333,"x":1,"y":1,"curve":"stepped"},{"time":4,"x":1,"y":1}]},"gxhdtext":{"rotate":[{"time":0,"angle":0,"curve":"stepped"},{"time":4,"angle":0}],"translate":[{"time":0,"x":0,"y":0,"curve":"stepped"},{"time":4,"x":0,"y":0}],"scale":[{"time":0,"x":0.801,"y":0.801,"curve":[0.25,0,0.75,1]},{"time":0.5,"x":1.151,"y":1.151,"curve":[0.25,0,0.75,1]},{"time":0.6333,"x":0.95,"y":0.95,"curve":[0.25,0,0.75,1]},{"time":0.7666,"x":1.05,"y":1.05,"curve":[0.25,0,0.75,1]},{"time":0.9333,"x":1,"y":1,"curve":"stepped"},{"time":4,"x":1,"y":1}]},"gxhd_baodian":{"rotate":[{"time":0,"angle":0,"curve":"stepped"},{"time":4,"angle":0}],"translate":[{"time":0,"x":0,"y":0,"curve":"stepped"},{"time":4,"x":0,"y":0}],"scale":[{"time":0,"x":1,"y":1,"curve":[0.25,0,0.75,1]},{"time":0.3333,"x":3.6,"y":3.6,"curve":[0.25,0,0.75,1]},{"time":2,"x":8.505,"y":8.505,"curve":[0.25,0,0.75,1]},{"time":4,"x":1,"y":1}]},"gxhd_zhakai2":{"rotate":[{"time":0,"angle":0,"curve":"stepped"},{"time":4,"angle":0}],"translate":[{"time":0,"x":0,"y":0,"curve":"stepped"},{"time":4,"x":0,"y":0}],"scale":[{"time":0,"x":1,"y":1,"curve":[0.25,0,0.75,1]},{"time":0.3333,"x":7.377,"y":7.377,"curve":"stepped"},{"time":4,"x":7.377,"y":7.377}]},"gxhd_baodian2":{"rotate":[{"time":0,"angle":0,"curve":"stepped"},{"time":0.1,"angle":0,"curve":"stepped"},{"time":4,"angle":0}],"translate":[{"time":0,"x":0,"y":0,"curve":"stepped"},{"time":0.1,"x":0,"y":0,"curve":"stepped"},{"time":4,"x":0,"y":0}],"scale":[{"time":0,"x":0.447,"y":0.447,"curve":"stepped"},{"time":0.1,"x":0.447,"y":0.447,"curve":[0.25,0,0.75,1]},{"time":0.4333,"x":1.948,"y":1.948,"curve":[0.25,0,0.75,1]},{"time":2.1,"x":6.578,"y":6.578,"curve":"stepped"},{"time":4,"x":6.578,"y":6.578}]},"gxhd_baodian3":{"rotate":[{"time":0,"angle":0,"curve":"stepped"},{"time":0.2666,"angle":0,"curve":"stepped"},{"time":4,"angle":0}],"translate":[{"time":0,"x":0,"y":0,"curve":"stepped"},{"time":0.2666,"x":0,"y":0,"curve":"stepped"},{"time":4,"x":0,"y":0}],"scale":[{"time":0,"x":0.241,"y":0.241,"curve":"stepped"},{"time":0.2666,"x":0.241,"y":0.241,"curve":[0.25,0,0.75,1]},{"time":0.6,"x":1.377,"y":1.377,"curve":[0.25,0,0.75,1]},{"time":2.2666,"x":3.72,"y":3.72,"curve":[0.25,0,0.75,1]},{"time":4,"x":1,"y":1}]},"gxhd_baodian4":{"rotate":[{"time":0,"angle":0,"curve":"stepped"},{"time":1,"angle":0,"curve":"stepped"},{"time":4,"angle":0}],"translate":[{"time":0,"x":0,"y":0,"curve":"stepped"},{"time":1,"x":0,"y":0,"curve":"stepped"},{"time":4,"x":0,"y":0}],"scale":[{"time":0,"x":0.21,"y":0.21,"curve":"stepped"},{"time":1,"x":0.21,"y":0.21,"curve":[0.25,0,0.75,1]},{"time":1.3333,"x":1.361,"y":1.361,"curve":[0.25,0,0.75,1]},{"time":2.4,"x":3.75,"y":3.75,"curve":"stepped"},{"time":4,"x":3.75,"y":3.75}]},"wing4":{"rotate":[{"time":0,"angle":0,"curve":"stepped"},{"time":4,"angle":0}],"translate":[{"time":0,"x":-238.42,"y":-178.31,"curve":[0.25,0,0.75,1]},{"time":0.5,"x":-135.25,"y":-101.15,"curve":[0.25,0,0.75,1]},{"time":0.8333,"x":9.31,"y":6.96,"curve":[0.25,0,0.75,1]},{"time":1,"x":0,"y":0,"curve":"stepped"},{"time":4,"x":0,"y":0}],"scale":[{"time":0,"x":1,"y":1,"curve":"stepped"},{"time":0.5,"x":1,"y":1,"curve":"stepped"},{"time":4,"x":1,"y":1}]},"wing3":{"rotate":[{"time":0,"angle":0,"curve":"stepped"},{"time":4,"angle":0}],"translate":[{"time":0,"x":247.41,"y":-165.61,"curve":[0.25,0,0.75,1]},{"time":0.5,"x":140.35,"y":-93.95,"curve":[0.25,0,0.75,1]},{"time":0.8333,"x":-9.66,"y":6.47,"curve":[0.25,0,0.75,1]},{"time":1,"x":0,"y":0,"curve":"stepped"},{"time":4,"x":0,"y":0}],"scale":[{"time":0,"x":1,"y":1,"curve":"stepped"},{"time":0.5,"x":1,"y":1,"curve":"stepped"},{"time":4,"x":1,"y":1}]},"wing6":{"rotate":[{"time":0,"angle":0,"curve":"stepped"},{"time":4,"angle":0}],"translate":[{"time":0,"x":0,"y":0,"curve":"stepped"},{"time":4,"x":0,"y":0}],"scale":[{"time":0,"x":1,"y":1,"curve":[0.25,0,0.75,1]},{"time":0.5,"x":0.216,"y":0.216,"curve":[0.25,0,0.75,1]},{"time":2,"x":1.476,"y":1.476,"curve":"stepped"},{"time":4,"x":1.476,"y":1.476}]},"wing5":{"rotate":[{"time":0,"angle":0,"curve":"stepped"},{"time":4,"angle":0}],"translate":[{"time":0,"x":0,"y":0,"curve":"stepped"},{"time":4,"x":0,"y":0}],"scale":[{"time":0,"x":1,"y":1,"curve":[0.25,0,0.75,1]},{"time":0.5,"x":0.216,"y":0.216,"curve":[0.25,0,0.75,1]},{"time":2,"x":1.476,"y":1.476,"curve":"stepped"},{"time":4,"x":1.476,"y":1.476}]}}}}}