{"skeleton":{"hash":"XJpUzxEJcJ6J2pNsfrTOCRYjxAA","spine":"3.6.37","width":1336,"height":752,"images":"./images/"},"bones":[{"name":"root"},{"name":"hip","parent":"root"},{"name":"scale","parent":"hip","rotation":-0.3},{"name":"zqdw_zongzi","parent":"scale","rotation":0.3},{"name":"zqdw_zongzieffect","parent":"hip","rotation":-0.35,"x":1.62,"y":13.64,"scaleX":2,"scaleY":2},{"name":"zqdw_zongzilizi","parent":"zqdw_zongzi","rotation":-0.35,"x":-63.25,"y":66.51,"scaleX":0.548,"scaleY":0.548},{"name":"zqdw_zongzilizi2","parent":"zqdw_zongzi","rotation":43.18,"x":55.55,"y":-40.38,"scaleX":0.454,"scaleY":0.454},{"name":"zqdw_zongzilizi3","parent":"zqdw_zongzi","rotation":90.08,"x":101.95,"y":-4.37,"scaleX":0.518,"scaleY":0.518},{"name":"zqdw_zongzilizi4","parent":"zqdw_zongzi","rotation":132.03,"x":39.22,"y":87.63,"scaleX":0.427,"scaleY":0.427},{"name":"zqdw_zongzilizi5","parent":"zqdw_zongzi","rotation":168.39,"x":-70.59,"y":3.87,"scaleX":0.427,"scaleY":0.427},{"name":"zqdw_zongzilizi6","parent":"zqdw_zongzi","rotation":-134.98,"x":-11.75,"y":-29.59,"scaleX":0.427,"scaleY":0.427},{"name":"zqdw_zongzilizi7","parent":"zqdw_zongzi","rotation":158.67,"x":-94.79,"y":-38.25,"scaleX":0.427,"scaleY":0.427},{"name":"zqdw_zongzilizi8","parent":"zqdw_zongzi","rotation":-113.2,"x":-12.05,"y":62.91,"scaleX":0.427,"scaleY":0.427},{"name":"zqdw_zongzilizi9","parent":"zqdw_zongzi","rotation":-151.26,"x":3.91,"y":-71.72,"scaleX":0.427,"scaleY":0.427},{"name":"zqdw_zongzilizi10","parent":"zqdw_zongzi","rotation":30.51,"x":61.47,"y":32.49,"scaleX":0.548,"scaleY":0.548},{"name":"zqdw_zongzinumber","parent":"hip"}],"slots":[{"name":"bg","bone":"hip"},{"name":"zqdw_zongzi","bone":"zqdw_zongzi","attachment":"zqdw_zongzi"},{"name":"zqdw_zongzilizi","bone":"zqdw_zongzilizi","attachment":"zqdw_zongzilizi","blend":"additive"},{"name":"zqdw_zongzilizi10","bone":"zqdw_zongzilizi10","attachment":"zqdw_zongzilizi","blend":"additive"},{"name":"zqdw_zongzilizi2","bone":"zqdw_zongzilizi2","attachment":"zqdw_zongzilizi","blend":"additive"},{"name":"zqdw_zongzilizi3","bone":"zqdw_zongzilizi3","attachment":"zqdw_zongzilizi","blend":"additive"},{"name":"zqdw_zongzilizi4","bone":"zqdw_zongzilizi4","attachment":"zqdw_zongzilizi","blend":"additive"},{"name":"zqdw_zongzilizi7","bone":"zqdw_zongzilizi7","attachment":"zqdw_zongzilizi","blend":"additive"},{"name":"zqdw_zongzilizi5","bone":"zqdw_zongzilizi5","attachment":"zqdw_zongzilizi","blend":"additive"},{"name":"zqdw_zongzilizi9","bone":"zqdw_zongzilizi9","attachment":"zqdw_zongzilizi","blend":"additive"},{"name":"zqdw_zongzilizi6","bone":"zqdw_zongzilizi6","attachment":"zqdw_zongzilizi","blend":"additive"},{"name":"zqdw_zongzilizi8","bone":"zqdw_zongzilizi8","attachment":"zqdw_zongzilizi","blend":"additive"},{"name":"zqdw_zongzieffect","bone":"zqdw_zongzieffect","blend":"additive"}],"skins":{"default":{"zqdw_zongzieffect":{"zqdw_zongzieffect0":{"width":152,"height":153},"zqdw_zongzieffect1":{"width":152,"height":153},"zqdw_zongzieffect2":{"width":152,"height":153},"zqdw_zongzieffect3":{"width":152,"height":153},"zqdw_zongzieffect4":{"width":152,"height":153},"zqdw_zongzieffect5":{"width":152,"height":153},"zqdw_zongzieffect6":{"width":152,"height":153},"zqdw_zongzieffect7":{"width":152,"height":153},"zqdw_zongzieffect8":{"width":152,"height":153},"zqdw_zongzieffect9":{"width":152,"height":153},"zqdw_zongzieffect10":{"width":152,"height":153},"zqdw_zongzieffect11":{"width":152,"height":153},"zqdw_zongzieffect12":{"width":152,"height":153},"zqdw_zongzieffect13":{"width":152,"height":153},"zqdw_zongzieffect14":{"width":152,"height":153},"zqdw_zongzieffect15":{"width":152,"height":153},"zqdw_zongzieffect16":{"width":152,"height":153},"zqdw_zongzieffect17":{"width":152,"height":153},"zqdw_zongzieffect18":{"width":152,"height":153},"zqdw_zongzieffect19":{"width":152,"height":153},"zqdw_zongzieffect20":{"width":152,"height":153},"zqdw_zongzieffect21":{"width":152,"height":153},"zqdw_zongzieffect22":{"width":152,"height":153},"zqdw_zongzieffect23":{"width":152,"height":153}},"zqdw_zongzilizi":{"zqdw_zongzilizi":{"width":16,"height":16}},"zqdw_zongzilizi10":{"zqdw_zongzilizi":{"width":16,"height":16}},"zqdw_zongzilizi2":{"zqdw_zongzilizi":{"width":16,"height":16}},"zqdw_zongzilizi3":{"zqdw_zongzilizi":{"width":16,"height":16}},"zqdw_zongzilizi4":{"zqdw_zongzilizi":{"width":16,"height":16}},"zqdw_zongzilizi5":{"zqdw_zongzilizi":{"width":16,"height":16}},"zqdw_zongzilizi6":{"zqdw_zongzilizi":{"width":16,"height":16}},"zqdw_zongzilizi7":{"zqdw_zongzilizi":{"width":16,"height":16}},"zqdw_zongzilizi8":{"zqdw_zongzilizi":{"width":16,"height":16}},"zqdw_zongzilizi9":{"zqdw_zongzilizi":{"width":16,"height":16}}},"zqdw_zongzi1":{"zqdw_zongzi":{"zqdw_zongzi":{"name":"zqdw_zongzi1","y":19.86,"width":241,"height":227}}},"zqdw_zongzi2":{"zqdw_zongzi":{"zqdw_zongzi":{"name":"zqdw_zongzi2","y":19.86,"width":247,"height":227}}},"zqdw_zongzi3":{"zqdw_zongzi":{"zqdw_zongzi":{"name":"zqdw_zongzi3","y":19.86,"width":238,"height":238}}},"zqdw_zongzi4":{"zqdw_zongzi":{"zqdw_zongzi":{"name":"zqdw_zongzi4","y":19.86,"width":251,"height":255}}}},"animations":{"end":{"slots":{"zqdw_zongzi":{"attachment":[{"time":0,"name":null},{"time":1,"name":null}]},"zqdw_zongzieffect":{"attachment":[{"time":0,"name":"zqdw_zongzieffect0"},{"time":0.0333,"name":"zqdw_zongzieffect1"},{"time":0.0667,"name":"zqdw_zongzieffect2"},{"time":0.1,"name":"zqdw_zongzieffect3"},{"time":0.1333,"name":"zqdw_zongzieffect4"},{"time":0.1667,"name":"zqdw_zongzieffect5"},{"time":0.2,"name":"zqdw_zongzieffect6"},{"time":0.2333,"name":"zqdw_zongzieffect7"},{"time":0.2667,"name":"zqdw_zongzieffect8"},{"time":0.3,"name":"zqdw_zongzieffect9"},{"time":0.3333,"name":"zqdw_zongzieffect10"},{"time":0.3667,"name":"zqdw_zongzieffect11"},{"time":0.4,"name":"zqdw_zongzieffect12"},{"time":0.4333,"name":"zqdw_zongzieffect13"},{"time":0.4667,"name":"zqdw_zongzieffect14"},{"time":0.5,"name":"zqdw_zongzieffect15"},{"time":0.5333,"name":"zqdw_zongzieffect16"},{"time":0.5667,"name":"zqdw_zongzieffect17"},{"time":0.6,"name":"zqdw_zongzieffect18"},{"time":0.6333,"name":"zqdw_zongzieffect19"},{"time":0.6667,"name":"zqdw_zongzieffect20"},{"time":0.7,"name":"zqdw_zongzieffect21"},{"time":0.7333,"name":"zqdw_zongzieffect22"},{"time":0.7667,"name":"zqdw_zongzieffect23"},{"time":0.8,"name":null},{"time":1,"name":null}]},"zqdw_zongzilizi":{"color":[{"time":0,"color":"ffffff00","curve":[0.25,0,0.75,1]},{"time":0.2,"color":"fffffffe","curve":[0.25,0,0.75,1]},{"time":0.4,"color":"ffffff80","curve":[0.25,0,0.75,1]},{"time":0.6,"color":"ffffff22","curve":[0.25,0,0.75,1]},{"time":0.8,"color":"ffffffb2","curve":[0.25,0,0.75,1]},{"time":1,"color":"ffffff00"}]},"zqdw_zongzilizi2":{"color":[{"time":0,"color":"ffffffb2","curve":[0.25,0,0.75,1]},{"time":0.0667,"color":"ffffff4a","curve":[0.25,0,0.75,1]},{"time":0.1333,"color":"ffffff00","curve":[0.25,0,0.75,1]},{"time":0.2,"color":"fffffffe","curve":[0.25,0,0.75,1]},{"time":0.2667,"color":"ffffff80","curve":[0.25,0,0.75,1]},{"time":0.3333,"color":"ffffff00","curve":[0.25,0,0.75,1]},{"time":0.4,"color":"fffffffe","curve":[0.25,0,0.75,1]},{"time":0.4667,"color":"ffffff80","curve":[0.25,0,0.75,1]},{"time":0.5333,"color":"ffffff22","curve":[0.25,0,0.75,1]},{"time":0.6,"color":"ffffffb2","curve":[0.25,0,0.75,1]},{"time":0.6667,"color":"ffffff4a","curve":[0.25,0,0.75,1]},{"time":0.7333,"color":"ffffff00","curve":[0.25,0,0.75,1]},{"time":0.8,"color":"fffffffe","curve":[0.25,0,0.75,1]},{"time":0.8667,"color":"ffffff80","curve":[0.25,0,0.75,1]},{"time":0.9333,"color":"ffffff22","curve":[0.25,0,0.75,1]},{"time":1,"color":"ffffffb2"}]},"zqdw_zongzilizi3":{"color":[{"time":0,"color":"ffffff00","curve":[0.25,0,0.75,1]},{"time":0.0667,"color":"fffffffe","curve":[0.25,0,0.75,1]},{"time":0.1333,"color":"ffffff80","curve":[0.25,0,0.75,1]},{"time":0.2,"color":"ffffff22","curve":[0.25,0,0.75,1]},{"time":0.2667,"color":"ffffffb2","curve":[0.25,0,0.75,1]},{"time":0.3333,"color":"ffffff4a","curve":[0.25,0,0.75,1]},{"time":0.4,"color":"ffffff00","curve":[0.25,0,0.75,1]},{"time":0.4667,"color":"fffffffe","curve":[0.25,0,0.75,1]},{"time":0.5333,"color":"ffffff80","curve":[0.25,0,0.75,1]},{"time":0.6,"color":"ffffff22","curve":[0.25,0,0.75,1]},{"time":0.6667,"color":"ffffffb2","curve":[0.25,0,0.75,1]},{"time":0.7333,"color":"ffffff4a","curve":[0.25,0,0.75,1]},{"time":0.8,"color":"ffffff00","curve":[0.25,0,0.75,1]},{"time":0.8667,"color":"fffffffe","curve":[0.25,0,0.75,1]},{"time":0.9333,"color":"ffffff80","curve":[0.25,0,0.75,1]},{"time":1,"color":"ffffff22"}]},"zqdw_zongzilizi4":{"color":[{"time":0,"color":"fffffffe","curve":[0.25,0,0.75,1]},{"time":0.1667,"color":"ffffff80","curve":[0.25,0,0.75,1]},{"time":0.3333,"color":"ffffff22","curve":[0.25,0,0.75,1]},{"time":0.5,"color":"ffffffb2","curve":[0.25,0,0.75,1]},{"time":0.6667,"color":"ffffff80","curve":[0.25,0,0.75,1]},{"time":0.8333,"color":"ffffff22","curve":[0.25,0,0.75,1]},{"time":1,"color":"fffffffe"}]},"zqdw_zongzilizi5":{"color":[{"time":0,"color":"fffffffe","curve":[0.25,0,0.75,1]},{"time":0.3333,"color":"ffffff80","curve":[0.25,0,0.75,1]},{"time":1,"color":"ffffff22"}]},"zqdw_zongzilizi6":{"color":[{"time":0,"color":"ffffff4a","curve":[0.25,0,0.75,1]},{"time":0.2667,"color":"ffffff00","curve":[0.25,0,0.75,1]},{"time":0.5,"color":"fffffffe","curve":[0.25,0,0.75,1]},{"time":0.7667,"color":"ffffffb2","curve":[0.25,0,0.75,1]},{"time":1,"color":"ffffff4a"}]},"zqdw_zongzilizi7":{"color":[{"time":0,"color":"fffffffe","curve":[0.25,0,0.75,1]},{"time":0.1667,"color":"ffffff80","curve":[0.25,0,0.75,1]},{"time":0.3333,"color":"ffffff22","curve":[0.25,0,0.75,1]},{"time":0.5,"color":"ffffffb2","curve":[0.25,0,0.75,1]},{"time":0.6667,"color":"ffffff80","curve":[0.25,0,0.75,1]},{"time":0.8333,"color":"ffffff22","curve":[0.25,0,0.75,1]},{"time":1,"color":"fffffffe"}]},"zqdw_zongzilizi8":{"color":[{"time":0,"color":"ffffff4a","curve":[0.25,0,0.75,1]},{"time":0.2667,"color":"ffffff00","curve":[0.25,0,0.75,1]},{"time":0.5,"color":"fffffffe","curve":[0.25,0,0.75,1]},{"time":0.7667,"color":"ffffffb2","curve":[0.25,0,0.75,1]},{"time":1,"color":"ffffff4a"}]},"zqdw_zongzilizi9":{"color":[{"time":0,"color":"fffffffe","curve":[0.25,0,0.75,1]},{"time":0.3333,"color":"ffffff80","curve":[0.25,0,0.75,1]},{"time":1,"color":"ffffff22"}]},"zqdw_zongzilizi10":{"color":[{"time":0,"color":"ffffff00","curve":[0.25,0,0.75,1]},{"time":0.2,"color":"fffffffe","curve":[0.25,0,0.75,1]},{"time":0.4,"color":"ffffff80","curve":[0.25,0,0.75,1]},{"time":0.6,"color":"ffffff22","curve":[0.25,0,0.75,1]},{"time":0.8,"color":"ffffffb2","curve":[0.25,0,0.75,1]},{"time":1,"color":"ffffff00"}]}},"bones":{"zqdw_zongzi":{"rotate":[{"time":0,"angle":0,"curve":"stepped"},{"time":1,"angle":0}],"translate":[{"time":0,"x":0,"y":0,"curve":"stepped"},{"time":1,"x":0,"y":0}],"scale":[{"time":0,"x":1,"y":1,"curve":"stepped"},{"time":1,"x":1,"y":1}]},"scale":{"rotate":[{"time":0,"angle":0,"curve":"stepped"},{"time":1,"angle":0}],"translate":[{"time":0,"x":0,"y":0,"curve":"stepped"},{"time":1,"x":0,"y":0}],"scale":[{"time":0,"x":1,"y":1,"curve":[0.25,0,0.75,1]},{"time":0.0667,"x":1.1,"y":0.9,"curve":[0.25,0,0.75,1]},{"time":0.2,"x":0.95,"y":1.05,"curve":[0.25,0,0.75,1]},{"time":0.3333,"x":1.04,"y":0.96,"curve":[0.25,0,0.75,1]},{"time":0.4667,"x":1,"y":1,"curve":"stepped"},{"time":1,"x":1,"y":1}]},"zqdw_zongzilizi":{"rotate":[{"time":0,"angle":0,"curve":"stepped"},{"time":1,"angle":0}],"translate":[{"time":0,"x":0,"y":0,"curve":"stepped"},{"time":1,"x":0,"y":0}],"scale":[{"time":0,"x":1,"y":1,"curve":"stepped"},{"time":1,"x":1,"y":1}]},"zqdw_zongzilizi2":{"rotate":[{"time":0,"angle":0,"curve":"stepped"},{"time":1,"angle":0}],"translate":[{"time":0,"x":0,"y":0,"curve":"stepped"},{"time":1,"x":0,"y":0}],"scale":[{"time":0,"x":1,"y":1,"curve":"stepped"},{"time":1,"x":1,"y":1}]},"zqdw_zongzilizi3":{"rotate":[{"time":0,"angle":0,"curve":"stepped"},{"time":1,"angle":0}],"translate":[{"time":0,"x":0,"y":0,"curve":"stepped"},{"time":1,"x":0,"y":0}],"scale":[{"time":0,"x":1,"y":1,"curve":"stepped"},{"time":1,"x":1,"y":1}]},"zqdw_zongzilizi4":{"rotate":[{"time":0,"angle":0,"curve":"stepped"},{"time":1,"angle":0}],"translate":[{"time":0,"x":0,"y":0,"curve":"stepped"},{"time":1,"x":0,"y":0}],"scale":[{"time":0,"x":1,"y":1,"curve":"stepped"},{"time":1,"x":1,"y":1}]},"zqdw_zongzilizi5":{"rotate":[{"time":0,"angle":0,"curve":"stepped"},{"time":1,"angle":0}],"translate":[{"time":0,"x":0,"y":0,"curve":"stepped"},{"time":1,"x":0,"y":0}],"scale":[{"time":0,"x":1,"y":1,"curve":"stepped"},{"time":1,"x":1,"y":1}]},"zqdw_zongzilizi6":{"rotate":[{"time":0,"angle":0,"curve":"stepped"},{"time":1,"angle":0}],"translate":[{"time":0,"x":0,"y":0,"curve":"stepped"},{"time":1,"x":0,"y":0}],"scale":[{"time":0,"x":1,"y":1,"curve":"stepped"},{"time":1,"x":1,"y":1}]},"zqdw_zongzilizi7":{"rotate":[{"time":0,"angle":0,"curve":"stepped"},{"time":1,"angle":0}],"translate":[{"time":0,"x":0,"y":0,"curve":"stepped"},{"time":1,"x":0,"y":0}],"scale":[{"time":0,"x":1,"y":1,"curve":"stepped"},{"time":1,"x":1,"y":1}]},"zqdw_zongzilizi8":{"rotate":[{"time":0,"angle":0,"curve":"stepped"},{"time":1,"angle":0}],"translate":[{"time":0,"x":0,"y":0,"curve":"stepped"},{"time":1,"x":0,"y":0}],"scale":[{"time":0,"x":1,"y":1,"curve":"stepped"},{"time":1,"x":1,"y":1}]},"zqdw_zongzilizi9":{"rotate":[{"time":0,"angle":0,"curve":"stepped"},{"time":1,"angle":0}],"translate":[{"time":0,"x":0,"y":0,"curve":"stepped"},{"time":1,"x":0,"y":0}],"scale":[{"time":0,"x":1,"y":1,"curve":"stepped"},{"time":1,"x":1,"y":1}]},"zqdw_zongzilizi10":{"rotate":[{"time":0,"angle":0,"curve":"stepped"},{"time":1,"angle":0}],"translate":[{"time":0,"x":0,"y":0,"curve":"stepped"},{"time":1,"x":0,"y":0}],"scale":[{"time":0,"x":1,"y":1,"curve":"stepped"},{"time":1,"x":1,"y":1}]},"zqdw_zongzieffect":{"rotate":[{"time":0,"angle":0,"curve":"stepped"},{"time":1,"angle":0}],"translate":[{"time":0,"x":0,"y":0,"curve":"stepped"},{"time":1,"x":0,"y":0}],"scale":[{"time":0,"x":1.5,"y":1.5,"curve":[0.25,0,0.75,1]},{"time":1,"x":1,"y":1}]},"zqdw_zongzinumber":{"rotate":[{"time":0,"angle":0,"curve":"stepped"},{"time":1,"angle":0}],"translate":[{"time":0,"x":0,"y":65,"curve":[0.311,0.8,0.582,1]},{"time":1,"x":0,"y":165}],"scale":[{"time":0,"x":1,"y":1,"curve":"stepped"},{"time":1,"x":1,"y":1}]}}},"idle":{"slots":{"zqdw_zongzi":{"attachment":[{"time":0,"name":"zqdw_zongzi"},{"time":1,"name":"zqdw_zongzi"}]},"zqdw_zongzieffect":{"attachment":[{"time":0,"name":null},{"time":1,"name":null}]},"zqdw_zongzilizi":{"color":[{"time":0,"color":"ffffff00","curve":[0.25,0,0.75,1]},{"time":0.2,"color":"fffffffe","curve":[0.25,0,0.75,1]},{"time":0.4,"color":"ffffff80","curve":[0.25,0,0.75,1]},{"time":0.6,"color":"ffffff22","curve":[0.25,0,0.75,1]},{"time":0.8,"color":"ffffffb2","curve":[0.25,0,0.75,1]},{"time":1,"color":"ffffff00"}]},"zqdw_zongzilizi2":{"color":[{"time":0,"color":"ffffffb2","curve":[0.25,0,0.75,1]},{"time":0.0667,"color":"ffffff4a","curve":[0.25,0,0.75,1]},{"time":0.1333,"color":"ffffff00","curve":[0.25,0,0.75,1]},{"time":0.2,"color":"fffffffe","curve":[0.25,0,0.75,1]},{"time":0.2667,"color":"ffffff80","curve":[0.25,0,0.75,1]},{"time":0.3333,"color":"ffffff00","curve":[0.25,0,0.75,1]},{"time":0.4,"color":"fffffffe","curve":[0.25,0,0.75,1]},{"time":0.4667,"color":"ffffff80","curve":[0.25,0,0.75,1]},{"time":0.5333,"color":"ffffff22","curve":[0.25,0,0.75,1]},{"time":0.6,"color":"ffffffb2","curve":[0.25,0,0.75,1]},{"time":0.6667,"color":"ffffff4a","curve":[0.25,0,0.75,1]},{"time":0.7333,"color":"ffffff00","curve":[0.25,0,0.75,1]},{"time":0.8,"color":"fffffffe","curve":[0.25,0,0.75,1]},{"time":0.8667,"color":"ffffff80","curve":[0.25,0,0.75,1]},{"time":0.9333,"color":"ffffff22","curve":[0.25,0,0.75,1]},{"time":1,"color":"ffffffb2"}]},"zqdw_zongzilizi3":{"color":[{"time":0,"color":"ffffff00","curve":[0.25,0,0.75,1]},{"time":0.0667,"color":"fffffffe","curve":[0.25,0,0.75,1]},{"time":0.1333,"color":"ffffff80","curve":[0.25,0,0.75,1]},{"time":0.2,"color":"ffffff22","curve":[0.25,0,0.75,1]},{"time":0.2667,"color":"ffffffb2","curve":[0.25,0,0.75,1]},{"time":0.3333,"color":"ffffff4a","curve":[0.25,0,0.75,1]},{"time":0.4,"color":"ffffff00","curve":[0.25,0,0.75,1]},{"time":0.4667,"color":"fffffffe","curve":[0.25,0,0.75,1]},{"time":0.5333,"color":"ffffff80","curve":[0.25,0,0.75,1]},{"time":0.6,"color":"ffffff22","curve":[0.25,0,0.75,1]},{"time":0.6667,"color":"ffffffb2","curve":[0.25,0,0.75,1]},{"time":0.7333,"color":"ffffff4a","curve":[0.25,0,0.75,1]},{"time":0.8,"color":"ffffff00","curve":[0.25,0,0.75,1]},{"time":0.8667,"color":"fffffffe","curve":[0.25,0,0.75,1]},{"time":0.9333,"color":"ffffff80","curve":[0.25,0,0.75,1]},{"time":1,"color":"ffffff00"}]},"zqdw_zongzilizi4":{"color":[{"time":0,"color":"fffffffe","curve":[0.25,0,0.75,1]},{"time":0.1667,"color":"ffffff80","curve":[0.25,0,0.75,1]},{"time":0.3333,"color":"ffffff22","curve":[0.25,0,0.75,1]},{"time":0.5,"color":"ffffffb2","curve":[0.25,0,0.75,1]},{"time":0.6667,"color":"ffffff80","curve":[0.25,0,0.75,1]},{"time":0.8333,"color":"ffffff22","curve":[0.25,0,0.75,1]},{"time":1,"color":"fffffffe"}]},"zqdw_zongzilizi5":{"color":[{"time":0,"color":"fffffffe","curve":[0.25,0,0.75,1]},{"time":0.3333,"color":"ffffff80","curve":[0.25,0,0.75,1]},{"time":1,"color":"fffffffe"}]},"zqdw_zongzilizi6":{"color":[{"time":0,"color":"ffffff4a","curve":[0.25,0,0.75,1]},{"time":0.2667,"color":"ffffff00","curve":[0.25,0,0.75,1]},{"time":0.5,"color":"fffffffe","curve":[0.25,0,0.75,1]},{"time":0.7667,"color":"ffffffb2","curve":[0.25,0,0.75,1]},{"time":1,"color":"ffffff4a"}]},"zqdw_zongzilizi7":{"color":[{"time":0,"color":"fffffffe","curve":[0.25,0,0.75,1]},{"time":0.1667,"color":"ffffff80","curve":[0.25,0,0.75,1]},{"time":0.3333,"color":"ffffff22","curve":[0.25,0,0.75,1]},{"time":0.5,"color":"ffffffb2","curve":[0.25,0,0.75,1]},{"time":0.6667,"color":"ffffff80","curve":[0.25,0,0.75,1]},{"time":0.8333,"color":"ffffff22","curve":[0.25,0,0.75,1]},{"time":1,"color":"fffffffe"}]},"zqdw_zongzilizi8":{"color":[{"time":0,"color":"ffffff4a","curve":[0.25,0,0.75,1]},{"time":0.2667,"color":"ffffff00","curve":[0.25,0,0.75,1]},{"time":0.5,"color":"fffffffe","curve":[0.25,0,0.75,1]},{"time":0.7667,"color":"ffffffb2","curve":[0.25,0,0.75,1]},{"time":1,"color":"ffffff4a"}]},"zqdw_zongzilizi9":{"color":[{"time":0,"color":"fffffffe","curve":[0.25,0,0.75,1]},{"time":0.3333,"color":"ffffff80","curve":[0.25,0,0.75,1]},{"time":1,"color":"fffffffe"}]},"zqdw_zongzilizi10":{"color":[{"time":0,"color":"ffffff00","curve":[0.25,0,0.75,1]},{"time":0.2,"color":"fffffffe","curve":[0.25,0,0.75,1]},{"time":0.4,"color":"ffffff80","curve":[0.25,0,0.75,1]},{"time":0.6,"color":"ffffff22","curve":[0.25,0,0.75,1]},{"time":0.8,"color":"ffffffb2","curve":[0.25,0,0.75,1]},{"time":1,"color":"ffffff00"}]}},"bones":{"zqdw_zongzi":{"rotate":[{"time":0,"angle":0,"curve":"stepped"},{"time":1,"angle":0}],"translate":[{"time":0,"x":0,"y":0,"curve":"stepped"},{"time":1,"x":0,"y":0}],"scale":[{"time":0,"x":1,"y":1,"curve":"stepped"},{"time":1,"x":1,"y":1}]},"scale":{"rotate":[{"time":0,"angle":0,"curve":"stepped"},{"time":1,"angle":0}],"translate":[{"time":0,"x":0,"y":0,"curve":"stepped"},{"time":1,"x":0,"y":0}],"scale":[{"time":0,"x":1,"y":1,"curve":"stepped"},{"time":1,"x":1,"y":1}]},"zqdw_zongzilizi":{"rotate":[{"time":0,"angle":0,"curve":"stepped"},{"time":1,"angle":0}],"translate":[{"time":0,"x":0,"y":0,"curve":"stepped"},{"time":1,"x":0,"y":0}],"scale":[{"time":0,"x":1,"y":1,"curve":"stepped"},{"time":1,"x":1,"y":1}]},"zqdw_zongzilizi2":{"rotate":[{"time":0,"angle":0,"curve":"stepped"},{"time":1,"angle":0}],"translate":[{"time":0,"x":0,"y":0,"curve":"stepped"},{"time":1,"x":0,"y":0}],"scale":[{"time":0,"x":1,"y":1,"curve":"stepped"},{"time":1,"x":1,"y":1}]},"zqdw_zongzilizi3":{"rotate":[{"time":0,"angle":0,"curve":"stepped"},{"time":1,"angle":0}],"translate":[{"time":0,"x":0,"y":0,"curve":"stepped"},{"time":1,"x":0,"y":0}],"scale":[{"time":0,"x":1,"y":1,"curve":"stepped"},{"time":1,"x":1,"y":1}]},"zqdw_zongzilizi4":{"rotate":[{"time":0,"angle":0,"curve":"stepped"},{"time":1,"angle":0}],"translate":[{"time":0,"x":0,"y":0,"curve":"stepped"},{"time":1,"x":0,"y":0}],"scale":[{"time":0,"x":1,"y":1,"curve":"stepped"},{"time":1,"x":1,"y":1}]},"zqdw_zongzilizi5":{"rotate":[{"time":0,"angle":0,"curve":"stepped"},{"time":1,"angle":0}],"translate":[{"time":0,"x":0,"y":0,"curve":"stepped"},{"time":1,"x":0,"y":0}],"scale":[{"time":0,"x":1,"y":1,"curve":"stepped"},{"time":1,"x":1,"y":1}]},"zqdw_zongzilizi6":{"rotate":[{"time":0,"angle":0,"curve":"stepped"},{"time":1,"angle":0}],"translate":[{"time":0,"x":0,"y":0,"curve":"stepped"},{"time":1,"x":0,"y":0}],"scale":[{"time":0,"x":1,"y":1,"curve":"stepped"},{"time":1,"x":1,"y":1}]},"zqdw_zongzilizi7":{"rotate":[{"time":0,"angle":0,"curve":"stepped"},{"time":1,"angle":0}],"translate":[{"time":0,"x":0,"y":0,"curve":"stepped"},{"time":1,"x":0,"y":0}],"scale":[{"time":0,"x":1,"y":1,"curve":"stepped"},{"time":1,"x":1,"y":1}]},"zqdw_zongzilizi8":{"rotate":[{"time":0,"angle":0,"curve":"stepped"},{"time":1,"angle":0}],"translate":[{"time":0,"x":0,"y":0,"curve":"stepped"},{"time":1,"x":0,"y":0}],"scale":[{"time":0,"x":1,"y":1,"curve":"stepped"},{"time":1,"x":1,"y":1}]},"zqdw_zongzilizi9":{"rotate":[{"time":0,"angle":0,"curve":"stepped"},{"time":1,"angle":0}],"translate":[{"time":0,"x":0,"y":0,"curve":"stepped"},{"time":1,"x":0,"y":0}],"scale":[{"time":0,"x":1,"y":1,"curve":"stepped"},{"time":1,"x":1,"y":1}]},"zqdw_zongzilizi10":{"rotate":[{"time":0,"angle":0,"curve":"stepped"},{"time":1,"angle":0}],"translate":[{"time":0,"x":0,"y":0,"curve":"stepped"},{"time":1,"x":0,"y":0}],"scale":[{"time":0,"x":1,"y":1,"curve":"stepped"},{"time":1,"x":1,"y":1}]},"zqdw_zongzieffect":{"rotate":[{"time":0,"angle":0,"curve":"stepped"},{"time":1,"angle":0}],"translate":[{"time":0,"x":0,"y":0,"curve":"stepped"},{"time":1,"x":0,"y":0}],"scale":[{"time":0,"x":1,"y":1,"curve":"stepped"},{"time":1,"x":1,"y":1}]},"zqdw_zongzinumber":{"rotate":[{"time":0,"angle":0,"curve":"stepped"},{"time":1,"angle":0}],"translate":[{"time":0,"x":0,"y":0,"curve":"stepped"},{"time":1,"x":0,"y":0}],"scale":[{"time":0,"x":1,"y":1,"curve":"stepped"},{"time":1,"x":1,"y":1}]}}},"start":{"slots":{"zqdw_zongzi":{"attachment":[{"time":0,"name":"zqdw_zongzi"},{"time":1,"name":"zqdw_zongzi"}]},"zqdw_zongzieffect":{"attachment":[{"time":0,"name":"zqdw_zongzieffect0"},{"time":0.0333,"name":"zqdw_zongzieffect1"},{"time":0.0667,"name":"zqdw_zongzieffect2"},{"time":0.1,"name":"zqdw_zongzieffect3"},{"time":0.1333,"name":"zqdw_zongzieffect4"},{"time":0.1667,"name":"zqdw_zongzieffect5"},{"time":0.2,"name":"zqdw_zongzieffect6"},{"time":0.2333,"name":"zqdw_zongzieffect7"},{"time":0.2667,"name":"zqdw_zongzieffect8"},{"time":0.3,"name":"zqdw_zongzieffect9"},{"time":0.3333,"name":"zqdw_zongzieffect10"},{"time":0.3667,"name":"zqdw_zongzieffect11"},{"time":0.4,"name":"zqdw_zongzieffect12"},{"time":0.4333,"name":"zqdw_zongzieffect13"},{"time":0.4667,"name":"zqdw_zongzieffect14"},{"time":0.5,"name":"zqdw_zongzieffect15"},{"time":0.5333,"name":"zqdw_zongzieffect16"},{"time":0.5667,"name":"zqdw_zongzieffect17"},{"time":0.6,"name":"zqdw_zongzieffect18"},{"time":0.6333,"name":"zqdw_zongzieffect19"},{"time":0.6667,"name":"zqdw_zongzieffect20"},{"time":0.7,"name":"zqdw_zongzieffect21"},{"time":0.7333,"name":"zqdw_zongzieffect22"},{"time":0.7667,"name":"zqdw_zongzieffect23"},{"time":0.8,"name":null},{"time":1,"name":null}]},"zqdw_zongzilizi":{"color":[{"time":0,"color":"ffffff00","curve":[0.25,0,0.75,1]},{"time":0.2,"color":"fffffffe","curve":[0.25,0,0.75,1]},{"time":0.4,"color":"ffffff80","curve":[0.25,0,0.75,1]},{"time":0.6,"color":"ffffff22","curve":[0.25,0,0.75,1]},{"time":0.8,"color":"ffffffb2","curve":[0.25,0,0.75,1]},{"time":1,"color":"ffffff00"}]},"zqdw_zongzilizi2":{"color":[{"time":0,"color":"ffffffb2","curve":[0.25,0,0.75,1]},{"time":0.0667,"color":"ffffff4a","curve":[0.25,0,0.75,1]},{"time":0.1333,"color":"ffffff00","curve":[0.25,0,0.75,1]},{"time":0.2,"color":"fffffffe","curve":[0.25,0,0.75,1]},{"time":0.2667,"color":"ffffff80","curve":[0.25,0,0.75,1]},{"time":0.3333,"color":"ffffff00","curve":[0.25,0,0.75,1]},{"time":0.4,"color":"fffffffe","curve":[0.25,0,0.75,1]},{"time":0.4667,"color":"ffffff80","curve":[0.25,0,0.75,1]},{"time":0.5333,"color":"ffffff22","curve":[0.25,0,0.75,1]},{"time":0.6,"color":"ffffffb2","curve":[0.25,0,0.75,1]},{"time":0.6667,"color":"ffffff4a","curve":[0.25,0,0.75,1]},{"time":0.7333,"color":"ffffff00","curve":[0.25,0,0.75,1]},{"time":0.8,"color":"fffffffe","curve":[0.25,0,0.75,1]},{"time":0.8667,"color":"ffffff80","curve":[0.25,0,0.75,1]},{"time":0.9333,"color":"ffffff22","curve":[0.25,0,0.75,1]},{"time":1,"color":"ffffffb2"}]},"zqdw_zongzilizi3":{"color":[{"time":0,"color":"ffffff00","curve":[0.25,0,0.75,1]},{"time":0.0667,"color":"fffffffe","curve":[0.25,0,0.75,1]},{"time":0.1333,"color":"ffffff80","curve":[0.25,0,0.75,1]},{"time":0.2,"color":"ffffff22","curve":[0.25,0,0.75,1]},{"time":0.2667,"color":"ffffffb2","curve":[0.25,0,0.75,1]},{"time":0.3333,"color":"ffffff4a","curve":[0.25,0,0.75,1]},{"time":0.4,"color":"ffffff00","curve":[0.25,0,0.75,1]},{"time":0.4667,"color":"fffffffe","curve":[0.25,0,0.75,1]},{"time":0.5333,"color":"ffffff80","curve":[0.25,0,0.75,1]},{"time":0.6,"color":"ffffff22","curve":[0.25,0,0.75,1]},{"time":0.6667,"color":"ffffffb2","curve":[0.25,0,0.75,1]},{"time":0.7333,"color":"ffffff4a","curve":[0.25,0,0.75,1]},{"time":0.8,"color":"ffffff00","curve":[0.25,0,0.75,1]},{"time":0.8667,"color":"fffffffe","curve":[0.25,0,0.75,1]},{"time":0.9333,"color":"ffffff80","curve":[0.25,0,0.75,1]},{"time":1,"color":"ffffff00"}]},"zqdw_zongzilizi4":{"color":[{"time":0,"color":"fffffffe","curve":[0.25,0,0.75,1]},{"time":0.1667,"color":"ffffff80","curve":[0.25,0,0.75,1]},{"time":0.3333,"color":"ffffff22","curve":[0.25,0,0.75,1]},{"time":0.5,"color":"ffffffb2","curve":[0.25,0,0.75,1]},{"time":0.6667,"color":"ffffff80","curve":[0.25,0,0.75,1]},{"time":0.8333,"color":"ffffff22","curve":[0.25,0,0.75,1]},{"time":1,"color":"fffffffe"}]},"zqdw_zongzilizi5":{"color":[{"time":0,"color":"fffffffe","curve":[0.25,0,0.75,1]},{"time":0.3333,"color":"ffffff80","curve":[0.25,0,0.75,1]},{"time":1,"color":"fffffffe"}]},"zqdw_zongzilizi6":{"color":[{"time":0,"color":"ffffff4a","curve":[0.25,0,0.75,1]},{"time":0.2667,"color":"ffffff00","curve":[0.25,0,0.75,1]},{"time":0.5,"color":"fffffffe","curve":[0.25,0,0.75,1]},{"time":0.7667,"color":"ffffffb2","curve":[0.25,0,0.75,1]},{"time":1,"color":"ffffff4a"}]},"zqdw_zongzilizi7":{"color":[{"time":0,"color":"fffffffe","curve":[0.25,0,0.75,1]},{"time":0.1667,"color":"ffffff80","curve":[0.25,0,0.75,1]},{"time":0.3333,"color":"ffffff22","curve":[0.25,0,0.75,1]},{"time":0.5,"color":"ffffffb2","curve":[0.25,0,0.75,1]},{"time":0.6667,"color":"ffffff80","curve":[0.25,0,0.75,1]},{"time":0.8333,"color":"ffffff22","curve":[0.25,0,0.75,1]},{"time":1,"color":"fffffffe"}]},"zqdw_zongzilizi8":{"color":[{"time":0,"color":"ffffff4a","curve":[0.25,0,0.75,1]},{"time":0.2667,"color":"ffffff00","curve":[0.25,0,0.75,1]},{"time":0.5,"color":"fffffffe","curve":[0.25,0,0.75,1]},{"time":0.7667,"color":"ffffffb2","curve":[0.25,0,0.75,1]},{"time":1,"color":"ffffff4a"}]},"zqdw_zongzilizi9":{"color":[{"time":0,"color":"fffffffe","curve":[0.25,0,0.75,1]},{"time":0.3333,"color":"ffffff80","curve":[0.25,0,0.75,1]},{"time":1,"color":"fffffffe"}]},"zqdw_zongzilizi10":{"color":[{"time":0,"color":"ffffff00","curve":[0.25,0,0.75,1]},{"time":0.2,"color":"fffffffe","curve":[0.25,0,0.75,1]},{"time":0.4,"color":"ffffff80","curve":[0.25,0,0.75,1]},{"time":0.6,"color":"ffffff22","curve":[0.25,0,0.75,1]},{"time":0.8,"color":"ffffffb2","curve":[0.25,0,0.75,1]},{"time":1,"color":"ffffff00"}]}},"bones":{"zqdw_zongzi":{"rotate":[{"time":0,"angle":0,"curve":"stepped"},{"time":0.0667,"angle":0,"curve":[0.332,0.36,0.665,0.69]},{"time":0.1333,"angle":4,"curve":[0.332,0.35,0.665,0.68]},{"time":0.1667,"angle":-4,"curve":[0.33,0.37,0.663,0.7]},{"time":0.2333,"angle":2,"curve":[0.331,0.35,0.664,0.68]},{"time":0.2667,"angle":-2,"curve":[0.328,0.37,0.661,0.71]},{"time":0.3333,"angle":0,"curve":"stepped"},{"time":0.5,"angle":0,"curve":"stepped"},{"time":1,"angle":0}],"translate":[{"time":0,"x":0,"y":0,"curve":"stepped"},{"time":1,"x":0,"y":0}],"scale":[{"time":0,"x":0.5,"y":0.5,"curve":[0.311,0.8,0.582,1]},{"time":0.2,"x":1.1,"y":1.1,"curve":[0.316,0.48,0.646,0.8]},{"time":0.3,"x":0.99,"y":0.99,"curve":[0.308,0.69,0.638,0.97]},{"time":0.4,"x":1.02,"y":1.02,"curve":[0.34,0.4,0.669,0.73]},{"time":0.5,"x":1,"y":1,"curve":"stepped"},{"time":1,"x":1,"y":1}]},"scale":{"rotate":[{"time":0,"angle":0,"curve":"stepped"},{"time":1,"angle":0}],"translate":[{"time":0,"x":0,"y":0,"curve":"stepped"},{"time":1,"x":0,"y":0}],"scale":[{"time":0,"x":1,"y":1,"curve":[0.25,0,0.75,1]},{"time":0.0667,"x":1.1,"y":0.9,"curve":[0.25,0,0.75,1]},{"time":0.2,"x":0.95,"y":1.05,"curve":[0.25,0,0.75,1]},{"time":0.3333,"x":1.04,"y":0.96,"curve":[0.25,0,0.75,1]},{"time":0.4667,"x":1,"y":1,"curve":"stepped"},{"time":1,"x":1,"y":1}]},"zqdw_zongzilizi":{"rotate":[{"time":0,"angle":0,"curve":"stepped"},{"time":1,"angle":0}],"translate":[{"time":0,"x":0,"y":0,"curve":"stepped"},{"time":1,"x":0,"y":0}],"scale":[{"time":0,"x":1,"y":1,"curve":"stepped"},{"time":1,"x":1,"y":1}]},"zqdw_zongzilizi2":{"rotate":[{"time":0,"angle":0,"curve":"stepped"},{"time":1,"angle":0}],"translate":[{"time":0,"x":0,"y":0,"curve":"stepped"},{"time":1,"x":0,"y":0}],"scale":[{"time":0,"x":1,"y":1,"curve":"stepped"},{"time":1,"x":1,"y":1}]},"zqdw_zongzilizi3":{"rotate":[{"time":0,"angle":0,"curve":"stepped"},{"time":1,"angle":0}],"translate":[{"time":0,"x":0,"y":0,"curve":"stepped"},{"time":1,"x":0,"y":0}],"scale":[{"time":0,"x":1,"y":1,"curve":"stepped"},{"time":1,"x":1,"y":1}]},"zqdw_zongzilizi4":{"rotate":[{"time":0,"angle":0,"curve":"stepped"},{"time":1,"angle":0}],"translate":[{"time":0,"x":0,"y":0,"curve":"stepped"},{"time":1,"x":0,"y":0}],"scale":[{"time":0,"x":1,"y":1,"curve":"stepped"},{"time":1,"x":1,"y":1}]},"zqdw_zongzilizi5":{"rotate":[{"time":0,"angle":0,"curve":"stepped"},{"time":1,"angle":0}],"translate":[{"time":0,"x":0,"y":0,"curve":"stepped"},{"time":1,"x":0,"y":0}],"scale":[{"time":0,"x":1,"y":1,"curve":"stepped"},{"time":1,"x":1,"y":1}]},"zqdw_zongzilizi6":{"rotate":[{"time":0,"angle":0,"curve":"stepped"},{"time":1,"angle":0}],"translate":[{"time":0,"x":0,"y":0,"curve":"stepped"},{"time":1,"x":0,"y":0}],"scale":[{"time":0,"x":1,"y":1,"curve":"stepped"},{"time":1,"x":1,"y":1}]},"zqdw_zongzilizi7":{"rotate":[{"time":0,"angle":0,"curve":"stepped"},{"time":1,"angle":0}],"translate":[{"time":0,"x":0,"y":0,"curve":"stepped"},{"time":1,"x":0,"y":0}],"scale":[{"time":0,"x":1,"y":1,"curve":"stepped"},{"time":1,"x":1,"y":1}]},"zqdw_zongzilizi8":{"rotate":[{"time":0,"angle":0,"curve":"stepped"},{"time":1,"angle":0}],"translate":[{"time":0,"x":0,"y":0,"curve":"stepped"},{"time":1,"x":0,"y":0}],"scale":[{"time":0,"x":1,"y":1,"curve":"stepped"},{"time":1,"x":1,"y":1}]},"zqdw_zongzilizi9":{"rotate":[{"time":0,"angle":0,"curve":"stepped"},{"time":1,"angle":0}],"translate":[{"time":0,"x":0,"y":0,"curve":"stepped"},{"time":1,"x":0,"y":0}],"scale":[{"time":0,"x":1,"y":1,"curve":"stepped"},{"time":1,"x":1,"y":1}]},"zqdw_zongzilizi10":{"rotate":[{"time":0,"angle":0,"curve":"stepped"},{"time":1,"angle":0}],"translate":[{"time":0,"x":0,"y":0,"curve":"stepped"},{"time":1,"x":0,"y":0}],"scale":[{"time":0,"x":1,"y":1,"curve":"stepped"},{"time":1,"x":1,"y":1}]},"zqdw_zongzieffect":{"rotate":[{"time":0,"angle":0,"curve":"stepped"},{"time":1,"angle":0}],"translate":[{"time":0,"x":0,"y":0,"curve":"stepped"},{"time":1,"x":0,"y":0}],"scale":[{"time":0,"x":1,"y":1,"curve":"stepped"},{"time":1,"x":1,"y":1}]},"zqdw_zongzinumber":{"rotate":[{"time":0,"angle":0,"curve":"stepped"},{"time":1,"angle":0}],"translate":[{"time":0,"x":0,"y":0,"curve":"stepped"},{"time":1,"x":0,"y":0}],"scale":[{"time":0,"x":1,"y":1,"curve":"stepped"},{"time":1,"x":1,"y":1}]}}}}}