{"skeleton":{"hash":"mxJWLZkCpMEpx9s6iaS57Rsjh5s","spine":"3.6.37","width":130.81,"height":76,"images":"./images/"},"bones":[{"name":"root"},{"name":"hip","parent":"root"},{"name":"7dqd_rk_guangxiao01","parent":"hip","rotation":22.33,"x":-42.72,"y":-14.28},{"name":"7dqd_rk_guangxiao1","parent":"hip","rotation":9.6,"x":6.87,"y":-13.21,"scaleX":1.2,"scaleY":1.2},{"name":"7dqd_rk_guangxiao2","parent":"hip","rotation":22.33,"x":33.72,"y":-15},{"name":"7qdjb_rkb_jb1","parent":"hip","rotation":60.48,"x":40.36,"y":-5.85},{"name":"7dqd_rk_guangxiao3","parent":"7qdjb_rkb_jb1","rotation":-79.68,"x":11.63,"y":-0.25,"scaleX":1.2,"scaleY":1.2},{"name":"7dqd_rk_guangxiao4","parent":"hip","rotation":22.33,"x":-33.05,"y":27.25,"scaleX":0.55,"scaleY":0.55},{"name":"7dqd_rk_guangxiao5","parent":"hip","rotation":-46.07,"x":-34.84,"y":-3.54,"scaleX":0.7,"scaleY":0.7},{"name":"7dqd_rk_guangxiao6","parent":"hip","rotation":22.33,"x":21.19,"y":28.32,"scaleX":0.6,"scaleY":0.6},{"name":"7dqd_rk_guangxiao7","parent":"hip","rotation":49.93,"x":27.09,"y":-3.72,"scaleX":0.8,"scaleY":0.8},{"name":"7qdjb_rkb_glqq","parent":"hip","x":-21.5,"y":11.5},{"name":"7qdjb_rkb_hgqd","parent":"hip","x":-3.5,"y":-23.5},{"name":"7qdjb_rkb_jb2","parent":"hip","rotation":111.63,"x":-44.98,"y":-0.52},{"name":"7qdjb_rkb_szib","parent":"hip","x":-21.5,"y":11.5,"color":"3eff00ff"},{"name":"7qdjb_rkb_wzsgc","parent":"hip","x":-3.86,"y":-21.76,"scaleX":2,"scaleY":2},{"name":"num_10","parent":"hip","x":-5.5,"y":10.8},{"name":"num_11","parent":"hip","x":10.5,"y":10.8}],"slots":[{"name":"7qdjb_rkb_jb2","bone":"7qdjb_rkb_jb2","attachment":"7qdjb_rkb_jb2"},{"name":"7qdjb_rkb_lhj","bone":"hip","attachment":"7qdjb_rkb_lhj"},{"name":"7qdjb_rkb_glqq","bone":"7qdjb_rkb_glqq","attachment":"7qdjb_rkb_glqq"},{"name":"7qdjb_rkb_jb1","bone":"7qdjb_rkb_jb1","attachment":"7qdjb_rkb_jb1"},{"name":"7qdjb_rkb_hgqd","bone":"7qdjb_rkb_hgqd","attachment":"7qdjb_rkb_hgqd"},{"name":"7dqd_rk_guangxiao01","bone":"7dqd_rk_guangxiao01","attachment":"7dqd_rk_guangxiao01","blend":"additive"},{"name":"7dqd_rk_guangxiao1","bone":"7dqd_rk_guangxiao1","attachment":"7dqd_rk_guangxiao01","blend":"additive"},{"name":"7dqd_rk_guangxiao2","bone":"7dqd_rk_guangxiao2","attachment":"7dqd_rk_guangxiao01","blend":"additive"},{"name":"7dqd_rk_guangxiao3","bone":"7dqd_rk_guangxiao3","attachment":"7dqd_rk_guangxiao01","blend":"additive"},{"name":"7dqd_rk_guangxiao4","bone":"7dqd_rk_guangxiao4","attachment":"7dqd_rk_guangxiao01","blend":"additive"},{"name":"7dqd_rk_guangxiao5","bone":"7dqd_rk_guangxiao5","attachment":"7dqd_rk_guangxiao01","blend":"additive"},{"name":"7dqd_rk_guangxiao6","bone":"7dqd_rk_guangxiao6","attachment":"7dqd_rk_guangxiao01","blend":"additive"},{"name":"7dqd_rk_guangxiao7","bone":"7dqd_rk_guangxiao7","attachment":"7dqd_rk_guangxiao01","blend":"additive"},{"name":"7qdjb_rkb_szi","bone":"num_10","attachment":"7qdjb_rkb_szi"},{"name":"7qdjb_rkb_szi2","bone":"num_11","attachment":"7qdjb_rkb_szi"},{"name":"7qdjb_rkb_szib0","bone":"7qdjb_rkb_szib","attachment":"7qdjb_rkb_szib0"},{"name":"7qdjb_rkb_wzsgc2","bone":"7qdjb_rkb_wzsgc","color":"ffffff95","attachment":"7qdjb_rkb_wzsgc9","blend":"additive"}],"skins":{"default":{"7dqd_rk_guangxiao01":{"7dqd_rk_guangxiao01":{"x":-0.81,"y":0.09,"rotation":-22.33,"width":28,"height":31}},"7dqd_rk_guangxiao1":{"7dqd_rk_guangxiao01":{"x":-0.81,"y":0.09,"rotation":-22.33,"width":28,"height":31}},"7dqd_rk_guangxiao2":{"7dqd_rk_guangxiao01":{"x":-0.81,"y":0.09,"rotation":-22.33,"width":28,"height":31}},"7dqd_rk_guangxiao3":{"7dqd_rk_guangxiao01":{"x":-0.81,"y":0.09,"rotation":-22.33,"width":28,"height":31}},"7dqd_rk_guangxiao4":{"7dqd_rk_guangxiao01":{"x":-0.81,"y":0.09,"rotation":-22.33,"width":28,"height":31}},"7dqd_rk_guangxiao5":{"7dqd_rk_guangxiao01":{"x":-0.81,"y":0.09,"rotation":-22.33,"width":28,"height":31}},"7dqd_rk_guangxiao6":{"7dqd_rk_guangxiao01":{"x":-0.81,"y":0.09,"rotation":-22.33,"width":28,"height":31}},"7dqd_rk_guangxiao7":{"7dqd_rk_guangxiao01":{"x":-0.81,"y":0.09,"rotation":-22.33,"width":28,"height":31}},"7qdjb_rkb_glqq":{"7qdjb_rkb_glqq":{"width":32,"height":39}},"7qdjb_rkb_hgqd":{"7qdjb_rkb_hgqd":{"width":100,"height":27}},"7qdjb_rkb_jb1":{"7qdjb_rkb_jb1":{"x":-2.54,"y":-2.82,"rotation":-60.48,"width":32,"height":33}},"7qdjb_rkb_jb2":{"7qdjb_rkb_jb2":{"x":-1.49,"y":1.67,"rotation":-111.63,"width":29,"height":27}},"7qdjb_rkb_lhj":{"7qdjb_rkb_lhj":{"x":-1,"y":7.5,"width":91,"height":63}},"7qdjb_rkb_szi":{"7qdjb_rkb_szi":{"width":8,"height":16}},"7qdjb_rkb_szi2":{"7qdjb_rkb_szi":{"width":8,"height":16}},"7qdjb_rkb_szib0":{"7qdjb_rkb_szib0":{"width":10,"height":22},"7qdjb_rkb_szib1":{"width":10,"height":22},"7qdjb_rkb_szib2":{"width":10,"height":22},"7qdjb_rkb_szib3":{"width":10,"height":22},"7qdjb_rkb_szib4":{"width":10,"height":22},"7qdjb_rkb_szib5":{"width":10,"height":22},"7qdjb_rkb_szib6":{"width":10,"height":22},"7qdjb_rkb_szib7":{"width":10,"height":22},"7qdjb_rkb_szib8":{"width":10,"height":22},"7qdjb_rkb_szib9":{"width":10,"height":22},"7qdjb_rkb_szib10":{"width":10,"height":22},"7qdjb_rkb_szib11":{"width":10,"height":22},"7qdjb_rkb_szib12":{"width":10,"height":22},"7qdjb_rkb_szib13":{"width":10,"height":22},"7qdjb_rkb_szib14":{"width":10,"height":22},"7qdjb_rkb_szib15":{"width":10,"height":22},"7qdjb_rkb_szib16":{"width":10,"height":22},"7qdjb_rkb_szib17":{"width":10,"height":22},"7qdjb_rkb_szib18":{"width":10,"height":22},"7qdjb_rkb_szib19":{"width":10,"height":22},"7qdjb_rkb_szib20":{"width":10,"height":22},"7qdjb_rkb_szib21":{"width":10,"height":22},"7qdjb_rkb_szib22":{"width":10,"height":22},"7qdjb_rkb_szib23":{"width":10,"height":22},"7qdjb_rkb_szib24":{"width":10,"height":22},"7qdjb_rkb_szib25":{"width":10,"height":22},"7qdjb_rkb_szib26":{"width":10,"height":22},"7qdjb_rkb_szib27":{"width":10,"height":22},"7qdjb_rkb_szib28":{"width":10,"height":22},"7qdjb_rkb_szib29":{"width":10,"height":22},"7qdjb_rkb_szib30":{"width":10,"height":22},"7qdjb_rkb_szib31":{"width":10,"height":22},"7qdjb_rkb_szib32":{"width":10,"height":22},"7qdjb_rkb_szib33":{"width":10,"height":22},"7qdjb_rkb_szib34":{"width":10,"height":22},"7qdjb_rkb_szib35":{"width":10,"height":22},"7qdjb_rkb_szib36":{"width":10,"height":22},"7qdjb_rkb_szib37":{"width":10,"height":22},"7qdjb_rkb_szib38":{"width":10,"height":22},"7qdjb_rkb_szib39":{"width":10,"height":22},"7qdjb_rkb_szib40":{"width":10,"height":22},"7qdjb_rkb_szib41":{"width":10,"height":22},"7qdjb_rkb_szib42":{"width":10,"height":22},"7qdjb_rkb_szib43":{"width":10,"height":22},"7qdjb_rkb_szib44":{"width":10,"height":22},"7qdjb_rkb_szib45":{"width":10,"height":22},"7qdjb_rkb_szib46":{"width":10,"height":22},"7qdjb_rkb_szib47":{"width":10,"height":22},"7qdjb_rkb_szib48":{"width":10,"height":22},"7qdjb_rkb_szib49":{"width":10,"height":22},"7qdjb_rkb_szib50":{"width":10,"height":22},"7qdjb_rkb_szib51":{"width":10,"height":22},"7qdjb_rkb_szib52":{"width":10,"height":22},"7qdjb_rkb_szib53":{"width":10,"height":22},"7qdjb_rkb_szib54":{"width":10,"height":22},"7qdjb_rkb_szib55":{"width":10,"height":22},"7qdjb_rkb_szib56":{"width":10,"height":22},"7qdjb_rkb_szib57":{"width":10,"height":22},"7qdjb_rkb_szib58":{"width":10,"height":22},"7qdjb_rkb_szib59":{"width":10,"height":22},"7qdjb_rkb_szib60":{"width":10,"height":22},"7qdjb_rkb_szib61":{"width":10,"height":22},"7qdjb_rkb_szib62":{"width":10,"height":22},"7qdjb_rkb_szib63":{"width":10,"height":22},"7qdjb_rkb_szib64":{"width":10,"height":22},"7qdjb_rkb_szib65":{"width":10,"height":22},"7qdjb_rkb_szib66":{"width":10,"height":22},"7qdjb_rkb_szib67":{"width":10,"height":22},"7qdjb_rkb_szib68":{"width":10,"height":22},"7qdjb_rkb_szib69":{"width":10,"height":22},"7qdjb_rkb_szib70":{"width":10,"height":22},"7qdjb_rkb_szib71":{"width":10,"height":22},"7qdjb_rkb_szib72":{"width":10,"height":22},"7qdjb_rkb_szib73":{"width":10,"height":22},"7qdjb_rkb_szib74":{"width":10,"height":22},"7qdjb_rkb_szib75":{"width":10,"height":22},"7qdjb_rkb_szib76":{"width":10,"height":22},"7qdjb_rkb_szib77":{"width":10,"height":22},"7qdjb_rkb_szib78":{"width":10,"height":22},"7qdjb_rkb_szib79":{"width":10,"height":22},"7qdjb_rkb_szib80":{"width":10,"height":22},"7qdjb_rkb_szib81":{"width":10,"height":22},"7qdjb_rkb_szib82":{"width":10,"height":22},"7qdjb_rkb_szib83":{"width":10,"height":22},"7qdjb_rkb_szib84":{"width":10,"height":22},"7qdjb_rkb_szib85":{"width":10,"height":22},"7qdjb_rkb_szib86":{"width":10,"height":22},"7qdjb_rkb_szib87":{"width":10,"height":22},"7qdjb_rkb_szib88":{"width":10,"height":22},"7qdjb_rkb_szib89":{"width":10,"height":22},"7qdjb_rkb_szib90":{"width":10,"height":22},"7qdjb_rkb_szib91":{"width":10,"height":22},"7qdjb_rkb_szib92":{"width":10,"height":22},"7qdjb_rkb_szib93":{"width":10,"height":22},"7qdjb_rkb_szib94":{"width":10,"height":22},"7qdjb_rkb_szib95":{"width":10,"height":22},"7qdjb_rkb_szib96":{"width":10,"height":22},"7qdjb_rkb_szib97":{"width":10,"height":22},"7qdjb_rkb_szib98":{"width":10,"height":22},"7qdjb_rkb_szib99":{"width":10,"height":22},"7qdjb_rkb_szib100":{"width":10,"height":22},"7qdjb_rkb_szib101":{"width":10,"height":22},"7qdjb_rkb_szib102":{"width":10,"height":22},"7qdjb_rkb_szib103":{"width":10,"height":22},"7qdjb_rkb_szib104":{"width":10,"height":22},"7qdjb_rkb_szib105":{"width":10,"height":22},"7qdjb_rkb_szib106":{"width":10,"height":22},"7qdjb_rkb_szib107":{"width":10,"height":22},"7qdjb_rkb_szib108":{"width":10,"height":22},"7qdjb_rkb_szib109":{"width":10,"height":22},"7qdjb_rkb_szib110":{"width":10,"height":22},"7qdjb_rkb_szib111":{"width":10,"height":22},"7qdjb_rkb_szib112":{"width":10,"height":22},"7qdjb_rkb_szib113":{"width":10,"height":22},"7qdjb_rkb_szib114":{"width":10,"height":22},"7qdjb_rkb_szib115":{"width":10,"height":22},"7qdjb_rkb_szib116":{"width":10,"height":22},"7qdjb_rkb_szib117":{"width":10,"height":22},"7qdjb_rkb_szib118":{"width":10,"height":22},"7qdjb_rkb_szib119":{"width":10,"height":22},"7qdjb_rkb_szib120":{"width":10,"height":22},"7qdjb_rkb_szib121":{"width":10,"height":22},"7qdjb_rkb_szib122":{"width":10,"height":22},"7qdjb_rkb_szib123":{"width":10,"height":22},"7qdjb_rkb_szib124":{"width":10,"height":22},"7qdjb_rkb_szib125":{"width":10,"height":22},"7qdjb_rkb_szib126":{"width":10,"height":22},"7qdjb_rkb_szib127":{"width":10,"height":22},"7qdjb_rkb_szib128":{"width":10,"height":22},"7qdjb_rkb_szib129":{"width":10,"height":22},"7qdjb_rkb_szib130":{"width":10,"height":22},"7qdjb_rkb_szib131":{"width":10,"height":22},"7qdjb_rkb_szib132":{"width":10,"height":22},"7qdjb_rkb_szib133":{"width":10,"height":22},"7qdjb_rkb_szib134":{"width":10,"height":22},"7qdjb_rkb_szib135":{"width":10,"height":22},"7qdjb_rkb_szib136":{"width":10,"height":22},"7qdjb_rkb_szib137":{"width":10,"height":22},"7qdjb_rkb_szib138":{"width":10,"height":22},"7qdjb_rkb_szib139":{"width":10,"height":22},"7qdjb_rkb_szib140":{"width":10,"height":22},"7qdjb_rkb_szib141":{"width":10,"height":22},"7qdjb_rkb_szib142":{"width":10,"height":22},"7qdjb_rkb_szib143":{"width":10,"height":22}},"7qdjb_rkb_wzsgc2":{"7qdjb_rkb_wzsgc2":{"width":48,"height":12},"7qdjb_rkb_wzsgc3":{"width":48,"height":12},"7qdjb_rkb_wzsgc4":{"width":48,"height":12},"7qdjb_rkb_wzsgc5":{"width":48,"height":12},"7qdjb_rkb_wzsgc6":{"width":48,"height":12},"7qdjb_rkb_wzsgc7":{"width":48,"height":12},"7qdjb_rkb_wzsgc8":{"width":48,"height":12},"7qdjb_rkb_wzsgc9":{"width":48,"height":12},"7qdjb_rkb_wzsgc10":{"width":48,"height":12},"7qdjb_rkb_wzsgc11":{"width":48,"height":12},"7qdjb_rkb_wzsgc12":{"width":48,"height":12},"7qdjb_rkb_wzsgc13":{"width":48,"height":12},"7qdjb_rkb_wzsgc14":{"width":48,"height":12},"7qdjb_rkb_wzsgc15":{"width":48,"height":12},"7qdjb_rkb_wzsgc16":{"width":48,"height":12},"7qdjb_rkb_wzsgc17":{"width":48,"height":12},"7qdjb_rkb_wzsgc18":{"width":48,"height":12},"7qdjb_rkb_wzsgc19":{"width":48,"height":12},"7qdjb_rkb_wzsgc20":{"width":48,"height":12},"7qdjb_rkb_wzsgc21":{"width":48,"height":12},"7qdjb_rkb_wzsgc22":{"width":48,"height":12},"7qdjb_rkb_wzsgc23":{"width":48,"height":12},"7qdjb_rkb_wzsgc24":{"width":48,"height":12},"7qdjb_rkb_wzsgc25":{"width":48,"height":12},"7qdjb_rkb_wzsgc26":{"width":48,"height":12},"7qdjb_rkb_wzsgc27":{"width":48,"height":12},"7qdjb_rkb_wzsgc28":{"width":48,"height":12},"7qdjb_rkb_wzsgc29":{"width":48,"height":12},"7qdjb_rkb_wzsgc30":{"width":48,"height":12},"7qdjb_rkb_wzsgc31":{"width":48,"height":12},"7qdjb_rkb_wzsgc32":{"width":48,"height":12},"7qdjb_rkb_wzsgc33":{"width":48,"height":12},"7qdjb_rkb_wzsgc34":{"width":48,"height":12}}}},"animations":{"animation":{"slots":{"7dqd_rk_guangxiao01":{"color":[{"time":0,"color":"ffffff76","curve":[0.25,0,0.75,1]},{"time":0.6667,"color":"fffffffe","curve":[0.25,0,0.75,1]},{"time":1.8333,"color":"ffffff00","curve":[0.25,0,0.75,1]},{"time":3,"color":"fffffffe","curve":[0.25,0,0.75,1]},{"time":4.1667,"color":"ffffff00","curve":[0.25,0,0.75,1]},{"time":4.6667,"color":"ffffff76","curve":[0.25,0,0.75,1]},{"time":5.6,"color":"fffffffe","curve":[0.25,0,0.75,1]},{"time":6.7667,"color":"ffffff00","curve":[0.25,0,0.75,1]},{"time":7.9333,"color":"fffffffe","curve":[0.25,0,0.75,1]},{"time":9.1,"color":"ffffff00","curve":[0.25,0,0.75,1]},{"time":9.6,"color":"ffffff76"}]},"7dqd_rk_guangxiao1":{"color":[{"time":0,"color":"ffffff00","curve":[0.25,0,0.75,1]},{"time":1.1667,"color":"fffffffe","curve":[0.25,0,0.75,1]},{"time":2.3333,"color":"ffffff00","curve":[0.25,0,0.75,1]},{"time":3.5,"color":"fffffffe","curve":[0.25,0,0.75,1]},{"time":4.6667,"color":"ffffff00","curve":[0.25,0,0.75,1]},{"time":6.1,"color":"fffffffe","curve":[0.25,0,0.75,1]},{"time":7.2667,"color":"ffffff00","curve":[0.25,0,0.75,1]},{"time":8.4333,"color":"fffffffe","curve":[0.25,0,0.75,1]},{"time":9.6,"color":"ffffff00"}]},"7dqd_rk_guangxiao2":{"color":[{"time":0,"color":"ffffff6c","curve":[0.25,0,0.75,1]},{"time":0.5,"color":"ffffff00","curve":[0.25,0,0.75,1]},{"time":1.6667,"color":"fffffffe","curve":[0.25,0,0.75,1]},{"time":2.8333,"color":"ffffff00","curve":[0.25,0,0.75,1]},{"time":4,"color":"fffffffe","curve":[0.25,0,0.75,1]},{"time":4.6667,"color":"ffffff6c","curve":[0.25,0,0.75,1]},{"time":5.4333,"color":"ffffff00","curve":[0.25,0,0.75,1]},{"time":6.6,"color":"fffffffe","curve":[0.25,0,0.75,1]},{"time":7.7667,"color":"ffffff00","curve":[0.25,0,0.75,1]},{"time":8.9333,"color":"fffffffe","curve":[0.25,0,0.75,1]},{"time":9.6,"color":"ffffff6c"}]},"7dqd_rk_guangxiao3":{"color":[{"time":0,"color":"ffffffb6","curve":[0.25,0,0.75,1]},{"time":0.8333,"color":"ffffff00","curve":[0.25,0,0.75,1]},{"time":2,"color":"fffffffe","curve":[0.25,0,0.75,1]},{"time":3.1667,"color":"ffffff00","curve":[0.25,0,0.75,1]},{"time":4.3333,"color":"fffffffe","curve":[0.25,0,0.75,1]},{"time":4.6667,"color":"ffffffb6","curve":[0.25,0,0.75,1]},{"time":5.7667,"color":"ffffff00","curve":[0.25,0,0.75,1]},{"time":6.9333,"color":"fffffffe","curve":[0.25,0,0.75,1]},{"time":8.1,"color":"ffffff00","curve":[0.25,0,0.75,1]},{"time":9.2667,"color":"fffffffe","curve":[0.25,0,0.75,1]},{"time":9.6,"color":"ffffffb6"}]},"7dqd_rk_guangxiao4":{"color":[{"time":0,"color":"ffffff00","curve":[0.25,0,0.75,1]},{"time":1.1667,"color":"fffffffe","curve":[0.25,0,0.75,1]},{"time":2.3333,"color":"ffffff00","curve":[0.25,0,0.75,1]},{"time":3.5,"color":"fffffffe","curve":[0.25,0,0.75,1]},{"time":4.6667,"color":"ffffff00","curve":[0.25,0,0.75,1]},{"time":6.1,"color":"fffffffe","curve":[0.25,0,0.75,1]},{"time":7.2667,"color":"ffffff00","curve":[0.25,0,0.75,1]},{"time":8.4333,"color":"fffffffe","curve":[0.25,0,0.75,1]},{"time":9.6,"color":"ffffff00"}]},"7dqd_rk_guangxiao5":{"color":[{"time":0,"color":"ffffffa0","curve":[0.25,0,0.75,1]},{"time":0.4333,"color":"fffffffe","curve":[0.25,0,0.75,1]},{"time":1.6,"color":"ffffff00","curve":[0.25,0,0.75,1]},{"time":2.7667,"color":"fffffffe","curve":[0.25,0,0.75,1]},{"time":3.9333,"color":"ffffff00","curve":[0.25,0,0.75,1]},{"time":4.6667,"color":"ffffffa0","curve":[0.25,0,0.75,1]},{"time":5.3667,"color":"fffffffe","curve":[0.25,0,0.75,1]},{"time":6.5333,"color":"ffffff00","curve":[0.25,0,0.75,1]},{"time":7.7,"color":"fffffffe","curve":[0.25,0,0.75,1]},{"time":8.8667,"color":"ffffff00","curve":[0.25,0,0.75,1]},{"time":9.6,"color":"ffffffa0"}]},"7dqd_rk_guangxiao6":{"color":[{"time":0,"color":"ffffffa0","curve":[0.25,0,0.75,1]},{"time":0.7333,"color":"ffffff00","curve":[0.25,0,0.75,1]},{"time":1.9,"color":"fffffffe","curve":[0.25,0,0.75,1]},{"time":3.0667,"color":"ffffff00","curve":[0.25,0,0.75,1]},{"time":4.2333,"color":"fffffffe","curve":[0.25,0,0.75,1]},{"time":4.6667,"color":"ffffffa0","curve":[0.25,0,0.75,1]},{"time":5.6667,"color":"ffffff00","curve":[0.25,0,0.75,1]},{"time":6.8333,"color":"fffffffe","curve":[0.25,0,0.75,1]},{"time":8,"color":"ffffff00","curve":[0.25,0,0.75,1]},{"time":9.1667,"color":"fffffffe","curve":[0.25,0,0.75,1]},{"time":9.6,"color":"ffffffa0"}]},"7dqd_rk_guangxiao7":{"color":[{"time":0,"color":"ffffffda","curve":[0.25,0,0.75,1]},{"time":1,"color":"ffffff00","curve":[0.25,0,0.75,1]},{"time":2.1667,"color":"fffffffe","curve":[0.25,0,0.75,1]},{"time":3.3333,"color":"ffffff00","curve":[0.25,0,0.75,1]},{"time":4.5,"color":"fffffffe","curve":[0.25,0,0.75,1]},{"time":4.6667,"color":"ffffffda"},{"time":5.9333,"color":"ffffff00","curve":[0.25,0,0.75,1]},{"time":7.1,"color":"fffffffe","curve":[0.25,0,0.75,1]},{"time":8.2667,"color":"ffffff00","curve":[0.25,0,0.75,1]},{"time":9.4333,"color":"fffffffe","curve":[0.25,0,0.75,1]},{"time":9.6,"color":"ffffffda"}]},"7qdjb_rkb_glqq":{"color":[{"time":0,"color":"fffffffe"}]},"7qdjb_rkb_szib0":{"attachment":[{"time":0,"name":"7qdjb_rkb_szib0"},{"time":0.0667,"name":"7qdjb_rkb_szib1"},{"time":0.1333,"name":"7qdjb_rkb_szib2"},{"time":0.2,"name":"7qdjb_rkb_szib3"},{"time":0.2667,"name":"7qdjb_rkb_szib4"},{"time":0.3333,"name":"7qdjb_rkb_szib5"},{"time":0.4,"name":"7qdjb_rkb_szib6"},{"time":0.4667,"name":"7qdjb_rkb_szib7"},{"time":0.5333,"name":"7qdjb_rkb_szib8"},{"time":0.6,"name":"7qdjb_rkb_szib9"},{"time":0.6667,"name":"7qdjb_rkb_szib10"},{"time":0.7333,"name":"7qdjb_rkb_szib11"},{"time":0.8,"name":"7qdjb_rkb_szib12"},{"time":0.8667,"name":"7qdjb_rkb_szib13"},{"time":0.9333,"name":"7qdjb_rkb_szib14"},{"time":1,"name":"7qdjb_rkb_szib15"},{"time":1.0667,"name":"7qdjb_rkb_szib16"},{"time":1.1333,"name":"7qdjb_rkb_szib17"},{"time":1.2,"name":"7qdjb_rkb_szib18"},{"time":1.2667,"name":"7qdjb_rkb_szib19"},{"time":1.3333,"name":"7qdjb_rkb_szib20"},{"time":1.4,"name":"7qdjb_rkb_szib21"},{"time":1.4667,"name":"7qdjb_rkb_szib22"},{"time":1.5333,"name":"7qdjb_rkb_szib23"},{"time":1.6,"name":"7qdjb_rkb_szib24"},{"time":1.6667,"name":"7qdjb_rkb_szib25"},{"time":1.7333,"name":"7qdjb_rkb_szib26"},{"time":1.8,"name":"7qdjb_rkb_szib27"},{"time":1.8667,"name":"7qdjb_rkb_szib28"},{"time":1.9333,"name":"7qdjb_rkb_szib29"},{"time":2,"name":"7qdjb_rkb_szib30"},{"time":2.0667,"name":"7qdjb_rkb_szib31"},{"time":2.1333,"name":"7qdjb_rkb_szib32"},{"time":2.2,"name":"7qdjb_rkb_szib33"},{"time":2.2667,"name":"7qdjb_rkb_szib34"},{"time":2.3333,"name":"7qdjb_rkb_szib35"},{"time":2.4,"name":"7qdjb_rkb_szib36"},{"time":2.4667,"name":"7qdjb_rkb_szib37"},{"time":2.5333,"name":"7qdjb_rkb_szib38"},{"time":2.6,"name":"7qdjb_rkb_szib39"},{"time":2.6667,"name":"7qdjb_rkb_szib40"},{"time":2.7333,"name":"7qdjb_rkb_szib41"},{"time":2.8,"name":"7qdjb_rkb_szib42"},{"time":2.8667,"name":"7qdjb_rkb_szib43"},{"time":2.9333,"name":"7qdjb_rkb_szib44"},{"time":3,"name":"7qdjb_rkb_szib45"},{"time":3.0667,"name":"7qdjb_rkb_szib46"},{"time":3.1333,"name":"7qdjb_rkb_szib47"},{"time":3.2,"name":"7qdjb_rkb_szib48"},{"time":3.2667,"name":"7qdjb_rkb_szib49"},{"time":3.3333,"name":"7qdjb_rkb_szib50"},{"time":3.4,"name":"7qdjb_rkb_szib51"},{"time":3.4667,"name":"7qdjb_rkb_szib52"},{"time":3.5333,"name":"7qdjb_rkb_szib53"},{"time":3.6,"name":"7qdjb_rkb_szib54"},{"time":3.6667,"name":"7qdjb_rkb_szib55"},{"time":3.7333,"name":"7qdjb_rkb_szib56"},{"time":3.8,"name":"7qdjb_rkb_szib57"},{"time":3.8667,"name":"7qdjb_rkb_szib58"},{"time":3.9333,"name":"7qdjb_rkb_szib59"},{"time":4,"name":"7qdjb_rkb_szib60"},{"time":4.0667,"name":"7qdjb_rkb_szib61"},{"time":4.1333,"name":"7qdjb_rkb_szib62"},{"time":4.2,"name":"7qdjb_rkb_szib63"},{"time":4.2667,"name":"7qdjb_rkb_szib64"},{"time":4.3333,"name":"7qdjb_rkb_szib65"},{"time":4.4,"name":"7qdjb_rkb_szib66"},{"time":4.4667,"name":"7qdjb_rkb_szib67"},{"time":4.5333,"name":"7qdjb_rkb_szib68"},{"time":4.6,"name":"7qdjb_rkb_szib69"},{"time":4.6667,"name":"7qdjb_rkb_szib70"},{"time":4.7333,"name":"7qdjb_rkb_szib71"},{"time":4.8,"name":"7qdjb_rkb_szib72"},{"time":4.8667,"name":"7qdjb_rkb_szib73"},{"time":4.9333,"name":"7qdjb_rkb_szib74"},{"time":5,"name":"7qdjb_rkb_szib75"},{"time":5.0667,"name":"7qdjb_rkb_szib76"},{"time":5.1333,"name":"7qdjb_rkb_szib77"},{"time":5.2,"name":"7qdjb_rkb_szib78"},{"time":5.2667,"name":"7qdjb_rkb_szib79"},{"time":5.3333,"name":"7qdjb_rkb_szib80"},{"time":5.4,"name":"7qdjb_rkb_szib81"},{"time":5.4667,"name":"7qdjb_rkb_szib82"},{"time":5.5333,"name":"7qdjb_rkb_szib83"},{"time":5.6,"name":"7qdjb_rkb_szib84"},{"time":5.6667,"name":"7qdjb_rkb_szib85"},{"time":5.7333,"name":"7qdjb_rkb_szib86"},{"time":5.8,"name":"7qdjb_rkb_szib87"},{"time":5.8667,"name":"7qdjb_rkb_szib88"},{"time":5.9333,"name":"7qdjb_rkb_szib89"},{"time":6,"name":"7qdjb_rkb_szib90"},{"time":6.0667,"name":"7qdjb_rkb_szib91"},{"time":6.1333,"name":"7qdjb_rkb_szib92"},{"time":6.2,"name":"7qdjb_rkb_szib93"},{"time":6.2667,"name":"7qdjb_rkb_szib94"},{"time":6.3333,"name":"7qdjb_rkb_szib95"},{"time":6.4,"name":"7qdjb_rkb_szib96"},{"time":6.4667,"name":"7qdjb_rkb_szib97"},{"time":6.5333,"name":"7qdjb_rkb_szib98"},{"time":6.6,"name":"7qdjb_rkb_szib99"},{"time":6.6667,"name":"7qdjb_rkb_szib100"},{"time":6.7333,"name":"7qdjb_rkb_szib101"},{"time":6.8,"name":"7qdjb_rkb_szib102"},{"time":6.8667,"name":"7qdjb_rkb_szib103"},{"time":6.9333,"name":"7qdjb_rkb_szib104"},{"time":7,"name":"7qdjb_rkb_szib105"},{"time":7.0667,"name":"7qdjb_rkb_szib106"},{"time":7.1333,"name":"7qdjb_rkb_szib107"},{"time":7.2,"name":"7qdjb_rkb_szib108"},{"time":7.2667,"name":"7qdjb_rkb_szib109"},{"time":7.3333,"name":"7qdjb_rkb_szib110"},{"time":7.4,"name":"7qdjb_rkb_szib111"},{"time":7.4667,"name":"7qdjb_rkb_szib112"},{"time":7.5333,"name":"7qdjb_rkb_szib113"},{"time":7.6,"name":"7qdjb_rkb_szib114"},{"time":7.6667,"name":"7qdjb_rkb_szib115"},{"time":7.7333,"name":"7qdjb_rkb_szib116"},{"time":7.8,"name":"7qdjb_rkb_szib117"},{"time":7.8667,"name":"7qdjb_rkb_szib118"},{"time":7.9333,"name":"7qdjb_rkb_szib119"},{"time":8,"name":"7qdjb_rkb_szib120"},{"time":8.0667,"name":"7qdjb_rkb_szib121"},{"time":8.1333,"name":"7qdjb_rkb_szib122"},{"time":8.2,"name":"7qdjb_rkb_szib123"},{"time":8.2667,"name":"7qdjb_rkb_szib124"},{"time":8.3333,"name":"7qdjb_rkb_szib125"},{"time":8.4,"name":"7qdjb_rkb_szib126"},{"time":8.4667,"name":"7qdjb_rkb_szib127"},{"time":8.5333,"name":"7qdjb_rkb_szib128"},{"time":8.6,"name":"7qdjb_rkb_szib129"},{"time":8.6667,"name":"7qdjb_rkb_szib130"},{"time":8.7333,"name":"7qdjb_rkb_szib131"},{"time":8.8,"name":"7qdjb_rkb_szib132"},{"time":8.8667,"name":"7qdjb_rkb_szib133"},{"time":8.9333,"name":"7qdjb_rkb_szib134"},{"time":9,"name":"7qdjb_rkb_szib135"},{"time":9.0667,"name":"7qdjb_rkb_szib136"},{"time":9.1333,"name":"7qdjb_rkb_szib137"},{"time":9.2,"name":"7qdjb_rkb_szib138"},{"time":9.2667,"name":"7qdjb_rkb_szib139"},{"time":9.3333,"name":"7qdjb_rkb_szib140"},{"time":9.4,"name":"7qdjb_rkb_szib141"},{"time":9.4667,"name":"7qdjb_rkb_szib142"},{"time":9.5333,"name":"7qdjb_rkb_szib143"},{"time":9.6,"name":"7qdjb_rkb_szib0"}]},"7qdjb_rkb_wzsgc2":{"attachment":[{"time":0,"name":null},{"time":0.0667,"name":"7qdjb_rkb_wzsgc2"},{"time":0.1,"name":"7qdjb_rkb_wzsgc3"},{"time":0.1333,"name":"7qdjb_rkb_wzsgc4"},{"time":0.1667,"name":"7qdjb_rkb_wzsgc5"},{"time":0.2,"name":"7qdjb_rkb_wzsgc6"},{"time":0.2333,"name":"7qdjb_rkb_wzsgc7"},{"time":0.2667,"name":"7qdjb_rkb_wzsgc8"},{"time":0.3,"name":"7qdjb_rkb_wzsgc9"},{"time":0.3333,"name":"7qdjb_rkb_wzsgc10"},{"time":0.3667,"name":"7qdjb_rkb_wzsgc11"},{"time":0.4,"name":"7qdjb_rkb_wzsgc12"},{"time":0.4333,"name":"7qdjb_rkb_wzsgc13"},{"time":0.4667,"name":"7qdjb_rkb_wzsgc14"},{"time":0.5,"name":"7qdjb_rkb_wzsgc15"},{"time":0.5333,"name":"7qdjb_rkb_wzsgc16"},{"time":0.5667,"name":"7qdjb_rkb_wzsgc17"},{"time":0.6,"name":"7qdjb_rkb_wzsgc18"},{"time":0.6333,"name":"7qdjb_rkb_wzsgc19"},{"time":0.6667,"name":"7qdjb_rkb_wzsgc20"},{"time":0.7,"name":"7qdjb_rkb_wzsgc21"},{"time":0.7333,"name":"7qdjb_rkb_wzsgc22"},{"time":0.7667,"name":"7qdjb_rkb_wzsgc23"},{"time":0.8,"name":"7qdjb_rkb_wzsgc24"},{"time":0.8333,"name":"7qdjb_rkb_wzsgc25"},{"time":0.8667,"name":"7qdjb_rkb_wzsgc26"},{"time":0.9,"name":"7qdjb_rkb_wzsgc27"},{"time":0.9333,"name":"7qdjb_rkb_wzsgc28"},{"time":0.9667,"name":"7qdjb_rkb_wzsgc29"},{"time":1,"name":"7qdjb_rkb_wzsgc30"},{"time":1.0333,"name":"7qdjb_rkb_wzsgc31"},{"time":1.0667,"name":"7qdjb_rkb_wzsgc32"},{"time":1.1,"name":"7qdjb_rkb_wzsgc33"},{"time":1.1333,"name":"7qdjb_rkb_wzsgc34"},{"time":1.1667,"name":null},{"time":2.4,"name":null},{"time":2.4667,"name":"7qdjb_rkb_wzsgc2"},{"time":2.5,"name":"7qdjb_rkb_wzsgc3"},{"time":2.5333,"name":"7qdjb_rkb_wzsgc4"},{"time":2.5667,"name":"7qdjb_rkb_wzsgc5"},{"time":2.6,"name":"7qdjb_rkb_wzsgc6"},{"time":2.6333,"name":"7qdjb_rkb_wzsgc7"},{"time":2.6667,"name":"7qdjb_rkb_wzsgc8"},{"time":2.7,"name":"7qdjb_rkb_wzsgc9"},{"time":2.7333,"name":"7qdjb_rkb_wzsgc10"},{"time":2.7667,"name":"7qdjb_rkb_wzsgc11"},{"time":2.8,"name":"7qdjb_rkb_wzsgc12"},{"time":2.8333,"name":"7qdjb_rkb_wzsgc13"},{"time":2.8667,"name":"7qdjb_rkb_wzsgc14"},{"time":2.9,"name":"7qdjb_rkb_wzsgc15"},{"time":2.9333,"name":"7qdjb_rkb_wzsgc16"},{"time":2.9667,"name":"7qdjb_rkb_wzsgc17"},{"time":3,"name":"7qdjb_rkb_wzsgc18"},{"time":3.0333,"name":"7qdjb_rkb_wzsgc19"},{"time":3.0667,"name":"7qdjb_rkb_wzsgc20"},{"time":3.1,"name":"7qdjb_rkb_wzsgc21"},{"time":3.1333,"name":"7qdjb_rkb_wzsgc22"},{"time":3.1667,"name":"7qdjb_rkb_wzsgc23"},{"time":3.2,"name":"7qdjb_rkb_wzsgc24"},{"time":3.2333,"name":"7qdjb_rkb_wzsgc25"},{"time":3.2667,"name":"7qdjb_rkb_wzsgc26"},{"time":3.3,"name":"7qdjb_rkb_wzsgc27"},{"time":3.3333,"name":"7qdjb_rkb_wzsgc28"},{"time":3.3667,"name":"7qdjb_rkb_wzsgc29"},{"time":3.4,"name":"7qdjb_rkb_wzsgc30"},{"time":3.4333,"name":"7qdjb_rkb_wzsgc31"},{"time":3.4667,"name":"7qdjb_rkb_wzsgc32"},{"time":3.5,"name":"7qdjb_rkb_wzsgc33"},{"time":3.5333,"name":"7qdjb_rkb_wzsgc34"},{"time":3.5667,"name":null},{"time":4.8,"name":null},{"time":4.8667,"name":"7qdjb_rkb_wzsgc2"},{"time":4.9,"name":"7qdjb_rkb_wzsgc3"},{"time":4.9333,"name":"7qdjb_rkb_wzsgc4"},{"time":4.9667,"name":"7qdjb_rkb_wzsgc5"},{"time":5,"name":"7qdjb_rkb_wzsgc6"},{"time":5.0333,"name":"7qdjb_rkb_wzsgc7"},{"time":5.0667,"name":"7qdjb_rkb_wzsgc8"},{"time":5.1,"name":"7qdjb_rkb_wzsgc9"},{"time":5.1333,"name":"7qdjb_rkb_wzsgc10"},{"time":5.1667,"name":"7qdjb_rkb_wzsgc11"},{"time":5.2,"name":"7qdjb_rkb_wzsgc12"},{"time":5.2333,"name":"7qdjb_rkb_wzsgc13"},{"time":5.2667,"name":"7qdjb_rkb_wzsgc14"},{"time":5.3,"name":"7qdjb_rkb_wzsgc15"},{"time":5.3333,"name":"7qdjb_rkb_wzsgc16"},{"time":5.3667,"name":"7qdjb_rkb_wzsgc17"},{"time":5.4,"name":"7qdjb_rkb_wzsgc18"},{"time":5.4333,"name":"7qdjb_rkb_wzsgc19"},{"time":5.4667,"name":"7qdjb_rkb_wzsgc20"},{"time":5.5,"name":"7qdjb_rkb_wzsgc21"},{"time":5.5333,"name":"7qdjb_rkb_wzsgc22"},{"time":5.5667,"name":"7qdjb_rkb_wzsgc23"},{"time":5.6,"name":"7qdjb_rkb_wzsgc24"},{"time":5.6333,"name":"7qdjb_rkb_wzsgc25"},{"time":5.6667,"name":"7qdjb_rkb_wzsgc26"},{"time":5.7,"name":"7qdjb_rkb_wzsgc27"},{"time":5.7333,"name":"7qdjb_rkb_wzsgc28"},{"time":5.7667,"name":"7qdjb_rkb_wzsgc29"},{"time":5.8,"name":"7qdjb_rkb_wzsgc30"},{"time":5.8333,"name":"7qdjb_rkb_wzsgc31"},{"time":5.8667,"name":"7qdjb_rkb_wzsgc32"},{"time":5.9,"name":"7qdjb_rkb_wzsgc33"},{"time":5.9333,"name":"7qdjb_rkb_wzsgc34"},{"time":5.9667,"name":null},{"time":7.2,"name":null},{"time":7.2667,"name":"7qdjb_rkb_wzsgc2"},{"time":7.3,"name":"7qdjb_rkb_wzsgc3"},{"time":7.3333,"name":"7qdjb_rkb_wzsgc4"},{"time":7.3667,"name":"7qdjb_rkb_wzsgc5"},{"time":7.4,"name":"7qdjb_rkb_wzsgc6"},{"time":7.4333,"name":"7qdjb_rkb_wzsgc7"},{"time":7.4667,"name":"7qdjb_rkb_wzsgc8"},{"time":7.5,"name":"7qdjb_rkb_wzsgc9"},{"time":7.5333,"name":"7qdjb_rkb_wzsgc10"},{"time":7.5667,"name":"7qdjb_rkb_wzsgc11"},{"time":7.6,"name":"7qdjb_rkb_wzsgc12"},{"time":7.6333,"name":"7qdjb_rkb_wzsgc13"},{"time":7.6667,"name":"7qdjb_rkb_wzsgc14"},{"time":7.7,"name":"7qdjb_rkb_wzsgc15"},{"time":7.7333,"name":"7qdjb_rkb_wzsgc16"},{"time":7.7667,"name":"7qdjb_rkb_wzsgc17"},{"time":7.8,"name":"7qdjb_rkb_wzsgc18"},{"time":7.8333,"name":"7qdjb_rkb_wzsgc19"},{"time":7.8667,"name":"7qdjb_rkb_wzsgc20"},{"time":7.9,"name":"7qdjb_rkb_wzsgc21"},{"time":7.9333,"name":"7qdjb_rkb_wzsgc22"},{"time":7.9667,"name":"7qdjb_rkb_wzsgc23"},{"time":8,"name":"7qdjb_rkb_wzsgc24"},{"time":8.0333,"name":"7qdjb_rkb_wzsgc25"},{"time":8.0667,"name":"7qdjb_rkb_wzsgc26"},{"time":8.1,"name":"7qdjb_rkb_wzsgc27"},{"time":8.1333,"name":"7qdjb_rkb_wzsgc28"},{"time":8.1667,"name":"7qdjb_rkb_wzsgc29"},{"time":8.2,"name":"7qdjb_rkb_wzsgc30"},{"time":8.2333,"name":"7qdjb_rkb_wzsgc31"},{"time":8.2667,"name":"7qdjb_rkb_wzsgc32"},{"time":8.3,"name":"7qdjb_rkb_wzsgc33"},{"time":8.3333,"name":"7qdjb_rkb_wzsgc34"},{"time":8.3667,"name":null},{"time":9.6,"name":null}]}},"bones":{"hip":{"rotate":[{"time":0,"angle":0,"curve":"stepped"},{"time":9.6,"angle":0}],"translate":[{"time":0,"x":0,"y":0,"curve":"stepped"},{"time":9.6,"x":0,"y":0}],"scale":[{"time":0,"x":1,"y":1,"curve":"stepped"},{"time":9.6,"x":1,"y":1}],"shear":[{"time":0,"x":0,"y":0,"curve":"stepped"},{"time":9.6,"x":0,"y":0}]},"7dqd_rk_guangxiao01":{"rotate":[{"time":0,"angle":0,"curve":"stepped"},{"time":4.6667,"angle":0,"curve":"stepped"},{"time":9.6,"angle":0}],"translate":[{"time":0,"x":0,"y":0,"curve":"stepped"},{"time":4.6667,"x":0,"y":0,"curve":"stepped"},{"time":9.6,"x":0,"y":0}],"scale":[{"time":0,"x":1,"y":1,"curve":"stepped"},{"time":4.6667,"x":1,"y":1,"curve":"stepped"},{"time":9.6,"x":1,"y":1}],"shear":[{"time":0,"x":0,"y":0,"curve":"stepped"},{"time":4.6667,"x":0,"y":0,"curve":"stepped"},{"time":9.6,"x":0,"y":0}]},"7qdjb_rkb_jb1":{"rotate":[{"time":0,"angle":0,"curve":"stepped"},{"time":2.3333,"angle":0,"curve":"stepped"},{"time":4.6667,"angle":0,"curve":"stepped"},{"time":7.2667,"angle":0,"curve":"stepped"},{"time":9.6,"angle":0}],"translate":[{"time":0,"x":0.54,"y":0.96,"curve":[0.023,0,0.75,1]},{"time":0.4,"x":0,"y":0,"curve":[0.25,0,0.75,1]},{"time":1.5667,"x":1.84,"y":3.25,"curve":[0.25,0,0.75,1]},{"time":2.7333,"x":0,"y":0,"curve":[0.25,0,0.75,1]},{"time":3.9,"x":1.84,"y":3.25,"curve":[0.25,0,0.75,1]},{"time":5.1,"x":0,"y":0,"curve":[0.25,0,0.75,1]},{"time":6.5,"x":1.84,"y":3.25,"curve":[0.25,0,0.75,1]},{"time":7.6667,"x":0,"y":0,"curve":[0.25,0,0.75,1]},{"time":8.8333,"x":1.84,"y":3.25,"curve":[0.25,0,0.75,1]},{"time":9.6,"x":0.54,"y":0.96}],"scale":[{"time":0,"x":1,"y":1,"curve":"stepped"},{"time":2.3333,"x":1,"y":1,"curve":"stepped"},{"time":4.6667,"x":1,"y":1,"curve":"stepped"},{"time":7.2667,"x":1,"y":1,"curve":"stepped"},{"time":9.6,"x":1,"y":1}],"shear":[{"time":0,"x":0,"y":0,"curve":"stepped"},{"time":4.6667,"x":0,"y":0,"curve":"stepped"},{"time":9.6,"x":0,"y":0}]},"7qdjb_rkb_jb2":{"rotate":[{"time":0,"angle":0,"curve":"stepped"},{"time":2.3333,"angle":0,"curve":"stepped"},{"time":4.6667,"angle":0,"curve":"stepped"},{"time":7.2667,"angle":0,"curve":"stepped"},{"time":9.6,"angle":0}],"translate":[{"time":0,"x":0,"y":0,"curve":[0.25,0,0.75,1]},{"time":1.1667,"x":-0.37,"y":0.94,"curve":[0.25,0,0.75,1]},{"time":2.3333,"x":0,"y":0,"curve":[0.25,0,0.75,1]},{"time":3.5,"x":-0.37,"y":0.94,"curve":[0.25,0,0.75,1]},{"time":4.6667,"x":0,"y":0,"curve":[0.25,0,0.75,1]},{"time":6.1,"x":-0.37,"y":0.94,"curve":[0.25,0,0.75,1]},{"time":7.2667,"x":0,"y":0,"curve":[0.25,0,0.75,1]},{"time":8.4333,"x":-0.37,"y":0.94,"curve":[0.25,0,0.75,1]},{"time":9.6,"x":0,"y":0}],"scale":[{"time":0,"x":1,"y":1,"curve":"stepped"},{"time":2.3333,"x":1,"y":1,"curve":"stepped"},{"time":4.6667,"x":1,"y":1,"curve":"stepped"},{"time":7.2667,"x":1,"y":1,"curve":"stepped"},{"time":9.6,"x":1,"y":1}],"shear":[{"time":0,"x":0,"y":0,"curve":"stepped"},{"time":4.6667,"x":0,"y":0,"curve":"stepped"},{"time":9.6,"x":0,"y":0}]},"7qdjb_rkb_glqq":{"rotate":[{"time":0,"angle":0}],"translate":[{"time":0,"x":0,"y":0}],"scale":[{"time":0,"x":1,"y":1}],"shear":[{"time":0,"x":0,"y":0}]},"7qdjb_rkb_hgqd":{"rotate":[{"time":0,"angle":0}],"translate":[{"time":0,"x":0,"y":0}],"scale":[{"time":0,"x":1,"y":1}],"shear":[{"time":0,"x":0,"y":0}]},"7dqd_rk_guangxiao1":{"rotate":[{"time":0,"angle":0,"curve":"stepped"},{"time":4.6667,"angle":0,"curve":"stepped"},{"time":9.6,"angle":0}],"translate":[{"time":0,"x":0,"y":0,"curve":"stepped"},{"time":4.6667,"x":0,"y":0,"curve":"stepped"},{"time":9.6,"x":0,"y":0}],"scale":[{"time":0,"x":1,"y":1,"curve":"stepped"},{"time":4.6667,"x":1,"y":1,"curve":"stepped"},{"time":9.6,"x":1,"y":1}],"shear":[{"time":0,"x":0,"y":0,"curve":"stepped"},{"time":4.6667,"x":0,"y":0,"curve":"stepped"},{"time":9.6,"x":0,"y":0}]},"7dqd_rk_guangxiao2":{"rotate":[{"time":0,"angle":0,"curve":"stepped"},{"time":4.6667,"angle":0,"curve":"stepped"},{"time":9.6,"angle":0}],"translate":[{"time":0,"x":0,"y":0,"curve":"stepped"},{"time":4.6667,"x":0,"y":0,"curve":"stepped"},{"time":9.6,"x":0,"y":0}],"scale":[{"time":0,"x":1,"y":1,"curve":"stepped"},{"time":4.6667,"x":1,"y":1,"curve":"stepped"},{"time":9.6,"x":1,"y":1}],"shear":[{"time":0,"x":0,"y":0,"curve":"stepped"},{"time":4.6667,"x":0,"y":0,"curve":"stepped"},{"time":9.6,"x":0,"y":0}]},"7dqd_rk_guangxiao3":{"rotate":[{"time":0,"angle":0,"curve":"stepped"},{"time":4.6667,"angle":0,"curve":"stepped"},{"time":9.6,"angle":0}],"translate":[{"time":0,"x":0,"y":0,"curve":"stepped"},{"time":4.6667,"x":0,"y":0,"curve":"stepped"},{"time":9.6,"x":0,"y":0}],"scale":[{"time":0,"x":1,"y":1,"curve":"stepped"},{"time":4.6667,"x":1,"y":1,"curve":"stepped"},{"time":9.6,"x":1,"y":1}],"shear":[{"time":0,"x":0,"y":0,"curve":"stepped"},{"time":4.6667,"x":0,"y":0,"curve":"stepped"},{"time":9.6,"x":0,"y":0}]},"7dqd_rk_guangxiao4":{"rotate":[{"time":0,"angle":0,"curve":"stepped"},{"time":4.6667,"angle":0,"curve":"stepped"},{"time":9.6,"angle":0}],"translate":[{"time":0,"x":0,"y":0,"curve":"stepped"},{"time":4.6667,"x":0,"y":0,"curve":"stepped"},{"time":9.6,"x":0,"y":0}],"scale":[{"time":0,"x":1,"y":1,"curve":"stepped"},{"time":4.6667,"x":1,"y":1,"curve":"stepped"},{"time":9.6,"x":1,"y":1}],"shear":[{"time":0,"x":0,"y":0,"curve":"stepped"},{"time":4.6667,"x":0,"y":0,"curve":"stepped"},{"time":9.6,"x":0,"y":0}]},"7dqd_rk_guangxiao5":{"rotate":[{"time":0,"angle":0,"curve":"stepped"},{"time":4.6667,"angle":0,"curve":"stepped"},{"time":9.6,"angle":0}],"translate":[{"time":0,"x":0,"y":0,"curve":"stepped"},{"time":4.6667,"x":0,"y":0,"curve":"stepped"},{"time":9.6,"x":0,"y":0}],"scale":[{"time":0,"x":1,"y":1,"curve":"stepped"},{"time":4.6667,"x":1,"y":1,"curve":"stepped"},{"time":9.6,"x":1,"y":1}],"shear":[{"time":0,"x":0,"y":0,"curve":"stepped"},{"time":4.6667,"x":0,"y":0,"curve":"stepped"},{"time":9.6,"x":0,"y":0}]},"7dqd_rk_guangxiao6":{"rotate":[{"time":0,"angle":0,"curve":"stepped"},{"time":4.6667,"angle":0,"curve":"stepped"},{"time":9.6,"angle":0}],"translate":[{"time":0,"x":0,"y":0,"curve":"stepped"},{"time":4.6667,"x":0,"y":0,"curve":"stepped"},{"time":9.6,"x":0,"y":0}],"scale":[{"time":0,"x":1,"y":1,"curve":"stepped"},{"time":4.6667,"x":1,"y":1,"curve":"stepped"},{"time":9.6,"x":1,"y":1}],"shear":[{"time":0,"x":0,"y":0,"curve":"stepped"},{"time":4.6667,"x":0,"y":0,"curve":"stepped"},{"time":9.6,"x":0,"y":0}]},"7dqd_rk_guangxiao7":{"rotate":[{"time":0,"angle":0,"curve":"stepped"},{"time":4.6667,"angle":0,"curve":"stepped"},{"time":9.6,"angle":0}],"translate":[{"time":0,"x":0,"y":0,"curve":"stepped"},{"time":4.6667,"x":0,"y":0,"curve":"stepped"},{"time":9.6,"x":0,"y":0}],"scale":[{"time":0,"x":1,"y":1,"curve":"stepped"},{"time":4.6667,"x":1,"y":1,"curve":"stepped"},{"time":9.6,"x":1,"y":1}],"shear":[{"time":0,"x":0,"y":0,"curve":"stepped"},{"time":4.6667,"x":0,"y":0,"curve":"stepped"},{"time":9.6,"x":0,"y":0}]},"root":{"rotate":[{"time":0,"angle":0,"curve":"stepped"},{"time":9.6,"angle":0}],"translate":[{"time":0,"x":0,"y":0,"curve":"stepped"},{"time":9.6,"x":0,"y":0}],"scale":[{"time":0,"x":1,"y":1,"curve":"stepped"},{"time":9.6,"x":1,"y":1}],"shear":[{"time":0,"x":0,"y":0,"curve":"stepped"},{"time":9.6,"x":0,"y":0}]},"num_10":{"rotate":[{"time":0,"angle":0}],"translate":[{"time":0,"x":0,"y":0}],"scale":[{"time":0,"x":1,"y":1}]},"num_11":{"rotate":[{"time":0,"angle":0}],"translate":[{"time":0,"x":0,"y":0}],"scale":[{"time":0,"x":1,"y":1}]},"7qdjb_rkb_szib":{"rotate":[{"time":0,"angle":0,"curve":"stepped"},{"time":9.6,"angle":0}],"translate":[{"time":0,"x":0,"y":0,"curve":"stepped"},{"time":9.6,"x":0,"y":0}],"scale":[{"time":0,"x":1,"y":1,"curve":"stepped"},{"time":9.6,"x":1,"y":1}]},"7qdjb_rkb_wzsgc":{"rotate":[{"time":0,"angle":0,"curve":"stepped"},{"time":2.4,"angle":0,"curve":"stepped"},{"time":4.8,"angle":0,"curve":"stepped"},{"time":7.2,"angle":0,"curve":"stepped"},{"time":9.6,"angle":0}],"translate":[{"time":0,"x":0,"y":0,"curve":"stepped"},{"time":2.4,"x":0,"y":0,"curve":"stepped"},{"time":4.8,"x":0,"y":0,"curve":"stepped"},{"time":7.2,"x":0,"y":0,"curve":"stepped"},{"time":9.6,"x":0,"y":0}],"scale":[{"time":0,"x":1,"y":1,"curve":"stepped"},{"time":2.4,"x":1,"y":1,"curve":"stepped"},{"time":4.8,"x":1,"y":1,"curve":"stepped"},{"time":7.2,"x":1,"y":1,"curve":"stepped"},{"time":9.6,"x":1,"y":1}]}}}}}