{"skeleton":{"hash":"ox9zlNSSeiDaFv7EIQbqDY5nbNc","spine":"3.6.34","width":0,"height":0,"images":"./images/"},"bones":[{"name":"root"},{"name":"cibang_R","parent":"root","y":-38.09},{"name":"b1","parent":"cibang_R","length":18.87,"rotation":33.06,"x":136.31,"y":41.9},{"name":"b2","parent":"b1","length":12.26,"rotation":-10.17,"x":17.12,"y":0.54},{"name":"b3","parent":"b2","length":14.98,"rotation":-9.32,"x":12.16,"y":-0.23},{"name":"cibang_L","parent":"root","y":-38.09,"scaleX":-1},{"name":"b4","parent":"cibang_L","length":18.87,"rotation":33.06,"x":136.31,"y":41.9},{"name":"b5","parent":"b4","length":12.26,"rotation":-10.17,"x":17.12,"y":0.54},{"name":"b6","parent":"b5","length":14.98,"rotation":-9.32,"x":12.16,"y":-0.23},{"name":"dai_b","parent":"root"},{"name":"hg","parent":"root","y":51.2},{"name":"huang_g_bone","parent":"root","y":-11.32}],"slots":[{"name":"huang_g","bone":"huang_g_bone"},{"name":"bj","bone":"root"},{"name":"cb1","bone":"b3"},{"name":"cb6","bone":"b6"},{"name":"cb2","bone":"b2"},{"name":"cb5","bone":"b5"},{"name":"cb3","bone":"b1"},{"name":"cb4","bone":"b4"},{"name":"dai","bone":"dai_b"},{"name":"gxzj","bone":"root"},{"name":"hg","bone":"hg"}],"skins":{"default":{"bj":{"bj":{"y":-54.88,"width":717,"height":91}},"cb1":{"cb1":{"x":35.76,"y":2.87,"rotation":-13.57,"width":56,"height":64}},"cb2":{"cb2":{"x":27.54,"y":5.43,"rotation":-22.89,"width":46,"height":78}},"cb3":{"cb3":{"x":10.91,"y":4.15,"rotation":-33.06,"width":41,"height":52}},"cb4":{"cb3":{"x":10.91,"y":4.15,"rotation":-33.06,"width":41,"height":52}},"cb5":{"cb2":{"x":27.54,"y":5.43,"rotation":-22.89,"width":46,"height":78}},"cb6":{"cb1":{"x":35.76,"y":2.87,"rotation":-13.57,"width":56,"height":64}},"dai":{"dai":{"width":420,"height":90}},"gxzj":{"gxzj":{"y":10.23,"width":147,"height":37}},"hg":{"hg":{"y":16.1,"width":74,"height":47}},"huang_g":{"huang_g":{"y":76.1,"width":583,"height":153}}}},"animations":{"animation":{"slots":{"bj":{"color":[{"time":0,"color":"ffffff00"},{"time":0.5,"color":"fffffffe","curve":"stepped"},{"time":1.3333,"color":"fffffffe"}],"attachment":[{"time":0,"name":"bj"},{"time":1.3333,"name":"bj"}]},"cb1":{"color":[{"time":0,"color":"ffffff00","curve":"stepped"},{"time":0.4667,"color":"ffffff00"},{"time":0.6333,"color":"fffffffe","curve":"stepped"},{"time":1.3333,"color":"fffffffe"}],"attachment":[{"time":0,"name":"cb1"},{"time":1.3333,"name":"cb1"}]},"cb2":{"color":[{"time":0,"color":"ffffff00","curve":"stepped"},{"time":0.4,"color":"ffffff00"},{"time":0.5667,"color":"fffffffe","curve":"stepped"},{"time":1.3333,"color":"fffffffe"}],"attachment":[{"time":0,"name":"cb2"},{"time":1.3333,"name":"cb2"}]},"cb3":{"color":[{"time":0,"color":"ffffff00","curve":"stepped"},{"time":0.3333,"color":"ffffff00"},{"time":0.5,"color":"fffffffe","curve":"stepped"},{"time":1.3333,"color":"fffffffe"}],"attachment":[{"time":0,"name":"cb3"},{"time":1.3333,"name":"cb3"}]},"cb4":{"color":[{"time":0,"color":"ffffff00","curve":"stepped"},{"time":0.3333,"color":"ffffff00"},{"time":0.5,"color":"fffffffe","curve":"stepped"},{"time":1.3333,"color":"fffffffe"}],"attachment":[{"time":0,"name":"cb3"},{"time":1.3333,"name":"cb3"}]},"cb5":{"color":[{"time":0,"color":"ffffff00","curve":"stepped"},{"time":0.4,"color":"ffffff00"},{"time":0.5667,"color":"fffffffe","curve":"stepped"},{"time":1.3333,"color":"fffffffe"}],"attachment":[{"time":0,"name":"cb2"},{"time":1.3333,"name":"cb2"}]},"cb6":{"color":[{"time":0,"color":"ffffff00","curve":"stepped"},{"time":0.4667,"color":"ffffff00"},{"time":0.6333,"color":"fffffffe","curve":"stepped"},{"time":1.3333,"color":"fffffffe"}],"attachment":[{"time":0,"name":"cb1"},{"time":1.3333,"name":"cb1"}]},"dai":{"color":[{"time":0,"color":"ffffff00"},{"time":0.1667,"color":"fffffffe","curve":"stepped"},{"time":1.3333,"color":"fffffffe"}],"attachment":[{"time":0,"name":"dai"},{"time":1.3333,"name":"dai"}]},"gxzj":{"color":[{"time":0,"color":"ffffff00","curve":"stepped"},{"time":0.3333,"color":"ffffff00"},{"time":0.5,"color":"fffffffe","curve":"stepped"},{"time":1.3333,"color":"fffffffe"}],"attachment":[{"time":0,"name":"gxzj"},{"time":1.3333,"name":"gxzj"}]},"hg":{"color":[{"time":0,"color":"ffffff00"},{"time":0.3333,"color":"fffffffe","curve":"stepped"},{"time":0.5,"color":"fffffffe","curve":"stepped"},{"time":1.3333,"color":"fffffffe"}],"attachment":[{"time":0,"name":"hg"},{"time":1.3333,"name":"hg"}]},"huang_g":{"color":[{"time":0,"color":"ffffff00","curve":"stepped"},{"time":0.1667,"color":"ffffff00"},{"time":0.5,"color":"fffffffe","curve":"stepped"},{"time":1.3333,"color":"fffffffe"}],"attachment":[{"time":0,"name":"huang_g"},{"time":1.3333,"name":"huang_g"}]}},"bones":{"dai_b":{"rotate":[{"time":0,"angle":0,"curve":"stepped"},{"time":1.3333,"angle":0}],"translate":[{"time":0,"x":0,"y":0,"curve":"stepped"},{"time":1.3333,"x":0,"y":0}],"scale":[{"time":0,"x":0.4,"y":1,"curve":"stepped"},{"time":0.1667,"x":0.4,"y":1},{"time":0.3333,"x":1.02,"y":1},{"time":0.5,"x":1,"y":1,"curve":"stepped"},{"time":1.3333,"x":1,"y":1}]},"root":{"translate":[{"time":0,"x":0,"y":0,"curve":"stepped"},{"time":0.3333,"x":0,"y":0,"curve":"stepped"},{"time":0.5,"x":0,"y":0}]},"b1":{"rotate":[{"time":0,"angle":0},{"time":0.3333,"angle":-37.98},{"time":0.5,"angle":0,"curve":"stepped"},{"time":1.3333,"angle":0}],"translate":[{"time":0,"x":0,"y":0,"curve":"stepped"},{"time":1.3333,"x":0,"y":0}],"scale":[{"time":0,"x":1,"y":1,"curve":"stepped"},{"time":1.3333,"x":1,"y":1}]},"b2":{"rotate":[{"time":0,"angle":0},{"time":0.4,"angle":-18.92},{"time":0.5667,"angle":0,"curve":"stepped"},{"time":1.3333,"angle":0}],"translate":[{"time":0,"x":0,"y":0,"curve":"stepped"},{"time":1.3333,"x":0,"y":0}],"scale":[{"time":0,"x":1,"y":1,"curve":"stepped"},{"time":1.3333,"x":1,"y":1}]},"b3":{"rotate":[{"time":0,"angle":0},{"time":0.4667,"angle":-16.13},{"time":0.6333,"angle":0,"curve":"stepped"},{"time":1.3333,"angle":0}],"translate":[{"time":0,"x":0,"y":0,"curve":"stepped"},{"time":1.3333,"x":0,"y":0}],"scale":[{"time":0,"x":1,"y":1,"curve":"stepped"},{"time":1.3333,"x":1,"y":1}]},"b4":{"rotate":[{"time":0,"angle":0},{"time":0.3333,"angle":-37.98},{"time":0.5,"angle":0,"curve":"stepped"},{"time":1.3333,"angle":0}],"translate":[{"time":0,"x":0,"y":0,"curve":"stepped"},{"time":1.3333,"x":0,"y":0}],"scale":[{"time":0,"x":1,"y":1,"curve":"stepped"},{"time":1.3333,"x":1,"y":1}]},"b5":{"rotate":[{"time":0,"angle":0},{"time":0.4,"angle":-18.92},{"time":0.5667,"angle":0,"curve":"stepped"},{"time":1.3333,"angle":0}],"translate":[{"time":0,"x":0,"y":0,"curve":"stepped"},{"time":1.3333,"x":0,"y":0}],"scale":[{"time":0,"x":1,"y":1,"curve":"stepped"},{"time":1.3333,"x":1,"y":1}]},"b6":{"rotate":[{"time":0,"angle":0},{"time":0.4667,"angle":-16.13},{"time":0.6333,"angle":0,"curve":"stepped"},{"time":1.3333,"angle":0}],"translate":[{"time":0,"x":0,"y":0,"curve":"stepped"},{"time":1.3333,"x":0,"y":0}],"scale":[{"time":0,"x":1,"y":1,"curve":"stepped"},{"time":1.3333,"x":1,"y":1}]},"huang_g_bone":{"rotate":[{"time":0,"angle":0,"curve":"stepped"},{"time":1.3333,"angle":0}],"translate":[{"time":0,"x":0,"y":0,"curve":"stepped"},{"time":1.3333,"x":0,"y":0}],"scale":[{"time":0,"x":0.357,"y":0.357,"curve":"stepped"},{"time":0.1667,"x":0.357,"y":0.357},{"time":0.5,"x":1,"y":1,"curve":"stepped"},{"time":1.3333,"x":1,"y":1}]},"hg":{"rotate":[{"time":0,"angle":0,"curve":"stepped"},{"time":1.3333,"angle":0}],"translate":[{"time":0,"x":-0.6,"y":-56.86},{"time":0.3333,"x":0,"y":-56.86},{"time":0.5,"x":0,"y":4.64},{"time":0.8333,"x":0,"y":-0.21,"curve":"stepped"},{"time":1.3333,"x":0,"y":-0.21}],"scale":[{"time":0,"x":1,"y":1,"curve":"stepped"},{"time":1.3333,"x":1,"y":1}]},"cibang_R":{"rotate":[{"time":0,"angle":0,"curve":"stepped"},{"time":1.3333,"angle":0}],"translate":[{"time":0,"x":0,"y":0,"curve":"stepped"},{"time":1.3333,"x":0,"y":0}],"scale":[{"time":0,"x":1,"y":1,"curve":"stepped"},{"time":1.3333,"x":1,"y":1}]},"cibang_L":{"rotate":[{"time":0,"angle":0,"curve":"stepped"},{"time":1.3333,"angle":0}],"translate":[{"time":0,"x":0,"y":0,"curve":"stepped"},{"time":1.3333,"x":0,"y":0}],"scale":[{"time":0,"x":1,"y":1,"curve":"stepped"},{"time":1.3333,"x":1,"y":1}]}},"drawOrder":[{"time":0,"offsets":[{"slot":"hg","offset":-10}]},{"time":0.3333,"offsets":[{"slot":"hg","offset":-10}]},{"time":0.5}]}}}