{"skeleton":{"hash":"FwybmEkXLjoGlqGz3Nbq4jZy9rQ","spine":"3.6.34","width":331,"height":551,"images":"./images/"},"bones":[{"name":"root"}],"slots":[{"name":"01","bone":"root","attachment":"44","blend":"additive"},{"name":"kk1","bone":"root","attachment":"kk1"},{"name":"kk2","bone":"root","attachment":"kk2"},{"name":"kk3","bone":"root","attachment":"kk3"},{"name":"kk4","bone":"root","attachment":"kk4"}],"skins":{"default":{"01":{"01":{"x":6.49,"y":234.76,"width":331,"height":551},"02":{"x":6.49,"y":234.76,"width":331,"height":551},"03":{"x":6.49,"y":234.76,"width":331,"height":551},"04":{"x":6.49,"y":234.76,"width":331,"height":551},"05":{"x":6.49,"y":234.76,"width":331,"height":551},"06":{"x":6.49,"y":234.76,"width":331,"height":551},"07":{"x":6.49,"y":234.76,"width":331,"height":551},"08":{"x":6.49,"y":234.76,"width":331,"height":551},"09":{"x":6.49,"y":234.76,"width":331,"height":551},"10":{"x":6.49,"y":234.76,"width":331,"height":551},"11":{"x":6.49,"y":234.76,"width":331,"height":551},"12":{"x":6.49,"y":234.76,"width":331,"height":551},"13":{"x":6.49,"y":234.76,"width":331,"height":551},"14":{"x":6.49,"y":234.76,"width":331,"height":551},"15":{"x":6.49,"y":234.76,"width":331,"height":551},"16":{"x":6.49,"y":234.76,"width":331,"height":551},"17":{"x":6.49,"y":234.76,"width":331,"height":551},"18":{"x":6.49,"y":234.76,"width":331,"height":551},"19":{"x":6.49,"y":234.76,"width":331,"height":551},"20":{"x":6.49,"y":234.76,"width":331,"height":551},"21":{"x":6.49,"y":234.76,"width":331,"height":551},"22":{"x":6.49,"y":234.76,"width":331,"height":551},"23":{"x":6.49,"y":234.76,"width":331,"height":551},"24":{"x":6.49,"y":234.76,"width":331,"height":551},"25":{"x":6.49,"y":234.76,"width":331,"height":551},"26":{"x":6.49,"y":234.76,"width":331,"height":551},"27":{"x":6.49,"y":234.76,"width":331,"height":551},"28":{"x":6.49,"y":234.76,"width":331,"height":551},"29":{"x":6.49,"y":234.76,"width":331,"height":551},"30":{"x":6.49,"y":234.76,"width":331,"height":551},"31":{"x":6.49,"y":234.76,"width":331,"height":551},"32":{"x":6.49,"y":234.76,"width":331,"height":551},"33":{"x":6.49,"y":234.76,"width":331,"height":551},"34":{"x":6.49,"y":234.76,"width":331,"height":551},"35":{"x":6.49,"y":234.76,"width":331,"height":551},"36":{"x":6.49,"y":234.76,"width":331,"height":551},"37":{"x":6.49,"y":234.76,"width":331,"height":551},"38":{"x":6.49,"y":234.76,"width":331,"height":551},"39":{"x":6.49,"y":234.76,"width":331,"height":551},"40":{"x":6.49,"y":234.76,"width":331,"height":551},"41":{"x":6.49,"y":234.76,"width":331,"height":551},"42":{"x":6.49,"y":234.76,"width":331,"height":551},"43":{"x":6.49,"y":234.76,"width":331,"height":551},"44":{"x":6.49,"y":234.76,"width":331,"height":551}},"kk1":{"kk1":{"x":6.65,"y":235.1,"width":315,"height":535}},"kk2":{"kk2":{"x":6.65,"y":235.1,"width":315,"height":535}},"kk3":{"kk3":{"x":6.65,"y":235.1,"width":315,"height":535}},"kk4":{"kk4":{"x":6.65,"y":235.1,"width":315,"height":535}}}},"animations":{"animation":{"slots":{"01":{"color":[{"time":0,"color":"ffffff00"},{"time":0.7333,"color":"ffffffb2"},{"time":1.8,"color":"ffffff00"},{"time":2.6667,"color":"ffffff8c"},{"time":4,"color":"ffffff00"}],"attachment":[{"time":0,"name":"01"},{"time":0.1,"name":"02"},{"time":0.2,"name":"03"},{"time":0.3,"name":"04"},{"time":0.4,"name":"05"},{"time":0.5,"name":"06"},{"time":0.6,"name":"07"},{"time":0.7,"name":"08"},{"time":0.8,"name":"09"},{"time":0.9,"name":"10"},{"time":1,"name":"11"},{"time":1.1,"name":"12"},{"time":1.2,"name":"13"},{"time":1.3,"name":"14"},{"time":1.4,"name":"15"},{"time":1.5,"name":"16"},{"time":1.6,"name":"17"},{"time":1.7,"name":"18"},{"time":1.8,"name":"19"},{"time":1.9,"name":"20"},{"time":2,"name":"21"},{"time":2.1,"name":"22"},{"time":2.2,"name":"23"},{"time":2.3,"name":"24"},{"time":2.4,"name":"25"},{"time":2.5,"name":"26"},{"time":2.6,"name":"27"},{"time":2.7,"name":"28"},{"time":2.8,"name":"29"},{"time":2.9,"name":"30"},{"time":3,"name":"31"},{"time":3.1,"name":"32"},{"time":3.2,"name":"33"},{"time":3.3,"name":"34"},{"time":3.4,"name":"35"},{"time":3.5,"name":"36"},{"time":3.6,"name":"37"},{"time":3.7,"name":"38"},{"time":3.8,"name":"39"},{"time":3.9,"name":"40"},{"time":4,"name":"41"},{"time":4.1,"name":"42"},{"time":4.2,"name":"43"},{"time":4.3,"name":"44"}]}},"drawOrder":[{"time":0},{"time":0.2},{"time":1.3},{"time":3.8333}]}}}