{"skeleton":{"hash":"PN7bk8YLEd9kslGpAP51G9Sxyzs","spine":"3.6.37","width":1019.83,"height":58.74,"images":"./images/"},"bones":[{"name":"root","scaleY":0.699},{"name":"zsb_firetipskuangeffect","parent":"root","scaleX":2,"scaleY":2},{"name":"zsb_firetipskuangeffectb","parent":"root","x":-210.92,"scaleX":2,"scaleY":2},{"name":"zsb_firetipskuangeffectb1","parent":"root","x":210.92,"scaleX":-2,"scaleY":2}],"slots":[{"name":"zsb_firetipskuangeffect","bone":"zsb_firetipskuangeffect"},{"name":"zsb_firetipskuangeffectb","bone":"zsb_firetipskuangeffectb","attachment":"zsb_firetipskuangeffectb0"},{"name":"zsb_firetipskuangeffectb1","bone":"zsb_firetipskuangeffectb1","attachment":"zsb_firetipskuangeffectb0"}],"skins":{"default":{"zsb_firetipskuangeffect":{"zsb_firetipskuangeffecta1":{"width":508,"height":42},"zsb_firetipskuangeffecta2":{"width":508,"height":42},"zsb_firetipskuangeffecta3":{"width":508,"height":42},"zsb_firetipskuangeffecta4":{"width":508,"height":42},"zsb_firetipskuangeffecta5":{"width":508,"height":42},"zsb_firetipskuangeffecta6":{"width":508,"height":42},"zsb_firetipskuangeffecta7":{"width":508,"height":42},"zsb_firetipskuangeffecta8":{"width":508,"height":42},"zsb_firetipskuangeffecta9":{"width":508,"height":42},"zsb_firetipskuangeffecta10":{"width":508,"height":42},"zsb_firetipskuangeffecta11":{"width":508,"height":42}},"zsb_firetipskuangeffectb":{"zsb_firetipskuangeffectb0":{"width":299,"height":42},"zsb_firetipskuangeffectb1":{"width":299,"height":42},"zsb_firetipskuangeffectb2":{"width":299,"height":42},"zsb_firetipskuangeffectb3":{"width":299,"height":42},"zsb_firetipskuangeffectb4":{"width":299,"height":42},"zsb_firetipskuangeffectb5":{"width":299,"height":42},"zsb_firetipskuangeffectb6":{"width":299,"height":42},"zsb_firetipskuangeffectb7":{"width":299,"height":42},"zsb_firetipskuangeffectb8":{"width":299,"height":42},"zsb_firetipskuangeffectb9":{"width":299,"height":42},"zsb_firetipskuangeffectb10":{"width":299,"height":42},"zsb_firetipskuangeffectb11":{"width":299,"height":42}},"zsb_firetipskuangeffectb1":{"zsb_firetipskuangeffectb0":{"width":299,"height":42},"zsb_firetipskuangeffectb1":{"width":299,"height":42},"zsb_firetipskuangeffectb2":{"width":299,"height":42},"zsb_firetipskuangeffectb3":{"width":299,"height":42},"zsb_firetipskuangeffectb4":{"width":299,"height":42},"zsb_firetipskuangeffectb5":{"width":299,"height":42},"zsb_firetipskuangeffectb6":{"width":299,"height":42},"zsb_firetipskuangeffectb7":{"width":299,"height":42},"zsb_firetipskuangeffectb8":{"width":299,"height":42},"zsb_firetipskuangeffectb9":{"width":299,"height":42},"zsb_firetipskuangeffectb10":{"width":299,"height":42},"zsb_firetipskuangeffectb11":{"width":299,"height":42}}}},"animations":{"end":{"slots":{"zsb_firetipskuangeffect":{"color":[{"time":0,"color":"fffffffe","curve":[0.25,0,0.75,1]},{"time":0.5333,"color":"ffffff00"}],"attachment":[{"time":0.3667,"name":null},{"time":0.5333,"name":null}]},"zsb_firetipskuangeffectb":{"color":[{"time":0,"color":"fffffffe","curve":[0.25,0,0.75,1]},{"time":0.5333,"color":"ffffff00"}],"attachment":[{"time":0,"name":"zsb_firetipskuangeffectb0"},{"time":0.0333,"name":"zsb_firetipskuangeffectb1"},{"time":0.0667,"name":"zsb_firetipskuangeffectb2"},{"time":0.1,"name":"zsb_firetipskuangeffectb3"},{"time":0.1333,"name":"zsb_firetipskuangeffectb4"},{"time":0.1667,"name":"zsb_firetipskuangeffectb5"},{"time":0.2,"name":"zsb_firetipskuangeffectb6"},{"time":0.2333,"name":"zsb_firetipskuangeffectb7"},{"time":0.2667,"name":"zsb_firetipskuangeffectb8"},{"time":0.3,"name":"zsb_firetipskuangeffectb9"},{"time":0.3333,"name":"zsb_firetipskuangeffectb10"},{"time":0.3667,"name":"zsb_firetipskuangeffectb11"},{"time":0.4,"name":null},{"time":0.5333,"name":null}]},"zsb_firetipskuangeffectb1":{"color":[{"time":0,"color":"fffffffe","curve":[0.25,0,0.75,1]},{"time":0.5333,"color":"ffffff00"}],"attachment":[{"time":0,"name":"zsb_firetipskuangeffectb0"},{"time":0.0333,"name":"zsb_firetipskuangeffectb1"},{"time":0.0667,"name":"zsb_firetipskuangeffectb2"},{"time":0.1,"name":"zsb_firetipskuangeffectb3"},{"time":0.1333,"name":"zsb_firetipskuangeffectb4"},{"time":0.1667,"name":"zsb_firetipskuangeffectb5"},{"time":0.2,"name":"zsb_firetipskuangeffectb6"},{"time":0.2333,"name":"zsb_firetipskuangeffectb7"},{"time":0.2667,"name":"zsb_firetipskuangeffectb8"},{"time":0.3,"name":"zsb_firetipskuangeffectb9"},{"time":0.3333,"name":"zsb_firetipskuangeffectb10"},{"time":0.3667,"name":"zsb_firetipskuangeffectb11"},{"time":0.4,"name":null},{"time":0.5333,"name":null}]}}},"idle":{"slots":{"zsb_firetipskuangeffect":{"color":[{"time":0,"color":"fffffffe","curve":"stepped"},{"time":0.4,"color":"fffffffe"}]},"zsb_firetipskuangeffectb":{"color":[{"time":0,"color":"fffffffe","curve":"stepped"},{"time":0.4,"color":"fffffffe"}],"attachment":[{"time":0,"name":"zsb_firetipskuangeffectb0"},{"time":0.0333,"name":"zsb_firetipskuangeffectb1"},{"time":0.0667,"name":"zsb_firetipskuangeffectb2"},{"time":0.1,"name":"zsb_firetipskuangeffectb3"},{"time":0.1333,"name":"zsb_firetipskuangeffectb4"},{"time":0.1667,"name":"zsb_firetipskuangeffectb5"},{"time":0.2,"name":"zsb_firetipskuangeffectb6"},{"time":0.2333,"name":"zsb_firetipskuangeffectb7"},{"time":0.2667,"name":"zsb_firetipskuangeffectb8"},{"time":0.3,"name":"zsb_firetipskuangeffectb9"},{"time":0.3333,"name":"zsb_firetipskuangeffectb10"},{"time":0.3667,"name":"zsb_firetipskuangeffectb11"},{"time":0.4,"name":"zsb_firetipskuangeffectb0"}]},"zsb_firetipskuangeffectb1":{"color":[{"time":0,"color":"fffffffe","curve":"stepped"},{"time":0.4,"color":"fffffffe"}],"attachment":[{"time":0,"name":"zsb_firetipskuangeffectb0"},{"time":0.0333,"name":"zsb_firetipskuangeffectb1"},{"time":0.0667,"name":"zsb_firetipskuangeffectb2"},{"time":0.1,"name":"zsb_firetipskuangeffectb3"},{"time":0.1333,"name":"zsb_firetipskuangeffectb4"},{"time":0.1667,"name":"zsb_firetipskuangeffectb5"},{"time":0.2,"name":"zsb_firetipskuangeffectb6"},{"time":0.2333,"name":"zsb_firetipskuangeffectb7"},{"time":0.2667,"name":"zsb_firetipskuangeffectb8"},{"time":0.3,"name":"zsb_firetipskuangeffectb9"},{"time":0.3333,"name":"zsb_firetipskuangeffectb10"},{"time":0.3667,"name":"zsb_firetipskuangeffectb11"},{"time":0.4,"name":"zsb_firetipskuangeffectb0"}]}}},"start":{"slots":{"zsb_firetipskuangeffect":{"color":[{"time":0,"color":"fffffffe","curve":"stepped"},{"time":0.8,"color":"fffffffe"}],"attachment":[{"time":0,"name":null},{"time":0.0333,"name":"zsb_firetipskuangeffecta1"},{"time":0.0667,"name":"zsb_firetipskuangeffecta2"},{"time":0.1,"name":"zsb_firetipskuangeffecta3"},{"time":0.1333,"name":"zsb_firetipskuangeffecta4"},{"time":0.1667,"name":"zsb_firetipskuangeffecta5"},{"time":0.2,"name":"zsb_firetipskuangeffecta6"},{"time":0.2333,"name":"zsb_firetipskuangeffecta7"},{"time":0.2667,"name":"zsb_firetipskuangeffecta8"},{"time":0.3,"name":"zsb_firetipskuangeffecta9"},{"time":0.3333,"name":"zsb_firetipskuangeffecta10"},{"time":0.3667,"name":"zsb_firetipskuangeffecta11"},{"time":0.4,"name":null},{"time":0.8,"name":null}]},"zsb_firetipskuangeffectb":{"color":[{"time":0,"color":"fffffffe","curve":"stepped"},{"time":0.8,"color":"fffffffe"}],"attachment":[{"time":0,"name":null},{"time":0.4,"name":"zsb_firetipskuangeffectb0"},{"time":0.4333,"name":"zsb_firetipskuangeffectb1"},{"time":0.4667,"name":"zsb_firetipskuangeffectb2"},{"time":0.5,"name":"zsb_firetipskuangeffectb3"},{"time":0.5333,"name":"zsb_firetipskuangeffectb4"},{"time":0.5667,"name":"zsb_firetipskuangeffectb5"},{"time":0.6,"name":"zsb_firetipskuangeffectb6"},{"time":0.6333,"name":"zsb_firetipskuangeffectb7"},{"time":0.6667,"name":"zsb_firetipskuangeffectb8"},{"time":0.7,"name":"zsb_firetipskuangeffectb9"},{"time":0.7333,"name":"zsb_firetipskuangeffectb10"},{"time":0.7667,"name":"zsb_firetipskuangeffectb11"},{"time":0.8,"name":"zsb_firetipskuangeffectb0"}]},"zsb_firetipskuangeffectb1":{"color":[{"time":0,"color":"fffffffe","curve":"stepped"},{"time":0.8,"color":"fffffffe"}],"attachment":[{"time":0,"name":null},{"time":0.4,"name":"zsb_firetipskuangeffectb0"},{"time":0.4333,"name":"zsb_firetipskuangeffectb1"},{"time":0.4667,"name":"zsb_firetipskuangeffectb2"},{"time":0.5,"name":"zsb_firetipskuangeffectb3"},{"time":0.5333,"name":"zsb_firetipskuangeffectb4"},{"time":0.5667,"name":"zsb_firetipskuangeffectb5"},{"time":0.6,"name":"zsb_firetipskuangeffectb6"},{"time":0.6333,"name":"zsb_firetipskuangeffectb7"},{"time":0.6667,"name":"zsb_firetipskuangeffectb8"},{"time":0.7,"name":"zsb_firetipskuangeffectb9"},{"time":0.7333,"name":"zsb_firetipskuangeffectb10"},{"time":0.7667,"name":"zsb_firetipskuangeffectb11"},{"time":0.8,"name":"zsb_firetipskuangeffectb0"}]}}}}}