{"skeleton":{"hash":"h1UtUae+HFswagu9WzJAj9c5KBY","spine":"3.6.37","width":1334,"height":761.8,"images":"./images/"},"bones":[{"name":"root"},{"name":"hip","parent":"root"},{"name":"zsb_bdsjrkicontextlg","parent":"hip"},{"name":"xingdian","parent":"zsb_bdsjrkicontextlg","x":-24.23,"y":27.17,"scaleX":0.845,"scaleY":0.845},{"name":"xingdian2","parent":"zsb_bdsjrkicontextlg","rotation":22.93,"x":24.05,"y":16.55,"scaleX":0.845,"scaleY":0.845},{"name":"xingdian3","parent":"zsb_bdsjrkicontextlg","rotation":-30.69,"x":2.46,"y":7.64,"scaleX":0.845,"scaleY":0.845},{"name":"xingdian4","parent":"zsb_bdsjrkicontextlg","rotation":14.4,"x":22.6,"y":-19.83,"scaleX":0.845,"scaleY":0.845},{"name":"xingdian5","parent":"zsb_bdsjrkicontextlg","rotation":4.01,"x":-24.57,"y":-25.19,"scaleX":0.845,"scaleY":0.845},{"name":"zsb_bdsjrkiconsidai1","parent":"hip"},{"name":"zsb_bdsjrkiconsidai2","parent":"hip","scaleX":-1},{"name":"zsb_bdsjrkiconsidai3","parent":"zsb_bdsjrkiconsidai1"},{"name":"zsb_bdsjrkiconsidai4","parent":"zsb_bdsjrkiconsidai2"},{"name":"zsb_bdsjrkicontext1","parent":"zsb_bdsjrkicontextlg","x":-13.15,"y":15.37},{"name":"zsb_bdsjrkicontext2","parent":"zsb_bdsjrkicontextlg","x":11.86,"y":15.37},{"name":"zsb_bdsjrkicontext3","parent":"zsb_bdsjrkicontextlg","x":-13.42,"y":-14.44},{"name":"zsb_bdsjrkicontext4","parent":"zsb_bdsjrkicontextlg","x":12.53,"y":-13.78}],"slots":[{"name":"zsb_bdsjrkiconsidai3","bone":"zsb_bdsjrkiconsidai3","attachment":"zsb_bdsjrkiconsidai3"},{"name":"zsb_bdsjrkiconsidai4","bone":"zsb_bdsjrkiconsidai3","blend":"additive"},{"name":"zsb_bdsjrkiconsidai6","bone":"zsb_bdsjrkiconsidai4","attachment":"zsb_bdsjrkiconsidai3"},{"name":"zsb_bdsjrkiconsidai8","bone":"zsb_bdsjrkiconsidai4","blend":"additive"},{"name":"zsb_bdsjrkiconjinbi","bone":"hip","attachment":"zsb_bdsjrkiconjinbi"},{"name":"zsb_bdsjrkiconsidai1","bone":"zsb_bdsjrkiconsidai1","attachment":"zsb_bdsjrkiconsidai1"},{"name":"zsb_bdsjrkiconsidai2","bone":"zsb_bdsjrkiconsidai1","blend":"additive"},{"name":"zsb_bdsjrkiconsidai5","bone":"zsb_bdsjrkiconsidai2","attachment":"zsb_bdsjrkiconsidai1"},{"name":"zsb_bdsjrkiconsidai7","bone":"zsb_bdsjrkiconsidai2","blend":"additive"},{"name":"zsb_bdsjrkicontext","bone":"hip","attachment":"zsb_bdsjrkicontext"},{"name":"zsb_bdsjrkicontextlg","bone":"zsb_bdsjrkicontextlg","color":"ffffff80","blend":"additive"},{"name":"zsb_bdsjrkicontext1","bone":"zsb_bdsjrkicontext1","blend":"additive"},{"name":"zsb_bdsjrkicontext2","bone":"zsb_bdsjrkicontext2","blend":"additive"},{"name":"zsb_bdsjrkicontext3","bone":"zsb_bdsjrkicontext3","blend":"additive"},{"name":"zsb_bdsjrkicontext4","bone":"zsb_bdsjrkicontext4","blend":"additive"},{"name":"xingdian","bone":"xingdian","attachment":"xingdian","blend":"additive"},{"name":"xingdian2","bone":"xingdian2","attachment":"xingdian","blend":"additive"},{"name":"xingdian3","bone":"xingdian3","attachment":"xingdian","blend":"additive"},{"name":"xingdian5","bone":"xingdian5","attachment":"xingdian","blend":"additive"},{"name":"xingdian4","bone":"xingdian4","attachment":"xingdian","blend":"additive"}],"skins":{"default":{"xingdian":{"xingdian":{"width":64,"height":64}},"xingdian2":{"xingdian":{"width":64,"height":64}},"xingdian3":{"xingdian":{"width":64,"height":64}},"xingdian4":{"xingdian":{"width":64,"height":64}},"xingdian5":{"xingdian":{"width":64,"height":64}},"zsb_bdsjrkiconjinbi":{"zsb_bdsjrkiconjinbi":{"x":-0.47,"y":-0.92,"width":78,"height":78}},"zsb_bdsjrkiconsidai1":{"zsb_bdsjrkiconsidai1":{"x":-21.47,"y":-1.92,"width":52,"height":60}},"zsb_bdsjrkiconsidai2":{"zsb_bdsjrkiconsidai1":{"x":-21.47,"y":-1.92,"width":52,"height":60}},"zsb_bdsjrkiconsidai3":{"zsb_bdsjrkiconsidai3":{"x":-35.47,"y":-7.42,"width":52,"height":57}},"zsb_bdsjrkiconsidai4":{"zsb_bdsjrkiconsidai3":{"x":-35.47,"y":-7.42,"width":52,"height":57}},"zsb_bdsjrkiconsidai5":{"zsb_bdsjrkiconsidai1":{"x":-21.47,"y":-1.92,"width":52,"height":60}},"zsb_bdsjrkiconsidai6":{"zsb_bdsjrkiconsidai3":{"x":-35.47,"y":-7.42,"width":52,"height":57}},"zsb_bdsjrkiconsidai7":{"zsb_bdsjrkiconsidai1":{"x":-21.47,"y":-1.92,"width":52,"height":60}},"zsb_bdsjrkiconsidai8":{"zsb_bdsjrkiconsidai3":{"x":-35.47,"y":-7.42,"width":52,"height":57}},"zsb_bdsjrkicontext":{"zsb_bdsjrkicontext":{"x":-0.47,"y":-0.42,"width":62,"height":67}},"zsb_bdsjrkicontext1":{"zsb_bdsjrkicontext1":{"width":24,"height":27}},"zsb_bdsjrkicontext2":{"zsb_bdsjrkicontext2":{"width":24,"height":27}},"zsb_bdsjrkicontext3":{"zsb_bdsjrkicontext3":{"width":24,"height":27}},"zsb_bdsjrkicontext4":{"zsb_bdsjrkicontext4":{"width":24,"height":26}},"zsb_bdsjrkicontextlg":{"zsb_bdsjrkicontextlg0":{"width":55,"height":62},"zsb_bdsjrkicontextlg1":{"width":55,"height":62},"zsb_bdsjrkicontextlg2":{"width":55,"height":62},"zsb_bdsjrkicontextlg3":{"width":55,"height":62},"zsb_bdsjrkicontextlg4":{"width":55,"height":62},"zsb_bdsjrkicontextlg5":{"width":55,"height":62},"zsb_bdsjrkicontextlg6":{"width":55,"height":62},"zsb_bdsjrkicontextlg7":{"width":55,"height":62},"zsb_bdsjrkicontextlg8":{"width":55,"height":62},"zsb_bdsjrkicontextlg9":{"width":55,"height":62},"zsb_bdsjrkicontextlg10":{"width":55,"height":62},"zsb_bdsjrkicontextlg11":{"width":55,"height":62}}}},"animations":{"animation":{"slots":{"xingdian":{"color":[{"time":0,"color":"ffffff00"},{"time":0.6667,"color":"fffffffe"},{"time":1.8333,"color":"ffffff00","curve":"stepped"},{"time":2.6667,"color":"ffffff00"}]},"xingdian2":{"color":[{"time":0,"color":"ffffff00","curve":"stepped"},{"time":0.3333,"color":"ffffff00"},{"time":1,"color":"fffffffe"},{"time":2.1667,"color":"ffffff00","curve":"stepped"},{"time":2.6667,"color":"ffffff00"}]},"xingdian3":{"color":[{"time":0,"color":"ffffff00","curve":"stepped"},{"time":0.6667,"color":"ffffff00"},{"time":1.3333,"color":"fffffffe"},{"time":2.5,"color":"ffffff00","curve":"stepped"},{"time":2.6667,"color":"ffffff00"}]},"xingdian4":{"color":[{"time":0,"color":"ffffff00","curve":"stepped"},{"time":0.8333,"color":"ffffff00"},{"time":1.5,"color":"fffffffe"},{"time":2.6667,"color":"ffffff00"}]},"xingdian5":{"color":[{"time":0,"color":"ffffff00","curve":"stepped"},{"time":0.2333,"color":"ffffff00"},{"time":0.9,"color":"fffffffe"},{"time":2.0667,"color":"ffffff00","curve":"stepped"},{"time":2.6667,"color":"ffffff00"}]},"zsb_bdsjrkiconsidai2":{"color":[{"time":0,"color":"ffffff00","curve":[0.25,0,0.75,1]},{"time":0.6,"color":"ffffff22","curve":[0.25,0,0.75,1]},{"time":1.9333,"color":"ffffff00","curve":"stepped"},{"time":2.6667,"color":"ffffff00"}],"attachment":[{"time":0,"name":"zsb_bdsjrkiconsidai1"},{"time":2.6667,"name":"zsb_bdsjrkiconsidai1"}]},"zsb_bdsjrkiconsidai4":{"color":[{"time":0,"color":"ffffff00","curve":"stepped"},{"time":0.5333,"color":"ffffff00","curve":[0.297,0.18,0.638,0.55]},{"time":1.1333,"color":"ffffff22","curve":[0.325,0.31,0.679,0.71]},{"time":2.4667,"color":"ffffff00","curve":"stepped"},{"time":2.6667,"color":"ffffff00"}],"attachment":[{"time":0,"name":"zsb_bdsjrkiconsidai3"},{"time":2.6667,"name":"zsb_bdsjrkiconsidai3"}]},"zsb_bdsjrkiconsidai7":{"color":[{"time":0,"color":"ffffff00","curve":[0.25,0,0.75,1]},{"time":0.6,"color":"ffffff22","curve":[0.25,0,0.75,1]},{"time":1.9333,"color":"ffffff00","curve":"stepped"},{"time":2.6667,"color":"ffffff00"}],"attachment":[{"time":0,"name":"zsb_bdsjrkiconsidai1"},{"time":2.6667,"name":"zsb_bdsjrkiconsidai1"}]},"zsb_bdsjrkiconsidai8":{"color":[{"time":0,"color":"ffffff00","curve":"stepped"},{"time":0.5333,"color":"ffffff00","curve":[0.25,0,0.75,1]},{"time":1.1333,"color":"ffffff22","curve":[0.25,0,0.75,1]},{"time":2.4667,"color":"ffffff00","curve":"stepped"},{"time":2.6667,"color":"ffffff00"}],"attachment":[{"time":0,"name":"zsb_bdsjrkiconsidai3"},{"time":2.6667,"name":"zsb_bdsjrkiconsidai3"}]},"zsb_bdsjrkicontext1":{"color":[{"time":0,"color":"ffffff00","curve":"stepped"},{"time":0.6667,"color":"ffffff00"},{"time":1,"color":"ffffff22"},{"time":1.6667,"color":"ffffff00","curve":"stepped"},{"time":2.6667,"color":"ffffff00"}],"attachment":[{"time":0,"name":"zsb_bdsjrkicontext1"},{"time":2.6667,"name":"zsb_bdsjrkicontext1"}]},"zsb_bdsjrkicontext2":{"color":[{"time":0,"color":"ffffff00","curve":"stepped"},{"time":0.7333,"color":"ffffff00"},{"time":1.0667,"color":"ffffff22"},{"time":1.7333,"color":"ffffff00","curve":"stepped"},{"time":2.6667,"color":"ffffff00"}],"attachment":[{"time":0,"name":"zsb_bdsjrkicontext2"},{"time":2.6667,"name":"zsb_bdsjrkicontext2"}]},"zsb_bdsjrkicontext3":{"color":[{"time":0,"color":"ffffff00","curve":"stepped"},{"time":0.8,"color":"ffffff00"},{"time":1.1333,"color":"ffffff22"},{"time":1.8,"color":"ffffff00","curve":"stepped"},{"time":2.6667,"color":"ffffff00"}],"attachment":[{"time":0,"name":"zsb_bdsjrkicontext3"},{"time":2.6667,"name":"zsb_bdsjrkicontext3"}]},"zsb_bdsjrkicontext4":{"color":[{"time":0,"color":"ffffff00","curve":"stepped"},{"time":0.8667,"color":"ffffff00"},{"time":1.2,"color":"ffffff22"},{"time":1.8667,"color":"ffffff00","curve":"stepped"},{"time":2.6667,"color":"ffffff00"}],"attachment":[{"time":0,"name":"zsb_bdsjrkicontext4"},{"time":2.6667,"name":"zsb_bdsjrkicontext4"}]},"zsb_bdsjrkicontextlg":{"attachment":[{"time":0,"name":null},{"time":0.0667,"name":"zsb_bdsjrkicontextlg0"},{"time":0.1333,"name":"zsb_bdsjrkicontextlg1"},{"time":0.2,"name":"zsb_bdsjrkicontextlg2"},{"time":0.2667,"name":"zsb_bdsjrkicontextlg3"},{"time":0.3333,"name":"zsb_bdsjrkicontextlg4"},{"time":0.4,"name":"zsb_bdsjrkicontextlg5"},{"time":0.4667,"name":"zsb_bdsjrkicontextlg6"},{"time":0.5333,"name":"zsb_bdsjrkicontextlg7"},{"time":0.6,"name":"zsb_bdsjrkicontextlg8"},{"time":0.6667,"name":"zsb_bdsjrkicontextlg9"},{"time":0.7333,"name":"zsb_bdsjrkicontextlg10"},{"time":0.8,"name":"zsb_bdsjrkicontextlg11"},{"time":0.8667,"name":null}]}},"bones":{"zsb_bdsjrkicontext1":{"rotate":[{"time":0,"angle":0,"curve":"stepped"},{"time":2.6667,"angle":0}],"translate":[{"time":0,"x":0,"y":0,"curve":"stepped"},{"time":2.6667,"x":0,"y":0}],"scale":[{"time":0,"x":1,"y":1,"curve":"stepped"},{"time":2.6667,"x":1,"y":1}],"shear":[{"time":0,"x":0,"y":0,"curve":"stepped"},{"time":2.6667,"x":0,"y":0}]},"zsb_bdsjrkicontext2":{"rotate":[{"time":0,"angle":0,"curve":"stepped"},{"time":2.6667,"angle":0}],"translate":[{"time":0,"x":0,"y":0,"curve":"stepped"},{"time":2.6667,"x":0,"y":0}],"scale":[{"time":0,"x":1,"y":1,"curve":"stepped"},{"time":2.6667,"x":1,"y":1}],"shear":[{"time":0,"x":0,"y":0,"curve":"stepped"},{"time":2.6667,"x":0,"y":0}]},"zsb_bdsjrkicontext3":{"rotate":[{"time":0,"angle":0,"curve":"stepped"},{"time":2.6667,"angle":0}],"translate":[{"time":0,"x":0,"y":0,"curve":"stepped"},{"time":2.6667,"x":0,"y":0}],"scale":[{"time":0,"x":1,"y":1,"curve":"stepped"},{"time":2.6667,"x":1,"y":1}],"shear":[{"time":0,"x":0,"y":0,"curve":"stepped"},{"time":2.6667,"x":0,"y":0}]},"zsb_bdsjrkicontext4":{"rotate":[{"time":0,"angle":0,"curve":"stepped"},{"time":2.6667,"angle":0}],"translate":[{"time":0,"x":0,"y":0,"curve":"stepped"},{"time":2.6667,"x":0,"y":0}],"scale":[{"time":0,"x":1,"y":1,"curve":"stepped"},{"time":2.6667,"x":1,"y":1}],"shear":[{"time":0,"x":0,"y":0,"curve":"stepped"},{"time":2.6667,"x":0,"y":0}]},"xingdian4":{"rotate":[{"time":0,"angle":0},{"time":2.6667,"angle":-75}],"translate":[{"time":0,"x":0,"y":0,"curve":"stepped"},{"time":2.6667,"x":0,"y":0}],"scale":[{"time":0,"x":1,"y":1,"curve":"stepped"},{"time":2.6667,"x":1,"y":1}],"shear":[{"time":0,"x":0,"y":0,"curve":"stepped"},{"time":2.6667,"x":0,"y":0}]},"xingdian3":{"rotate":[{"time":0,"angle":0},{"time":2.6667,"angle":-75}],"translate":[{"time":0,"x":0,"y":0,"curve":"stepped"},{"time":2.6667,"x":0,"y":0}],"scale":[{"time":0,"x":1,"y":1,"curve":"stepped"},{"time":2.6667,"x":1,"y":1}],"shear":[{"time":0,"x":0,"y":0,"curve":"stepped"},{"time":2.6667,"x":0,"y":0}]},"xingdian2":{"rotate":[{"time":0,"angle":0},{"time":2.6667,"angle":-75}],"translate":[{"time":0,"x":0,"y":0,"curve":"stepped"},{"time":2.6667,"x":0,"y":0}],"scale":[{"time":0,"x":1,"y":1,"curve":"stepped"},{"time":2.6667,"x":1,"y":1}],"shear":[{"time":0,"x":0,"y":0,"curve":"stepped"},{"time":2.6667,"x":0,"y":0}]},"xingdian":{"rotate":[{"time":0,"angle":0},{"time":2.6667,"angle":-75}],"translate":[{"time":0,"x":0,"y":0,"curve":"stepped"},{"time":2.6667,"x":0,"y":0}],"scale":[{"time":0,"x":1,"y":1,"curve":"stepped"},{"time":2.6667,"x":1,"y":1}],"shear":[{"time":0,"x":0,"y":0,"curve":"stepped"},{"time":2.6667,"x":0,"y":0}]},"xingdian5":{"rotate":[{"time":0,"angle":0},{"time":2.6667,"angle":-75}],"translate":[{"time":0,"x":0,"y":0,"curve":"stepped"},{"time":2.6667,"x":0,"y":0}],"scale":[{"time":0,"x":1,"y":1,"curve":"stepped"},{"time":2.6667,"x":1,"y":1}],"shear":[{"time":0,"x":0,"y":0,"curve":"stepped"},{"time":2.6667,"x":0,"y":0}]},"zsb_bdsjrkiconsidai1":{"rotate":[{"time":0,"angle":0,"curve":"stepped"},{"time":2.6667,"angle":0}],"translate":[{"time":0,"x":0,"y":0,"curve":"stepped"},{"time":2.6667,"x":0,"y":0}],"scale":[{"time":0,"x":1.002,"y":1,"curve":[0.25,0,0.75,1]},{"time":0.2667,"x":1.001,"y":1,"curve":[0.25,0,0.75,1]},{"time":1.6,"x":1.009,"y":1,"curve":[0.25,0,0.75,1]},{"time":2.6667,"x":1.002,"y":1}],"shear":[{"time":0,"x":0,"y":0,"curve":"stepped"},{"time":2.6667,"x":0,"y":0}]},"zsb_bdsjrkiconsidai3":{"rotate":[{"time":0,"angle":0,"curve":"stepped"},{"time":2.6667,"angle":0}],"translate":[{"time":0,"x":0,"y":0,"curve":"stepped"},{"time":2.6667,"x":0,"y":0}],"scale":[{"time":0,"x":1.007,"y":1,"curve":[0.25,0,0.75,1]},{"time":0.5333,"x":1.004,"y":1,"curve":[0.25,0,0.75,1]},{"time":1.8667,"x":1.014,"y":1,"curve":[0.25,0,0.75,1]},{"time":2.6667,"x":1.007,"y":1}],"shear":[{"time":0,"x":0,"y":0,"curve":"stepped"},{"time":2.6667,"x":0,"y":0}]},"zsb_bdsjrkiconsidai4":{"rotate":[{"time":0,"angle":0,"curve":"stepped"},{"time":2.6667,"angle":0}],"translate":[{"time":0,"x":0,"y":0,"curve":"stepped"},{"time":2.6667,"x":0,"y":0}],"scale":[{"time":0,"x":1.007,"y":1,"curve":[0.25,0,0.75,1]},{"time":0.5333,"x":1.004,"y":1,"curve":[0.25,0,0.75,1]},{"time":1.8667,"x":1.014,"y":1,"curve":[0.25,0,0.75,1]},{"time":2.6667,"x":1.007,"y":1}],"shear":[{"time":0,"x":0,"y":0,"curve":"stepped"},{"time":2.6667,"x":0,"y":0}]},"zsb_bdsjrkiconsidai2":{"rotate":[{"time":0,"angle":0,"curve":"stepped"},{"time":2.6667,"angle":0}],"translate":[{"time":0,"x":0,"y":0,"curve":"stepped"},{"time":2.6667,"x":0,"y":0}],"scale":[{"time":0,"x":1.002,"y":1,"curve":[0.25,0,0.75,1]},{"time":0.2667,"x":1.001,"y":1,"curve":[0.25,0,0.75,1]},{"time":1.6,"x":1.009,"y":1,"curve":[0.25,0,0.75,1]},{"time":2.6667,"x":1.002,"y":1}],"shear":[{"time":0,"x":0,"y":0,"curve":"stepped"},{"time":2.6667,"x":0,"y":0}]}}}}}