{"skeleton":{"hash":"CtTNBqxA8SLoRuolMTBBti0K3uk","spine":"3.6.37","width":0,"height":0,"images":"./images/"},"bones":[{"name":"root"},{"name":"zg","parent":"root","scaleX":1.5,"scaleY":1.5},{"name":"zg1","parent":"zg","x":1.39,"y":3.84,"color":"9b9b9b00"},{"name":"zg2","parent":"zg","x":1.39,"y":3.84,"color":"9b9b9b00"},{"name":"zg3_1","parent":"zg","x":14.74,"y":24.5},{"name":"zg3_2","parent":"zg","x":14.74,"y":24.5},{"name":"zg3_3","parent":"zg","x":14.74,"y":24.5},{"name":"zg3_4","parent":"zg","x":14.74,"y":24.5},{"name":"zg3_5","parent":"zg","x":14.74,"y":24.5},{"name":"zg3_6","parent":"zg","x":14.74,"y":34.06},{"name":"zg4_1","parent":"zg","x":14.74,"y":24.5},{"name":"zg4_2","parent":"zg","x":14.74,"y":24.5},{"name":"zg4_3","parent":"zg","x":14.74,"y":24.5},{"name":"zg4_4","parent":"zg","x":14.74,"y":24.5},{"name":"zg4_5","parent":"zg","x":14.74,"y":24.5},{"name":"zg4_6","parent":"zg","x":14.74,"y":24.5},{"name":"zg4_7","parent":"zg","x":14.74,"y":24.5},{"name":"zg4_8","parent":"zg","x":14.74,"y":24.5}],"slots":[{"name":"7qdlj_zg1","bone":"zg1","blend":"additive"},{"name":"7qdlj_zg2","bone":"zg2","blend":"additive"},{"name":"zg3_1","bone":"zg3_1","blend":"additive"},{"name":"zg3_2","bone":"zg3_2","blend":"additive"},{"name":"zg3_4","bone":"zg3_4","blend":"additive"},{"name":"zg3_5","bone":"zg3_5","blend":"additive"},{"name":"zg3_6","bone":"zg3_6","blend":"additive"},{"name":"zg4_1","bone":"zg4_1"},{"name":"zg4_2","bone":"zg4_2"},{"name":"zg4_3","bone":"zg4_3"},{"name":"zg4_4","bone":"zg4_4"},{"name":"zg4_5","bone":"zg4_5"},{"name":"zg4_6","bone":"zg4_6"},{"name":"zg4_7","bone":"zg4_7"},{"name":"zg4_8","bone":"zg4_8"},{"name":"zg3_3","bone":"zg3_3","blend":"additive"}],"skins":{"default":{"7qdlj_zg1":{"7qdlj_zg1":{"scaleY":1.5,"width":256,"height":128}},"7qdlj_zg2":{"7qdlj_zg2":{"width":124,"height":126}},"zg3_1":{"7qdlj_zg3":{"width":64,"height":64}},"zg3_2":{"7qdlj_zg3":{"width":64,"height":64}},"zg3_3":{"7qdlj_zg3":{"width":64,"height":64}},"zg3_4":{"7qdlj_zg3":{"width":64,"height":64}},"zg3_5":{"7qdlj_zg3":{"width":64,"height":64}},"zg3_6":{"7qdlj_zg3":{"width":64,"height":64}},"zg4_1":{"7qdlj_pd01":{"width":13,"height":15}},"zg4_2":{"7qdlj_pd02":{"width":17,"height":19}},"zg4_3":{"7qdlj_pd03":{"width":16,"height":19}},"zg4_4":{"7qdlj_pd04":{"width":19,"height":19}},"zg4_5":{"7qdlj_pd05":{"width":13,"height":13}},"zg4_6":{"7qdlj_pd06":{"width":17,"height":14}},"zg4_7":{"7qdlj_pd07":{"width":19,"height":14}},"zg4_8":{"7qdlj_pd08":{"width":22,"height":16}}}},"animations":{"animation":{"slots":{"7qdlj_zg1":{"color":[{"time":0,"color":"ffffff00","curve":[0.25,0,0.75,1]},{"time":0.1333,"color":"fffffffe","curve":[0.25,0,0.75,1]},{"time":0.6667,"color":"ffffff00","curve":"stepped"},{"time":1.1667,"color":"ffffff00"}],"attachment":[{"time":0,"name":"7qdlj_zg1"},{"time":1.1667,"name":null}]},"7qdlj_zg2":{"color":[{"time":0,"color":"ffffff00","curve":[0.25,0,0.75,1]},{"time":0.1,"color":"ffffff54","curve":[0.25,0,0.75,1]},{"time":0.6,"color":"ffffff00","curve":"stepped"},{"time":1.1667,"color":"ffffff00"}],"attachment":[{"time":0,"name":"7qdlj_zg2"},{"time":1.1667,"name":null}]},"zg3_1":{"color":[{"time":0,"color":"fffffffe","curve":[0.296,0,0.633,0.37]},{"time":0.1667,"color":"ffffffd0","curve":[0.302,0.22,0.756,1]},{"time":0.4,"color":"ffffff00","curve":"stepped"},{"time":1.1667,"color":"ffffff00"}],"attachment":[{"time":0,"name":"7qdlj_zg3"},{"time":1.1667,"name":null}]},"zg3_2":{"color":[{"time":0,"color":"fffffffe","curve":"stepped"},{"time":0.1667,"color":"fffffffe","curve":[0.302,0.22,0.756,1]},{"time":0.5,"color":"ffffff00","curve":"stepped"},{"time":1.1667,"color":"ffffff00"}],"attachment":[{"time":0,"name":"7qdlj_zg3"},{"time":1.1667,"name":null}]},"zg3_3":{"color":[{"time":0,"color":"fffffffe","curve":[0.296,0,0.633,0.37]},{"time":0.1667,"color":"ffffff90","curve":[0.302,0.22,0.756,1]},{"time":0.6667,"color":"ffffff00","curve":"stepped"},{"time":1.1667,"color":"ffffff00"}],"attachment":[{"time":0,"name":"7qdlj_zg3"},{"time":1.1667,"name":null}]},"zg3_4":{"color":[{"time":0,"color":"fffffffe","curve":"stepped"},{"time":0.1667,"color":"fffffffe","curve":[0.302,0.22,0.756,1]},{"time":0.5,"color":"ffffff00","curve":"stepped"},{"time":1.1667,"color":"ffffff00"}],"attachment":[{"time":0,"name":"7qdlj_zg3"},{"time":1.1667,"name":null}]},"zg3_5":{"color":[{"time":0,"color":"fffffffe","curve":[0.296,0,0.633,0.37]},{"time":0.1667,"color":"ffffffc6","curve":[0.302,0.22,0.756,1]},{"time":0.5333,"color":"ffffff00","curve":"stepped"},{"time":1.1667,"color":"ffffff00"}],"attachment":[{"time":0,"name":"7qdlj_zg3"},{"time":1.1667,"name":null}]},"zg3_6":{"color":[{"time":0,"color":"fffffffe","curve":[0.296,0,0.633,0.37]},{"time":0.1667,"color":"ffffff6a","curve":[0.302,0.22,0.756,1]},{"time":0.4,"color":"ffffff00","curve":"stepped"},{"time":1.1667,"color":"ffffff00"}],"attachment":[{"time":0,"name":"7qdlj_zg3"},{"time":1.1667,"name":null}]},"zg4_1":{"color":[{"time":0,"color":"ffffff00","curve":[0.301,0,0.637,0.36]},{"time":0.1,"color":"fffffffe","curve":[0.295,0.19,0.755,1]},{"time":1.1667,"color":"ffffff00"}],"attachment":[{"time":0,"name":"7qdlj_pd01"},{"time":1.1667,"name":null}]},"zg4_2":{"color":[{"time":0,"color":"ffffff00","curve":[0.301,0,0.637,0.36]},{"time":0.1,"color":"fffffffe","curve":[0.295,0.19,0.755,1]},{"time":1.1667,"color":"ffffff00"}],"attachment":[{"time":0,"name":"7qdlj_pd02"},{"time":1.1667,"name":null}]},"zg4_3":{"color":[{"time":0,"color":"ffffff00","curve":[0.301,0,0.637,0.36]},{"time":0.1,"color":"fffffffe","curve":[0.295,0.19,0.755,1]},{"time":1.1667,"color":"ffffff00"}],"attachment":[{"time":0,"name":"7qdlj_pd03"},{"time":1.1667,"name":null}]},"zg4_4":{"color":[{"time":0,"color":"ffffff00","curve":[0.301,0,0.637,0.36]},{"time":0.1,"color":"fffffffe","curve":[0.295,0.19,0.755,1]},{"time":1.1667,"color":"ffffff00"}],"attachment":[{"time":0,"name":"7qdlj_pd04"},{"time":1.1667,"name":null}]},"zg4_5":{"color":[{"time":0,"color":"ffffff00","curve":[0.301,0,0.637,0.36]},{"time":0.1,"color":"fffffffe","curve":[0.295,0.19,0.755,1]},{"time":1.1667,"color":"ffffff00"}],"attachment":[{"time":0,"name":"7qdlj_pd05"},{"time":1.1667,"name":null}]},"zg4_6":{"color":[{"time":0,"color":"ffffff00","curve":[0.301,0,0.637,0.36]},{"time":0.1,"color":"fffffffe","curve":[0.295,0.19,0.755,1]},{"time":1.1667,"color":"ffffff00"}],"attachment":[{"time":0,"name":"7qdlj_pd06"},{"time":1.1667,"name":null}]},"zg4_7":{"color":[{"time":0,"color":"ffffff00","curve":[0.301,0,0.637,0.36]},{"time":0.1,"color":"fffffffe","curve":[0.295,0.19,0.755,1]},{"time":1.1667,"color":"ffffff00"}],"attachment":[{"time":0,"name":"7qdlj_pd07"},{"time":1.1667,"name":null}]},"zg4_8":{"color":[{"time":0,"color":"ffffff00","curve":[0.301,0,0.637,0.36]},{"time":0.1,"color":"fffffffe","curve":[0.295,0.19,0.755,1]},{"time":1.1667,"color":"ffffff00"}],"attachment":[{"time":0,"name":"7qdlj_pd08"},{"time":1.1667,"name":null}]}},"bones":{"zg1":{"scale":[{"time":0,"x":0.6,"y":0.6,"curve":[0.25,0,0.75,1]},{"time":0.1333,"x":1,"y":1}]},"zg2":{"scale":[{"time":0,"x":0.8,"y":0.8,"curve":[0.168,0.83,0.472,0.98]},{"time":0.6,"x":1.7,"y":1.7}]},"zg3_1":{"translate":[{"time":0,"x":20.1,"y":0.7},{"time":0.4,"x":40.66,"y":11.49}],"scale":[{"time":0,"x":0,"y":0,"curve":[0.25,0,0.75,1]},{"time":0.1667,"x":0.9,"y":0.9,"curve":[0.25,0,0.75,1]},{"time":0.4,"x":0,"y":0}]},"zg3_2":{"translate":[{"time":0,"x":-7.91,"y":13.6,"curve":[0.325,0,0.658,0.34]},{"time":0.0333,"x":-8.99,"y":-4.37,"curve":[0.256,0.05,0.715,0.84]},{"time":0.5,"x":-9.97,"y":24.07}],"scale":[{"time":0,"x":0,"y":0,"curve":[0.25,0,0.75,1]},{"time":0.1667,"x":1,"y":1,"curve":[0.25,0,0.75,1]},{"time":0.5,"x":0,"y":0}]},"zg3_3":{"translate":[{"time":0,"x":-36.08,"y":-3.93,"curve":[0.323,0,0.657,0.34]},{"time":0.0333,"x":-31.19,"y":-14.38,"curve":[0.263,0.06,0.752,1]},{"time":0.6667,"x":-75.88,"y":12.36}],"scale":[{"time":0,"x":0,"y":0,"curve":[0.25,0,0.75,1]},{"time":0.1667,"x":1,"y":1,"curve":[0.25,0,0.75,1]},{"time":0.6667,"x":0,"y":0}]},"zg3_4":{"translate":[{"time":0,"x":5.58,"y":-46.74,"curve":[0.321,0,0.655,0.34]},{"time":0.0333,"x":-12.27,"y":-26.68,"curve":[0.262,0.07,0.726,0.89]},{"time":0.5,"x":22.54,"y":-57.02}],"scale":[{"time":0,"x":0,"y":0,"curve":[0.25,0,0.75,1]},{"time":0.1667,"x":1,"y":1,"curve":[0.25,0,0.75,1]},{"time":0.5,"x":0,"y":0}]},"zg3_5":{"translate":[{"time":0,"x":-27.25,"y":-43.14,"curve":[0.25,0,0.75,1]},{"time":0.5333,"x":-47.29,"y":-57.02}],"scale":[{"time":0,"x":0,"y":0,"curve":[0.25,0,0.75,1]},{"time":0.1667,"x":0.7,"y":0.7,"curve":[0.25,0,0.75,1]},{"time":0.5333,"x":0,"y":0}]},"zg3_6":{"translate":[{"time":0,"x":-19.98,"y":-61.87,"curve":[0.31,0,0.645,0.35]},{"time":0.0333,"x":-6.21,"y":-31.65,"curve":[0.277,0.13,0.728,0.89]},{"time":0.4,"x":-21.92,"y":13.16}],"scale":[{"time":0,"x":0,"y":0,"curve":[0.25,0,0.75,1]},{"time":0.1667,"x":0.5,"y":0.5,"curve":[0.25,0,0.75,1]},{"time":0.4333,"x":0,"y":0}]},"zg4_1":{"translate":[{"time":0,"x":-0.84,"y":-56.51,"curve":[0.189,0.57,0.556,1]},{"time":0.1,"x":12.9,"y":-75.85,"curve":[0.273,0.36,0.609,0.7]},{"time":1.1667,"x":40.25,"y":-100.56}],"scale":[{"time":0,"x":0,"y":0,"curve":[0.189,0.57,0.556,1]},{"time":0.1,"x":1,"y":1,"curve":[0.189,0.57,0.556,1]},{"time":1.1667,"x":0.5,"y":0.5}]},"zg4_2":{"translate":[{"time":0,"x":-35.91,"y":-42.82,"curve":[0.189,0.57,0.556,1]},{"time":0.1,"x":-58.31,"y":-42.31,"curve":[0.273,0.36,0.609,0.7]},{"time":1.1667,"x":-97.94,"y":-65.25}],"scale":[{"time":0,"x":0,"y":0,"curve":[0.189,0.57,0.556,1]},{"time":0.1,"x":1,"y":1,"curve":[0.189,0.57,0.556,1]},{"time":1.1667,"x":0.5,"y":0.5}]},"zg4_3":{"translate":[{"time":0,"x":6.95,"y":-39.22,"curve":[0.189,0.57,0.556,1]},{"time":0.1,"x":24.25,"y":-39.73,"curve":[0.273,0.36,0.609,0.7]},{"time":1.1667,"x":75.51,"y":-58.76}],"scale":[{"time":0,"x":0,"y":0,"curve":[0.189,0.57,0.556,1]},{"time":0.1,"x":1,"y":1,"curve":[0.189,0.57,0.556,1]},{"time":1.1667,"x":0.5,"y":0.5}]},"zg4_4":{"translate":[{"time":0,"x":-26.02,"y":-58.46,"curve":[0.189,0.57,0.556,1]},{"time":0.1,"x":-42.31,"y":-69.66,"curve":[0.273,0.36,0.609,0.7]},{"time":1.1667,"x":-68.12,"y":-108.48}],"scale":[{"time":0,"x":0,"y":0,"curve":[0.189,0.57,0.556,1]},{"time":0.1,"x":1,"y":1,"curve":[0.189,0.57,0.556,1]},{"time":1.1667,"x":0.5,"y":0.5}]},"zg4_5":{"translate":[{"time":0,"x":-35.21,"y":12.56,"curve":[0.189,0.57,0.556,1]},{"time":0.1,"x":-44.38,"y":25.28,"curve":[0.273,0.36,0.609,0.7]},{"time":1.1667,"x":-106.51,"y":57.11}],"scale":[{"time":0,"x":0,"y":0,"curve":[0.189,0.57,0.556,1]},{"time":0.1,"x":1,"y":1,"curve":[0.189,0.57,0.556,1]},{"time":1.1667,"x":0.5,"y":0.5}]},"zg4_6":{"translate":[{"time":0,"x":-35.46,"y":-10.81,"curve":[0.189,0.57,0.556,1]},{"time":0.1,"x":-62.44,"y":-8.77,"curve":[0.273,0.36,0.609,0.7]},{"time":1.1667,"x":-166.97,"y":-12.81}],"scale":[{"time":0,"x":0,"y":0,"curve":[0.189,0.57,0.556,1]},{"time":0.1,"x":1,"y":1,"curve":[0.189,0.57,0.556,1]},{"time":1.1667,"x":0.5,"y":0.5}]},"zg4_7":{"translate":[{"time":0,"x":-3.43,"y":12.06,"curve":[0.189,0.57,0.556,1]},{"time":0.1,"x":9.8,"y":26.32,"curve":[0.273,0.36,0.609,0.7]},{"time":1.1667,"x":65.9,"y":57.06}],"scale":[{"time":0,"x":0,"y":0,"curve":[0.189,0.57,0.556,1]},{"time":0.1,"x":1,"y":1,"curve":[0.189,0.57,0.556,1]},{"time":1.1667,"x":0.5,"y":0.5}]},"zg4_8":{"translate":[{"time":0,"x":1.42,"y":-12.37,"curve":[0.189,0.57,0.556,1]},{"time":0.1,"x":29.93,"y":-11.35,"curve":[0.273,0.36,0.609,0.7]},{"time":1.1667,"x":103.83,"y":-10.99}],"scale":[{"time":0,"x":0,"y":0,"curve":[0.189,0.57,0.556,1]},{"time":0.1,"x":1,"y":1,"curve":[0.189,0.57,0.556,1]},{"time":1.1667,"x":0.5,"y":0.5}]}}}}}