{"skeleton":{"hash":"QolBIm3/5qbdAMi5dQdrUP01dtw","spine":"3.6.37","width":1624,"height":750,"images":"./images/"},"bones":[{"name":"root"},{"name":"hip","parent":"root"},{"name":"rbay_dftc_bt","parent":"hip","x":1,"y":174.5},{"name":"btsg","parent":"rbay_dftc_bt","x":-0.65,"y":6.74,"scaleX":2,"scaleY":2},{"name":"df","parent":"hip","x":1.5,"y":20},{"name":"rbay_dftc_db","parent":"df","scaleX":2,"scaleY":2},{"name":"rbay_dftc_db2","parent":"df","y":-3.89},{"name":"rbay_dftc_db3","parent":"df","y":-3.89,"scaleX":-1},{"name":"rbay_dftc_fs","parent":"hip","x":20.5,"y":78.5,"color":"fff600ff"},{"name":"rbay_dftc_gb","parent":"hip","x":376,"y":186},{"name":"rbay_dftc_pm","parent":"df","x":-0.13,"y":-21.5},{"name":"rbay_dftc_phb","parent":"rbay_dftc_pm","x":78.63,"y":0.5},{"name":"rbay_dftc_sd1","parent":"hip","x":439.17,"y":112.27,"scaleX":1.2,"scaleY":1.2,"color":"00ffedff"},{"name":"rbay_dftc_sd2","parent":"hip","x":-385.45,"y":248.07,"color":"00ffedff"},{"name":"rbay_dftc_sd3","parent":"hip","x":98.68,"y":241.14,"color":"00ffedff"},{"name":"rbay_dftc_sd4","parent":"hip","x":-325.24,"y":169.13,"color":"00ffedff"},{"name":"rbay_dftc_sd5","parent":"hip","x":-217.23,"y":132.6,"color":"00ffedff"},{"name":"rbay_dftc_sd6","parent":"hip","x":-81.13,"y":240.29,"color":"00ffedff"},{"name":"rbay_dftc_sd7","parent":"hip","x":313.98,"y":207.28,"color":"00ffedff"},{"name":"rbay_dftc_sd8","parent":"hip","x":289.62,"y":169.55,"color":"00ffedff"},{"name":"rbay_dftc_sd9","parent":"hip","x":-278.44,"y":187.85,"color":"00ffedff"},{"name":"rbay_dftc_sd10","parent":"hip","x":-385.45,"y":200.41,"scaleX":1.05,"scaleY":1.05,"color":"b600ffff"},{"name":"rbay_dftc_sd11","parent":"hip","x":439.17,"y":112.27,"color":"b600ffff"},{"name":"rbay_dftc_sd12","parent":"hip","x":218.12,"y":243.79,"scaleX":1.1,"scaleY":1.1,"color":"b600ffff"},{"name":"rbay_dftc_sd13","parent":"hip","x":-217.23,"y":132.18,"scaleX":0.5,"scaleY":0.5,"color":"b600ffff"},{"name":"rbay_dftc_sd14","parent":"hip","x":-338.56,"y":332.34,"color":"b600ffff"},{"name":"rbay_dftc_sd15","parent":"hip","x":63.92,"y":267.03,"color":"b600ffff"},{"name":"rbay_dftc_sd16","parent":"hip","x":-552.84,"y":416.87,"scaleX":0.35,"scaleY":0.35,"color":"a900ffff"},{"name":"rbay_dftc_sd17","parent":"hip","x":-19.68,"y":406.27,"color":"b600ffff"},{"name":"rbay_dftc_sd18","parent":"hip","x":347.58,"y":393.06,"scaleX":0.75,"scaleY":0.75,"color":"b600ffff"},{"name":"rbay_dftc_ts","parent":"df","x":-2,"y":-61.5},{"name":"骨骼","parent":"rbay_dftc_db2","x":749.66},{"name":"骨骼2","parent":"rbay_dftc_db3","x":749.66}],"slots":[{"name":"bg","bone":"hip"},{"name":"rbay_dftc_zz","bone":"hip"},{"name":"rbay_dftc_sd18","bone":"rbay_dftc_sd18"},{"name":"rbay_dftc_sd17","bone":"rbay_dftc_sd17"},{"name":"rbay_dftc_sd13","bone":"rbay_dftc_sd13"},{"name":"rbay_dftc_db2","bone":"rbay_dftc_db2","attachment":"rbay_dftc_db1"},{"name":"rbay_dftc_db3","bone":"rbay_dftc_db3","attachment":"rbay_dftc_db1"},{"name":"rbay_dftc_db","bone":"rbay_dftc_db","attachment":"rbay_dftc_db"},{"name":"rbay_dftc_bt","bone":"rbay_dftc_bt","attachment":"rbay_dftc_bt"},{"name":"rbay_dftc_pm","bone":"rbay_dftc_pm","attachment":"rbay_dftc_pm"},{"name":"rbay_dftc_ts","bone":"rbay_dftc_ts","attachment":"rbay_dftc_ts"},{"name":"rbay_dftc_phb","bone":"rbay_dftc_phb"},{"name":"rbay_dftc_fs","bone":"rbay_dftc_fs"},{"name":"rbay_dftc_gb","bone":"rbay_dftc_gb","attachment":"rbay_dftc_gb"},{"name":"rbay_dftc_sd9","bone":"rbay_dftc_sd9"},{"name":"rbay_dftc_sd8","bone":"rbay_dftc_sd8"},{"name":"rbay_dftc_sd7","bone":"rbay_dftc_sd7"},{"name":"rbay_dftc_sd16","bone":"rbay_dftc_sd16"},{"name":"rbay_dftc_sd6","bone":"rbay_dftc_sd6"},{"name":"rbay_dftc_sd15","bone":"rbay_dftc_sd15"},{"name":"rbay_dftc_sd5","bone":"rbay_dftc_sd5"},{"name":"rbay_dftc_sd4","bone":"rbay_dftc_sd4"},{"name":"rbay_dftc_sd3","bone":"rbay_dftc_sd3"},{"name":"rbay_dftc_sd12","bone":"rbay_dftc_sd12"},{"name":"rbay_dftc_sd14","bone":"rbay_dftc_sd14"},{"name":"rbay_dftc_sd2","bone":"rbay_dftc_sd2"},{"name":"rbay_dftc_sd10","bone":"rbay_dftc_sd10"},{"name":"rbay_dftc_sd1","bone":"rbay_dftc_sd1"},{"name":"rbay_dftc_sd11","bone":"rbay_dftc_sd11"},{"name":"rbay_dftc_btsg0","bone":"btsg","blend":"additive"}],"skins":{"default":{"rbay_dftc_bt":{"rbay_dftc_bt":{"width":544,"height":103}},"rbay_dftc_btsg0":{"rbay_dftc_btsg0":{"width":254,"height":39},"rbay_dftc_btsg1":{"width":254,"height":39},"rbay_dftc_btsg2":{"width":254,"height":39},"rbay_dftc_btsg3":{"width":254,"height":39},"rbay_dftc_btsg4":{"width":254,"height":39},"rbay_dftc_btsg5":{"width":254,"height":39},"rbay_dftc_btsg6":{"width":254,"height":39},"rbay_dftc_btsg7":{"width":254,"height":39},"rbay_dftc_btsg8":{"width":254,"height":39},"rbay_dftc_btsg9":{"width":254,"height":39},"rbay_dftc_btsg10":{"width":254,"height":39},"rbay_dftc_btsg11":{"width":254,"height":39},"rbay_dftc_btsg12":{"width":254,"height":39},"rbay_dftc_btsg13":{"width":254,"height":39},"rbay_dftc_btsg14":{"width":254,"height":39},"rbay_dftc_btsg15":{"width":254,"height":39},"rbay_dftc_btsg16":{"width":254,"height":39},"rbay_dftc_btsg17":{"width":254,"height":39},"rbay_dftc_btsg18":{"width":254,"height":39},"rbay_dftc_btsg19":{"width":254,"height":39},"rbay_dftc_btsg20":{"width":254,"height":39},"rbay_dftc_btsg21":{"width":254,"height":39},"rbay_dftc_btsg22":{"width":254,"height":39},"rbay_dftc_btsg23":{"width":254,"height":39},"rbay_dftc_btsg24":{"width":254,"height":39},"rbay_dftc_btsg25":{"width":254,"height":39},"rbay_dftc_btsg26":{"width":254,"height":39},"rbay_dftc_btsg27":{"width":254,"height":39},"rbay_dftc_btsg28":{"width":254,"height":39},"rbay_dftc_btsg29":{"width":254,"height":39},"rbay_dftc_btsg30":{"width":254,"height":39},"rbay_dftc_btsg31":{"width":254,"height":39},"rbay_dftc_btsg32":{"width":254,"height":39},"rbay_dftc_btsg33":{"width":254,"height":39},"rbay_dftc_btsg34":{"width":254,"height":39},"rbay_dftc_btsg35":{"width":254,"height":39}},"rbay_dftc_db":{"rbay_dftc_db":{"width":753,"height":250}},"rbay_dftc_db2":{"rbay_dftc_db1":{"type":"mesh","uvs":[1,1,0,1,0,0,1,0],"triangles":[1,3,0,1,2,3],"vertices":[1,31,3.14,-250,1,1,6,0.8,-250,1,1,6,0.8,250,1,1,31,3.14,250,1],"hull":4,"edges":[0,2,2,4,4,6,0,6],"width":188,"height":125}},"rbay_dftc_db3":{"rbay_dftc_db1":{"type":"mesh","uvs":[1,1,0,1,0,0,1,0],"triangles":[1,2,3,1,3,0],"vertices":[1,32,3.14,-250,1,1,7,0.8,-250,1,1,7,0.8,250,1,1,32,3.14,250,1],"hull":4,"edges":[0,2,2,4,4,6,0,6],"width":188,"height":125}},"rbay_dftc_gb":{"rbay_dftc_gb":{"width":28,"height":28}},"rbay_dftc_pm":{"rbay_dftc_pm":{"x":-45.87,"width":165,"height":25}},"rbay_dftc_sd1":{"rbay_dftc_sd1":{"x":-0.17,"y":-0.27,"width":30,"height":18}},"rbay_dftc_sd10":{"rbay_dftc_sd2":{"x":0.95,"y":-0.07,"width":15,"height":26}},"rbay_dftc_sd11":{"rbay_dftc_sd1":{"x":-0.17,"y":-0.27,"width":30,"height":18}},"rbay_dftc_sd12":{"rbay_dftc_sd3":{"x":1.82,"y":-0.64,"width":27,"height":17}},"rbay_dftc_sd13":{"rbay_dftc_sd5":{"x":-0.27,"y":-1.6,"width":25,"height":10}},"rbay_dftc_sd14":{"rbay_dftc_sd3":{"x":1.82,"y":-0.64,"width":27,"height":17}},"rbay_dftc_sd15":{"rbay_dftc_sd6":{"x":2.13,"y":-0.29,"width":26,"height":10}},"rbay_dftc_sd16":{"rbay_dftc_sd7":{"x":0.52,"y":0.72,"width":25,"height":26}},"rbay_dftc_sd17":{"rbay_dftc_sd2":{"x":0.95,"y":-0.07,"width":15,"height":26}},"rbay_dftc_sd18":{"rbay_dftc_sd3":{"x":1.82,"y":-0.64,"width":27,"height":17}},"rbay_dftc_sd2":{"rbay_dftc_sd2":{"x":0.95,"y":-0.07,"width":15,"height":26}},"rbay_dftc_sd3":{"rbay_dftc_sd3":{"x":1.82,"y":-0.64,"width":27,"height":17}},"rbay_dftc_sd4":{"rbay_dftc_sd4":{"x":0.24,"y":0.87,"width":30,"height":16}},"rbay_dftc_sd5":{"rbay_dftc_sd5":{"x":-0.27,"y":-1.6,"width":25,"height":10}},"rbay_dftc_sd6":{"rbay_dftc_sd6":{"x":2.13,"y":-0.29,"width":26,"height":10}},"rbay_dftc_sd7":{"rbay_dftc_sd7":{"x":0.52,"y":0.72,"width":25,"height":26}},"rbay_dftc_sd8":{"rbay_dftc_sd8":{"x":0.88,"y":-19.55,"width":89,"height":42}},"rbay_dftc_sd9":{"rbay_dftc_sd9":{"x":3.94,"y":8.65,"width":43,"height":29}},"rbay_dftc_ts":{"rbay_dftc_ts":{"width":377,"height":25}}}},"animations":{"idle":{"slots":{"rbay_dftc_btsg0":{"attachment":[{"time":0,"name":"rbay_dftc_btsg0"},{"time":0.0667,"name":"rbay_dftc_btsg1"},{"time":0.1333,"name":"rbay_dftc_btsg2"},{"time":0.2,"name":"rbay_dftc_btsg3"},{"time":0.2667,"name":"rbay_dftc_btsg4"},{"time":0.3333,"name":"rbay_dftc_btsg5"},{"time":0.4,"name":"rbay_dftc_btsg6"},{"time":0.4667,"name":"rbay_dftc_btsg7"},{"time":0.5333,"name":"rbay_dftc_btsg8"},{"time":0.6,"name":"rbay_dftc_btsg9"},{"time":0.6667,"name":"rbay_dftc_btsg10"},{"time":0.7333,"name":"rbay_dftc_btsg11"},{"time":0.8,"name":"rbay_dftc_btsg12"},{"time":0.8667,"name":"rbay_dftc_btsg13"},{"time":0.9333,"name":"rbay_dftc_btsg14"},{"time":1,"name":"rbay_dftc_btsg15"},{"time":1.0667,"name":"rbay_dftc_btsg16"},{"time":1.1333,"name":"rbay_dftc_btsg17"},{"time":1.2,"name":"rbay_dftc_btsg18"},{"time":1.2667,"name":"rbay_dftc_btsg19"},{"time":1.3333,"name":"rbay_dftc_btsg20"},{"time":1.4,"name":"rbay_dftc_btsg21"},{"time":1.4667,"name":"rbay_dftc_btsg22"},{"time":1.5333,"name":"rbay_dftc_btsg23"},{"time":1.6,"name":"rbay_dftc_btsg24"},{"time":1.6667,"name":"rbay_dftc_btsg25"},{"time":1.7333,"name":"rbay_dftc_btsg26"},{"time":1.8,"name":"rbay_dftc_btsg27"},{"time":1.8667,"name":"rbay_dftc_btsg28"},{"time":1.9333,"name":"rbay_dftc_btsg29"},{"time":2,"name":"rbay_dftc_btsg30"},{"time":2.0667,"name":"rbay_dftc_btsg31"},{"time":2.1333,"name":"rbay_dftc_btsg32"},{"time":2.2,"name":"rbay_dftc_btsg33"},{"time":2.2667,"name":"rbay_dftc_btsg34"},{"time":2.3333,"name":"rbay_dftc_btsg35"},{"time":2.4,"name":"rbay_dftc_btsg0"}]},"rbay_dftc_db2":{"attachment":[{"time":0,"name":null},{"time":2.4,"name":null}]},"rbay_dftc_db3":{"attachment":[{"time":0,"name":null},{"time":2.4,"name":null}]},"rbay_dftc_sd1":{"color":[{"time":0,"color":"ffffff00","curve":"stepped"},{"time":2.4,"color":"ffffff00"}],"attachment":[{"time":0,"name":null},{"time":2.4,"name":null}]},"rbay_dftc_sd2":{"color":[{"time":0,"color":"ffffff00","curve":"stepped"},{"time":2.4,"color":"ffffff00"}],"attachment":[{"time":0,"name":null},{"time":2.4,"name":null}]},"rbay_dftc_sd3":{"color":[{"time":0,"color":"ffffff00","curve":"stepped"},{"time":2.4,"color":"ffffff00"}],"attachment":[{"time":0,"name":null},{"time":2.4,"name":null}]},"rbay_dftc_sd4":{"color":[{"time":0,"color":"ffffff00","curve":"stepped"},{"time":2.4,"color":"ffffff00"}],"attachment":[{"time":0,"name":null},{"time":2.4,"name":null}]},"rbay_dftc_sd5":{"color":[{"time":0,"color":"ffffff00","curve":"stepped"},{"time":2.4,"color":"ffffff00"}],"attachment":[{"time":0,"name":null},{"time":2.4,"name":null}]},"rbay_dftc_sd6":{"color":[{"time":0,"color":"ffffff00","curve":"stepped"},{"time":2.4,"color":"ffffff00"}],"attachment":[{"time":0,"name":null},{"time":2.4,"name":null}]},"rbay_dftc_sd7":{"color":[{"time":0,"color":"ffffff00","curve":"stepped"},{"time":2.4,"color":"ffffff00"}],"attachment":[{"time":0,"name":null},{"time":2.4,"name":null}]},"rbay_dftc_sd8":{"color":[{"time":0,"color":"ffffff00","curve":"stepped"},{"time":2.4,"color":"ffffff00"}],"attachment":[{"time":0,"name":null},{"time":2.4,"name":null}]},"rbay_dftc_sd9":{"color":[{"time":0,"color":"ffffff00","curve":"stepped"},{"time":2.4,"color":"ffffff00"}],"attachment":[{"time":0,"name":null},{"time":2.4,"name":null}]},"rbay_dftc_sd10":{"color":[{"time":0,"color":"ffffff00","curve":"stepped"},{"time":0.3333,"color":"ffffff00"},{"time":0.9667,"color":"fffffffe","curve":"stepped"},{"time":1.6333,"color":"fffffffe"},{"time":2.2667,"color":"ffffff00"}],"attachment":[{"time":0,"name":"rbay_dftc_sd2"},{"time":2.2667,"name":"rbay_dftc_sd2"}]},"rbay_dftc_sd11":{"color":[{"time":0,"color":"ffffff00","curve":"stepped"},{"time":0.3333,"color":"ffffff00"},{"time":1.2,"color":"fffffffe"},{"time":2.4,"color":"ffffff00"}],"attachment":[{"time":0,"name":"rbay_dftc_sd1"},{"time":2.4,"name":"rbay_dftc_sd1"}]},"rbay_dftc_sd12":{"color":[{"time":0,"color":"ffffffe6"},{"time":0.9667,"color":"ffffff00","curve":"stepped"},{"time":1.2333,"color":"ffffff00"},{"time":1.8,"color":"fffffffe","curve":"stepped"},{"time":2.3,"color":"fffffffe"},{"time":2.4,"color":"ffffffe6"}],"attachment":[{"time":0,"name":"rbay_dftc_sd3"},{"time":2.4,"name":"rbay_dftc_sd3"}]},"rbay_dftc_sd13":{"color":[{"time":0,"color":"fffffffe","curve":"stepped"},{"time":1,"color":"fffffffe"},{"time":1.9,"color":"ffffff00","curve":"stepped"},{"time":1.9333,"color":"ffffff00"},{"time":2.4,"color":"fffffffe"}],"attachment":[{"time":0,"name":"rbay_dftc_sd5"},{"time":2.4,"name":"rbay_dftc_sd5"}]},"rbay_dftc_sd14":{"color":[{"time":0,"color":"ffffffc0"},{"time":0.2333,"color":"fffffffe"},{"time":1.6333,"color":"ffffff00","curve":"stepped"},{"time":1.6667,"color":"ffffff00"},{"time":2.4,"color":"ffffffc0"}],"attachment":[{"time":0,"name":"rbay_dftc_sd3"},{"time":2.4,"name":"rbay_dftc_sd3"}]},"rbay_dftc_sd15":{"color":[{"time":0,"color":"ffffff76"},{"time":0.2667,"color":"fffffffe","curve":"stepped"},{"time":0.7,"color":"fffffffe"},{"time":1.4333,"color":"ffffff00","curve":"stepped"},{"time":2.1667,"color":"ffffff00"},{"time":2.4,"color":"ffffff76"}],"attachment":[{"time":0,"name":"rbay_dftc_sd6"},{"time":2.4,"name":"rbay_dftc_sd6"}]},"rbay_dftc_sd16":{"color":[{"time":0,"color":"fffffffe"},{"time":1.2,"color":"ffffff00","curve":"stepped"},{"time":1.3667,"color":"ffffff00"},{"time":2.4,"color":"fffffffe"}],"attachment":[{"time":0,"name":"rbay_dftc_sd7"},{"time":2.4,"name":"rbay_dftc_sd7"}]},"rbay_dftc_sd17":{"color":[{"time":0,"color":"ffffff00","curve":"stepped"},{"time":0.4667,"color":"ffffff00"},{"time":0.9333,"color":"fffffffe","curve":"stepped"},{"time":2.1,"color":"fffffffe"},{"time":2.4,"color":"ffffff00"}],"attachment":[{"time":0,"name":"rbay_dftc_sd2"},{"time":2.4,"name":"rbay_dftc_sd2"}]},"rbay_dftc_sd18":{"color":[{"time":0,"color":"ffffff00"},{"time":0.7667,"color":"fffffffe"},{"time":2.1333,"color":"ffffff00"}],"attachment":[{"time":0,"name":"rbay_dftc_sd3"},{"time":2.1333,"name":"rbay_dftc_sd3"}]}},"bones":{"df":{"rotate":[{"time":0,"angle":0,"curve":"stepped"},{"time":2.4,"angle":0}],"translate":[{"time":0,"x":0,"y":0,"curve":"stepped"},{"time":2.4,"x":0,"y":0}],"scale":[{"time":0,"x":1,"y":1,"curve":"stepped"},{"time":2.4,"x":1,"y":1}]},"rbay_dftc_db":{"rotate":[{"time":0,"angle":0,"curve":"stepped"},{"time":2.4,"angle":0}],"translate":[{"time":0,"x":0,"y":0,"curve":"stepped"},{"time":2.4,"x":0,"y":0}],"scale":[{"time":0,"x":1,"y":1,"curve":"stepped"},{"time":2.4,"x":1,"y":1}]},"rbay_dftc_ts":{"rotate":[{"time":0,"angle":0,"curve":"stepped"},{"time":2.4,"angle":0}],"translate":[{"time":0,"x":0,"y":0,"curve":"stepped"},{"time":2.4,"x":0,"y":0}],"scale":[{"time":0,"x":1,"y":1,"curve":"stepped"},{"time":2.4,"x":1,"y":1}]},"rbay_dftc_pm":{"rotate":[{"time":0,"angle":0,"curve":"stepped"},{"time":2.4,"angle":0}],"translate":[{"time":0,"x":0,"y":0,"curve":"stepped"},{"time":2.4,"x":0,"y":0}],"scale":[{"time":0,"x":1,"y":1,"curve":"stepped"},{"time":2.4,"x":1,"y":1}]},"rbay_dftc_phb":{"rotate":[{"time":0,"angle":0,"curve":"stepped"},{"time":2.4,"angle":0}],"translate":[{"time":0,"x":0,"y":0,"curve":"stepped"},{"time":2.4,"x":0,"y":0}],"scale":[{"time":0,"x":1,"y":1,"curve":"stepped"},{"time":2.4,"x":1,"y":1}]},"rbay_dftc_fs":{"rotate":[{"time":0,"angle":0,"curve":"stepped"},{"time":2.4,"angle":0}],"translate":[{"time":0,"x":0,"y":0,"curve":"stepped"},{"time":2.4,"x":0,"y":0}],"scale":[{"time":0,"x":1,"y":1,"curve":"stepped"},{"time":2.4,"x":1,"y":1}]},"rbay_dftc_bt":{"rotate":[{"time":0,"angle":0,"curve":"stepped"},{"time":2.4,"angle":0}],"translate":[{"time":0,"x":0,"y":0,"curve":"stepped"},{"time":2.4,"x":0,"y":0}],"scale":[{"time":0,"x":1,"y":1,"curve":"stepped"},{"time":2.4,"x":1,"y":1}]},"rbay_dftc_gb":{"rotate":[{"time":0,"angle":0,"curve":"stepped"},{"time":2.4,"angle":0}],"translate":[{"time":0,"x":0,"y":0,"curve":"stepped"},{"time":2.4,"x":0,"y":0}],"scale":[{"time":0,"x":1,"y":1,"curve":"stepped"},{"time":2.4,"x":1,"y":1}]},"rbay_dftc_sd1":{"rotate":[{"time":0,"angle":0,"curve":"stepped"},{"time":2.4,"angle":0}],"translate":[{"time":0,"x":0,"y":0,"curve":"stepped"},{"time":2.4,"x":0,"y":0}],"scale":[{"time":0,"x":1,"y":1,"curve":"stepped"},{"time":2.4,"x":1,"y":1}]},"rbay_dftc_sd8":{"rotate":[{"time":0,"angle":0,"curve":"stepped"},{"time":2.4,"angle":0}],"translate":[{"time":0,"x":0,"y":0,"curve":"stepped"},{"time":2.4,"x":0,"y":0}],"scale":[{"time":0,"x":1,"y":1,"curve":"stepped"},{"time":2.4,"x":1,"y":1}]},"rbay_dftc_sd7":{"rotate":[{"time":0,"angle":0,"curve":"stepped"},{"time":2.4,"angle":0}],"translate":[{"time":0,"x":0,"y":0,"curve":"stepped"},{"time":2.4,"x":0,"y":0}],"scale":[{"time":0,"x":1,"y":1,"curve":"stepped"},{"time":2.4,"x":1,"y":1}]},"rbay_dftc_sd3":{"rotate":[{"time":0,"angle":0,"curve":"stepped"},{"time":2.4,"angle":0}],"translate":[{"time":0,"x":0,"y":0,"curve":"stepped"},{"time":2.4,"x":0,"y":0}],"scale":[{"time":0,"x":1,"y":1,"curve":"stepped"},{"time":2.4,"x":1,"y":1}]},"rbay_dftc_sd6":{"rotate":[{"time":0,"angle":0,"curve":"stepped"},{"time":2.4,"angle":0}],"translate":[{"time":0,"x":0,"y":0,"curve":"stepped"},{"time":2.4,"x":0,"y":0}],"scale":[{"time":0,"x":1,"y":1,"curve":"stepped"},{"time":2.4,"x":1,"y":1}]},"rbay_dftc_sd5":{"rotate":[{"time":0,"angle":0,"curve":"stepped"},{"time":2.4,"angle":0}],"translate":[{"time":0,"x":0,"y":0,"curve":"stepped"},{"time":2.4,"x":0,"y":0}],"scale":[{"time":0,"x":1,"y":1,"curve":"stepped"},{"time":2.4,"x":1,"y":1}]},"rbay_dftc_sd4":{"rotate":[{"time":0,"angle":0,"curve":"stepped"},{"time":2.4,"angle":0}],"translate":[{"time":0,"x":0,"y":0,"curve":"stepped"},{"time":2.4,"x":0,"y":0}],"scale":[{"time":0,"x":1,"y":1,"curve":"stepped"},{"time":2.4,"x":1,"y":1}]},"rbay_dftc_sd9":{"rotate":[{"time":0,"angle":0,"curve":"stepped"},{"time":2.4,"angle":0}],"translate":[{"time":0,"x":0,"y":0,"curve":"stepped"},{"time":2.4,"x":0,"y":0}],"scale":[{"time":0,"x":1,"y":1,"curve":"stepped"},{"time":2.4,"x":1,"y":1}]},"rbay_dftc_sd2":{"rotate":[{"time":0,"angle":0,"curve":"stepped"},{"time":2.4,"angle":0}],"translate":[{"time":0,"x":0,"y":0,"curve":"stepped"},{"time":2.4,"x":0,"y":0}],"scale":[{"time":0,"x":1,"y":1,"curve":"stepped"},{"time":2.4,"x":1,"y":1}]},"rbay_dftc_db2":{"rotate":[{"time":0,"angle":0,"curve":"stepped"},{"time":2.4,"angle":0}],"translate":[{"time":0,"x":0,"y":0,"curve":"stepped"},{"time":2.4,"x":0,"y":0}],"scale":[{"time":0,"x":1,"y":1,"curve":"stepped"},{"time":2.4,"x":1,"y":1}]},"rbay_dftc_db3":{"rotate":[{"time":0,"angle":0,"curve":"stepped"},{"time":2.4,"angle":0}],"translate":[{"time":0,"x":0,"y":0,"curve":"stepped"},{"time":2.4,"x":0,"y":0}],"scale":[{"time":0,"x":1,"y":1,"curve":"stepped"},{"time":2.4,"x":1,"y":1}]},"rbay_dftc_sd10":{"rotate":[{"time":0,"angle":-120.6,"curve":"stepped"},{"time":0.3333,"angle":-120.6},{"time":2.2667,"angle":0}],"translate":[{"time":0,"x":128.58,"y":124.5,"curve":"stepped"},{"time":0.3333,"x":128.58,"y":124.5},{"time":2.2667,"x":90.56,"y":-162.54}],"scale":[{"time":0,"x":1,"y":1,"curve":"stepped"},{"time":0.3333,"x":1,"y":1,"curve":"stepped"},{"time":2.2667,"x":1,"y":1}]},"rbay_dftc_sd11":{"rotate":[{"time":0,"angle":121.8,"curve":"stepped"},{"time":0.3333,"angle":121.8},{"time":2.4,"angle":0}],"translate":[{"time":0,"x":-18.69,"y":188.11,"curve":"stepped"},{"time":0.3333,"x":-18.69,"y":188.11},{"time":2.4,"x":-18.48,"y":-152.34}],"scale":[{"time":0,"x":1,"y":1,"curve":"stepped"},{"time":0.3333,"x":1,"y":1,"curve":"stepped"},{"time":2.4,"x":1,"y":1}]},"rbay_dftc_sd12":{"rotate":[{"time":0,"angle":-51.04},{"time":0.9667,"angle":0},{"time":1.2333,"angle":-112.64},{"time":2.4,"angle":-51.04}],"translate":[{"time":0,"x":13.07,"y":-117.15},{"time":0.9667,"x":42.33,"y":-252.54},{"time":1.2333,"x":-22.25,"y":46.25},{"time":2.4,"x":13.07,"y":-117.15}],"scale":[{"time":0,"x":1,"y":1,"curve":"stepped"},{"time":2.4,"x":1,"y":1}]},"rbay_dftc_sd13":{"rotate":[{"time":0,"angle":0,"curve":"stepped"},{"time":1.9,"angle":0,"curve":"stepped"},{"time":1.9333,"angle":0,"curve":"stepped"},{"time":2.4,"angle":0}],"translate":[{"time":0,"x":101.66,"y":176.8},{"time":1.9,"x":93.07,"y":37.86},{"time":1.9333,"x":103.92,"y":213.36},{"time":2.4,"x":101.66,"y":176.8}],"scale":[{"time":0,"x":1,"y":1,"curve":"stepped"},{"time":1.9,"x":1,"y":1,"curve":"stepped"},{"time":1.9333,"x":1,"y":1,"curve":"stepped"},{"time":2.4,"x":1,"y":1}]},"rbay_dftc_sd14":{"rotate":[{"time":0,"angle":-77.55},{"time":1.6333,"angle":0},{"time":1.6667,"angle":-112.64},{"time":2.4,"angle":-77.55}],"translate":[{"time":0,"x":-44.92,"y":-122.12},{"time":1.6333,"x":-120.74,"y":-357.83},{"time":1.6667,"x":-7.1,"y":-5.24},{"time":2.4,"x":-44.92,"y":-122.12}],"scale":[{"time":0,"x":1,"y":1,"curve":"stepped"},{"time":1.6333,"x":1,"y":1,"curve":"stepped"},{"time":1.6667,"x":1,"y":1,"curve":"stepped"},{"time":2.4,"x":1,"y":1}]},"rbay_dftc_sd15":{"rotate":[{"time":0,"angle":-6.08},{"time":1.4333,"angle":-43.45},{"time":2.1667,"angle":0},{"time":2.4,"angle":-6.08}],"translate":[{"time":0,"x":-37.08,"y":11.22},{"time":1.4333,"x":7.76,"y":-108.59},{"time":2.1667,"x":-44.38,"y":46.2},{"time":2.4,"x":-37.08,"y":11.22}],"scale":[{"time":0,"x":1,"y":1,"curve":"stepped"},{"time":1.4333,"x":1,"y":1,"curve":"stepped"},{"time":2.1667,"x":1,"y":1,"curve":"stepped"},{"time":2.4,"x":1,"y":1}]},"rbay_dftc_sd16":{"rotate":[{"time":0,"angle":-36.25},{"time":1.2,"angle":0},{"time":1.3667,"angle":-67.47},{"time":2.4,"angle":-36.25}],"translate":[{"time":0,"x":312.38,"y":-219.33},{"time":1.2,"x":326.96,"y":-307.48},{"time":1.3667,"x":285.82,"y":-103.97},{"time":2.4,"x":312.38,"y":-219.33}],"scale":[{"time":0,"x":1.06,"y":1.06},{"time":1.2,"x":1,"y":1},{"time":1.3667,"x":1.111,"y":1.111},{"time":2.4,"x":1.06,"y":1.06}]},"rbay_dftc_sd17":{"rotate":[{"time":0,"angle":48.9},{"time":0.4667,"angle":131.46},{"time":2.4,"angle":0}],"translate":[{"time":0,"x":125.53,"y":-8.18},{"time":0.4667,"x":88.36,"y":-13.13},{"time":2.4,"x":8.78,"y":-205.9}],"scale":[{"time":0,"x":1,"y":1},{"time":0.4667,"x":0.75,"y":0.75},{"time":2.4,"x":1.2,"y":1.2}]},"rbay_dftc_sd18":{"rotate":[{"time":0,"angle":-112.64},{"time":2.1333,"angle":0}],"translate":[{"time":0,"x":-37.72,"y":-70.13},{"time":2.1333,"x":-39.66,"y":-224.7}]},"骨骼2":{"rotate":[{"time":0,"angle":0,"curve":"stepped"},{"time":2.4,"angle":0}],"translate":[{"time":0,"x":0,"y":0,"curve":"stepped"},{"time":2.4,"x":0,"y":0}],"scale":[{"time":0,"x":1,"y":1,"curve":"stepped"},{"time":2.4,"x":1,"y":1}]},"骨骼":{"rotate":[{"time":0,"angle":0,"curve":"stepped"},{"time":2.4,"angle":0}],"translate":[{"time":0,"x":0,"y":0,"curve":"stepped"},{"time":2.4,"x":0,"y":0}],"scale":[{"time":0,"x":1,"y":1,"curve":"stepped"},{"time":2.4,"x":1,"y":1}]}}},"start":{"slots":{"rbay_dftc_bt":{"color":[{"time":0,"color":"ffffff00","curve":[0,0.59,0.43,0.99]},{"time":0.1667,"color":"fffffffe","curve":"stepped"},{"time":2.4,"color":"fffffffe"}]},"rbay_dftc_btsg0":{"color":[{"time":0,"color":"ffffff00","curve":[0.25,0,0.75,1]},{"time":0.1667,"color":"fffffffe","curve":"stepped"},{"time":2.4,"color":"fffffffe"}],"attachment":[{"time":0,"name":"rbay_dftc_btsg0"},{"time":0.0667,"name":"rbay_dftc_btsg1"},{"time":0.1333,"name":"rbay_dftc_btsg2"},{"time":0.2,"name":"rbay_dftc_btsg3"},{"time":0.2667,"name":"rbay_dftc_btsg4"},{"time":0.3333,"name":"rbay_dftc_btsg5"},{"time":0.4,"name":"rbay_dftc_btsg6"},{"time":0.4667,"name":"rbay_dftc_btsg7"},{"time":0.5333,"name":"rbay_dftc_btsg8"},{"time":0.6,"name":"rbay_dftc_btsg9"},{"time":0.6667,"name":"rbay_dftc_btsg10"},{"time":0.7333,"name":"rbay_dftc_btsg11"},{"time":0.8,"name":"rbay_dftc_btsg12"},{"time":0.8667,"name":"rbay_dftc_btsg13"},{"time":0.9333,"name":"rbay_dftc_btsg14"},{"time":1,"name":"rbay_dftc_btsg15"},{"time":1.0667,"name":"rbay_dftc_btsg16"},{"time":1.1333,"name":"rbay_dftc_btsg17"},{"time":1.2,"name":"rbay_dftc_btsg18"},{"time":1.2667,"name":"rbay_dftc_btsg19"},{"time":1.3333,"name":"rbay_dftc_btsg20"},{"time":1.4,"name":"rbay_dftc_btsg21"},{"time":1.4667,"name":"rbay_dftc_btsg22"},{"time":1.5333,"name":"rbay_dftc_btsg23"},{"time":1.6,"name":"rbay_dftc_btsg24"},{"time":1.6667,"name":"rbay_dftc_btsg25"},{"time":1.7333,"name":"rbay_dftc_btsg26"},{"time":1.8,"name":"rbay_dftc_btsg27"},{"time":1.8667,"name":"rbay_dftc_btsg28"},{"time":1.9333,"name":"rbay_dftc_btsg29"},{"time":2,"name":"rbay_dftc_btsg30"},{"time":2.0667,"name":"rbay_dftc_btsg31"},{"time":2.1333,"name":"rbay_dftc_btsg32"},{"time":2.2,"name":"rbay_dftc_btsg33"},{"time":2.2667,"name":"rbay_dftc_btsg34"},{"time":2.3333,"name":"rbay_dftc_btsg35"},{"time":2.4,"name":"rbay_dftc_btsg0"}]},"rbay_dftc_db":{"color":[{"time":0,"color":"ffffff00","curve":"stepped"},{"time":0.0667,"color":"ffffff00"},{"time":0.2333,"color":"fffffffe","curve":"stepped"},{"time":2.4,"color":"fffffffe"}]},"rbay_dftc_db2":{"color":[{"time":0,"color":"ffffff00","curve":"stepped"},{"time":0.1,"color":"ffffff00","curve":[0,0.59,0.43,0.99]},{"time":0.3,"color":"ffffff4a","curve":[0.25,0,0.75,1]},{"time":0.9333,"color":"ffffff00"}],"attachment":[{"time":0,"name":null},{"time":0.1,"name":"rbay_dftc_db1"},{"time":0.9333,"name":null}]},"rbay_dftc_db3":{"color":[{"time":0,"color":"ffffff00","curve":"stepped"},{"time":0.1,"color":"ffffff00","curve":[0,0.59,0.43,0.99]},{"time":0.3,"color":"ffffff4a","curve":[0.25,0,0.75,1]},{"time":0.9333,"color":"ffffff00"}],"attachment":[{"time":0,"name":null},{"time":0.1,"name":"rbay_dftc_db1"},{"time":0.9333,"name":null}]},"rbay_dftc_fs":{"color":[{"time":0,"color":"ffffff00","curve":"stepped"},{"time":0.1,"color":"ffffff00","curve":[0.25,0,0.75,1]},{"time":0.2,"color":"fffffffe","curve":"stepped"},{"time":2.4,"color":"fffffffe"}]},"rbay_dftc_gb":{"color":[{"time":0,"color":"ffffff00","curve":"stepped"},{"time":0.2667,"color":"ffffff00","curve":[0.25,0,0.75,1]},{"time":0.9333,"color":"fffffffe","curve":"stepped"},{"time":2.4,"color":"fffffffe"}]},"rbay_dftc_phb":{"color":[{"time":0,"color":"ffffff00","curve":"stepped"},{"time":0.2333,"color":"ffffff00","curve":[0.184,0.52,0.696,1]},{"time":0.3667,"color":"fffffffe","curve":"stepped"},{"time":2.4,"color":"fffffffe"}]},"rbay_dftc_pm":{"color":[{"time":0,"color":"ffffff00","curve":"stepped"},{"time":0.2333,"color":"ffffff00","curve":[0.184,0.52,0.696,1]},{"time":0.3667,"color":"fffffffe","curve":"stepped"},{"time":2.4,"color":"fffffffe"}]},"rbay_dftc_sd1":{"color":[{"time":0,"color":"ffffff00","curve":"stepped"},{"time":0.2333,"color":"ffffff00","curve":[0.184,0.52,0.696,1]},{"time":0.4333,"color":"fffffffe"},{"time":0.9,"color":"ffffff00"}],"attachment":[{"time":0,"name":null},{"time":0.2333,"name":"rbay_dftc_sd1"},{"time":0.9,"name":null}]},"rbay_dftc_sd2":{"color":[{"time":0,"color":"ffffff00","curve":"stepped"},{"time":0.2667,"color":"ffffff00"},{"time":0.4333,"color":"fffffffe"},{"time":0.6667,"color":"ffffff00"}],"attachment":[{"time":0,"name":null},{"time":0.2667,"name":"rbay_dftc_sd2"},{"time":0.6667,"name":null}]},"rbay_dftc_sd3":{"color":[{"time":0,"color":"ffffff00","curve":"stepped"},{"time":0.2667,"color":"ffffff00","curve":[0.184,0.52,0.696,1]},{"time":0.5,"color":"fffffffe"},{"time":1.1667,"color":"ffffff00"}],"attachment":[{"time":0,"name":null},{"time":0.2667,"name":"rbay_dftc_sd3"},{"time":1.1667,"name":null}]},"rbay_dftc_sd4":{"color":[{"time":0,"color":"ffffff00","curve":"stepped"},{"time":0.1,"color":"ffffff00"},{"time":0.3,"color":"fffffffe"},{"time":1,"color":"ffffff00"}],"attachment":[{"time":0,"name":null},{"time":0.1,"name":"rbay_dftc_sd4"},{"time":1,"name":null}]},"rbay_dftc_sd5":{"color":[{"time":0,"color":"ffffff00","curve":"stepped"},{"time":0.1333,"color":"ffffff00","curve":[0.184,0.52,0.696,1]},{"time":0.3,"color":"fffffffe"},{"time":1.0667,"color":"ffffff00"}],"attachment":[{"time":0,"name":null},{"time":0.1333,"name":"rbay_dftc_sd5"},{"time":1.0667,"name":null}]},"rbay_dftc_sd6":{"color":[{"time":0,"color":"ffffff00","curve":"stepped"},{"time":0.1667,"color":"ffffff00"},{"time":0.4,"color":"fffffffe"},{"time":0.9333,"color":"ffffff00"}],"attachment":[{"time":0,"name":null},{"time":0.1667,"name":"rbay_dftc_sd6"},{"time":0.9333,"name":null}]},"rbay_dftc_sd7":{"color":[{"time":0,"color":"ffffff00","curve":"stepped"},{"time":0.1667,"color":"ffffff00"},{"time":0.2667,"color":"fffffffe"},{"time":0.5667,"color":"ffffff00"}],"attachment":[{"time":0,"name":null},{"time":0.1667,"name":"rbay_dftc_sd7"},{"time":0.5667,"name":null}]},"rbay_dftc_sd8":{"color":[{"time":0,"color":"ffffff00","curve":"stepped"},{"time":0.1,"color":"ffffff00","curve":[0.184,0.52,0.696,1]},{"time":0.1667,"color":"fffffffe","curve":[0.25,0,0.75,1]},{"time":0.7333,"color":"ffffff00"}],"attachment":[{"time":0,"name":null},{"time":0.1,"name":"rbay_dftc_sd8"},{"time":0.7333,"name":null}]},"rbay_dftc_sd9":{"color":[{"time":0,"color":"ffffff00","curve":"stepped"},{"time":0.2,"color":"ffffff00"},{"time":0.3,"color":"fffffffe"},{"time":0.8333,"color":"ffffff00"}],"attachment":[{"time":0,"name":null},{"time":0.2,"name":"rbay_dftc_sd9"},{"time":0.8333,"name":null}]},"rbay_dftc_sd10":{"color":[{"time":0,"color":"ffffff00","curve":"stepped"},{"time":0.3333,"color":"ffffff00"},{"time":0.9667,"color":"fffffffe","curve":"stepped"},{"time":1.6333,"color":"fffffffe"},{"time":2.2667,"color":"ffffff00"}],"attachment":[{"time":0,"name":"rbay_dftc_sd2"},{"time":2.2667,"name":"rbay_dftc_sd2"}]},"rbay_dftc_sd11":{"color":[{"time":0,"color":"ffffff00","curve":"stepped"},{"time":0.3333,"color":"ffffff00"},{"time":1.2,"color":"fffffffe"},{"time":2.4,"color":"ffffff00"}],"attachment":[{"time":0,"name":"rbay_dftc_sd1"},{"time":2.4,"name":"rbay_dftc_sd1"}]},"rbay_dftc_sd12":{"color":[{"time":0,"color":"ffffff00","curve":"stepped"},{"time":0.9667,"color":"ffffff00","curve":"stepped"},{"time":1.2333,"color":"ffffff00"},{"time":1.8,"color":"fffffffe","curve":"stepped"},{"time":2.3,"color":"fffffffe"},{"time":2.4,"color":"ffffffe6"}],"attachment":[{"time":0,"name":"rbay_dftc_sd3"},{"time":2.4,"name":"rbay_dftc_sd3"}]},"rbay_dftc_sd13":{"color":[{"time":0,"color":"ffffff00","curve":"stepped"},{"time":0.4333,"color":"ffffff00"},{"time":1,"color":"fffffffe"},{"time":1.9,"color":"ffffff00","curve":"stepped"},{"time":1.9333,"color":"ffffff00"},{"time":2.4,"color":"fffffffe"}],"attachment":[{"time":0,"name":"rbay_dftc_sd5"},{"time":2.4,"name":"rbay_dftc_sd5"}]},"rbay_dftc_sd14":{"color":[{"time":0,"color":"ffffff00","curve":"stepped"},{"time":0.4333,"color":"ffffff00"},{"time":0.8333,"color":"fffffffe"},{"time":1.6333,"color":"ffffff00","curve":"stepped"},{"time":1.6667,"color":"ffffff00"},{"time":2.4,"color":"ffffffc0"}],"attachment":[{"time":0,"name":"rbay_dftc_sd3"},{"time":2.4,"name":"rbay_dftc_sd3"}]},"rbay_dftc_sd15":{"color":[{"time":0,"color":"ffffff00","curve":"stepped"},{"time":0.3333,"color":"ffffff00"},{"time":0.7,"color":"fffffffe"},{"time":1.4333,"color":"ffffff00","curve":"stepped"},{"time":2.1667,"color":"ffffff00"},{"time":2.4,"color":"ffffff76"}],"attachment":[{"time":0,"name":"rbay_dftc_sd6"},{"time":2.4,"name":"rbay_dftc_sd6"}]},"rbay_dftc_sd16":{"color":[{"time":0,"color":"ffffff00","curve":"stepped"},{"time":1.2,"color":"ffffff00","curve":"stepped"},{"time":1.3667,"color":"ffffff00"},{"time":2.4,"color":"fffffffe"}],"attachment":[{"time":0,"name":"rbay_dftc_sd7"},{"time":2.4,"name":"rbay_dftc_sd7"}]},"rbay_dftc_sd17":{"color":[{"time":0,"color":"ffffff00","curve":"stepped"},{"time":0.4667,"color":"ffffff00"},{"time":0.9333,"color":"fffffffe","curve":"stepped"},{"time":2.1,"color":"fffffffe"},{"time":2.4,"color":"ffffff00"}],"attachment":[{"time":0,"name":"rbay_dftc_sd2"},{"time":2.4,"name":"rbay_dftc_sd2"}]},"rbay_dftc_sd18":{"color":[{"time":0,"color":"ffffff00","curve":"stepped"},{"time":0.6333,"color":"ffffff00"},{"time":1,"color":"fffffffe"},{"time":2.1333,"color":"ffffff00"}],"attachment":[{"time":0,"name":"rbay_dftc_sd3"},{"time":2.1333,"name":"rbay_dftc_sd3"}]},"rbay_dftc_ts":{"color":[{"time":0,"color":"ffffff00","curve":"stepped"},{"time":0.3333,"color":"ffffff00"},{"time":0.4667,"color":"fffffffe","curve":"stepped"},{"time":2.4,"color":"fffffffe"}]},"rbay_dftc_zz":{"color":[{"time":0,"color":"ffffff00","curve":[0.25,0.58,0.734,1]},{"time":0.1,"color":"fffffffe","curve":"stepped"},{"time":2.4,"color":"fffffffe"}]}},"bones":{"df":{"rotate":[{"time":0,"angle":0,"curve":"stepped"},{"time":2.4,"angle":0}],"translate":[{"time":0,"x":0,"y":0,"curve":"stepped"},{"time":2.4,"x":0,"y":0}],"scale":[{"time":0,"x":0.35,"y":0.35,"curve":[0,0.59,0.43,0.99]},{"time":0.2,"x":1.05,"y":1.05,"curve":[0.25,0,0.75,1]},{"time":0.4667,"x":0.98,"y":0.98,"curve":[0.25,0,0.75,1]},{"time":0.8667,"x":1.01,"y":1.01,"curve":[0.25,0,0.75,1]},{"time":1.3333,"x":1,"y":1,"curve":"stepped"},{"time":2.4,"x":1,"y":1}]},"rbay_dftc_db":{"rotate":[{"time":0,"angle":0,"curve":"stepped"},{"time":2.4,"angle":0}],"translate":[{"time":0,"x":0,"y":0,"curve":"stepped"},{"time":2.4,"x":0,"y":0}],"scale":[{"time":0,"x":0.5,"y":1,"curve":"stepped"},{"time":0.1,"x":0.5,"y":1,"curve":[0,0.59,0.43,0.99]},{"time":0.3333,"x":1,"y":1,"curve":"stepped"},{"time":2.4,"x":1,"y":1}]},"rbay_dftc_ts":{"rotate":[{"time":0,"angle":0,"curve":"stepped"},{"time":2.4,"angle":0}],"translate":[{"time":0,"x":0,"y":0},{"time":0.3333,"x":0,"y":13.26,"curve":[0.184,0.52,0.696,1]},{"time":0.6,"x":0,"y":0,"curve":"stepped"},{"time":2.4,"x":0,"y":0}],"scale":[{"time":0,"x":1,"y":1,"curve":"stepped"},{"time":0.3333,"x":1,"y":1,"curve":[0.25,0.58,0.734,1]},{"time":0.4667,"x":1.08,"y":1.08,"curve":[0.25,0,0.75,1]},{"time":0.7667,"x":0.98,"y":0.98,"curve":[0.25,0,0.75,1]},{"time":1.1667,"x":1,"y":1,"curve":"stepped"},{"time":2.4,"x":1,"y":1}]},"rbay_dftc_pm":{"rotate":[{"time":0,"angle":0,"curve":"stepped"},{"time":2.4,"angle":0}],"translate":[{"time":0,"x":0,"y":0},{"time":0.2333,"x":0,"y":12.82,"curve":[0.184,0.52,0.696,1]},{"time":0.5,"x":0,"y":0,"curve":"stepped"},{"time":2.4,"x":0,"y":0}],"scale":[{"time":0,"x":1,"y":1,"curve":"stepped"},{"time":0.2333,"x":1,"y":1,"curve":[0.25,0.58,0.734,1]},{"time":0.3667,"x":1.08,"y":1.08,"curve":[0.25,0,0.75,1]},{"time":0.6667,"x":0.98,"y":0.98,"curve":[0.25,0,0.75,1]},{"time":1.0667,"x":1,"y":1,"curve":"stepped"},{"time":2.4,"x":1,"y":1}]},"rbay_dftc_phb":{"rotate":[{"time":0,"angle":0,"curve":"stepped"},{"time":2.4,"angle":0}],"translate":[{"time":0,"x":0,"y":0,"curve":"stepped"},{"time":2.4,"x":0,"y":0}],"scale":[{"time":0,"x":1,"y":1,"curve":"stepped"},{"time":2.4,"x":1,"y":1}]},"rbay_dftc_fs":{"rotate":[{"time":0,"angle":0,"curve":"stepped"},{"time":2.4,"angle":0}],"translate":[{"time":0,"x":497.82,"y":0,"curve":[0,0.59,0.43,0.99]},{"time":0.1,"x":870.44,"y":0,"curve":[0,0.59,0.43,0.99]},{"time":0.2333,"x":-12.4,"y":0,"curve":[0,0.59,0.43,0.99]},{"time":0.4667,"x":1.56,"y":0,"curve":[0,0.59,0.43,0.99]},{"time":0.8667,"x":0,"y":0,"curve":"stepped"},{"time":2.4,"x":0,"y":0}],"scale":[{"time":0,"x":1.5,"y":1.5,"curve":"stepped"},{"time":0.1,"x":1.5,"y":1.5,"curve":[0,0.59,0.43,0.99]},{"time":0.2333,"x":0.98,"y":0.98,"curve":[0.25,0,0.75,1]},{"time":0.5,"x":1.02,"y":1.02,"curve":[0.25,0,0.75,1]},{"time":0.8667,"x":0.99,"y":0.99,"curve":[0.25,0,0.75,1]},{"time":1.2333,"x":1,"y":1,"curve":"stepped"},{"time":2.4,"x":1,"y":1}]},"rbay_dftc_bt":{"rotate":[{"time":0,"angle":0,"curve":"stepped"},{"time":2.4,"angle":0}],"translate":[{"time":0,"x":0,"y":0,"curve":"stepped"},{"time":2.4,"x":0,"y":0}],"scale":[{"time":0,"x":0.35,"y":0.35,"curve":[0,0.59,0.43,0.99]},{"time":0.1667,"x":1.06,"y":1.06,"curve":[0.25,0,0.75,1]},{"time":0.4,"x":0.97,"y":0.97,"curve":[0.25,0,0.75,1]},{"time":0.7667,"x":1.02,"y":1.02,"curve":[0.25,0,0.75,1]},{"time":1.1333,"x":1,"y":1,"curve":"stepped"},{"time":2.4,"x":1,"y":1}]},"rbay_dftc_gb":{"rotate":[{"time":0,"angle":0,"curve":"stepped"},{"time":2.4,"angle":0}],"translate":[{"time":0,"x":0,"y":0,"curve":"stepped"},{"time":2.4,"x":0,"y":0}],"scale":[{"time":0,"x":1,"y":1,"curve":"stepped"},{"time":2.4,"x":1,"y":1}]},"rbay_dftc_sd1":{"rotate":[{"time":0,"angle":0,"curve":"stepped"},{"time":0.2333,"angle":0},{"time":0.9,"angle":-116.1}],"translate":[{"time":0,"x":-165.63,"y":103.39,"curve":"stepped"},{"time":0.2333,"x":-165.63,"y":103.39,"curve":[0.184,0.52,0.696,1]},{"time":0.9,"x":0,"y":0}],"scale":[{"time":0,"x":1,"y":1,"curve":"stepped"},{"time":0.9,"x":1,"y":1}]},"rbay_dftc_sd8":{"rotate":[{"time":0,"angle":60.29,"curve":"stepped"},{"time":0.1,"angle":60.29},{"time":0.7333,"angle":-37.31}],"translate":[{"time":0,"x":-249.93,"y":65.94,"curve":"stepped"},{"time":0.1,"x":-249.93,"y":65.94},{"time":0.1333,"x":-105.76,"y":94.98},{"time":0.1667,"x":-51.37,"y":70.67},{"time":0.2,"x":-18.9,"y":46.19},{"time":0.2333,"x":4.74,"y":21.86},{"time":0.2667,"x":22.33,"y":-1.1},{"time":0.3,"x":34.39,"y":-20.09},{"time":0.3333,"x":44.07,"y":-37.83},{"time":0.3667,"x":52.17,"y":-54.9},{"time":0.4,"x":57.59,"y":-67.73},{"time":0.4333,"x":62.49,"y":-80.57},{"time":0.4667,"x":65.8,"y":-90.06},{"time":0.5,"x":68.8,"y":-99.31},{"time":0.5333,"x":71.51,"y":-108.28},{"time":0.5667,"x":73.13,"y":-114.01},{"time":0.6,"x":74.7,"y":-119.83},{"time":0.6333,"x":76.07,"y":-125.14},{"time":0.6667,"x":76.64,"y":-127.39},{"time":0.7,"x":77.19,"y":-129.67},{"time":0.7333,"x":77.74,"y":-131.95}],"scale":[{"time":0,"x":0.75,"y":0.75,"curve":"stepped"},{"time":0.1,"x":0.75,"y":0.75},{"time":0.2667,"x":1,"y":1,"curve":"stepped"},{"time":0.7333,"x":1,"y":1}]},"rbay_dftc_sd7":{"rotate":[{"time":0,"angle":0,"curve":"stepped"},{"time":0.1667,"angle":0},{"time":0.5667,"angle":-104.7}],"translate":[{"time":0,"x":-45.5,"y":35.42,"curve":"stepped"},{"time":0.1667,"x":-45.5,"y":35.42},{"time":0.2,"x":29.42,"y":46.99},{"time":0.2333,"x":86.95,"y":33.34},{"time":0.2667,"x":132.71,"y":13.53},{"time":0.3,"x":169.82,"y":-7.53},{"time":0.3333,"x":200.4,"y":-28.21},{"time":0.3667,"x":226.26,"y":-48.3},{"time":0.4,"x":248.35,"y":-67.74},{"time":0.4333,"x":266.12,"y":-85.43},{"time":0.4667,"x":279.23,"y":-100.18},{"time":0.5,"x":289.69,"y":-113.64},{"time":0.5333,"x":295.88,"y":-122.78},{"time":0.5667,"x":298.19,"y":-126.54}],"scale":[{"time":0,"x":1,"y":1,"curve":"stepped"},{"time":0.5667,"x":1,"y":1}]},"rbay_dftc_sd3":{"rotate":[{"time":0,"angle":0,"curve":"stepped"},{"time":1.1667,"angle":0}],"translate":[{"time":0,"x":-35.84,"y":-7.38,"curve":"stepped"},{"time":0.2667,"x":-35.84,"y":-7.38},{"time":0.3,"x":-22.01,"y":13.59},{"time":0.3333,"x":-3.85,"y":28.67},{"time":0.3667,"x":13.41,"y":37.74},{"time":0.4,"x":31.48,"y":44.08},{"time":0.4333,"x":46.73,"y":47.65},{"time":0.4667,"x":62.59,"y":50.01},{"time":0.5,"x":76.78,"y":51.13},{"time":0.5333,"x":90.29,"y":51.45},{"time":0.5667,"x":103.28,"y":51.12},{"time":0.6,"x":115.1,"y":50.32},{"time":0.6333,"x":126.29,"y":49.15},{"time":0.6667,"x":137.26,"y":47.63},{"time":0.7,"x":147.09,"y":45.96},{"time":0.7333,"x":156.44,"y":44.11},{"time":0.7667,"x":165.48,"y":42.08},{"time":0.8,"x":173.55,"y":40.07},{"time":0.8333,"x":181.05,"y":38.04},{"time":0.8667,"x":188.59,"y":35.85},{"time":0.9,"x":194.97,"y":33.86},{"time":0.9333,"x":200.56,"y":32.02},{"time":0.9667,"x":206.17,"y":30.09},{"time":1,"x":210.86,"y":28.41},{"time":1.0333,"x":214.61,"y":27.02},{"time":1.0667,"x":218.35,"y":25.59},{"time":1.1,"x":220.66,"y":24.69},{"time":1.1333,"x":222.09,"y":24.12},{"time":1.1667,"x":223.52,"y":23.55}],"scale":[{"time":0,"x":1,"y":1,"curve":"stepped"},{"time":0.2667,"x":1,"y":1},{"time":1.1667,"x":0.5,"y":0.5}]},"rbay_dftc_sd6":{"rotate":[{"time":0,"angle":0,"curve":"stepped"},{"time":0.1667,"angle":0},{"time":0.9333,"angle":-60.6}],"translate":[{"time":0,"x":55.29,"y":-6.58,"curve":"stepped"},{"time":0.1667,"x":55.29,"y":-6.58},{"time":0.2,"x":25.67,"y":28.38},{"time":0.2333,"x":9.97,"y":37.1},{"time":0.2667,"x":-2.68,"y":41.86},{"time":0.3,"x":-13.2,"y":44.53},{"time":0.3333,"x":-21.74,"y":45.88},{"time":0.3667,"x":-29.39,"y":46.47},{"time":0.4,"x":-36.14,"y":46.51},{"time":0.4333,"x":-41.68,"y":46.19},{"time":0.4667,"x":-47.14,"y":45.55},{"time":0.5,"x":-51.37,"y":44.83},{"time":0.5333,"x":-55.23,"y":44},{"time":0.5667,"x":-59.07,"y":42.99},{"time":0.6,"x":-61.88,"y":42.13},{"time":0.6333,"x":-64.37,"y":41.29},{"time":0.6667,"x":-66.84,"y":40.37},{"time":0.7,"x":-68.87,"y":39.55},{"time":0.7333,"x":-70.32,"y":38.93},{"time":0.7667,"x":-71.77,"y":38.29},{"time":0.8,"x":-73.21,"y":37.61},{"time":0.8333,"x":-73.9,"y":37.27},{"time":0.8667,"x":-74.44,"y":37.01},{"time":0.9,"x":-74.98,"y":36.73},{"time":0.9333,"x":-75.52,"y":36.46}],"scale":[{"time":0,"x":1,"y":1,"curve":"stepped"},{"time":0.9333,"x":1,"y":1}]},"rbay_dftc_sd5":{"rotate":[{"time":0,"angle":-32.81,"curve":"stepped"},{"time":0.1333,"angle":-32.81},{"time":0.4,"angle":-64.34},{"time":1.0667,"angle":0}],"translate":[{"time":0,"x":42.25,"y":56.72,"curve":"stepped"},{"time":0.1333,"x":42.25,"y":56.72,"curve":[0,0.59,0.43,0.99]},{"time":1.0667,"x":-127.97,"y":-28.9}],"scale":[{"time":0,"x":1,"y":1,"curve":"stepped"},{"time":1.0667,"x":1,"y":1}]},"rbay_dftc_sd4":{"rotate":[{"time":0,"angle":139.29,"curve":"stepped"},{"time":0.1,"angle":139.29},{"time":1,"angle":80.56}],"translate":[{"time":0,"x":41.81,"y":53.56,"curve":"stepped"},{"time":0.1,"x":41.81,"y":53.56},{"time":0.1333,"x":29.2,"y":62.72},{"time":0.1667,"x":14.9,"y":70.32},{"time":0.2,"x":0.01,"y":76.27},{"time":0.2333,"x":-15.38,"y":80.9},{"time":0.2667,"x":-31.05,"y":84.38},{"time":0.3,"x":-47.05,"y":86.87},{"time":0.3333,"x":-62.86,"y":88.42},{"time":0.3667,"x":-79.36,"y":89.16},{"time":0.4,"x":-95,"y":89.12},{"time":0.4333,"x":-111.18,"y":88.36},{"time":0.4667,"x":-127.28,"y":86.91},{"time":0.5,"x":-142.99,"y":84.86},{"time":0.5333,"x":-159.04,"y":82.12},{"time":0.5667,"x":-174.73,"y":78.83},{"time":0.6,"x":-190.16,"y":75.01},{"time":0.6333,"x":-205.8,"y":70.54},{"time":0.6667,"x":-221.09,"y":65.59},{"time":0.7,"x":-236.01,"y":60.2},{"time":0.7333,"x":-251.04,"y":54.2},{"time":0.7667,"x":-265.94,"y":47.67},{"time":0.8,"x":-280.17,"y":40.88},{"time":0.8333,"x":-294.45,"y":33.52},{"time":0.8667,"x":-308.74,"y":25.57},{"time":0.9,"x":-322.39,"y":17.43},{"time":0.9333,"x":-335.78,"y":8.89},{"time":0.9667,"x":-349.15,"y":-0.2},{"time":1,"x":-362.47,"y":-9.86}],"scale":[{"time":0,"x":1,"y":1,"curve":"stepped"},{"time":0.1,"x":1,"y":1},{"time":1,"x":0.6,"y":0.6}]},"rbay_dftc_sd9":{"rotate":[{"time":0,"angle":127.65,"curve":"stepped"},{"time":0.2,"angle":127.65},{"time":0.5333,"angle":-71.52},{"time":0.8333,"angle":-3.42}],"translate":[{"time":0,"x":244.82,"y":22.67,"curve":"stepped"},{"time":0.2,"x":244.82,"y":22.67},{"time":0.2333,"x":181.47,"y":53.83},{"time":0.2667,"x":122.85,"y":57.84},{"time":0.3,"x":69.86,"y":53.14},{"time":0.3333,"x":25.04,"y":44.46},{"time":0.3667,"x":-15.03,"y":33.34},{"time":0.4,"x":-50.81,"y":20.72},{"time":0.4333,"x":-83.19,"y":6.98},{"time":0.4667,"x":-111.87,"y":-7.19},{"time":0.5,"x":-138.13,"y":-22.01},{"time":0.5333,"x":-160.94,"y":-36.49},{"time":0.5667,"x":-182.08,"y":-51.43},{"time":0.6,"x":-199.5,"y":-65},{"time":0.6333,"x":-216.31,"y":-79.34},{"time":0.6667,"x":-228.73,"y":-90.83},{"time":0.7,"x":-240.77,"y":-102.8},{"time":0.7333,"x":-249.09,"y":-111.62},{"time":0.7667,"x":-256.69,"y":-120.1},{"time":0.8,"x":-260.25,"y":-124.23},{"time":0.8333,"x":-263.06,"y":-127.56}],"scale":[{"time":0,"x":1,"y":1,"curve":"stepped"},{"time":0.2,"x":1,"y":1,"curve":"stepped"},{"time":0.8333,"x":1,"y":1}]},"rbay_dftc_sd2":{"rotate":[{"time":0,"angle":0,"curve":"stepped"},{"time":0.6667,"angle":0}],"translate":[{"time":0,"x":151.36,"y":-31.21,"curve":"stepped"},{"time":0.2667,"x":151.36,"y":-31.21},{"time":0.3,"x":142.87,"y":-8.5},{"time":0.3333,"x":127.35,"y":10.19},{"time":0.3667,"x":107.44,"y":24.28},{"time":0.4,"x":85.21,"y":34.3},{"time":0.4333,"x":61.76,"y":40.99},{"time":0.4667,"x":37.61,"y":45.02},{"time":0.5,"x":12.89,"y":46.84},{"time":0.5333,"x":-11.21,"y":46.79},{"time":0.5667,"x":-35.57,"y":45.18},{"time":0.6,"x":-60.15,"y":42.16},{"time":0.6333,"x":-83.84,"y":38.06},{"time":0.6667,"x":-108.29,"y":32.71}],"scale":[{"time":0,"x":1,"y":1,"curve":"stepped"},{"time":0.6667,"x":1,"y":1}]},"rbay_dftc_db2":{"rotate":[{"time":0,"angle":0,"curve":"stepped"},{"time":0.9333,"angle":0}],"translate":[{"time":0,"x":0,"y":0,"curve":"stepped"},{"time":0.9333,"x":0,"y":0}],"scale":[{"time":0,"x":0.5,"y":1,"curve":[0,0.39,0.365,0.73]},{"time":0.9333,"x":0.901,"y":1}]},"骨骼":{"rotate":[{"time":0,"angle":0,"curve":"stepped"},{"time":2.4,"angle":0}],"translate":[{"time":0,"x":0,"y":0,"curve":"stepped"},{"time":0.1,"x":0,"y":0,"curve":[0,0.59,0.43,0.99]},{"time":0.6,"x":758.71,"y":0,"curve":[0.25,0,0.75,1]},{"time":2.4,"x":0,"y":0}],"scale":[{"time":0,"x":1,"y":1,"curve":"stepped"},{"time":0.1,"x":1,"y":1,"curve":[0,0.59,0.43,0.99]},{"time":0.6,"x":1,"y":1.2,"curve":[0.25,0,0.75,1]},{"time":2.4,"x":1,"y":1}]},"rbay_dftc_db3":{"rotate":[{"time":0,"angle":0,"curve":"stepped"},{"time":0.9333,"angle":0}],"translate":[{"time":0,"x":0,"y":0,"curve":"stepped"},{"time":0.9333,"x":0,"y":0}],"scale":[{"time":0,"x":0.5,"y":1,"curve":"stepped"},{"time":0.9333,"x":0.5,"y":1}]},"骨骼2":{"rotate":[{"time":0,"angle":0,"curve":"stepped"},{"time":2.4,"angle":0}],"translate":[{"time":0,"x":0,"y":0,"curve":"stepped"},{"time":0.1,"x":0,"y":0,"curve":[0,0.59,0.43,0.99]},{"time":0.6,"x":1762.19,"y":0,"curve":[0.25,0,0.75,1]},{"time":2.4,"x":0,"y":0}],"scale":[{"time":0,"x":1,"y":1,"curve":"stepped"},{"time":0.1,"x":1,"y":1,"curve":[0,0.59,0.43,0.99]},{"time":0.6,"x":1,"y":1.2,"curve":[0.25,0,0.75,1]},{"time":2.4,"x":1,"y":1}]},"rbay_dftc_sd10":{"rotate":[{"time":0,"angle":-120.6,"curve":"stepped"},{"time":0.3333,"angle":-120.6},{"time":2.2667,"angle":0}],"translate":[{"time":0,"x":128.58,"y":124.5,"curve":"stepped"},{"time":0.3333,"x":128.58,"y":124.5},{"time":2.2667,"x":90.56,"y":-162.54}],"scale":[{"time":0,"x":1,"y":1,"curve":"stepped"},{"time":0.3333,"x":1,"y":1,"curve":"stepped"},{"time":2.2667,"x":1,"y":1}]},"rbay_dftc_sd11":{"rotate":[{"time":0,"angle":121.8,"curve":"stepped"},{"time":0.3333,"angle":121.8},{"time":2.4,"angle":0}],"translate":[{"time":0,"x":-18.69,"y":188.11,"curve":"stepped"},{"time":0.3333,"x":-18.69,"y":188.11},{"time":2.4,"x":-18.48,"y":-152.34}],"scale":[{"time":0,"x":1,"y":1,"curve":"stepped"},{"time":0.3333,"x":1,"y":1,"curve":"stepped"},{"time":2.4,"x":1,"y":1}]},"rbay_dftc_sd16":{"rotate":[{"time":0,"angle":-36.25},{"time":1.2,"angle":0},{"time":1.3667,"angle":-67.47},{"time":2.4,"angle":-36.25}],"translate":[{"time":0,"x":312.38,"y":-219.33},{"time":1.2,"x":343.22,"y":-353.3},{"time":1.3667,"x":285.82,"y":-103.97},{"time":2.4,"x":312.38,"y":-219.33}],"scale":[{"time":0,"x":1.06,"y":1.06},{"time":1.2,"x":1,"y":1},{"time":1.3667,"x":1.111,"y":1.111},{"time":2.4,"x":1.06,"y":1.06}]},"rbay_dftc_sd18":{"rotate":[{"time":0,"angle":-112.64},{"time":2.1333,"angle":0}],"translate":[{"time":0,"x":-37.72,"y":-70.13},{"time":2.1333,"x":-39.66,"y":-224.7}]},"rbay_dftc_sd15":{"rotate":[{"time":0,"angle":-6.08},{"time":1.4333,"angle":-43.45},{"time":2.1667,"angle":0},{"time":2.4,"angle":-6.08}],"translate":[{"time":0,"x":-37.08,"y":11.22},{"time":1.4333,"x":7.76,"y":-108.59},{"time":2.1667,"x":-44.38,"y":46.2},{"time":2.4,"x":-37.08,"y":11.22}],"scale":[{"time":0,"x":1,"y":1,"curve":"stepped"},{"time":1.4333,"x":1,"y":1,"curve":"stepped"},{"time":2.1667,"x":1,"y":1,"curve":"stepped"},{"time":2.4,"x":1,"y":1}]},"rbay_dftc_sd17":{"rotate":[{"time":0,"angle":48.9},{"time":0.4667,"angle":131.46},{"time":2.4,"angle":0}],"translate":[{"time":0,"x":125.53,"y":-8.18},{"time":0.4667,"x":88.36,"y":-13.13},{"time":2.4,"x":8.78,"y":-205.9}],"scale":[{"time":0,"x":1,"y":1,"curve":"stepped"},{"time":0.4667,"x":1,"y":1,"curve":"stepped"},{"time":2.4,"x":1,"y":1}]},"rbay_dftc_sd12":{"rotate":[{"time":0,"angle":-51.04},{"time":0.9667,"angle":0},{"time":1.2333,"angle":-112.64},{"time":2.4,"angle":-51.04}],"translate":[{"time":0,"x":13.07,"y":-117.15},{"time":0.9667,"x":42.33,"y":-252.54},{"time":1.2333,"x":-22.25,"y":46.25},{"time":2.4,"x":13.07,"y":-117.15}],"scale":[{"time":0,"x":1,"y":1,"curve":"stepped"},{"time":2.4,"x":1,"y":1}]},"rbay_dftc_sd14":{"rotate":[{"time":0,"angle":-77.55},{"time":1.6333,"angle":0},{"time":1.6667,"angle":-112.64},{"time":2.4,"angle":-77.55}],"translate":[{"time":0,"x":-44.92,"y":-122.12},{"time":1.6333,"x":-120.74,"y":-357.83},{"time":1.6667,"x":-7.1,"y":-5.24},{"time":2.4,"x":-44.92,"y":-122.12}],"scale":[{"time":0,"x":1,"y":1,"curve":"stepped"},{"time":1.6333,"x":1,"y":1,"curve":"stepped"},{"time":1.6667,"x":1,"y":1,"curve":"stepped"},{"time":2.4,"x":1,"y":1}]},"rbay_dftc_sd13":{"rotate":[{"time":0,"angle":0,"curve":"stepped"},{"time":1.9,"angle":0,"curve":"stepped"},{"time":1.9333,"angle":0,"curve":"stepped"},{"time":2.4,"angle":0}],"translate":[{"time":0,"x":101.66,"y":176.8},{"time":1.9,"x":93.07,"y":37.86},{"time":1.9333,"x":103.92,"y":213.36},{"time":2.4,"x":101.66,"y":176.8}],"scale":[{"time":0,"x":1,"y":1,"curve":"stepped"},{"time":1.9,"x":1,"y":1,"curve":"stepped"},{"time":1.9333,"x":1,"y":1,"curve":"stepped"},{"time":2.4,"x":1,"y":1}]}}}}}