{"skeleton":{"hash":"1QoQnt9ah/2xuXwdiPK3+O9Mu34","spine":"3.6.37","width":1045,"height":663.52,"images":"./images/"},"bones":[{"name":"root"},{"name":"7qdlj_jb","parent":"root","color":"fff600ff"},{"name":"7qdlj_jb01","parent":"7qdlj_jb","x":454.7,"y":-60.51,"color":"fff600ff"},{"name":"7qdlj_jb02","parent":"7qdlj_jb","x":488.53,"y":-213.09,"color":"fff600ff"},{"name":"7qdlj_jb03","parent":"7qdlj_jb","x":399.78,"y":-145.04,"color":"fff600ff"},{"name":"7qdlj_jb04","parent":"7qdlj_jb","x":-486.99,"y":-108.32,"color":"fff600ff"},{"name":"7qdlj_jb05","parent":"7qdlj_jb","x":439.5,"y":161.16,"color":"fff600ff"},{"name":"7qdlj_jb07","parent":"7qdlj_jb","x":-427.67,"y":-179.25,"color":"fff600ff"},{"name":"7qdlj_jb08","parent":"7qdlj_jb","x":-446.67,"y":122.16,"color":"fff600ff"},{"name":"7qdlj_lk","parent":"root","x":276.5,"y":6},{"name":"7qdlj_pd","parent":"root","color":"eb00e3ff"},{"name":"7qdlj_pd01","parent":"7qdlj_pd","x":196.74,"y":328.51,"color":"eb00e3ff"},{"name":"7qdlj_pd02","parent":"7qdlj_pd","x":104.78,"y":301,"color":"eb00e3ff"},{"name":"7qdlj_pd03","parent":"7qdlj_pd","x":-208.11,"y":297.17,"color":"eb00e3ff"},{"name":"7qdlj_pd04","parent":"7qdlj_pd","x":263.98,"y":278.94,"color":"eb00e3ff"},{"name":"7qdlj_pd05","parent":"7qdlj_pd","x":152.64,"y":215.48,"color":"eb00e3ff"},{"name":"7qdlj_pd06","parent":"7qdlj_pd","x":246.03,"y":242.43,"color":"eb00e3ff"},{"name":"7qdlj_pd07","parent":"7qdlj_pd","x":-14.41,"y":302.13,"color":"eb00e3ff"},{"name":"7qdlj_pd08","parent":"7qdlj_pd","x":-263.17,"y":273.5,"color":"eb00e3ff"},{"name":"7qdlj_xg","parent":"root","color":"e6a719ff"},{"name":"7qdlj_xg01","parent":"7qdlj_xg","x":-268.28,"y":247.82,"color":"e6a719ff"},{"name":"7qdlj_xg02","parent":"7qdlj_xg","x":-359.48,"y":216.43,"color":"e6a719ff"},{"name":"7qdlj_xg03","parent":"7qdlj_xg","x":-151.51,"y":228.64,"color":"e6a719ff"},{"name":"7qdlj_xg04","parent":"7qdlj_xg","x":-95.21,"y":263.85,"color":"e6a719ff"},{"name":"7qdlj_xg05","parent":"7qdlj_xg","x":137.71,"y":231.82,"color":"e6a719ff"},{"name":"7qdlj_xg06","parent":"7qdlj_xg","x":153.14,"y":281.77,"color":"e6a719ff"},{"name":"7qdlj_xg07","parent":"7qdlj_xg","x":-175.03,"y":283.15,"color":"e6a719ff"},{"name":"7qdlj_xg08","parent":"7qdlj_xg","x":11.62,"y":291.7,"color":"e6a719ff"},{"name":"7qdlj_xg09","parent":"7qdlj_xg","x":274.98,"y":242.41,"color":"e6a719ff"},{"name":"7qdlj_xg10","parent":"7qdlj_xg","x":314.48,"y":250.76,"color":"e6a719ff"},{"name":"7qdlj_yg2","parent":"root","x":429.5,"y":56.51},{"name":"7qdlj_yg3","parent":"root","x":394.2,"y":-14.4},{"name":"7qdlj_yibiao2","parent":"root","x":-427.12,"y":26.96,"color":"ed0707ff"},{"name":"other","parent":"root","rotation":0.05,"x":-812,"y":-376,"color":"000000ff"},{"name":"sg2","parent":"root","x":-1.26,"y":253.65,"scaleX":4,"scaleY":4}],"slots":[{"name":"7qdlj_yg3","bone":"7qdlj_yg3","attachment":"7qdlj_yg3"},{"name":"7qdlj_yg2","bone":"7qdlj_yg2","attachment":"7qdlj_yg2"},{"name":"7qdlj_yg1","bone":"other","attachment":"7qdlj_yg1"},{"name":"7qdlj_yibiao3","bone":"other","attachment":"7qdlj_yibiao3"},{"name":"7qdlj_yibiao2","bone":"7qdlj_yibiao2","attachment":"7qdlj_yibiao2"},{"name":"7qdlj_yibiao1","bone":"other","attachment":"7qdlj_yibiao1"},{"name":"7qdlj_di1","bone":"other","attachment":"7qdlj_di1"},{"name":"test2","bone":"other"},{"name":"test1","bone":"other","attachment":"test1"},{"name":"7qdlj_jb08","bone":"7qdlj_jb08","attachment":"7qdlj_jb08"},{"name":"7qdlj_jb07ty","bone":"other","attachment":"7qdlj_jb07ty"},{"name":"7qdlj_jb06","bone":"other","attachment":"7qdlj_jb06"},{"name":"7qdlj_jb05","bone":"7qdlj_jb05","attachment":"7qdlj_jb05"},{"name":"7qdlj_jb04","bone":"7qdlj_jb04","attachment":"7qdlj_jb04"},{"name":"7qdlj_jb03","bone":"7qdlj_jb03","attachment":"7qdlj_jb03"},{"name":"7qdlj_jb02","bone":"7qdlj_jb02","attachment":"7qdlj_jb02"},{"name":"7qdlj_jb01","bone":"7qdlj_jb01","attachment":"7qdlj_jb01"},{"name":"7qdlj_xg11","bone":"7qdlj_jb05","attachment":"7qdlj_xg01","blend":"additive"},{"name":"7qdlj_xg10","bone":"7qdlj_xg10","attachment":"7qdlj_xg01","blend":"additive"},{"name":"7qdlj_xg09","bone":"7qdlj_xg09","attachment":"7qdlj_xg01","blend":"additive"},{"name":"7qdlj_xg08","bone":"7qdlj_xg08","attachment":"7qdlj_xg01","blend":"additive"},{"name":"7qdlj_xg07","bone":"7qdlj_xg07","attachment":"7qdlj_xg01","blend":"additive"},{"name":"7qdlj_xg06","bone":"7qdlj_xg06","attachment":"7qdlj_xg01","blend":"additive"},{"name":"7qdlj_xg05","bone":"7qdlj_xg05","attachment":"7qdlj_xg01","blend":"additive"},{"name":"7qdlj_xg04","bone":"7qdlj_xg04","attachment":"7qdlj_xg01","blend":"additive"},{"name":"7qdlj_xg03","bone":"7qdlj_xg03","attachment":"7qdlj_xg01","blend":"additive"},{"name":"7qdlj_xg02","bone":"7qdlj_xg02","attachment":"7qdlj_xg01","blend":"additive"},{"name":"7qdlj_xg01","bone":"7qdlj_xg01","attachment":"7qdlj_xg01","blend":"additive"},{"name":"7qdlj_pd08","bone":"7qdlj_pd08","attachment":"7qdlj_pd08"},{"name":"7qdlj_pd07","bone":"7qdlj_pd07","attachment":"7qdlj_pd07"},{"name":"7qdlj_pd06","bone":"7qdlj_pd06","attachment":"7qdlj_pd06"},{"name":"7qdlj_pd05","bone":"7qdlj_pd05","attachment":"7qdlj_pd05"},{"name":"7qdlj_pd04","bone":"7qdlj_pd04","attachment":"7qdlj_pd04"},{"name":"7qdlj_pd03","bone":"7qdlj_pd03","attachment":"7qdlj_pd03"},{"name":"7qdlj_pd02","bone":"7qdlj_pd02","attachment":"7qdlj_pd02"},{"name":"7qdlj_pd01","bone":"7qdlj_pd01","attachment":"7qdlj_pd01"},{"name":"7qdlj_jb07","bone":"7qdlj_jb07","attachment":"7qdlj_jb07"},{"name":"sg2","bone":"sg2","blend":"additive"}],"skins":{"default":{"7qdlj_di1":{"7qdlj_di1":{"x":807.83,"y":366.38,"rotation":0.03,"width":878,"height":634}},"7qdlj_jb01":{"7qdlj_jb01":{"x":0.8,"y":-1.04,"width":61,"height":57}},"7qdlj_jb02":{"7qdlj_jb02":{"x":-2.03,"y":3.59,"width":73,"height":79}},"7qdlj_jb03":{"7qdlj_jb03":{"x":-5.28,"y":-14.46,"width":81,"height":93}},"7qdlj_jb04":{"7qdlj_jb04":{"x":-1.01,"y":-1.68,"width":68,"height":58}},"7qdlj_jb05":{"7qdlj_jb05":{"x":0.5,"y":-2.16,"width":58,"height":52}},"7qdlj_jb06":{"7qdlj_jb06":{"x":554.22,"y":594.26,"rotation":0.03,"width":63,"height":56}},"7qdlj_jb07":{"7qdlj_jb07":{"x":-2.59,"y":3.3,"rotation":-0.03,"width":69,"height":67}},"7qdlj_jb07ty":{"7qdlj_jb07ty":{"x":394,"y":143.5,"width":70,"height":63}},"7qdlj_jb08":{"7qdlj_jb08":{"x":1.17,"y":1.84,"width":61,"height":56}},"7qdlj_pd01":{"7qdlj_pd01":{"x":0.76,"y":0.99,"width":13,"height":15}},"7qdlj_pd02":{"7qdlj_pd02":{"x":-1.28,"y":-1.5,"width":17,"height":19}},"7qdlj_pd03":{"7qdlj_pd03":{"x":1.11,"y":1.33,"width":16,"height":19}},"7qdlj_pd04":{"7qdlj_pd04":{"x":-1.48,"y":0.56,"width":19,"height":19}},"7qdlj_pd05":{"7qdlj_pd05":{"x":-0.14,"y":0.02,"width":13,"height":13}},"7qdlj_pd06":{"7qdlj_pd06":{"x":0.47,"y":-1.43,"width":17,"height":14}},"7qdlj_pd07":{"7qdlj_pd07":{"x":-1.09,"y":0.87,"width":19,"height":14}},"7qdlj_pd08":{"7qdlj_pd08":{"x":-0.83,"y":-1.5,"width":22,"height":16}},"7qdlj_xg01":{"7qdlj_xg01":{"color":"ffffffc3","x":0.28,"y":-0.32,"width":40,"height":41}},"7qdlj_xg02":{"7qdlj_xg01":{"color":"ffffffa9","x":-0.02,"y":0.07,"scaleX":0.42,"scaleY":0.42,"rotation":4.8,"width":40,"height":41}},"7qdlj_xg03":{"7qdlj_xg01":{"color":"ffffff9f","x":0.01,"y":-0.14,"scaleX":0.44,"scaleY":0.4,"rotation":-84.9,"width":40,"height":41}},"7qdlj_xg04":{"7qdlj_xg01":{"color":"ffffff61","x":0.21,"y":0.15,"scaleX":0.51,"scaleY":0.515,"rotation":75.6,"width":40,"height":41}},"7qdlj_xg05":{"7qdlj_xg01":{"color":"ffffff5b","x":0.27,"y":0.2,"scaleX":0.57,"scaleY":0.57,"rotation":45,"width":40,"height":41}},"7qdlj_xg06":{"7qdlj_xg01":{"color":"ffffff95","x":-0.14,"y":0.23,"scaleX":0.61,"scaleY":0.61,"rotation":13.8,"width":40,"height":41}},"7qdlj_xg07":{"7qdlj_xg01":{"color":"ffffff93","x":-0.24,"y":0.28,"scaleX":0.71,"scaleY":0.73,"width":40,"height":41}},"7qdlj_xg08":{"7qdlj_xg01":{"color":"ffffff9d","x":-0.12,"y":0.3,"width":40,"height":41}},"7qdlj_xg09":{"7qdlj_xg01":{"color":"ffffffa5","x":0.02,"y":0.09,"width":40,"height":41}},"7qdlj_xg10":{"7qdlj_xg01":{"x":0.02,"y":-0.26,"scaleX":0.87,"scaleY":0.87,"rotation":-46.5,"width":40,"height":41}},"7qdlj_xg11":{"7qdlj_xg01":{"color":"ffffff46","x":18.5,"y":15.34,"rotation":60,"width":40,"height":41}},"7qdlj_yg1":{"7qdlj_yg1":{"x":1177,"y":362,"width":72,"height":62}},"7qdlj_yg2":{"7qdlj_yg2":{"y":24.99,"width":63,"height":63}},"7qdlj_yg3":{"7qdlj_yg3":{"x":20.9,"y":39.9,"width":51,"height":103}},"7qdlj_yibiao1":{"7qdlj_yibiao1":{"x":385,"y":403,"width":44,"height":44}},"7qdlj_yibiao2":{"7qdlj_yibiao2":{"x":0.12,"y":2.54,"width":18,"height":25}},"7qdlj_yibiao3":{"7qdlj_yibiao3":{"x":396,"y":360,"width":86,"height":248}},"sg2":{"7qdlj_sg2/7qdlj_sg2_00":{"width":120,"height":21},"7qdlj_sg2/7qdlj_sg2_01":{"width":120,"height":21},"7qdlj_sg2/7qdlj_sg2_02":{"width":120,"height":21},"7qdlj_sg2/7qdlj_sg2_03":{"width":120,"height":21},"7qdlj_sg2/7qdlj_sg2_04":{"width":120,"height":21},"7qdlj_sg2/7qdlj_sg2_05":{"width":120,"height":21},"7qdlj_sg2/7qdlj_sg2_06":{"width":120,"height":21},"7qdlj_sg2/7qdlj_sg2_07":{"width":120,"height":21},"7qdlj_sg2/7qdlj_sg2_08":{"width":120,"height":21},"7qdlj_sg2/7qdlj_sg2_09":{"width":120,"height":21},"7qdlj_sg2/7qdlj_sg2_10":{"width":120,"height":21},"7qdlj_sg2/7qdlj_sg2_11":{"width":120,"height":21},"7qdlj_sg2/7qdlj_sg2_12":{"width":120,"height":21},"7qdlj_sg2/7qdlj_sg2_13":{"width":120,"height":21},"7qdlj_sg2/7qdlj_sg2_14":{"width":120,"height":21},"7qdlj_sg2/7qdlj_sg2_15":{"width":120,"height":21},"7qdlj_sg2/7qdlj_sg2_16":{"width":120,"height":21},"7qdlj_sg2/7qdlj_sg2_17":{"width":120,"height":21},"7qdlj_sg2/7qdlj_sg2_18":{"width":120,"height":21},"7qdlj_sg2/7qdlj_sg2_19":{"width":120,"height":21},"7qdlj_sg2/7qdlj_sg2_20":{"width":120,"height":21},"7qdlj_sg2/7qdlj_sg2_21":{"width":120,"height":21},"7qdlj_sg2/7qdlj_sg2_22":{"width":120,"height":21},"7qdlj_sg2/7qdlj_sg2_23":{"width":120,"height":21},"7qdlj_sg2/7qdlj_sg2_24":{"width":120,"height":21},"7qdlj_sg2/7qdlj_sg2_25":{"width":120,"height":21},"7qdlj_sg2/7qdlj_sg2_26":{"width":120,"height":21},"7qdlj_sg2/7qdlj_sg2_27":{"width":120,"height":21},"7qdlj_sg2/7qdlj_sg2_28":{"width":120,"height":21},"7qdlj_sg2/7qdlj_sg2_29":{"width":120,"height":21},"7qdlj_sg2/7qdlj_sg2_30":{"width":120,"height":21},"7qdlj_sg2/7qdlj_sg2_31":{"width":120,"height":21},"7qdlj_sg2/7qdlj_sg2_32":{"width":120,"height":21},"7qdlj_sg2/7qdlj_sg2_33":{"width":120,"height":21},"7qdlj_sg2/7qdlj_sg2_34":{"width":120,"height":21},"7qdlj_sg2/7qdlj_sg2_35":{"width":120,"height":21}},"test1":{"test1":{"x":809,"y":551.5,"width":318,"height":47}}}},"animations":{"idle":{"slots":{"sg2":{"attachment":[{"time":0,"name":"7qdlj_sg2/7qdlj_sg2_00"},{"time":0.0333,"name":"7qdlj_sg2/7qdlj_sg2_01"},{"time":0.0667,"name":"7qdlj_sg2/7qdlj_sg2_02"},{"time":0.1,"name":"7qdlj_sg2/7qdlj_sg2_03"},{"time":0.1333,"name":"7qdlj_sg2/7qdlj_sg2_04"},{"time":0.1667,"name":"7qdlj_sg2/7qdlj_sg2_05"},{"time":0.2,"name":"7qdlj_sg2/7qdlj_sg2_06"},{"time":0.2333,"name":"7qdlj_sg2/7qdlj_sg2_07"},{"time":0.2667,"name":"7qdlj_sg2/7qdlj_sg2_08"},{"time":0.3,"name":"7qdlj_sg2/7qdlj_sg2_09"},{"time":0.3333,"name":"7qdlj_sg2/7qdlj_sg2_10"},{"time":0.3667,"name":"7qdlj_sg2/7qdlj_sg2_11"},{"time":0.4,"name":"7qdlj_sg2/7qdlj_sg2_12"},{"time":0.4333,"name":"7qdlj_sg2/7qdlj_sg2_13"},{"time":0.4667,"name":"7qdlj_sg2/7qdlj_sg2_14"},{"time":0.5,"name":"7qdlj_sg2/7qdlj_sg2_15"},{"time":0.5333,"name":"7qdlj_sg2/7qdlj_sg2_16"},{"time":0.5667,"name":"7qdlj_sg2/7qdlj_sg2_17"},{"time":0.6,"name":"7qdlj_sg2/7qdlj_sg2_18"},{"time":0.6333,"name":"7qdlj_sg2/7qdlj_sg2_19"},{"time":0.6667,"name":"7qdlj_sg2/7qdlj_sg2_20"},{"time":0.7,"name":"7qdlj_sg2/7qdlj_sg2_21"},{"time":0.7333,"name":"7qdlj_sg2/7qdlj_sg2_22"},{"time":0.7667,"name":"7qdlj_sg2/7qdlj_sg2_23"},{"time":0.8,"name":"7qdlj_sg2/7qdlj_sg2_24"},{"time":0.8333,"name":"7qdlj_sg2/7qdlj_sg2_25"},{"time":0.8667,"name":"7qdlj_sg2/7qdlj_sg2_26"},{"time":0.9,"name":"7qdlj_sg2/7qdlj_sg2_27"},{"time":0.9333,"name":"7qdlj_sg2/7qdlj_sg2_28"},{"time":0.9667,"name":"7qdlj_sg2/7qdlj_sg2_29"},{"time":1,"name":"7qdlj_sg2/7qdlj_sg2_30"},{"time":1.0333,"name":"7qdlj_sg2/7qdlj_sg2_31"},{"time":1.0667,"name":"7qdlj_sg2/7qdlj_sg2_32"},{"time":1.1,"name":"7qdlj_sg2/7qdlj_sg2_33"},{"time":1.1333,"name":"7qdlj_sg2/7qdlj_sg2_34"},{"time":1.1667,"name":"7qdlj_sg2/7qdlj_sg2_35"},{"time":3.4333,"name":"7qdlj_sg2/7qdlj_sg2_00"},{"time":3.4667,"name":"7qdlj_sg2/7qdlj_sg2_01"},{"time":3.5,"name":"7qdlj_sg2/7qdlj_sg2_02"},{"time":3.5333,"name":"7qdlj_sg2/7qdlj_sg2_03"},{"time":3.5667,"name":"7qdlj_sg2/7qdlj_sg2_04"},{"time":3.6,"name":"7qdlj_sg2/7qdlj_sg2_05"},{"time":3.6333,"name":"7qdlj_sg2/7qdlj_sg2_06"},{"time":3.6667,"name":"7qdlj_sg2/7qdlj_sg2_07"},{"time":3.7,"name":"7qdlj_sg2/7qdlj_sg2_08"},{"time":3.7333,"name":"7qdlj_sg2/7qdlj_sg2_09"},{"time":3.7667,"name":"7qdlj_sg2/7qdlj_sg2_10"},{"time":3.8,"name":"7qdlj_sg2/7qdlj_sg2_11"},{"time":3.8333,"name":"7qdlj_sg2/7qdlj_sg2_12"},{"time":3.8667,"name":"7qdlj_sg2/7qdlj_sg2_13"},{"time":3.9,"name":"7qdlj_sg2/7qdlj_sg2_14"},{"time":3.9333,"name":"7qdlj_sg2/7qdlj_sg2_15"},{"time":3.9667,"name":"7qdlj_sg2/7qdlj_sg2_16"},{"time":4,"name":"7qdlj_sg2/7qdlj_sg2_17"},{"time":4.0333,"name":"7qdlj_sg2/7qdlj_sg2_18"},{"time":4.0667,"name":"7qdlj_sg2/7qdlj_sg2_19"},{"time":4.1,"name":"7qdlj_sg2/7qdlj_sg2_20"},{"time":4.1333,"name":"7qdlj_sg2/7qdlj_sg2_21"},{"time":4.1667,"name":"7qdlj_sg2/7qdlj_sg2_22"},{"time":4.2,"name":"7qdlj_sg2/7qdlj_sg2_23"},{"time":4.2333,"name":"7qdlj_sg2/7qdlj_sg2_24"},{"time":4.2667,"name":"7qdlj_sg2/7qdlj_sg2_25"},{"time":4.3,"name":"7qdlj_sg2/7qdlj_sg2_26"},{"time":4.3333,"name":"7qdlj_sg2/7qdlj_sg2_27"},{"time":4.3667,"name":"7qdlj_sg2/7qdlj_sg2_28"},{"time":4.4,"name":"7qdlj_sg2/7qdlj_sg2_29"},{"time":4.4333,"name":"7qdlj_sg2/7qdlj_sg2_30"},{"time":4.4667,"name":"7qdlj_sg2/7qdlj_sg2_31"},{"time":4.5,"name":"7qdlj_sg2/7qdlj_sg2_32"},{"time":4.5333,"name":"7qdlj_sg2/7qdlj_sg2_33"},{"time":4.5667,"name":"7qdlj_sg2/7qdlj_sg2_34"},{"time":4.6,"name":"7qdlj_sg2/7qdlj_sg2_35"}]}},"bones":{"7qdlj_jb01":{"translate":[{"time":0,"x":0,"y":0.47,"curve":[0.374,0.62,0.715,1]},{"time":0.3,"x":0,"y":0,"curve":[0.25,0,0.75,1]},{"time":1.9,"x":0,"y":3.77,"curve":[0.243,0,0.681,0.72]},{"time":3.1667,"x":0,"y":0.47}]},"7qdlj_jb02":{"translate":[{"time":0,"x":0,"y":2.43,"curve":[0.382,0.57,0.735,1]},{"time":0.5667,"x":0,"y":0,"curve":[0.25,0,0.75,1]},{"time":2.2,"x":0,"y":8.57,"curve":[0.243,0,0.649,0.6]},{"time":3.3333,"x":0,"y":2.43,"curve":[0.382,0.57,0.735,1]},{"time":3.9,"x":0,"y":0,"curve":[0.25,0,0.75,1]},{"time":5.5333,"x":0,"y":8.57,"curve":[0.243,0,0.649,0.6]},{"time":6.6667,"x":0,"y":2.43}]},"7qdlj_jb03":{"translate":[{"time":0,"x":0,"y":-2.3,"curve":[0.377,0.51,0.748,1]},{"time":0.7667,"x":0,"y":0,"curve":[0.25,0,0.75,1]},{"time":2.4667,"x":0,"y":-4.96,"curve":[0.248,0,0.628,0.51]},{"time":3.3333,"x":0,"y":-2.3,"curve":[0.377,0.51,0.748,1]},{"time":4.1,"x":0,"y":0,"curve":[0.25,0,0.75,1]},{"time":5.8,"x":0,"y":-4.96,"curve":[0.248,0,0.628,0.51]},{"time":6.6667,"x":0,"y":-2.3}]},"7qdlj_jb04":{"translate":[{"time":0,"x":0,"y":0,"curve":[0.25,0,0.75,1]},{"time":1.7,"x":0,"y":-4.2,"curve":[0.25,0,0.75,1]},{"time":3.3333,"x":0,"y":0,"curve":[0.25,0,0.75,1]},{"time":5.0333,"x":0,"y":-4.2,"curve":[0.25,0,0.75,1]},{"time":6.6667,"x":0,"y":0}]},"7qdlj_jb05":{"translate":[{"time":0,"x":0,"y":-3.99,"curve":[0.361,0.44,0.755,1]},{"time":1.0333,"x":0,"y":0,"curve":[0.25,0,0.75,1]},{"time":2.7,"x":0,"y":-6.17,"curve":[0.259,0,0.618,0.45]},{"time":3.3333,"x":0,"y":-3.99,"curve":[0.361,0.44,0.755,1]},{"time":4.3667,"x":0,"y":0,"curve":[0.25,0,0.75,1]},{"time":6.0333,"x":0,"y":-6.17,"curve":[0.259,0,0.618,0.45]},{"time":6.6667,"x":0,"y":-3.99}]},"7qdlj_jb07":{"translate":[{"time":0,"x":0,"y":4.61,"curve":[0.333,0.33,0.758,1]},{"time":1.2667,"x":0,"y":0,"curve":[0.25,0,0.75,1]},{"time":2.9,"x":0,"y":5.65,"curve":[0.276,0,0.621,0.4]},{"time":3.3333,"x":0,"y":4.61,"curve":[0.333,0.33,0.758,1]},{"time":4.6,"x":0,"y":0,"curve":[0.25,0,0.75,1]},{"time":6.2333,"x":0,"y":5.65,"curve":[0.276,0,0.621,0.4]},{"time":6.6667,"x":0,"y":4.61}]},"7qdlj_jb08":{"translate":[{"time":0,"x":0,"y":0.51,"curve":[0.362,0.64,0.698,1]},{"time":0.1667,"x":0,"y":0,"curve":[0.25,0,0.75,1]},{"time":1.8667,"x":0,"y":9.83,"curve":[0.245,0,0.707,0.82]},{"time":3.3333,"x":0,"y":0.51,"curve":[0.362,0.64,0.698,1]},{"time":3.5,"x":0,"y":0,"curve":[0.25,0,0.75,1]},{"time":5.2,"x":0,"y":9.83,"curve":[0.245,0,0.707,0.82]},{"time":6.6667,"x":0,"y":0.51}]},"7qdlj_yibiao2":{"rotate":[{"time":0,"angle":-43.2,"curve":[0.25,0,0.75,1]},{"time":0.6,"angle":-63.9,"curve":[0.25,0,0.75,1]},{"time":1,"angle":-53.7,"curve":[0.25,0,0.75,1]},{"time":1.4,"angle":-63.9,"curve":[0.25,0,0.75,1]},{"time":1.8,"angle":-53.7,"curve":[0.25,0,0.75,1]},{"time":2.2,"angle":-16.5,"curve":[0.25,0,0.75,1]},{"time":2.9667,"angle":-43.2,"curve":[0.25,0,0.75,1]},{"time":3.2,"angle":-52.2,"curve":[0.25,0,0.75,1]},{"time":3.8333,"angle":-43.2,"curve":[0.25,0,0.75,1]},{"time":4.7,"angle":-16.5,"curve":[0.25,0,0.75,1]},{"time":5.6333,"angle":-43.2,"curve":[0.25,0,0.75,1]},{"time":5.9333,"angle":-52.2,"curve":[0.25,0,0.75,1]},{"time":6.6667,"angle":-43.2}]},"7qdlj_xg10":{"rotate":[{"time":0,"angle":0,"curve":"stepped"},{"time":0.7667,"angle":0,"curve":[0.25,0,0.625,0.5]},{"time":2.1,"angle":-87.9,"curve":[0.25,0,0.75,1]},{"time":3.9667,"angle":0,"curve":[0.25,0,0.625,0.5]},{"time":5.3,"angle":-87.9}],"scale":[{"time":0,"x":0,"y":0,"curve":"stepped"},{"time":0.7667,"x":0,"y":0,"curve":[0.25,0,0.75,1]},{"time":1.4333,"x":1,"y":1,"curve":[0.25,0,0.75,1]},{"time":2.1,"x":0,"y":0,"curve":"stepped"},{"time":3.9667,"x":0,"y":0,"curve":[0.25,0,0.75,1]},{"time":4.6333,"x":1,"y":1,"curve":[0.25,0,0.75,1]},{"time":5.3,"x":0,"y":0}]},"7qdlj_xg09":{"rotate":[{"time":0,"angle":0,"curve":"stepped"},{"time":0.0333,"angle":0,"curve":[0.25,0,0.625,0.5]},{"time":1.3667,"angle":-87.9,"curve":[0.25,0,0.75,1]},{"time":1.4667,"angle":0,"curve":[0.25,0,0.625,0.5]},{"time":2.8,"angle":-87.9,"curve":"stepped"},{"time":4.5667,"angle":-87.9,"curve":[0.25,0,0.75,1]},{"time":4.6667,"angle":0,"curve":[0.25,0,0.625,0.5]},{"time":6,"angle":-87.9}],"scale":[{"time":0,"x":0,"y":0,"curve":"stepped"},{"time":0.0333,"x":0,"y":0,"curve":[0.25,0,0.75,1]},{"time":0.7,"x":1,"y":1,"curve":[0.25,0,0.75,1]},{"time":1.3667,"x":0,"y":0,"curve":"stepped"},{"time":1.4667,"x":0,"y":0,"curve":[0.25,0,0.75,1]},{"time":2.1333,"x":1,"y":1,"curve":[0.25,0,0.75,1]},{"time":2.8,"x":0,"y":0,"curve":[0.25,0,0.75,1]},{"time":3.9,"x":1,"y":1,"curve":[0.25,0,0.75,1]},{"time":4.5667,"x":0,"y":0,"curve":"stepped"},{"time":4.6667,"x":0,"y":0,"curve":[0.25,0,0.75,1]},{"time":5.3333,"x":1,"y":1,"curve":[0.25,0,0.75,1]},{"time":6,"x":0,"y":0}]},"7qdlj_xg08":{"rotate":[{"time":0,"angle":0,"curve":"stepped"},{"time":0.5667,"angle":0,"curve":[0.25,0,0.625,0.5]},{"time":1.9,"angle":-87.9,"curve":[0.25,0,0.75,1]},{"time":2.2,"angle":0,"curve":[0.25,0,0.625,0.5]},{"time":2.9667,"angle":-87.9,"curve":[0.25,0,0.75,1]},{"time":3.7667,"angle":0,"curve":[0.25,0,0.625,0.5]},{"time":5.1,"angle":-87.9,"curve":[0.25,0,0.75,1]},{"time":5.4,"angle":0,"curve":[0.25,0,0.625,0.5]},{"time":6.1667,"angle":-87.9}],"scale":[{"time":0,"x":0,"y":0,"curve":"stepped"},{"time":0.5667,"x":0,"y":0,"curve":[0.25,0,0.75,1]},{"time":1.2333,"x":1,"y":1,"curve":[0.25,0,0.75,1]},{"time":1.9,"x":0,"y":0,"curve":"stepped"},{"time":2.2,"x":0,"y":0,"curve":[0.25,0,0.75,1]},{"time":2.5667,"x":1,"y":1,"curve":[0.25,0,0.75,1]},{"time":2.9667,"x":0,"y":0,"curve":"stepped"},{"time":3.7667,"x":0,"y":0,"curve":[0.25,0,0.75,1]},{"time":4.4333,"x":1,"y":1,"curve":[0.25,0,0.75,1]},{"time":5.1,"x":0,"y":0,"curve":"stepped"},{"time":5.4,"x":0,"y":0,"curve":[0.25,0,0.75,1]},{"time":5.7667,"x":1,"y":1,"curve":[0.25,0,0.75,1]},{"time":6.1667,"x":0,"y":0}]},"7qdlj_xg07":{"rotate":[{"time":0,"angle":0,"curve":"stepped"},{"time":0.9667,"angle":0,"curve":[0.25,0,0.625,0.5]},{"time":2.3,"angle":-87.9,"curve":[0.25,0,0.75,1]},{"time":4.1667,"angle":0,"curve":[0.25,0,0.625,0.5]},{"time":5.5,"angle":-87.9}],"scale":[{"time":0,"x":0,"y":0,"curve":"stepped"},{"time":0.9667,"x":0,"y":0,"curve":[0.25,0,0.75,1]},{"time":1.6333,"x":1,"y":1,"curve":[0.25,0,0.75,1]},{"time":2.3,"x":0,"y":0,"curve":"stepped"},{"time":4.1667,"x":0,"y":0,"curve":[0.25,0,0.75,1]},{"time":4.8333,"x":1,"y":1,"curve":[0.25,0,0.75,1]},{"time":5.5,"x":0,"y":0}]},"7qdlj_xg06":{"rotate":[{"time":0,"angle":0,"curve":"stepped"},{"time":0.1,"angle":0,"curve":[0.25,0,0.625,0.5]},{"time":1.4333,"angle":-87.9,"curve":[0.25,0,0.75,1]},{"time":1.7333,"angle":0,"curve":[0.25,0,0.625,0.5]},{"time":3.0667,"angle":-87.9,"curve":[0.25,0,0.75,1]},{"time":3.3,"angle":0,"curve":[0.25,0,0.625,0.5]},{"time":4.6333,"angle":-87.9,"curve":[0.25,0,0.75,1]},{"time":4.9333,"angle":0,"curve":[0.25,0,0.625,0.5]},{"time":6.2667,"angle":-87.9}],"scale":[{"time":0,"x":0,"y":0,"curve":"stepped"},{"time":0.1,"x":0,"y":0,"curve":[0.25,0,0.75,1]},{"time":0.7667,"x":1,"y":1,"curve":[0.25,0,0.75,1]},{"time":1.4333,"x":0,"y":0,"curve":"stepped"},{"time":1.7333,"x":0,"y":0,"curve":[0.25,0,0.75,1]},{"time":2.4,"x":1,"y":1,"curve":[0.25,0,0.75,1]},{"time":3.0667,"x":0,"y":0,"curve":"stepped"},{"time":3.3,"x":0,"y":0,"curve":[0.25,0,0.75,1]},{"time":3.9667,"x":1,"y":1,"curve":[0.25,0,0.75,1]},{"time":4.6333,"x":0,"y":0,"curve":"stepped"},{"time":4.9333,"x":0,"y":0,"curve":[0.25,0,0.75,1]},{"time":5.6,"x":1,"y":1,"curve":[0.25,0,0.75,1]},{"time":6.2667,"x":0,"y":0}]},"7qdlj_xg05":{"rotate":[{"time":0,"angle":0,"curve":"stepped"},{"time":0.4667,"angle":0,"curve":[0.25,0,0.625,0.5]},{"time":1.5667,"angle":-87.9,"curve":[0.25,0,0.75,1]},{"time":1.9,"angle":0,"curve":[0.25,0,0.625,0.5]},{"time":3,"angle":-87.9,"curve":[0.25,0,0.75,1]},{"time":3.6667,"angle":0,"curve":[0.25,0,0.625,0.5]},{"time":4.7667,"angle":-87.9,"curve":[0.25,0,0.75,1]},{"time":5.1,"angle":0,"curve":[0.25,0,0.625,0.5]},{"time":6.2,"angle":-87.9}],"scale":[{"time":0,"x":0,"y":0,"curve":"stepped"},{"time":0.4667,"x":0,"y":0,"curve":[0.25,0,0.75,1]},{"time":1,"x":1,"y":1,"curve":[0.25,0,0.75,1]},{"time":1.5667,"x":0,"y":0,"curve":"stepped"},{"time":1.9,"x":0,"y":0,"curve":[0.25,0,0.75,1]},{"time":2.4333,"x":1,"y":1,"curve":[0.25,0,0.75,1]},{"time":3,"x":0,"y":0,"curve":"stepped"},{"time":3.6667,"x":0,"y":0,"curve":[0.25,0,0.75,1]},{"time":4.2,"x":1,"y":1,"curve":[0.25,0,0.75,1]},{"time":4.7667,"x":0,"y":0,"curve":"stepped"},{"time":5.1,"x":0,"y":0,"curve":[0.25,0,0.75,1]},{"time":5.6333,"x":1,"y":1,"curve":[0.25,0,0.75,1]},{"time":6.2,"x":0,"y":0}]},"7qdlj_xg04":{"rotate":[{"time":0,"angle":0,"curve":"stepped"},{"time":0.1,"angle":0,"curve":[0.25,0,0.625,0.5]},{"time":1.4333,"angle":-87.9,"curve":[0.25,0,0.75,1]},{"time":1.8667,"angle":0,"curve":[0.25,0,0.625,0.5]},{"time":2.9,"angle":-87.9,"curve":[0.25,0,0.75,1]},{"time":3.3,"angle":0,"curve":[0.25,0,0.625,0.5]},{"time":4.6333,"angle":-87.9,"curve":[0.25,0,0.75,1]},{"time":5.0667,"angle":0,"curve":[0.25,0,0.625,0.5]},{"time":6.1,"angle":-87.9}],"scale":[{"time":0,"x":0,"y":0,"curve":"stepped"},{"time":0.1,"x":0,"y":0,"curve":[0.25,0,0.75,1]},{"time":0.7667,"x":1,"y":1,"curve":[0.25,0,0.75,1]},{"time":1.4333,"x":0,"y":0,"curve":"stepped"},{"time":1.8667,"x":0,"y":0,"curve":[0.25,0,0.75,1]},{"time":2.3667,"x":1,"y":1,"curve":[0.25,0,0.75,1]},{"time":2.9,"x":0,"y":0,"curve":"stepped"},{"time":3.3,"x":0,"y":0,"curve":[0.25,0,0.75,1]},{"time":3.9667,"x":1,"y":1,"curve":[0.25,0,0.75,1]},{"time":4.6333,"x":0,"y":0,"curve":"stepped"},{"time":5.0667,"x":0,"y":0,"curve":[0.25,0,0.75,1]},{"time":5.5667,"x":1,"y":1,"curve":[0.25,0,0.75,1]},{"time":6.1,"x":0,"y":0}]},"7qdlj_xg03":{"rotate":[{"time":0,"angle":0,"curve":"stepped"},{"time":0.1667,"angle":0,"curve":[0.25,0,0.625,0.5]},{"time":1.5,"angle":-87.9,"curve":[0.25,0,0.75,1]},{"time":1.7333,"angle":0,"curve":[0.25,0,0.625,0.5]},{"time":3.0667,"angle":-87.9,"curve":[0.25,0,0.75,1]},{"time":3.3667,"angle":0,"curve":[0.25,0,0.625,0.5]},{"time":4.7,"angle":-87.9,"curve":[0.25,0,0.75,1]},{"time":4.9333,"angle":0,"curve":[0.25,0,0.625,0.5]},{"time":6.2667,"angle":-87.9}],"scale":[{"time":0,"x":0,"y":0,"curve":"stepped"},{"time":0.1667,"x":0,"y":0,"curve":[0.25,0,0.75,1]},{"time":0.8333,"x":1,"y":1,"curve":[0.25,0,0.75,1]},{"time":1.5,"x":0,"y":0,"curve":"stepped"},{"time":1.7333,"x":0,"y":0,"curve":[0.25,0,0.75,1]},{"time":2.4,"x":1,"y":1,"curve":[0.25,0,0.75,1]},{"time":3.0667,"x":0,"y":0,"curve":"stepped"},{"time":3.3667,"x":0,"y":0,"curve":[0.25,0,0.75,1]},{"time":4.0333,"x":1,"y":1,"curve":[0.25,0,0.75,1]},{"time":4.7,"x":0,"y":0,"curve":"stepped"},{"time":4.9333,"x":0,"y":0,"curve":[0.25,0,0.75,1]},{"time":5.6,"x":1,"y":1,"curve":[0.25,0,0.75,1]},{"time":6.2667,"x":0,"y":0}]},"7qdlj_xg02":{"rotate":[{"time":0,"angle":0,"curve":"stepped"},{"time":0.1333,"angle":0,"curve":[0.25,0,0.625,0.5]},{"time":1.4667,"angle":-87.9,"curve":[0.25,0,0.75,1]},{"time":1.8333,"angle":0,"curve":[0.25,0,0.625,0.5]},{"time":3.1667,"angle":-87.9,"curve":[0.25,0,0.75,1]},{"time":3.3333,"angle":0,"curve":[0.25,0,0.625,0.5]},{"time":4.6667,"angle":-87.9,"curve":[0.25,0,0.75,1]},{"time":5.0333,"angle":0,"curve":[0.25,0,0.625,0.5]},{"time":6.3667,"angle":-87.9}],"scale":[{"time":0,"x":0,"y":0,"curve":"stepped"},{"time":0.1333,"x":0,"y":0,"curve":[0.25,0,0.75,1]},{"time":0.8,"x":1,"y":1,"curve":[0.25,0,0.75,1]},{"time":1.4667,"x":0,"y":0,"curve":"stepped"},{"time":1.8333,"x":0,"y":0,"curve":[0.25,0,0.75,1]},{"time":2.5,"x":1,"y":1,"curve":[0.25,0,0.75,1]},{"time":3.1667,"x":0,"y":0,"curve":"stepped"},{"time":3.3333,"x":0,"y":0,"curve":[0.25,0,0.75,1]},{"time":4,"x":1,"y":1,"curve":[0.25,0,0.75,1]},{"time":4.6667,"x":0,"y":0,"curve":"stepped"},{"time":5.0333,"x":0,"y":0,"curve":[0.25,0,0.75,1]},{"time":5.7,"x":1,"y":1,"curve":[0.25,0,0.75,1]},{"time":6.3667,"x":0,"y":0}]},"7qdlj_xg01":{"rotate":[{"time":0,"angle":0,"curve":"stepped"},{"time":0.0667,"angle":0,"curve":[0.25,0,0.625,0.5]},{"time":1.4,"angle":-87.9,"curve":[0.25,0,0.75,1]},{"time":1.7,"angle":0,"curve":[0.25,0,0.625,0.5]},{"time":3.0333,"angle":-87.9,"curve":[0.25,0,0.75,1]},{"time":3.2667,"angle":0,"curve":[0.25,0,0.625,0.5]},{"time":4.6,"angle":-87.9,"curve":[0.25,0,0.75,1]},{"time":4.9,"angle":0,"curve":[0.25,0,0.625,0.5]},{"time":6.2333,"angle":-87.9}],"scale":[{"time":0,"x":0,"y":0,"curve":"stepped"},{"time":0.0667,"x":0,"y":0,"curve":[0.25,0,0.75,1]},{"time":0.7333,"x":1,"y":1,"curve":[0.25,0,0.75,1]},{"time":1.4,"x":0,"y":0,"curve":"stepped"},{"time":1.7,"x":0,"y":0,"curve":[0.25,0,0.75,1]},{"time":2.3667,"x":1,"y":1,"curve":[0.25,0,0.75,1]},{"time":3.0333,"x":0,"y":0,"curve":"stepped"},{"time":3.2667,"x":0,"y":0,"curve":[0.25,0,0.75,1]},{"time":3.9333,"x":1,"y":1,"curve":[0.25,0,0.75,1]},{"time":4.6,"x":0,"y":0,"curve":"stepped"},{"time":4.9,"x":0,"y":0,"curve":[0.25,0,0.75,1]},{"time":5.5667,"x":1,"y":1,"curve":[0.25,0,0.75,1]},{"time":6.2333,"x":0,"y":0}]},"7qdlj_pd08":{"rotate":[{"time":0,"angle":0,"curve":"stepped"},{"time":0.0667,"angle":0,"curve":[0.25,0,0.75,1]},{"time":0.8,"angle":99.3,"curve":[0.25,0,0.75,1]},{"time":0.9667,"angle":0,"curve":[0.25,0,0.75,1]},{"time":2.1333,"angle":99.3,"curve":[0.25,0,0.75,1]},{"time":2.9,"angle":0,"curve":[0.25,0,0.75,1]},{"time":3.6333,"angle":99.3,"curve":[0.25,0,0.75,1]},{"time":3.8,"angle":0,"curve":[0.25,0,0.75,1]},{"time":4.9667,"angle":99.3}],"translate":[{"time":0,"x":0,"y":0,"curve":"stepped"},{"time":0.0667,"x":0,"y":0,"curve":[0.25,0,0.75,1]},{"time":0.8,"x":0,"y":-42.5,"curve":[0.25,0,0.75,1]},{"time":0.9667,"x":0,"y":0,"curve":[0.25,0,0.75,1]},{"time":2.1333,"x":0,"y":-42.5,"curve":[0.25,0,0.75,1]},{"time":2.9,"x":0,"y":0,"curve":[0.25,0,0.75,1]},{"time":3.6333,"x":0,"y":-42.5,"curve":[0.25,0,0.75,1]},{"time":3.8,"x":0,"y":0,"curve":[0.25,0,0.75,1]},{"time":4.9667,"x":0,"y":-42.5}],"scale":[{"time":0,"x":0,"y":0,"curve":"stepped"},{"time":0.0667,"x":0,"y":0,"curve":[0.25,0,0.75,1]},{"time":0.2,"x":1,"y":1,"curve":[0.25,0,0.75,1]},{"time":0.7667,"x":0,"y":0,"curve":"stepped"},{"time":0.9667,"x":0,"y":0,"curve":[0.25,0,0.75,1]},{"time":1.5667,"x":1,"y":1,"curve":[0.25,0,0.75,1]},{"time":2.1333,"x":0,"y":0,"curve":"stepped"},{"time":2.9,"x":0,"y":0,"curve":[0.25,0,0.75,1]},{"time":3.0333,"x":1,"y":1,"curve":[0.25,0,0.75,1]},{"time":3.6,"x":0,"y":0,"curve":"stepped"},{"time":3.8,"x":0,"y":0,"curve":[0.25,0,0.75,1]},{"time":4.4,"x":1,"y":1,"curve":[0.25,0,0.75,1]},{"time":4.9667,"x":0,"y":0}]},"7qdlj_pd07":{"rotate":[{"time":0,"angle":0,"curve":"stepped"},{"time":0.1667,"angle":0,"curve":[0.25,0,0.75,1]},{"time":1.1667,"angle":-101.4,"curve":[0.25,0,0.75,1]},{"time":1.3333,"angle":0,"curve":[0.25,0,0.75,1]},{"time":2.3333,"angle":-101.4,"curve":[0.25,0,0.75,1]},{"time":4.5,"angle":0,"curve":[0.25,0,0.75,1]},{"time":5.5,"angle":-101.4,"curve":[0.25,0,0.75,1]},{"time":5.6667,"angle":0,"curve":[0.25,0,0.75,1]},{"time":6.6667,"angle":-101.4}],"translate":[{"time":0,"x":0,"y":0,"curve":"stepped"},{"time":0.1667,"x":0,"y":0,"curve":[0.25,0,0.75,1]},{"time":1.1667,"x":0,"y":-42.5,"curve":[0.25,0,0.75,1]},{"time":1.3333,"x":0,"y":0,"curve":[0.25,0,0.75,1]},{"time":2.3333,"x":0,"y":-42.5,"curve":[0.25,0,0.75,1]},{"time":4.5,"x":0,"y":0,"curve":[0.25,0,0.75,1]},{"time":5.5,"x":0,"y":-42.5,"curve":[0.25,0,0.75,1]},{"time":5.6667,"x":0,"y":0,"curve":[0.25,0,0.75,1]},{"time":6.6667,"x":0,"y":-42.5}],"scale":[{"time":0,"x":0,"y":0,"curve":"stepped"},{"time":0.1667,"x":0,"y":0,"curve":[0.25,0,0.75,1]},{"time":0.8333,"x":1,"y":1,"curve":[0.25,0,0.75,1]},{"time":1.1667,"x":0,"y":0,"curve":"stepped"},{"time":1.3333,"x":0,"y":0,"curve":[0.25,0,0.75,1]},{"time":2.2,"x":1,"y":1,"curve":[0.25,0,0.75,1]},{"time":2.3333,"x":0,"y":0,"curve":"stepped"},{"time":4.5,"x":0,"y":0,"curve":[0.25,0,0.75,1]},{"time":5.1667,"x":1,"y":1,"curve":[0.25,0,0.75,1]},{"time":5.5,"x":0,"y":0,"curve":"stepped"},{"time":5.6667,"x":0,"y":0,"curve":[0.25,0,0.75,1]},{"time":6.5333,"x":1,"y":1,"curve":[0.25,0,0.75,1]},{"time":6.6667,"x":0,"y":0}]},"7qdlj_pd06":{"rotate":[{"time":0,"angle":0,"curve":"stepped"},{"time":0.5,"angle":0,"curve":[0.25,0,0.75,1]},{"time":1.4,"angle":-80.4,"curve":[0.25,0,0.75,1]},{"time":2.0333,"angle":0,"curve":[0.25,0,0.75,1]},{"time":2.7667,"angle":-80.4,"curve":[0.25,0,0.75,1]},{"time":3.8333,"angle":0,"curve":[0.25,0,0.75,1]},{"time":4.7333,"angle":-80.4,"curve":[0.25,0,0.75,1]},{"time":5.3667,"angle":0,"curve":[0.25,0,0.75,1]},{"time":6.1,"angle":-80.4}],"translate":[{"time":0,"x":0,"y":0,"curve":"stepped"},{"time":0.5,"x":0,"y":0,"curve":[0.25,0,0.75,1]},{"time":1.4,"x":0,"y":-42.5,"curve":[0.25,0,0.75,1]},{"time":2.0333,"x":0,"y":0,"curve":[0.25,0,0.75,1]},{"time":2.7667,"x":0,"y":-42.5,"curve":[0.25,0,0.75,1]},{"time":3.8333,"x":0,"y":0,"curve":[0.25,0,0.75,1]},{"time":4.7333,"x":0,"y":-42.5,"curve":[0.25,0,0.75,1]},{"time":5.3667,"x":0,"y":0,"curve":[0.25,0,0.75,1]},{"time":6.1,"x":0,"y":-42.5}],"scale":[{"time":0,"x":0,"y":0,"curve":"stepped"},{"time":0.5,"x":0,"y":0,"curve":[0.25,0,0.75,1]},{"time":0.8333,"x":1,"y":1,"curve":[0.25,0,0.75,1]},{"time":1.4,"x":0,"y":0,"curve":"stepped"},{"time":2.0333,"x":0,"y":0,"curve":[0.25,0,0.75,1]},{"time":2.2,"x":1,"y":1,"curve":[0.25,0,0.75,1]},{"time":2.7667,"x":0,"y":0,"curve":"stepped"},{"time":3.8333,"x":0,"y":0,"curve":[0.25,0,0.75,1]},{"time":4.1667,"x":1,"y":1,"curve":[0.25,0,0.75,1]},{"time":4.7333,"x":0,"y":0,"curve":"stepped"},{"time":5.3667,"x":0,"y":0,"curve":[0.25,0,0.75,1]},{"time":5.5333,"x":1,"y":1,"curve":[0.25,0,0.75,1]},{"time":6.1,"x":0,"y":0}]},"7qdlj_pd05":{"rotate":[{"time":0,"angle":0,"curve":"stepped"},{"time":0.6333,"angle":0,"curve":[0.25,0,0.75,1]},{"time":1.8,"angle":-96,"curve":[0.25,0,0.75,1]},{"time":2,"angle":0,"curve":[0.25,0,0.75,1]},{"time":3.1667,"angle":-96,"curve":[0.25,0,0.75,1]},{"time":3.8667,"angle":0,"curve":[0.25,0,0.75,1]},{"time":5.0333,"angle":-96,"curve":[0.25,0,0.75,1]},{"time":5.2333,"angle":0,"curve":[0.25,0,0.75,1]},{"time":6.4,"angle":-96}],"translate":[{"time":0,"x":0,"y":0,"curve":"stepped"},{"time":0.6333,"x":0,"y":0,"curve":[0.25,0,0.75,1]},{"time":1.8,"x":0,"y":-42.5,"curve":[0.25,0,0.75,1]},{"time":2,"x":0,"y":0,"curve":[0.25,0,0.75,1]},{"time":3.1667,"x":0,"y":-42.5,"curve":[0.25,0,0.75,1]},{"time":3.8667,"x":0,"y":0,"curve":[0.25,0,0.75,1]},{"time":5.0333,"x":0,"y":-42.5,"curve":[0.25,0,0.75,1]},{"time":5.2333,"x":0,"y":0,"curve":[0.25,0,0.75,1]},{"time":6.4,"x":0,"y":-42.5}],"scale":[{"time":0,"x":0,"y":0,"curve":"stepped"},{"time":0.6333,"x":0,"y":0,"curve":[0.25,0,0.75,1]},{"time":0.8333,"x":1,"y":1,"curve":[0.25,0,0.75,1]},{"time":1.8,"x":0,"y":0,"curve":"stepped"},{"time":2,"x":0,"y":0,"curve":[0.25,0,0.75,1]},{"time":2.2,"x":1,"y":1,"curve":[0.25,0,0.75,1]},{"time":3.1667,"x":0,"y":0,"curve":"stepped"},{"time":3.8667,"x":0,"y":0,"curve":[0.25,0,0.75,1]},{"time":4.0667,"x":1,"y":1,"curve":[0.25,0,0.75,1]},{"time":5.0333,"x":0,"y":0,"curve":"stepped"},{"time":5.2333,"x":0,"y":0,"curve":[0.25,0,0.75,1]},{"time":5.4333,"x":1,"y":1,"curve":[0.25,0,0.75,1]},{"time":6.4,"x":0,"y":0}]},"7qdlj_pd04":{"rotate":[{"time":0,"angle":0,"curve":"stepped"},{"time":0.2,"angle":0,"curve":[0.25,0,0.75,1]},{"time":1.1,"angle":-58.5,"curve":[0.25,0,0.75,1]},{"time":1.2667,"angle":0,"curve":[0.25,0,0.75,1]},{"time":2.1667,"angle":-58.5,"curve":[0.25,0,0.75,1]},{"time":4.4667,"angle":0,"curve":[0.25,0,0.75,1]},{"time":5.3667,"angle":-58.5,"curve":[0.25,0,0.75,1]},{"time":5.5333,"angle":0,"curve":[0.25,0,0.75,1]},{"time":6.4333,"angle":-58.5}],"translate":[{"time":0,"x":0,"y":0,"curve":"stepped"},{"time":0.2,"x":0,"y":0,"curve":[0.25,0,0.75,1]},{"time":1.1,"x":0,"y":-42.5,"curve":[0.25,0,0.75,1]},{"time":1.2667,"x":0,"y":0,"curve":[0.25,0,0.75,1]},{"time":2.1667,"x":0,"y":-42.5,"curve":[0.25,0,0.75,1]},{"time":4.4667,"x":0,"y":0,"curve":[0.25,0,0.75,1]},{"time":5.3667,"x":0,"y":-42.5,"curve":[0.25,0,0.75,1]},{"time":5.5333,"x":0,"y":0,"curve":[0.25,0,0.75,1]},{"time":6.4333,"x":0,"y":-42.5}],"scale":[{"time":0,"x":0,"y":0,"curve":"stepped"},{"time":0.2,"x":0,"y":0,"curve":[0.25,0,0.75,1]},{"time":0.6667,"x":1,"y":1,"curve":[0.25,0,0.75,1]},{"time":1.1,"x":0,"y":0,"curve":"stepped"},{"time":1.2667,"x":0,"y":0,"curve":[0.25,0,0.75,1]},{"time":1.7333,"x":1,"y":1,"curve":[0.25,0,0.75,1]},{"time":2.1667,"x":0,"y":0,"curve":"stepped"},{"time":4.4667,"x":0,"y":0,"curve":[0.25,0,0.75,1]},{"time":4.9333,"x":1,"y":1,"curve":[0.25,0,0.75,1]},{"time":5.3667,"x":0,"y":0,"curve":"stepped"},{"time":5.5333,"x":0,"y":0,"curve":[0.25,0,0.75,1]},{"time":6,"x":1,"y":1,"curve":[0.25,0,0.75,1]},{"time":6.4333,"x":0,"y":0}]},"7qdlj_pd03":{"rotate":[{"time":0,"angle":0,"curve":"stepped"},{"time":1.2,"angle":0,"curve":[0.25,0,0.75,1]},{"time":2.1,"angle":-77.7,"curve":[0.25,0,0.75,1]},{"time":2.2667,"angle":0,"curve":[0.25,0,0.75,1]},{"time":3.1333,"angle":-77.7,"curve":[0.25,0,0.75,1]},{"time":3.9667,"angle":0,"curve":[0.25,0,0.75,1]},{"time":4.8667,"angle":-77.7,"curve":[0.25,0,0.75,1]},{"time":5.0333,"angle":0,"curve":[0.25,0,0.75,1]},{"time":5.9,"angle":-77.7}],"translate":[{"time":0,"x":0,"y":0,"curve":"stepped"},{"time":1.2,"x":0,"y":0,"curve":[0.25,0,0.75,1]},{"time":2.1,"x":0,"y":-42.5,"curve":[0.25,0,0.75,1]},{"time":2.2667,"x":0,"y":0,"curve":[0.25,0,0.75,1]},{"time":3.1333,"x":0,"y":-42.5,"curve":[0.25,0,0.75,1]},{"time":3.9667,"x":0,"y":0,"curve":[0.25,0,0.75,1]},{"time":4.8667,"x":0,"y":-42.5,"curve":[0.25,0,0.75,1]},{"time":5.0333,"x":0,"y":0,"curve":[0.25,0,0.75,1]},{"time":5.9,"x":0,"y":-42.5}],"scale":[{"time":0,"x":0,"y":0,"curve":"stepped"},{"time":1.2,"x":0,"y":0,"curve":[0.25,0,0.75,1]},{"time":1.6667,"x":1,"y":1,"curve":[0.25,0,0.75,1]},{"time":2.1,"x":0,"y":0,"curve":"stepped"},{"time":2.2667,"x":0,"y":0,"curve":[0.25,0,0.75,1]},{"time":2.7,"x":1,"y":1,"curve":[0.25,0,0.75,1]},{"time":3.1333,"x":0,"y":0,"curve":"stepped"},{"time":3.9667,"x":0,"y":0,"curve":[0.25,0,0.75,1]},{"time":4.4333,"x":1,"y":1,"curve":[0.25,0,0.75,1]},{"time":4.8667,"x":0,"y":0,"curve":"stepped"},{"time":5.0333,"x":0,"y":0,"curve":[0.25,0,0.75,1]},{"time":5.4667,"x":1,"y":1,"curve":[0.25,0,0.75,1]},{"time":5.9,"x":0,"y":0}]},"7qdlj_pd02":{"rotate":[{"time":0,"angle":0,"curve":"stepped"},{"time":0.2333,"angle":0,"curve":[0.25,0,0.75,1]},{"time":1.4,"angle":84.6,"curve":[0.25,0,0.75,1]},{"time":1.6,"angle":0,"curve":[0.25,0,0.75,1]},{"time":2.7667,"angle":84.6,"curve":[0.25,0,0.75,1]},{"time":4.1333,"angle":0,"curve":[0.25,0,0.75,1]},{"time":5.3,"angle":84.6,"curve":[0.25,0,0.75,1]},{"time":5.5,"angle":0,"curve":[0.25,0,0.75,1]},{"time":6.6667,"angle":84.6}],"translate":[{"time":0,"x":0,"y":0,"curve":"stepped"},{"time":0.2333,"x":0,"y":0,"curve":[0.25,0,0.75,1]},{"time":1.4,"x":0,"y":-42.5,"curve":[0.25,0,0.75,1]},{"time":1.6,"x":0,"y":0,"curve":[0.25,0,0.75,1]},{"time":2.7667,"x":0,"y":-42.5,"curve":[0.25,0,0.75,1]},{"time":4.1333,"x":0,"y":0,"curve":[0.25,0,0.75,1]},{"time":5.3,"x":0,"y":-42.5,"curve":[0.25,0,0.75,1]},{"time":5.5,"x":0,"y":0,"curve":[0.25,0,0.75,1]},{"time":6.6667,"x":0,"y":-42.5}],"scale":[{"time":0,"x":0,"y":0,"curve":"stepped"},{"time":0.2333,"x":0,"y":0,"curve":[0.25,0,0.75,1]},{"time":0.8333,"x":1,"y":1,"curve":[0.25,0,0.75,1]},{"time":1.4,"x":0,"y":0,"curve":"stepped"},{"time":1.6,"x":0,"y":0,"curve":[0.25,0,0.75,1]},{"time":2.2,"x":1,"y":1,"curve":[0.25,0,0.75,1]},{"time":2.7667,"x":0,"y":0,"curve":"stepped"},{"time":4.1333,"x":0,"y":0,"curve":[0.25,0,0.75,1]},{"time":4.7333,"x":1,"y":1,"curve":[0.25,0,0.75,1]},{"time":5.3,"x":0,"y":0,"curve":"stepped"},{"time":5.5,"x":0,"y":0,"curve":[0.25,0,0.75,1]},{"time":6.1,"x":1,"y":1,"curve":[0.25,0,0.75,1]},{"time":6.6667,"x":0,"y":0}]},"7qdlj_pd01":{"rotate":[{"time":0,"angle":0,"curve":"stepped"},{"time":0.2333,"angle":0,"curve":[0.25,0,0.75,1]},{"time":1.4,"angle":102.9,"curve":[0.25,0,0.75,1]},{"time":1.6,"angle":0,"curve":[0.25,0,0.75,1]},{"time":2.7667,"angle":102.9,"curve":[0.25,0,0.75,1]},{"time":3.1667,"angle":0,"curve":[0.25,0,0.75,1]},{"time":4.3333,"angle":102.9,"curve":[0.25,0,0.75,1]},{"time":4.5333,"angle":0,"curve":[0.25,0,0.75,1]},{"time":5.7,"angle":102.9}],"translate":[{"time":0,"x":0,"y":0,"curve":"stepped"},{"time":0.4333,"x":0,"y":0,"curve":[0.25,0,0.75,1]},{"time":1.3,"x":0,"y":-42.5,"curve":[0.25,0,0.75,1]},{"time":1.5,"x":0,"y":0,"curve":[0.25,0,0.75,1]},{"time":2.6667,"x":0,"y":-42.5,"curve":[0.25,0,0.75,1]},{"time":3.3667,"x":0,"y":0,"curve":[0.25,0,0.75,1]},{"time":4.2333,"x":0,"y":-42.5,"curve":[0.25,0,0.75,1]},{"time":4.4333,"x":0,"y":0,"curve":[0.25,0,0.75,1]},{"time":5.6,"x":0,"y":-42.5}],"scale":[{"time":0,"x":0,"y":0,"curve":"stepped"},{"time":0.4333,"x":0,"y":0,"curve":[0.25,0,0.75,1]},{"time":0.8667,"x":1,"y":1,"curve":[0.25,0,0.75,1]},{"time":1.3,"x":0,"y":0,"curve":"stepped"},{"time":1.5,"x":0,"y":0,"curve":[0.25,0,0.75,1]},{"time":2.1,"x":1,"y":1,"curve":[0.25,0,0.75,1]},{"time":2.6667,"x":0,"y":0,"curve":"stepped"},{"time":3.3667,"x":0,"y":0,"curve":[0.25,0,0.75,1]},{"time":3.8,"x":1,"y":1,"curve":[0.25,0,0.75,1]},{"time":4.2333,"x":0,"y":0,"curve":"stepped"},{"time":4.4333,"x":0,"y":0,"curve":[0.25,0,0.75,1]},{"time":5.0333,"x":1,"y":1,"curve":[0.25,0,0.75,1]},{"time":5.6,"x":0,"y":0}]}}},"start":{"slots":{"sg2":{"attachment":[{"time":0,"name":"7qdlj_sg2/7qdlj_sg2_00"},{"time":0.0333,"name":"7qdlj_sg2/7qdlj_sg2_01"},{"time":0.0667,"name":"7qdlj_sg2/7qdlj_sg2_02"},{"time":0.1,"name":"7qdlj_sg2/7qdlj_sg2_03"},{"time":0.1333,"name":"7qdlj_sg2/7qdlj_sg2_04"},{"time":0.1667,"name":"7qdlj_sg2/7qdlj_sg2_05"},{"time":0.2,"name":"7qdlj_sg2/7qdlj_sg2_06"},{"time":0.2333,"name":"7qdlj_sg2/7qdlj_sg2_07"},{"time":0.2667,"name":"7qdlj_sg2/7qdlj_sg2_08"},{"time":0.3,"name":"7qdlj_sg2/7qdlj_sg2_09"},{"time":0.3333,"name":"7qdlj_sg2/7qdlj_sg2_10"},{"time":0.3667,"name":"7qdlj_sg2/7qdlj_sg2_11"},{"time":0.4,"name":"7qdlj_sg2/7qdlj_sg2_12"},{"time":0.4333,"name":"7qdlj_sg2/7qdlj_sg2_13"},{"time":0.4667,"name":"7qdlj_sg2/7qdlj_sg2_14"},{"time":0.5,"name":"7qdlj_sg2/7qdlj_sg2_15"},{"time":0.5333,"name":"7qdlj_sg2/7qdlj_sg2_16"},{"time":0.5667,"name":"7qdlj_sg2/7qdlj_sg2_17"},{"time":0.6,"name":"7qdlj_sg2/7qdlj_sg2_18"},{"time":0.6333,"name":"7qdlj_sg2/7qdlj_sg2_19"},{"time":0.6667,"name":"7qdlj_sg2/7qdlj_sg2_20"},{"time":0.7,"name":"7qdlj_sg2/7qdlj_sg2_21"},{"time":0.7333,"name":"7qdlj_sg2/7qdlj_sg2_22"},{"time":0.7667,"name":"7qdlj_sg2/7qdlj_sg2_23"},{"time":0.8,"name":"7qdlj_sg2/7qdlj_sg2_24"},{"time":0.8333,"name":"7qdlj_sg2/7qdlj_sg2_25"},{"time":0.8667,"name":"7qdlj_sg2/7qdlj_sg2_26"},{"time":0.9,"name":"7qdlj_sg2/7qdlj_sg2_27"},{"time":0.9333,"name":"7qdlj_sg2/7qdlj_sg2_28"},{"time":0.9667,"name":"7qdlj_sg2/7qdlj_sg2_29"},{"time":1,"name":"7qdlj_sg2/7qdlj_sg2_30"},{"time":1.0333,"name":"7qdlj_sg2/7qdlj_sg2_31"},{"time":1.0667,"name":"7qdlj_sg2/7qdlj_sg2_32"},{"time":1.1,"name":"7qdlj_sg2/7qdlj_sg2_33"},{"time":1.1333,"name":"7qdlj_sg2/7qdlj_sg2_34"},{"time":1.1667,"name":"7qdlj_sg2/7qdlj_sg2_35"},{"time":3.4333,"name":"7qdlj_sg2/7qdlj_sg2_00"},{"time":3.4667,"name":"7qdlj_sg2/7qdlj_sg2_01"},{"time":3.5,"name":"7qdlj_sg2/7qdlj_sg2_02"},{"time":3.5333,"name":"7qdlj_sg2/7qdlj_sg2_03"},{"time":3.5667,"name":"7qdlj_sg2/7qdlj_sg2_04"},{"time":3.6,"name":"7qdlj_sg2/7qdlj_sg2_05"},{"time":3.6333,"name":"7qdlj_sg2/7qdlj_sg2_06"},{"time":3.6667,"name":"7qdlj_sg2/7qdlj_sg2_07"},{"time":3.7,"name":"7qdlj_sg2/7qdlj_sg2_08"},{"time":3.7333,"name":"7qdlj_sg2/7qdlj_sg2_09"},{"time":3.7667,"name":"7qdlj_sg2/7qdlj_sg2_10"},{"time":3.8,"name":"7qdlj_sg2/7qdlj_sg2_11"},{"time":3.8333,"name":"7qdlj_sg2/7qdlj_sg2_12"},{"time":3.8667,"name":"7qdlj_sg2/7qdlj_sg2_13"},{"time":3.9,"name":"7qdlj_sg2/7qdlj_sg2_14"},{"time":3.9333,"name":"7qdlj_sg2/7qdlj_sg2_15"},{"time":3.9667,"name":"7qdlj_sg2/7qdlj_sg2_16"},{"time":4,"name":"7qdlj_sg2/7qdlj_sg2_17"},{"time":4.0333,"name":"7qdlj_sg2/7qdlj_sg2_18"},{"time":4.0667,"name":"7qdlj_sg2/7qdlj_sg2_19"},{"time":4.1,"name":"7qdlj_sg2/7qdlj_sg2_20"},{"time":4.1333,"name":"7qdlj_sg2/7qdlj_sg2_21"},{"time":4.1667,"name":"7qdlj_sg2/7qdlj_sg2_22"},{"time":4.2,"name":"7qdlj_sg2/7qdlj_sg2_23"},{"time":4.2333,"name":"7qdlj_sg2/7qdlj_sg2_24"},{"time":4.2667,"name":"7qdlj_sg2/7qdlj_sg2_25"},{"time":4.3,"name":"7qdlj_sg2/7qdlj_sg2_26"},{"time":4.3333,"name":"7qdlj_sg2/7qdlj_sg2_27"},{"time":4.3667,"name":"7qdlj_sg2/7qdlj_sg2_28"},{"time":4.4,"name":"7qdlj_sg2/7qdlj_sg2_29"},{"time":4.4333,"name":"7qdlj_sg2/7qdlj_sg2_30"},{"time":4.4667,"name":"7qdlj_sg2/7qdlj_sg2_31"},{"time":4.5,"name":"7qdlj_sg2/7qdlj_sg2_32"},{"time":4.5333,"name":"7qdlj_sg2/7qdlj_sg2_33"},{"time":4.5667,"name":"7qdlj_sg2/7qdlj_sg2_34"},{"time":4.6,"name":"7qdlj_sg2/7qdlj_sg2_35"}]}},"bones":{"7qdlj_jb01":{"translate":[{"time":0,"x":0,"y":0.47,"curve":[0.374,0.62,0.715,1]},{"time":0.3,"x":0,"y":0,"curve":[0.25,0,0.75,1]},{"time":1.9,"x":0,"y":3.77,"curve":[0.243,0,0.681,0.72]},{"time":3.1667,"x":0,"y":0.47}]},"7qdlj_jb02":{"translate":[{"time":0,"x":0,"y":2.43,"curve":[0.382,0.57,0.735,1]},{"time":0.5667,"x":0,"y":0,"curve":[0.25,0,0.75,1]},{"time":2.2,"x":0,"y":8.57,"curve":[0.243,0,0.649,0.6]},{"time":3.3333,"x":0,"y":2.43,"curve":[0.382,0.57,0.735,1]},{"time":3.9,"x":0,"y":0,"curve":[0.25,0,0.75,1]},{"time":5.5333,"x":0,"y":8.57,"curve":[0.243,0,0.649,0.6]},{"time":6.6667,"x":0,"y":2.43}]},"7qdlj_jb03":{"translate":[{"time":0,"x":0,"y":-2.3,"curve":[0.377,0.51,0.748,1]},{"time":0.7667,"x":0,"y":0,"curve":[0.25,0,0.75,1]},{"time":2.4667,"x":0,"y":-4.96,"curve":[0.248,0,0.628,0.51]},{"time":3.3333,"x":0,"y":-2.3,"curve":[0.377,0.51,0.748,1]},{"time":4.1,"x":0,"y":0,"curve":[0.25,0,0.75,1]},{"time":5.8,"x":0,"y":-4.96,"curve":[0.248,0,0.628,0.51]},{"time":6.6667,"x":0,"y":-2.3}]},"7qdlj_jb04":{"translate":[{"time":0,"x":0,"y":0,"curve":[0.25,0,0.75,1]},{"time":1.7,"x":0,"y":-4.2,"curve":[0.25,0,0.75,1]},{"time":3.3333,"x":0,"y":0,"curve":[0.25,0,0.75,1]},{"time":5.0333,"x":0,"y":-4.2,"curve":[0.25,0,0.75,1]},{"time":6.6667,"x":0,"y":0}]},"7qdlj_jb05":{"translate":[{"time":0,"x":0,"y":-3.99,"curve":[0.361,0.44,0.755,1]},{"time":1.0333,"x":0,"y":0,"curve":[0.25,0,0.75,1]},{"time":2.7,"x":0,"y":-6.17,"curve":[0.259,0,0.618,0.45]},{"time":3.3333,"x":0,"y":-3.99,"curve":[0.361,0.44,0.755,1]},{"time":4.3667,"x":0,"y":0,"curve":[0.25,0,0.75,1]},{"time":6.0333,"x":0,"y":-6.17,"curve":[0.259,0,0.618,0.45]},{"time":6.6667,"x":0,"y":-3.99}]},"7qdlj_jb07":{"translate":[{"time":0,"x":0,"y":4.61,"curve":[0.333,0.33,0.758,1]},{"time":1.2667,"x":0,"y":0,"curve":[0.25,0,0.75,1]},{"time":2.9,"x":0,"y":5.65,"curve":[0.276,0,0.621,0.4]},{"time":3.3333,"x":0,"y":4.61,"curve":[0.333,0.33,0.758,1]},{"time":4.6,"x":0,"y":0,"curve":[0.25,0,0.75,1]},{"time":6.2333,"x":0,"y":5.65,"curve":[0.276,0,0.621,0.4]},{"time":6.6667,"x":0,"y":4.61}]},"7qdlj_jb08":{"translate":[{"time":0,"x":0,"y":0.51,"curve":[0.362,0.64,0.698,1]},{"time":0.1667,"x":0,"y":0,"curve":[0.25,0,0.75,1]},{"time":1.8667,"x":0,"y":9.83,"curve":[0.245,0,0.707,0.82]},{"time":3.3333,"x":0,"y":0.51,"curve":[0.362,0.64,0.698,1]},{"time":3.5,"x":0,"y":0,"curve":[0.25,0,0.75,1]},{"time":5.2,"x":0,"y":9.83,"curve":[0.245,0,0.707,0.82]},{"time":6.6667,"x":0,"y":0.51}]},"7qdlj_yibiao2":{"rotate":[{"time":0,"angle":-43.2,"curve":[0.25,0,0.75,1]},{"time":0.6,"angle":-63.9,"curve":[0.25,0,0.75,1]},{"time":1,"angle":-53.7,"curve":[0.25,0,0.75,1]},{"time":1.4,"angle":-63.9,"curve":[0.25,0,0.75,1]},{"time":1.8,"angle":-53.7,"curve":[0.25,0,0.75,1]},{"time":2.2,"angle":-16.5,"curve":[0.25,0,0.75,1]},{"time":2.9667,"angle":-43.2,"curve":[0.25,0,0.75,1]},{"time":3.2,"angle":-52.2,"curve":[0.25,0,0.75,1]},{"time":3.8333,"angle":-43.2,"curve":[0.25,0,0.75,1]},{"time":4.7,"angle":-16.5,"curve":[0.25,0,0.75,1]},{"time":5.6333,"angle":-43.2,"curve":[0.25,0,0.75,1]},{"time":5.9333,"angle":-52.2,"curve":[0.25,0,0.75,1]},{"time":6.6667,"angle":-43.2}]},"7qdlj_xg10":{"rotate":[{"time":0,"angle":0,"curve":"stepped"},{"time":0.7667,"angle":0,"curve":[0.25,0,0.625,0.5]},{"time":2.1,"angle":-87.9,"curve":[0.25,0,0.75,1]},{"time":3.9667,"angle":0,"curve":[0.25,0,0.625,0.5]},{"time":5.3,"angle":-87.9}],"scale":[{"time":0,"x":0,"y":0,"curve":"stepped"},{"time":0.7667,"x":0,"y":0,"curve":[0.25,0,0.75,1]},{"time":1.4333,"x":1,"y":1,"curve":[0.25,0,0.75,1]},{"time":2.1,"x":0,"y":0,"curve":"stepped"},{"time":3.9667,"x":0,"y":0,"curve":[0.25,0,0.75,1]},{"time":4.6333,"x":1,"y":1,"curve":[0.25,0,0.75,1]},{"time":5.3,"x":0,"y":0}]},"7qdlj_xg09":{"rotate":[{"time":0,"angle":0,"curve":"stepped"},{"time":0.0333,"angle":0,"curve":[0.25,0,0.625,0.5]},{"time":1.3667,"angle":-87.9,"curve":[0.25,0,0.75,1]},{"time":1.4667,"angle":0,"curve":[0.25,0,0.625,0.5]},{"time":2.8,"angle":-87.9,"curve":"stepped"},{"time":4.5667,"angle":-87.9,"curve":[0.25,0,0.75,1]},{"time":4.6667,"angle":0,"curve":[0.25,0,0.625,0.5]},{"time":6,"angle":-87.9}],"scale":[{"time":0,"x":0,"y":0,"curve":"stepped"},{"time":0.0333,"x":0,"y":0,"curve":[0.25,0,0.75,1]},{"time":0.7,"x":1,"y":1,"curve":[0.25,0,0.75,1]},{"time":1.3667,"x":0,"y":0,"curve":"stepped"},{"time":1.4667,"x":0,"y":0,"curve":[0.25,0,0.75,1]},{"time":2.1333,"x":1,"y":1,"curve":[0.25,0,0.75,1]},{"time":2.8,"x":0,"y":0,"curve":[0.25,0,0.75,1]},{"time":3.9,"x":1,"y":1,"curve":[0.25,0,0.75,1]},{"time":4.5667,"x":0,"y":0,"curve":"stepped"},{"time":4.6667,"x":0,"y":0,"curve":[0.25,0,0.75,1]},{"time":5.3333,"x":1,"y":1,"curve":[0.25,0,0.75,1]},{"time":6,"x":0,"y":0}]},"7qdlj_xg08":{"rotate":[{"time":0,"angle":0,"curve":"stepped"},{"time":0.5667,"angle":0,"curve":[0.25,0,0.625,0.5]},{"time":1.9,"angle":-87.9,"curve":[0.25,0,0.75,1]},{"time":2.2,"angle":0,"curve":[0.25,0,0.625,0.5]},{"time":2.9667,"angle":-87.9,"curve":[0.25,0,0.75,1]},{"time":3.7667,"angle":0,"curve":[0.25,0,0.625,0.5]},{"time":5.1,"angle":-87.9,"curve":[0.25,0,0.75,1]},{"time":5.4,"angle":0,"curve":[0.25,0,0.625,0.5]},{"time":6.1667,"angle":-87.9}],"scale":[{"time":0,"x":0,"y":0,"curve":"stepped"},{"time":0.5667,"x":0,"y":0,"curve":[0.25,0,0.75,1]},{"time":1.2333,"x":1,"y":1,"curve":[0.25,0,0.75,1]},{"time":1.9,"x":0,"y":0,"curve":"stepped"},{"time":2.2,"x":0,"y":0,"curve":[0.25,0,0.75,1]},{"time":2.5667,"x":1,"y":1,"curve":[0.25,0,0.75,1]},{"time":2.9667,"x":0,"y":0,"curve":"stepped"},{"time":3.7667,"x":0,"y":0,"curve":[0.25,0,0.75,1]},{"time":4.4333,"x":1,"y":1,"curve":[0.25,0,0.75,1]},{"time":5.1,"x":0,"y":0,"curve":"stepped"},{"time":5.4,"x":0,"y":0,"curve":[0.25,0,0.75,1]},{"time":5.7667,"x":1,"y":1,"curve":[0.25,0,0.75,1]},{"time":6.1667,"x":0,"y":0}]},"7qdlj_xg07":{"rotate":[{"time":0,"angle":0,"curve":"stepped"},{"time":0.9667,"angle":0,"curve":[0.25,0,0.625,0.5]},{"time":2.3,"angle":-87.9,"curve":[0.25,0,0.75,1]},{"time":4.1667,"angle":0,"curve":[0.25,0,0.625,0.5]},{"time":5.5,"angle":-87.9}],"scale":[{"time":0,"x":0,"y":0,"curve":"stepped"},{"time":0.9667,"x":0,"y":0,"curve":[0.25,0,0.75,1]},{"time":1.6333,"x":1,"y":1,"curve":[0.25,0,0.75,1]},{"time":2.3,"x":0,"y":0,"curve":"stepped"},{"time":4.1667,"x":0,"y":0,"curve":[0.25,0,0.75,1]},{"time":4.8333,"x":1,"y":1,"curve":[0.25,0,0.75,1]},{"time":5.5,"x":0,"y":0}]},"7qdlj_xg06":{"rotate":[{"time":0,"angle":0,"curve":"stepped"},{"time":0.1,"angle":0,"curve":[0.25,0,0.625,0.5]},{"time":1.4333,"angle":-87.9,"curve":[0.25,0,0.75,1]},{"time":1.7333,"angle":0,"curve":[0.25,0,0.625,0.5]},{"time":3.0667,"angle":-87.9,"curve":[0.25,0,0.75,1]},{"time":3.3,"angle":0,"curve":[0.25,0,0.625,0.5]},{"time":4.6333,"angle":-87.9,"curve":[0.25,0,0.75,1]},{"time":4.9333,"angle":0,"curve":[0.25,0,0.625,0.5]},{"time":6.2667,"angle":-87.9}],"scale":[{"time":0,"x":0,"y":0,"curve":"stepped"},{"time":0.1,"x":0,"y":0,"curve":[0.25,0,0.75,1]},{"time":0.7667,"x":1,"y":1,"curve":[0.25,0,0.75,1]},{"time":1.4333,"x":0,"y":0,"curve":"stepped"},{"time":1.7333,"x":0,"y":0,"curve":[0.25,0,0.75,1]},{"time":2.4,"x":1,"y":1,"curve":[0.25,0,0.75,1]},{"time":3.0667,"x":0,"y":0,"curve":"stepped"},{"time":3.3,"x":0,"y":0,"curve":[0.25,0,0.75,1]},{"time":3.9667,"x":1,"y":1,"curve":[0.25,0,0.75,1]},{"time":4.6333,"x":0,"y":0,"curve":"stepped"},{"time":4.9333,"x":0,"y":0,"curve":[0.25,0,0.75,1]},{"time":5.6,"x":1,"y":1,"curve":[0.25,0,0.75,1]},{"time":6.2667,"x":0,"y":0}]},"7qdlj_xg05":{"rotate":[{"time":0,"angle":0,"curve":"stepped"},{"time":0.4667,"angle":0,"curve":[0.25,0,0.625,0.5]},{"time":1.5667,"angle":-87.9,"curve":[0.25,0,0.75,1]},{"time":1.9,"angle":0,"curve":[0.25,0,0.625,0.5]},{"time":3,"angle":-87.9,"curve":[0.25,0,0.75,1]},{"time":3.6667,"angle":0,"curve":[0.25,0,0.625,0.5]},{"time":4.7667,"angle":-87.9,"curve":[0.25,0,0.75,1]},{"time":5.1,"angle":0,"curve":[0.25,0,0.625,0.5]},{"time":6.2,"angle":-87.9}],"scale":[{"time":0,"x":0,"y":0,"curve":"stepped"},{"time":0.4667,"x":0,"y":0,"curve":[0.25,0,0.75,1]},{"time":1,"x":1,"y":1,"curve":[0.25,0,0.75,1]},{"time":1.5667,"x":0,"y":0,"curve":"stepped"},{"time":1.9,"x":0,"y":0,"curve":[0.25,0,0.75,1]},{"time":2.4333,"x":1,"y":1,"curve":[0.25,0,0.75,1]},{"time":3,"x":0,"y":0,"curve":"stepped"},{"time":3.6667,"x":0,"y":0,"curve":[0.25,0,0.75,1]},{"time":4.2,"x":1,"y":1,"curve":[0.25,0,0.75,1]},{"time":4.7667,"x":0,"y":0,"curve":"stepped"},{"time":5.1,"x":0,"y":0,"curve":[0.25,0,0.75,1]},{"time":5.6333,"x":1,"y":1,"curve":[0.25,0,0.75,1]},{"time":6.2,"x":0,"y":0}]},"7qdlj_xg04":{"rotate":[{"time":0,"angle":0,"curve":"stepped"},{"time":0.1,"angle":0,"curve":[0.25,0,0.625,0.5]},{"time":1.4333,"angle":-87.9,"curve":[0.25,0,0.75,1]},{"time":1.8667,"angle":0,"curve":[0.25,0,0.625,0.5]},{"time":2.9,"angle":-87.9,"curve":[0.25,0,0.75,1]},{"time":3.3,"angle":0,"curve":[0.25,0,0.625,0.5]},{"time":4.6333,"angle":-87.9,"curve":[0.25,0,0.75,1]},{"time":5.0667,"angle":0,"curve":[0.25,0,0.625,0.5]},{"time":6.1,"angle":-87.9}],"scale":[{"time":0,"x":0,"y":0,"curve":"stepped"},{"time":0.1,"x":0,"y":0,"curve":[0.25,0,0.75,1]},{"time":0.7667,"x":1,"y":1,"curve":[0.25,0,0.75,1]},{"time":1.4333,"x":0,"y":0,"curve":"stepped"},{"time":1.8667,"x":0,"y":0,"curve":[0.25,0,0.75,1]},{"time":2.3667,"x":1,"y":1,"curve":[0.25,0,0.75,1]},{"time":2.9,"x":0,"y":0,"curve":"stepped"},{"time":3.3,"x":0,"y":0,"curve":[0.25,0,0.75,1]},{"time":3.9667,"x":1,"y":1,"curve":[0.25,0,0.75,1]},{"time":4.6333,"x":0,"y":0,"curve":"stepped"},{"time":5.0667,"x":0,"y":0,"curve":[0.25,0,0.75,1]},{"time":5.5667,"x":1,"y":1,"curve":[0.25,0,0.75,1]},{"time":6.1,"x":0,"y":0}]},"7qdlj_xg03":{"rotate":[{"time":0,"angle":0,"curve":"stepped"},{"time":0.1667,"angle":0,"curve":[0.25,0,0.625,0.5]},{"time":1.5,"angle":-87.9,"curve":[0.25,0,0.75,1]},{"time":1.7333,"angle":0,"curve":[0.25,0,0.625,0.5]},{"time":3.0667,"angle":-87.9,"curve":[0.25,0,0.75,1]},{"time":3.3667,"angle":0,"curve":[0.25,0,0.625,0.5]},{"time":4.7,"angle":-87.9,"curve":[0.25,0,0.75,1]},{"time":4.9333,"angle":0,"curve":[0.25,0,0.625,0.5]},{"time":6.2667,"angle":-87.9}],"scale":[{"time":0,"x":0,"y":0,"curve":"stepped"},{"time":0.1667,"x":0,"y":0,"curve":[0.25,0,0.75,1]},{"time":0.8333,"x":1,"y":1,"curve":[0.25,0,0.75,1]},{"time":1.5,"x":0,"y":0,"curve":"stepped"},{"time":1.7333,"x":0,"y":0,"curve":[0.25,0,0.75,1]},{"time":2.4,"x":1,"y":1,"curve":[0.25,0,0.75,1]},{"time":3.0667,"x":0,"y":0,"curve":"stepped"},{"time":3.3667,"x":0,"y":0,"curve":[0.25,0,0.75,1]},{"time":4.0333,"x":1,"y":1,"curve":[0.25,0,0.75,1]},{"time":4.7,"x":0,"y":0,"curve":"stepped"},{"time":4.9333,"x":0,"y":0,"curve":[0.25,0,0.75,1]},{"time":5.6,"x":1,"y":1,"curve":[0.25,0,0.75,1]},{"time":6.2667,"x":0,"y":0}]},"7qdlj_xg02":{"rotate":[{"time":0,"angle":0,"curve":"stepped"},{"time":0.1333,"angle":0,"curve":[0.25,0,0.625,0.5]},{"time":1.4667,"angle":-87.9,"curve":[0.25,0,0.75,1]},{"time":1.8333,"angle":0,"curve":[0.25,0,0.625,0.5]},{"time":3.1667,"angle":-87.9,"curve":[0.25,0,0.75,1]},{"time":3.3333,"angle":0,"curve":[0.25,0,0.625,0.5]},{"time":4.6667,"angle":-87.9,"curve":[0.25,0,0.75,1]},{"time":5.0333,"angle":0,"curve":[0.25,0,0.625,0.5]},{"time":6.3667,"angle":-87.9}],"scale":[{"time":0,"x":0,"y":0,"curve":"stepped"},{"time":0.1333,"x":0,"y":0,"curve":[0.25,0,0.75,1]},{"time":0.8,"x":1,"y":1,"curve":[0.25,0,0.75,1]},{"time":1.4667,"x":0,"y":0,"curve":"stepped"},{"time":1.8333,"x":0,"y":0,"curve":[0.25,0,0.75,1]},{"time":2.5,"x":1,"y":1,"curve":[0.25,0,0.75,1]},{"time":3.1667,"x":0,"y":0,"curve":"stepped"},{"time":3.3333,"x":0,"y":0,"curve":[0.25,0,0.75,1]},{"time":4,"x":1,"y":1,"curve":[0.25,0,0.75,1]},{"time":4.6667,"x":0,"y":0,"curve":"stepped"},{"time":5.0333,"x":0,"y":0,"curve":[0.25,0,0.75,1]},{"time":5.7,"x":1,"y":1,"curve":[0.25,0,0.75,1]},{"time":6.3667,"x":0,"y":0}]},"7qdlj_xg01":{"rotate":[{"time":0,"angle":0,"curve":"stepped"},{"time":0.0667,"angle":0,"curve":[0.25,0,0.625,0.5]},{"time":1.4,"angle":-87.9,"curve":[0.25,0,0.75,1]},{"time":1.7,"angle":0,"curve":[0.25,0,0.625,0.5]},{"time":3.0333,"angle":-87.9,"curve":[0.25,0,0.75,1]},{"time":3.2667,"angle":0,"curve":[0.25,0,0.625,0.5]},{"time":4.6,"angle":-87.9,"curve":[0.25,0,0.75,1]},{"time":4.9,"angle":0,"curve":[0.25,0,0.625,0.5]},{"time":6.2333,"angle":-87.9}],"scale":[{"time":0,"x":0,"y":0,"curve":"stepped"},{"time":0.0667,"x":0,"y":0,"curve":[0.25,0,0.75,1]},{"time":0.7333,"x":1,"y":1,"curve":[0.25,0,0.75,1]},{"time":1.4,"x":0,"y":0,"curve":"stepped"},{"time":1.7,"x":0,"y":0,"curve":[0.25,0,0.75,1]},{"time":2.3667,"x":1,"y":1,"curve":[0.25,0,0.75,1]},{"time":3.0333,"x":0,"y":0,"curve":"stepped"},{"time":3.2667,"x":0,"y":0,"curve":[0.25,0,0.75,1]},{"time":3.9333,"x":1,"y":1,"curve":[0.25,0,0.75,1]},{"time":4.6,"x":0,"y":0,"curve":"stepped"},{"time":4.9,"x":0,"y":0,"curve":[0.25,0,0.75,1]},{"time":5.5667,"x":1,"y":1,"curve":[0.25,0,0.75,1]},{"time":6.2333,"x":0,"y":0}]},"7qdlj_pd08":{"rotate":[{"time":0,"angle":0,"curve":"stepped"},{"time":0.0667,"angle":0,"curve":[0.25,0,0.75,1]},{"time":0.8,"angle":99.3,"curve":[0.25,0,0.75,1]},{"time":0.9667,"angle":0,"curve":[0.25,0,0.75,1]},{"time":2.1333,"angle":99.3,"curve":[0.25,0,0.75,1]},{"time":2.9,"angle":0,"curve":[0.25,0,0.75,1]},{"time":3.6333,"angle":99.3,"curve":[0.25,0,0.75,1]},{"time":3.8,"angle":0,"curve":[0.25,0,0.75,1]},{"time":4.9667,"angle":99.3}],"translate":[{"time":0,"x":0,"y":0,"curve":"stepped"},{"time":0.0667,"x":0,"y":0,"curve":[0.25,0,0.75,1]},{"time":0.8,"x":0,"y":-42.5,"curve":[0.25,0,0.75,1]},{"time":0.9667,"x":0,"y":0,"curve":[0.25,0,0.75,1]},{"time":2.1333,"x":0,"y":-42.5,"curve":[0.25,0,0.75,1]},{"time":2.9,"x":0,"y":0,"curve":[0.25,0,0.75,1]},{"time":3.6333,"x":0,"y":-42.5,"curve":[0.25,0,0.75,1]},{"time":3.8,"x":0,"y":0,"curve":[0.25,0,0.75,1]},{"time":4.9667,"x":0,"y":-42.5}],"scale":[{"time":0,"x":0,"y":0,"curve":"stepped"},{"time":0.0667,"x":0,"y":0,"curve":[0.25,0,0.75,1]},{"time":0.2,"x":1,"y":1,"curve":[0.25,0,0.75,1]},{"time":0.7667,"x":0,"y":0,"curve":"stepped"},{"time":0.9667,"x":0,"y":0,"curve":[0.25,0,0.75,1]},{"time":1.5667,"x":1,"y":1,"curve":[0.25,0,0.75,1]},{"time":2.1333,"x":0,"y":0,"curve":"stepped"},{"time":2.9,"x":0,"y":0,"curve":[0.25,0,0.75,1]},{"time":3.0333,"x":1,"y":1,"curve":[0.25,0,0.75,1]},{"time":3.6,"x":0,"y":0,"curve":"stepped"},{"time":3.8,"x":0,"y":0,"curve":[0.25,0,0.75,1]},{"time":4.4,"x":1,"y":1,"curve":[0.25,0,0.75,1]},{"time":4.9667,"x":0,"y":0}]},"7qdlj_pd07":{"rotate":[{"time":0,"angle":0,"curve":"stepped"},{"time":0.1667,"angle":0,"curve":[0.25,0,0.75,1]},{"time":1.1667,"angle":-101.4,"curve":[0.25,0,0.75,1]},{"time":1.3333,"angle":0,"curve":[0.25,0,0.75,1]},{"time":2.3333,"angle":-101.4,"curve":[0.25,0,0.75,1]},{"time":4.5,"angle":0,"curve":[0.25,0,0.75,1]},{"time":5.5,"angle":-101.4,"curve":[0.25,0,0.75,1]},{"time":5.6667,"angle":0,"curve":[0.25,0,0.75,1]},{"time":6.6667,"angle":-101.4}],"translate":[{"time":0,"x":0,"y":0,"curve":"stepped"},{"time":0.1667,"x":0,"y":0,"curve":[0.25,0,0.75,1]},{"time":1.1667,"x":0,"y":-42.5,"curve":[0.25,0,0.75,1]},{"time":1.3333,"x":0,"y":0,"curve":[0.25,0,0.75,1]},{"time":2.3333,"x":0,"y":-42.5,"curve":[0.25,0,0.75,1]},{"time":4.5,"x":0,"y":0,"curve":[0.25,0,0.75,1]},{"time":5.5,"x":0,"y":-42.5,"curve":[0.25,0,0.75,1]},{"time":5.6667,"x":0,"y":0,"curve":[0.25,0,0.75,1]},{"time":6.6667,"x":0,"y":-42.5}],"scale":[{"time":0,"x":0,"y":0,"curve":"stepped"},{"time":0.1667,"x":0,"y":0,"curve":[0.25,0,0.75,1]},{"time":0.8333,"x":1,"y":1,"curve":[0.25,0,0.75,1]},{"time":1.1667,"x":0,"y":0,"curve":"stepped"},{"time":1.3333,"x":0,"y":0,"curve":[0.25,0,0.75,1]},{"time":2.2,"x":1,"y":1,"curve":[0.25,0,0.75,1]},{"time":2.3333,"x":0,"y":0,"curve":"stepped"},{"time":4.5,"x":0,"y":0,"curve":[0.25,0,0.75,1]},{"time":5.1667,"x":1,"y":1,"curve":[0.25,0,0.75,1]},{"time":5.5,"x":0,"y":0,"curve":"stepped"},{"time":5.6667,"x":0,"y":0,"curve":[0.25,0,0.75,1]},{"time":6.5333,"x":1,"y":1,"curve":[0.25,0,0.75,1]},{"time":6.6667,"x":0,"y":0}]},"7qdlj_pd06":{"rotate":[{"time":0,"angle":0,"curve":"stepped"},{"time":0.5,"angle":0,"curve":[0.25,0,0.75,1]},{"time":1.4,"angle":-80.4,"curve":[0.25,0,0.75,1]},{"time":2.0333,"angle":0,"curve":[0.25,0,0.75,1]},{"time":2.7667,"angle":-80.4,"curve":[0.25,0,0.75,1]},{"time":3.8333,"angle":0,"curve":[0.25,0,0.75,1]},{"time":4.7333,"angle":-80.4,"curve":[0.25,0,0.75,1]},{"time":5.3667,"angle":0,"curve":[0.25,0,0.75,1]},{"time":6.1,"angle":-80.4}],"translate":[{"time":0,"x":0,"y":0,"curve":"stepped"},{"time":0.5,"x":0,"y":0,"curve":[0.25,0,0.75,1]},{"time":1.4,"x":0,"y":-42.5,"curve":[0.25,0,0.75,1]},{"time":2.0333,"x":0,"y":0,"curve":[0.25,0,0.75,1]},{"time":2.7667,"x":0,"y":-42.5,"curve":[0.25,0,0.75,1]},{"time":3.8333,"x":0,"y":0,"curve":[0.25,0,0.75,1]},{"time":4.7333,"x":0,"y":-42.5,"curve":[0.25,0,0.75,1]},{"time":5.3667,"x":0,"y":0,"curve":[0.25,0,0.75,1]},{"time":6.1,"x":0,"y":-42.5}],"scale":[{"time":0,"x":0,"y":0,"curve":"stepped"},{"time":0.5,"x":0,"y":0,"curve":[0.25,0,0.75,1]},{"time":0.8333,"x":1,"y":1,"curve":[0.25,0,0.75,1]},{"time":1.4,"x":0,"y":0,"curve":"stepped"},{"time":2.0333,"x":0,"y":0,"curve":[0.25,0,0.75,1]},{"time":2.2,"x":1,"y":1,"curve":[0.25,0,0.75,1]},{"time":2.7667,"x":0,"y":0,"curve":"stepped"},{"time":3.8333,"x":0,"y":0,"curve":[0.25,0,0.75,1]},{"time":4.1667,"x":1,"y":1,"curve":[0.25,0,0.75,1]},{"time":4.7333,"x":0,"y":0,"curve":"stepped"},{"time":5.3667,"x":0,"y":0,"curve":[0.25,0,0.75,1]},{"time":5.5333,"x":1,"y":1,"curve":[0.25,0,0.75,1]},{"time":6.1,"x":0,"y":0}]},"7qdlj_pd05":{"rotate":[{"time":0,"angle":0,"curve":"stepped"},{"time":0.6333,"angle":0,"curve":[0.25,0,0.75,1]},{"time":1.8,"angle":-96,"curve":[0.25,0,0.75,1]},{"time":2,"angle":0,"curve":[0.25,0,0.75,1]},{"time":3.1667,"angle":-96,"curve":[0.25,0,0.75,1]},{"time":3.8667,"angle":0,"curve":[0.25,0,0.75,1]},{"time":5.0333,"angle":-96,"curve":[0.25,0,0.75,1]},{"time":5.2333,"angle":0,"curve":[0.25,0,0.75,1]},{"time":6.4,"angle":-96}],"translate":[{"time":0,"x":0,"y":0,"curve":"stepped"},{"time":0.6333,"x":0,"y":0,"curve":[0.25,0,0.75,1]},{"time":1.8,"x":0,"y":-42.5,"curve":[0.25,0,0.75,1]},{"time":2,"x":0,"y":0,"curve":[0.25,0,0.75,1]},{"time":3.1667,"x":0,"y":-42.5,"curve":[0.25,0,0.75,1]},{"time":3.8667,"x":0,"y":0,"curve":[0.25,0,0.75,1]},{"time":5.0333,"x":0,"y":-42.5,"curve":[0.25,0,0.75,1]},{"time":5.2333,"x":0,"y":0,"curve":[0.25,0,0.75,1]},{"time":6.4,"x":0,"y":-42.5}],"scale":[{"time":0,"x":0,"y":0,"curve":"stepped"},{"time":0.6333,"x":0,"y":0,"curve":[0.25,0,0.75,1]},{"time":0.8333,"x":1,"y":1,"curve":[0.25,0,0.75,1]},{"time":1.8,"x":0,"y":0,"curve":"stepped"},{"time":2,"x":0,"y":0,"curve":[0.25,0,0.75,1]},{"time":2.2,"x":1,"y":1,"curve":[0.25,0,0.75,1]},{"time":3.1667,"x":0,"y":0,"curve":"stepped"},{"time":3.8667,"x":0,"y":0,"curve":[0.25,0,0.75,1]},{"time":4.0667,"x":1,"y":1,"curve":[0.25,0,0.75,1]},{"time":5.0333,"x":0,"y":0,"curve":"stepped"},{"time":5.2333,"x":0,"y":0,"curve":[0.25,0,0.75,1]},{"time":5.4333,"x":1,"y":1,"curve":[0.25,0,0.75,1]},{"time":6.4,"x":0,"y":0}]},"7qdlj_pd04":{"rotate":[{"time":0,"angle":0,"curve":"stepped"},{"time":0.2,"angle":0,"curve":[0.25,0,0.75,1]},{"time":1.1,"angle":-58.5,"curve":[0.25,0,0.75,1]},{"time":1.2667,"angle":0,"curve":[0.25,0,0.75,1]},{"time":2.1667,"angle":-58.5,"curve":[0.25,0,0.75,1]},{"time":4.4667,"angle":0,"curve":[0.25,0,0.75,1]},{"time":5.3667,"angle":-58.5,"curve":[0.25,0,0.75,1]},{"time":5.5333,"angle":0,"curve":[0.25,0,0.75,1]},{"time":6.4333,"angle":-58.5}],"translate":[{"time":0,"x":0,"y":0,"curve":"stepped"},{"time":0.2,"x":0,"y":0,"curve":[0.25,0,0.75,1]},{"time":1.1,"x":0,"y":-42.5,"curve":[0.25,0,0.75,1]},{"time":1.2667,"x":0,"y":0,"curve":[0.25,0,0.75,1]},{"time":2.1667,"x":0,"y":-42.5,"curve":[0.25,0,0.75,1]},{"time":4.4667,"x":0,"y":0,"curve":[0.25,0,0.75,1]},{"time":5.3667,"x":0,"y":-42.5,"curve":[0.25,0,0.75,1]},{"time":5.5333,"x":0,"y":0,"curve":[0.25,0,0.75,1]},{"time":6.4333,"x":0,"y":-42.5}],"scale":[{"time":0,"x":0,"y":0,"curve":"stepped"},{"time":0.2,"x":0,"y":0,"curve":[0.25,0,0.75,1]},{"time":0.6667,"x":1,"y":1,"curve":[0.25,0,0.75,1]},{"time":1.1,"x":0,"y":0,"curve":"stepped"},{"time":1.2667,"x":0,"y":0,"curve":[0.25,0,0.75,1]},{"time":1.7333,"x":1,"y":1,"curve":[0.25,0,0.75,1]},{"time":2.1667,"x":0,"y":0,"curve":"stepped"},{"time":4.4667,"x":0,"y":0,"curve":[0.25,0,0.75,1]},{"time":4.9333,"x":1,"y":1,"curve":[0.25,0,0.75,1]},{"time":5.3667,"x":0,"y":0,"curve":"stepped"},{"time":5.5333,"x":0,"y":0,"curve":[0.25,0,0.75,1]},{"time":6,"x":1,"y":1,"curve":[0.25,0,0.75,1]},{"time":6.4333,"x":0,"y":0}]},"7qdlj_pd03":{"rotate":[{"time":0,"angle":0,"curve":"stepped"},{"time":1.2,"angle":0,"curve":[0.25,0,0.75,1]},{"time":2.1,"angle":-77.7,"curve":[0.25,0,0.75,1]},{"time":2.2667,"angle":0,"curve":[0.25,0,0.75,1]},{"time":3.1333,"angle":-77.7,"curve":[0.25,0,0.75,1]},{"time":3.9667,"angle":0,"curve":[0.25,0,0.75,1]},{"time":4.8667,"angle":-77.7,"curve":[0.25,0,0.75,1]},{"time":5.0333,"angle":0,"curve":[0.25,0,0.75,1]},{"time":5.9,"angle":-77.7}],"translate":[{"time":0,"x":0,"y":0,"curve":"stepped"},{"time":1.2,"x":0,"y":0,"curve":[0.25,0,0.75,1]},{"time":2.1,"x":0,"y":-42.5,"curve":[0.25,0,0.75,1]},{"time":2.2667,"x":0,"y":0,"curve":[0.25,0,0.75,1]},{"time":3.1333,"x":0,"y":-42.5,"curve":[0.25,0,0.75,1]},{"time":3.9667,"x":0,"y":0,"curve":[0.25,0,0.75,1]},{"time":4.8667,"x":0,"y":-42.5,"curve":[0.25,0,0.75,1]},{"time":5.0333,"x":0,"y":0,"curve":[0.25,0,0.75,1]},{"time":5.9,"x":0,"y":-42.5}],"scale":[{"time":0,"x":0,"y":0,"curve":"stepped"},{"time":1.2,"x":0,"y":0,"curve":[0.25,0,0.75,1]},{"time":1.6667,"x":1,"y":1,"curve":[0.25,0,0.75,1]},{"time":2.1,"x":0,"y":0,"curve":"stepped"},{"time":2.2667,"x":0,"y":0,"curve":[0.25,0,0.75,1]},{"time":2.7,"x":1,"y":1,"curve":[0.25,0,0.75,1]},{"time":3.1333,"x":0,"y":0,"curve":"stepped"},{"time":3.9667,"x":0,"y":0,"curve":[0.25,0,0.75,1]},{"time":4.4333,"x":1,"y":1,"curve":[0.25,0,0.75,1]},{"time":4.8667,"x":0,"y":0,"curve":"stepped"},{"time":5.0333,"x":0,"y":0,"curve":[0.25,0,0.75,1]},{"time":5.4667,"x":1,"y":1,"curve":[0.25,0,0.75,1]},{"time":5.9,"x":0,"y":0}]},"7qdlj_pd02":{"rotate":[{"time":0,"angle":0,"curve":"stepped"},{"time":0.2333,"angle":0,"curve":[0.25,0,0.75,1]},{"time":1.4,"angle":84.6,"curve":[0.25,0,0.75,1]},{"time":1.6,"angle":0,"curve":[0.25,0,0.75,1]},{"time":2.7667,"angle":84.6,"curve":[0.25,0,0.75,1]},{"time":4.1333,"angle":0,"curve":[0.25,0,0.75,1]},{"time":5.3,"angle":84.6,"curve":[0.25,0,0.75,1]},{"time":5.5,"angle":0,"curve":[0.25,0,0.75,1]},{"time":6.6667,"angle":84.6}],"translate":[{"time":0,"x":0,"y":0,"curve":"stepped"},{"time":0.2333,"x":0,"y":0,"curve":[0.25,0,0.75,1]},{"time":1.4,"x":0,"y":-42.5,"curve":[0.25,0,0.75,1]},{"time":1.6,"x":0,"y":0,"curve":[0.25,0,0.75,1]},{"time":2.7667,"x":0,"y":-42.5,"curve":[0.25,0,0.75,1]},{"time":4.1333,"x":0,"y":0,"curve":[0.25,0,0.75,1]},{"time":5.3,"x":0,"y":-42.5,"curve":[0.25,0,0.75,1]},{"time":5.5,"x":0,"y":0,"curve":[0.25,0,0.75,1]},{"time":6.6667,"x":0,"y":-42.5}],"scale":[{"time":0,"x":0,"y":0,"curve":"stepped"},{"time":0.2333,"x":0,"y":0,"curve":[0.25,0,0.75,1]},{"time":0.8333,"x":1,"y":1,"curve":[0.25,0,0.75,1]},{"time":1.4,"x":0,"y":0,"curve":"stepped"},{"time":1.6,"x":0,"y":0,"curve":[0.25,0,0.75,1]},{"time":2.2,"x":1,"y":1,"curve":[0.25,0,0.75,1]},{"time":2.7667,"x":0,"y":0,"curve":"stepped"},{"time":4.1333,"x":0,"y":0,"curve":[0.25,0,0.75,1]},{"time":4.7333,"x":1,"y":1,"curve":[0.25,0,0.75,1]},{"time":5.3,"x":0,"y":0,"curve":"stepped"},{"time":5.5,"x":0,"y":0,"curve":[0.25,0,0.75,1]},{"time":6.1,"x":1,"y":1,"curve":[0.25,0,0.75,1]},{"time":6.6667,"x":0,"y":0}]},"7qdlj_pd01":{"rotate":[{"time":0,"angle":0,"curve":"stepped"},{"time":0.2333,"angle":0,"curve":[0.25,0,0.75,1]},{"time":1.4,"angle":102.9,"curve":[0.25,0,0.75,1]},{"time":1.6,"angle":0,"curve":[0.25,0,0.75,1]},{"time":2.7667,"angle":102.9,"curve":[0.25,0,0.75,1]},{"time":3.1667,"angle":0,"curve":[0.25,0,0.75,1]},{"time":4.3333,"angle":102.9,"curve":[0.25,0,0.75,1]},{"time":4.5333,"angle":0,"curve":[0.25,0,0.75,1]},{"time":5.7,"angle":102.9}],"translate":[{"time":0,"x":0,"y":0,"curve":"stepped"},{"time":0.4333,"x":0,"y":0,"curve":[0.25,0,0.75,1]},{"time":1.3,"x":0,"y":-42.5,"curve":[0.25,0,0.75,1]},{"time":1.5,"x":0,"y":0,"curve":[0.25,0,0.75,1]},{"time":2.6667,"x":0,"y":-42.5,"curve":[0.25,0,0.75,1]},{"time":3.3667,"x":0,"y":0,"curve":[0.25,0,0.75,1]},{"time":4.2333,"x":0,"y":-42.5,"curve":[0.25,0,0.75,1]},{"time":4.4333,"x":0,"y":0,"curve":[0.25,0,0.75,1]},{"time":5.6,"x":0,"y":-42.5}],"scale":[{"time":0,"x":0,"y":0,"curve":"stepped"},{"time":0.4333,"x":0,"y":0,"curve":[0.25,0,0.75,1]},{"time":0.8667,"x":1,"y":1,"curve":[0.25,0,0.75,1]},{"time":1.3,"x":0,"y":0,"curve":"stepped"},{"time":1.5,"x":0,"y":0,"curve":[0.25,0,0.75,1]},{"time":2.1,"x":1,"y":1,"curve":[0.25,0,0.75,1]},{"time":2.6667,"x":0,"y":0,"curve":"stepped"},{"time":3.3667,"x":0,"y":0,"curve":[0.25,0,0.75,1]},{"time":3.8,"x":1,"y":1,"curve":[0.25,0,0.75,1]},{"time":4.2333,"x":0,"y":0,"curve":"stepped"},{"time":4.4333,"x":0,"y":0,"curve":[0.25,0,0.75,1]},{"time":5.0333,"x":1,"y":1,"curve":[0.25,0,0.75,1]},{"time":5.6,"x":0,"y":0}]}}},"stop":{"slots":{"sg2":{"attachment":[{"time":0,"name":"7qdlj_sg2/7qdlj_sg2_00"},{"time":0.0333,"name":"7qdlj_sg2/7qdlj_sg2_01"},{"time":0.0667,"name":"7qdlj_sg2/7qdlj_sg2_02"},{"time":0.1,"name":"7qdlj_sg2/7qdlj_sg2_03"},{"time":0.1333,"name":"7qdlj_sg2/7qdlj_sg2_04"},{"time":0.1667,"name":"7qdlj_sg2/7qdlj_sg2_05"},{"time":0.2,"name":"7qdlj_sg2/7qdlj_sg2_06"},{"time":0.2333,"name":"7qdlj_sg2/7qdlj_sg2_07"},{"time":0.2667,"name":"7qdlj_sg2/7qdlj_sg2_08"},{"time":0.3,"name":"7qdlj_sg2/7qdlj_sg2_09"},{"time":0.3333,"name":"7qdlj_sg2/7qdlj_sg2_10"},{"time":0.3667,"name":"7qdlj_sg2/7qdlj_sg2_11"},{"time":0.4,"name":"7qdlj_sg2/7qdlj_sg2_12"},{"time":0.4333,"name":"7qdlj_sg2/7qdlj_sg2_13"},{"time":0.4667,"name":"7qdlj_sg2/7qdlj_sg2_14"},{"time":0.5,"name":"7qdlj_sg2/7qdlj_sg2_15"},{"time":0.5333,"name":"7qdlj_sg2/7qdlj_sg2_16"},{"time":0.5667,"name":"7qdlj_sg2/7qdlj_sg2_17"},{"time":0.6,"name":"7qdlj_sg2/7qdlj_sg2_18"},{"time":0.6333,"name":"7qdlj_sg2/7qdlj_sg2_19"},{"time":0.6667,"name":"7qdlj_sg2/7qdlj_sg2_20"},{"time":0.7,"name":"7qdlj_sg2/7qdlj_sg2_21"},{"time":0.7333,"name":"7qdlj_sg2/7qdlj_sg2_22"},{"time":0.7667,"name":"7qdlj_sg2/7qdlj_sg2_23"},{"time":0.8,"name":"7qdlj_sg2/7qdlj_sg2_24"},{"time":0.8333,"name":"7qdlj_sg2/7qdlj_sg2_25"},{"time":0.8667,"name":"7qdlj_sg2/7qdlj_sg2_26"},{"time":0.9,"name":"7qdlj_sg2/7qdlj_sg2_27"},{"time":0.9333,"name":"7qdlj_sg2/7qdlj_sg2_28"},{"time":0.9667,"name":"7qdlj_sg2/7qdlj_sg2_29"},{"time":1,"name":"7qdlj_sg2/7qdlj_sg2_30"},{"time":1.0333,"name":"7qdlj_sg2/7qdlj_sg2_31"},{"time":1.0667,"name":"7qdlj_sg2/7qdlj_sg2_32"},{"time":1.1,"name":"7qdlj_sg2/7qdlj_sg2_33"},{"time":1.1333,"name":"7qdlj_sg2/7qdlj_sg2_34"},{"time":1.1667,"name":"7qdlj_sg2/7qdlj_sg2_35"},{"time":3.4333,"name":"7qdlj_sg2/7qdlj_sg2_00"},{"time":3.4667,"name":"7qdlj_sg2/7qdlj_sg2_01"},{"time":3.5,"name":"7qdlj_sg2/7qdlj_sg2_02"},{"time":3.5333,"name":"7qdlj_sg2/7qdlj_sg2_03"},{"time":3.5667,"name":"7qdlj_sg2/7qdlj_sg2_04"},{"time":3.6,"name":"7qdlj_sg2/7qdlj_sg2_05"},{"time":3.6333,"name":"7qdlj_sg2/7qdlj_sg2_06"},{"time":3.6667,"name":"7qdlj_sg2/7qdlj_sg2_07"},{"time":3.7,"name":"7qdlj_sg2/7qdlj_sg2_08"},{"time":3.7333,"name":"7qdlj_sg2/7qdlj_sg2_09"},{"time":3.7667,"name":"7qdlj_sg2/7qdlj_sg2_10"},{"time":3.8,"name":"7qdlj_sg2/7qdlj_sg2_11"},{"time":3.8333,"name":"7qdlj_sg2/7qdlj_sg2_12"},{"time":3.8667,"name":"7qdlj_sg2/7qdlj_sg2_13"},{"time":3.9,"name":"7qdlj_sg2/7qdlj_sg2_14"},{"time":3.9333,"name":"7qdlj_sg2/7qdlj_sg2_15"},{"time":3.9667,"name":"7qdlj_sg2/7qdlj_sg2_16"},{"time":4,"name":"7qdlj_sg2/7qdlj_sg2_17"},{"time":4.0333,"name":"7qdlj_sg2/7qdlj_sg2_18"},{"time":4.0667,"name":"7qdlj_sg2/7qdlj_sg2_19"},{"time":4.1,"name":"7qdlj_sg2/7qdlj_sg2_20"},{"time":4.1333,"name":"7qdlj_sg2/7qdlj_sg2_21"},{"time":4.1667,"name":"7qdlj_sg2/7qdlj_sg2_22"},{"time":4.2,"name":"7qdlj_sg2/7qdlj_sg2_23"},{"time":4.2333,"name":"7qdlj_sg2/7qdlj_sg2_24"},{"time":4.2667,"name":"7qdlj_sg2/7qdlj_sg2_25"},{"time":4.3,"name":"7qdlj_sg2/7qdlj_sg2_26"},{"time":4.3333,"name":"7qdlj_sg2/7qdlj_sg2_27"},{"time":4.3667,"name":"7qdlj_sg2/7qdlj_sg2_28"},{"time":4.4,"name":"7qdlj_sg2/7qdlj_sg2_29"},{"time":4.4333,"name":"7qdlj_sg2/7qdlj_sg2_30"},{"time":4.4667,"name":"7qdlj_sg2/7qdlj_sg2_31"},{"time":4.5,"name":"7qdlj_sg2/7qdlj_sg2_32"},{"time":4.5333,"name":"7qdlj_sg2/7qdlj_sg2_33"},{"time":4.5667,"name":"7qdlj_sg2/7qdlj_sg2_34"},{"time":4.6,"name":"7qdlj_sg2/7qdlj_sg2_35"}]}},"bones":{"7qdlj_jb01":{"translate":[{"time":0,"x":0,"y":0.47,"curve":[0.374,0.62,0.715,1]},{"time":0.3,"x":0,"y":0,"curve":[0.25,0,0.75,1]},{"time":1.9,"x":0,"y":3.77,"curve":[0.243,0,0.681,0.72]},{"time":3.1667,"x":0,"y":0.47}]},"7qdlj_jb02":{"translate":[{"time":0,"x":0,"y":2.43,"curve":[0.382,0.57,0.735,1]},{"time":0.5667,"x":0,"y":0,"curve":[0.25,0,0.75,1]},{"time":2.2,"x":0,"y":8.57,"curve":[0.243,0,0.649,0.6]},{"time":3.3333,"x":0,"y":2.43,"curve":[0.382,0.57,0.735,1]},{"time":3.9,"x":0,"y":0,"curve":[0.25,0,0.75,1]},{"time":5.5333,"x":0,"y":8.57,"curve":[0.243,0,0.649,0.6]},{"time":6.6667,"x":0,"y":2.43}]},"7qdlj_jb03":{"translate":[{"time":0,"x":0,"y":-2.3,"curve":[0.377,0.51,0.748,1]},{"time":0.7667,"x":0,"y":0,"curve":[0.25,0,0.75,1]},{"time":2.4667,"x":0,"y":-4.96,"curve":[0.248,0,0.628,0.51]},{"time":3.3333,"x":0,"y":-2.3,"curve":[0.377,0.51,0.748,1]},{"time":4.1,"x":0,"y":0,"curve":[0.25,0,0.75,1]},{"time":5.8,"x":0,"y":-4.96,"curve":[0.248,0,0.628,0.51]},{"time":6.6667,"x":0,"y":-2.3}]},"7qdlj_jb04":{"translate":[{"time":0,"x":0,"y":0,"curve":[0.25,0,0.75,1]},{"time":1.7,"x":0,"y":-4.2,"curve":[0.25,0,0.75,1]},{"time":3.3333,"x":0,"y":0,"curve":[0.25,0,0.75,1]},{"time":5.0333,"x":0,"y":-4.2,"curve":[0.25,0,0.75,1]},{"time":6.6667,"x":0,"y":0}]},"7qdlj_jb05":{"translate":[{"time":0,"x":0,"y":-3.99,"curve":[0.361,0.44,0.755,1]},{"time":1.0333,"x":0,"y":0,"curve":[0.25,0,0.75,1]},{"time":2.7,"x":0,"y":-6.17,"curve":[0.259,0,0.618,0.45]},{"time":3.3333,"x":0,"y":-3.99,"curve":[0.361,0.44,0.755,1]},{"time":4.3667,"x":0,"y":0,"curve":[0.25,0,0.75,1]},{"time":6.0333,"x":0,"y":-6.17,"curve":[0.259,0,0.618,0.45]},{"time":6.6667,"x":0,"y":-3.99}]},"7qdlj_jb07":{"translate":[{"time":0,"x":0,"y":4.61,"curve":[0.333,0.33,0.758,1]},{"time":1.2667,"x":0,"y":0,"curve":[0.25,0,0.75,1]},{"time":2.9,"x":0,"y":5.65,"curve":[0.276,0,0.621,0.4]},{"time":3.3333,"x":0,"y":4.61,"curve":[0.333,0.33,0.758,1]},{"time":4.6,"x":0,"y":0,"curve":[0.25,0,0.75,1]},{"time":6.2333,"x":0,"y":5.65,"curve":[0.276,0,0.621,0.4]},{"time":6.6667,"x":0,"y":4.61}]},"7qdlj_jb08":{"translate":[{"time":0,"x":0,"y":0.51,"curve":[0.362,0.64,0.698,1]},{"time":0.1667,"x":0,"y":0,"curve":[0.25,0,0.75,1]},{"time":1.8667,"x":0,"y":9.83,"curve":[0.245,0,0.707,0.82]},{"time":3.3333,"x":0,"y":0.51,"curve":[0.362,0.64,0.698,1]},{"time":3.5,"x":0,"y":0,"curve":[0.25,0,0.75,1]},{"time":5.2,"x":0,"y":9.83,"curve":[0.245,0,0.707,0.82]},{"time":6.6667,"x":0,"y":0.51}]},"7qdlj_yibiao2":{"rotate":[{"time":0,"angle":-43.2,"curve":[0.25,0,0.75,1]},{"time":0.6,"angle":-63.9,"curve":[0.309,0,0.644,0.35]},{"time":0.6333,"angle":-63.55,"curve":[0.283,0.14,0.754,1]},{"time":1,"angle":-53.7,"curve":[0.25,0,0.75,1]},{"time":1.4,"angle":-63.9,"curve":[0.25,0,0.75,1]},{"time":1.8,"angle":-53.7,"curve":[0.25,0,0.75,1]},{"time":2.2,"angle":-16.5,"curve":[0.25,0,0.75,1]},{"time":2.9667,"angle":-43.2,"curve":[0.25,0,0.75,1]},{"time":3.2,"angle":-52.2,"curve":[0.25,0,0.75,1]},{"time":3.8333,"angle":-43.2,"curve":[0.25,0,0.75,1]},{"time":4.7,"angle":-16.5,"curve":[0.25,0,0.75,1]},{"time":5.6333,"angle":-43.2,"curve":[0.25,0,0.75,1]},{"time":5.9333,"angle":-52.2,"curve":[0.25,0,0.75,1]},{"time":6.6667,"angle":-43.2}]},"7qdlj_xg10":{"rotate":[{"time":0,"angle":0,"curve":"stepped"},{"time":0.7667,"angle":0,"curve":[0.25,0,0.625,0.5]},{"time":2.1,"angle":-87.9,"curve":[0.25,0,0.75,1]},{"time":3.9667,"angle":0,"curve":[0.25,0,0.625,0.5]},{"time":5.3,"angle":-87.9}],"scale":[{"time":0,"x":0,"y":0,"curve":"stepped"},{"time":0.7667,"x":0,"y":0,"curve":[0.25,0,0.75,1]},{"time":1.4333,"x":1,"y":1,"curve":[0.25,0,0.75,1]},{"time":2.1,"x":0,"y":0,"curve":"stepped"},{"time":3.9667,"x":0,"y":0,"curve":[0.25,0,0.75,1]},{"time":4.6333,"x":1,"y":1,"curve":[0.25,0,0.75,1]},{"time":5.3,"x":0,"y":0}]},"7qdlj_xg09":{"rotate":[{"time":0,"angle":0,"curve":"stepped"},{"time":0.0333,"angle":0,"curve":[0.25,0,0.625,0.5]},{"time":1.3667,"angle":-87.9,"curve":[0.25,0,0.75,1]},{"time":1.4667,"angle":0,"curve":[0.25,0,0.625,0.5]},{"time":2.8,"angle":-87.9,"curve":"stepped"},{"time":4.5667,"angle":-87.9,"curve":[0.25,0,0.75,1]},{"time":4.6667,"angle":0,"curve":[0.25,0,0.625,0.5]},{"time":6,"angle":-87.9}],"scale":[{"time":0,"x":0,"y":0,"curve":"stepped"},{"time":0.0333,"x":0,"y":0,"curve":[0.25,0,0.75,1]},{"time":0.7,"x":1,"y":1,"curve":[0.25,0,0.75,1]},{"time":1.3667,"x":0,"y":0,"curve":"stepped"},{"time":1.4667,"x":0,"y":0,"curve":[0.25,0,0.75,1]},{"time":2.1333,"x":1,"y":1,"curve":[0.25,0,0.75,1]},{"time":2.8,"x":0,"y":0,"curve":[0.25,0,0.75,1]},{"time":3.9,"x":1,"y":1,"curve":[0.25,0,0.75,1]},{"time":4.5667,"x":0,"y":0,"curve":"stepped"},{"time":4.6667,"x":0,"y":0,"curve":[0.25,0,0.75,1]},{"time":5.3333,"x":1,"y":1,"curve":[0.25,0,0.75,1]},{"time":6,"x":0,"y":0}]},"7qdlj_xg08":{"rotate":[{"time":0,"angle":0,"curve":"stepped"},{"time":0.5667,"angle":0,"curve":[0.25,0,0.625,0.5]},{"time":1.9,"angle":-87.9,"curve":[0.25,0,0.75,1]},{"time":2.2,"angle":0,"curve":[0.25,0,0.625,0.5]},{"time":2.9667,"angle":-87.9,"curve":[0.25,0,0.75,1]},{"time":3.7667,"angle":0,"curve":[0.25,0,0.625,0.5]},{"time":5.1,"angle":-87.9,"curve":[0.25,0,0.75,1]},{"time":5.4,"angle":0,"curve":[0.25,0,0.625,0.5]},{"time":6.1667,"angle":-87.9}],"scale":[{"time":0,"x":0,"y":0,"curve":"stepped"},{"time":0.5667,"x":0,"y":0,"curve":[0.25,0,0.75,1]},{"time":1.2333,"x":1,"y":1,"curve":[0.25,0,0.75,1]},{"time":1.9,"x":0,"y":0,"curve":"stepped"},{"time":2.2,"x":0,"y":0,"curve":[0.25,0,0.75,1]},{"time":2.5667,"x":1,"y":1,"curve":[0.25,0,0.75,1]},{"time":2.9667,"x":0,"y":0,"curve":"stepped"},{"time":3.7667,"x":0,"y":0,"curve":[0.25,0,0.75,1]},{"time":4.4333,"x":1,"y":1,"curve":[0.25,0,0.75,1]},{"time":5.1,"x":0,"y":0,"curve":"stepped"},{"time":5.4,"x":0,"y":0,"curve":[0.25,0,0.75,1]},{"time":5.7667,"x":1,"y":1,"curve":[0.25,0,0.75,1]},{"time":6.1667,"x":0,"y":0}]},"7qdlj_xg07":{"rotate":[{"time":0,"angle":0,"curve":"stepped"},{"time":0.9667,"angle":0,"curve":[0.25,0,0.625,0.5]},{"time":2.3,"angle":-87.9,"curve":[0.25,0,0.75,1]},{"time":4.1667,"angle":0,"curve":[0.25,0,0.625,0.5]},{"time":5.5,"angle":-87.9}],"scale":[{"time":0,"x":0,"y":0,"curve":"stepped"},{"time":0.9667,"x":0,"y":0,"curve":[0.25,0,0.75,1]},{"time":1.6333,"x":1,"y":1,"curve":[0.25,0,0.75,1]},{"time":2.3,"x":0,"y":0,"curve":"stepped"},{"time":4.1667,"x":0,"y":0,"curve":[0.25,0,0.75,1]},{"time":4.8333,"x":1,"y":1,"curve":[0.25,0,0.75,1]},{"time":5.5,"x":0,"y":0}]},"7qdlj_xg06":{"rotate":[{"time":0,"angle":0,"curve":"stepped"},{"time":0.1,"angle":0,"curve":[0.25,0,0.625,0.5]},{"time":1.4333,"angle":-87.9,"curve":[0.25,0,0.75,1]},{"time":1.7333,"angle":0,"curve":[0.25,0,0.625,0.5]},{"time":3.0667,"angle":-87.9,"curve":[0.25,0,0.75,1]},{"time":3.3,"angle":0,"curve":[0.25,0,0.625,0.5]},{"time":4.6333,"angle":-87.9,"curve":[0.25,0,0.75,1]},{"time":4.9333,"angle":0,"curve":[0.25,0,0.625,0.5]},{"time":6.2667,"angle":-87.9}],"scale":[{"time":0,"x":0,"y":0,"curve":"stepped"},{"time":0.1,"x":0,"y":0,"curve":[0.25,0,0.75,1]},{"time":0.7667,"x":1,"y":1,"curve":[0.25,0,0.75,1]},{"time":1.4333,"x":0,"y":0,"curve":"stepped"},{"time":1.7333,"x":0,"y":0,"curve":[0.25,0,0.75,1]},{"time":2.4,"x":1,"y":1,"curve":[0.25,0,0.75,1]},{"time":3.0667,"x":0,"y":0,"curve":"stepped"},{"time":3.3,"x":0,"y":0,"curve":[0.25,0,0.75,1]},{"time":3.9667,"x":1,"y":1,"curve":[0.25,0,0.75,1]},{"time":4.6333,"x":0,"y":0,"curve":"stepped"},{"time":4.9333,"x":0,"y":0,"curve":[0.25,0,0.75,1]},{"time":5.6,"x":1,"y":1,"curve":[0.25,0,0.75,1]},{"time":6.2667,"x":0,"y":0}]},"7qdlj_xg05":{"rotate":[{"time":0,"angle":0,"curve":"stepped"},{"time":0.4667,"angle":0,"curve":[0.25,0,0.625,0.5]},{"time":1.5667,"angle":-87.9,"curve":[0.25,0,0.75,1]},{"time":1.9,"angle":0,"curve":[0.25,0,0.625,0.5]},{"time":3,"angle":-87.9,"curve":[0.25,0,0.75,1]},{"time":3.6667,"angle":0,"curve":[0.25,0,0.625,0.5]},{"time":4.7667,"angle":-87.9,"curve":[0.25,0,0.75,1]},{"time":5.1,"angle":0,"curve":[0.25,0,0.625,0.5]},{"time":6.2,"angle":-87.9}],"scale":[{"time":0,"x":0,"y":0,"curve":"stepped"},{"time":0.4667,"x":0,"y":0,"curve":[0.25,0,0.75,1]},{"time":1,"x":1,"y":1,"curve":[0.25,0,0.75,1]},{"time":1.5667,"x":0,"y":0,"curve":"stepped"},{"time":1.9,"x":0,"y":0,"curve":[0.25,0,0.75,1]},{"time":2.4333,"x":1,"y":1,"curve":[0.25,0,0.75,1]},{"time":3,"x":0,"y":0,"curve":"stepped"},{"time":3.6667,"x":0,"y":0,"curve":[0.25,0,0.75,1]},{"time":4.2,"x":1,"y":1,"curve":[0.25,0,0.75,1]},{"time":4.7667,"x":0,"y":0,"curve":"stepped"},{"time":5.1,"x":0,"y":0,"curve":[0.25,0,0.75,1]},{"time":5.6333,"x":1,"y":1,"curve":[0.25,0,0.75,1]},{"time":6.2,"x":0,"y":0}]},"7qdlj_xg04":{"rotate":[{"time":0,"angle":0,"curve":"stepped"},{"time":0.1,"angle":0,"curve":[0.25,0,0.625,0.5]},{"time":1.4333,"angle":-87.9,"curve":[0.25,0,0.75,1]},{"time":1.8667,"angle":0,"curve":[0.25,0,0.625,0.5]},{"time":2.9,"angle":-87.9,"curve":[0.25,0,0.75,1]},{"time":3.3,"angle":0,"curve":[0.25,0,0.625,0.5]},{"time":4.6333,"angle":-87.9,"curve":[0.25,0,0.75,1]},{"time":5.0667,"angle":0,"curve":[0.25,0,0.625,0.5]},{"time":6.1,"angle":-87.9}],"scale":[{"time":0,"x":0,"y":0,"curve":"stepped"},{"time":0.1,"x":0,"y":0,"curve":[0.25,0,0.75,1]},{"time":0.7667,"x":1,"y":1,"curve":[0.25,0,0.75,1]},{"time":1.4333,"x":0,"y":0,"curve":"stepped"},{"time":1.8667,"x":0,"y":0,"curve":[0.25,0,0.75,1]},{"time":2.3667,"x":1,"y":1,"curve":[0.25,0,0.75,1]},{"time":2.9,"x":0,"y":0,"curve":"stepped"},{"time":3.3,"x":0,"y":0,"curve":[0.25,0,0.75,1]},{"time":3.9667,"x":1,"y":1,"curve":[0.25,0,0.75,1]},{"time":4.6333,"x":0,"y":0,"curve":"stepped"},{"time":5.0667,"x":0,"y":0,"curve":[0.25,0,0.75,1]},{"time":5.5667,"x":1,"y":1,"curve":[0.25,0,0.75,1]},{"time":6.1,"x":0,"y":0}]},"7qdlj_xg03":{"rotate":[{"time":0,"angle":0,"curve":"stepped"},{"time":0.1667,"angle":0,"curve":[0.25,0,0.625,0.5]},{"time":1.5,"angle":-87.9,"curve":[0.25,0,0.75,1]},{"time":1.7333,"angle":0,"curve":[0.25,0,0.625,0.5]},{"time":3.0667,"angle":-87.9,"curve":[0.25,0,0.75,1]},{"time":3.3667,"angle":0,"curve":[0.25,0,0.625,0.5]},{"time":4.7,"angle":-87.9,"curve":[0.25,0,0.75,1]},{"time":4.9333,"angle":0,"curve":[0.25,0,0.625,0.5]},{"time":6.2667,"angle":-87.9}],"scale":[{"time":0,"x":0,"y":0,"curve":"stepped"},{"time":0.1667,"x":0,"y":0,"curve":[0.25,0,0.75,1]},{"time":0.8333,"x":1,"y":1,"curve":[0.25,0,0.75,1]},{"time":1.5,"x":0,"y":0,"curve":"stepped"},{"time":1.7333,"x":0,"y":0,"curve":[0.25,0,0.75,1]},{"time":2.4,"x":1,"y":1,"curve":[0.25,0,0.75,1]},{"time":3.0667,"x":0,"y":0,"curve":"stepped"},{"time":3.3667,"x":0,"y":0,"curve":[0.25,0,0.75,1]},{"time":4.0333,"x":1,"y":1,"curve":[0.25,0,0.75,1]},{"time":4.7,"x":0,"y":0,"curve":"stepped"},{"time":4.9333,"x":0,"y":0,"curve":[0.25,0,0.75,1]},{"time":5.6,"x":1,"y":1,"curve":[0.25,0,0.75,1]},{"time":6.2667,"x":0,"y":0}]},"7qdlj_xg02":{"rotate":[{"time":0,"angle":0,"curve":"stepped"},{"time":0.1333,"angle":0,"curve":[0.25,0,0.625,0.5]},{"time":1.4667,"angle":-87.9,"curve":[0.25,0,0.75,1]},{"time":1.8333,"angle":0,"curve":[0.25,0,0.625,0.5]},{"time":3.1667,"angle":-87.9,"curve":[0.25,0,0.75,1]},{"time":3.3333,"angle":0,"curve":[0.25,0,0.625,0.5]},{"time":4.6667,"angle":-87.9,"curve":[0.25,0,0.75,1]},{"time":5.0333,"angle":0,"curve":[0.25,0,0.625,0.5]},{"time":6.3667,"angle":-87.9}],"scale":[{"time":0,"x":0,"y":0,"curve":"stepped"},{"time":0.1333,"x":0,"y":0,"curve":[0.25,0,0.75,1]},{"time":0.8,"x":1,"y":1,"curve":[0.25,0,0.75,1]},{"time":1.4667,"x":0,"y":0,"curve":"stepped"},{"time":1.8333,"x":0,"y":0,"curve":[0.25,0,0.75,1]},{"time":2.5,"x":1,"y":1,"curve":[0.25,0,0.75,1]},{"time":3.1667,"x":0,"y":0,"curve":"stepped"},{"time":3.3333,"x":0,"y":0,"curve":[0.25,0,0.75,1]},{"time":4,"x":1,"y":1,"curve":[0.25,0,0.75,1]},{"time":4.6667,"x":0,"y":0,"curve":"stepped"},{"time":5.0333,"x":0,"y":0,"curve":[0.25,0,0.75,1]},{"time":5.7,"x":1,"y":1,"curve":[0.25,0,0.75,1]},{"time":6.3667,"x":0,"y":0}]},"7qdlj_xg01":{"rotate":[{"time":0,"angle":0,"curve":"stepped"},{"time":0.0667,"angle":0,"curve":[0.25,0,0.625,0.5]},{"time":1.4,"angle":-87.9,"curve":[0.25,0,0.75,1]},{"time":1.7,"angle":0,"curve":[0.25,0,0.625,0.5]},{"time":3.0333,"angle":-87.9,"curve":[0.25,0,0.75,1]},{"time":3.2667,"angle":0,"curve":[0.25,0,0.625,0.5]},{"time":4.6,"angle":-87.9,"curve":[0.25,0,0.75,1]},{"time":4.9,"angle":0,"curve":[0.25,0,0.625,0.5]},{"time":6.2333,"angle":-87.9}],"scale":[{"time":0,"x":0,"y":0,"curve":"stepped"},{"time":0.0667,"x":0,"y":0,"curve":[0.25,0,0.75,1]},{"time":0.7333,"x":1,"y":1,"curve":[0.25,0,0.75,1]},{"time":1.4,"x":0,"y":0,"curve":"stepped"},{"time":1.7,"x":0,"y":0,"curve":[0.25,0,0.75,1]},{"time":2.3667,"x":1,"y":1,"curve":[0.25,0,0.75,1]},{"time":3.0333,"x":0,"y":0,"curve":"stepped"},{"time":3.2667,"x":0,"y":0,"curve":[0.25,0,0.75,1]},{"time":3.9333,"x":1,"y":1,"curve":[0.25,0,0.75,1]},{"time":4.6,"x":0,"y":0,"curve":"stepped"},{"time":4.9,"x":0,"y":0,"curve":[0.25,0,0.75,1]},{"time":5.5667,"x":1,"y":1,"curve":[0.25,0,0.75,1]},{"time":6.2333,"x":0,"y":0}]},"7qdlj_pd08":{"rotate":[{"time":0,"angle":0,"curve":"stepped"},{"time":0.0667,"angle":0,"curve":[0.25,0,0.75,1]},{"time":0.8,"angle":99.3,"curve":[0.25,0,0.75,1]},{"time":0.9667,"angle":0,"curve":[0.25,0,0.75,1]},{"time":2.1333,"angle":99.3,"curve":[0.25,0,0.75,1]},{"time":2.9,"angle":0,"curve":[0.25,0,0.75,1]},{"time":3.6333,"angle":99.3,"curve":[0.25,0,0.75,1]},{"time":3.8,"angle":0,"curve":[0.25,0,0.75,1]},{"time":4.9667,"angle":99.3}],"translate":[{"time":0,"x":0,"y":0,"curve":"stepped"},{"time":0.0667,"x":0,"y":0,"curve":[0.25,0,0.75,1]},{"time":0.8,"x":0,"y":-42.5,"curve":[0.25,0,0.75,1]},{"time":0.9667,"x":0,"y":0,"curve":[0.25,0,0.75,1]},{"time":2.1333,"x":0,"y":-42.5,"curve":[0.25,0,0.75,1]},{"time":2.9,"x":0,"y":0,"curve":[0.25,0,0.75,1]},{"time":3.6333,"x":0,"y":-42.5,"curve":[0.25,0,0.75,1]},{"time":3.8,"x":0,"y":0,"curve":[0.25,0,0.75,1]},{"time":4.9667,"x":0,"y":-42.5}],"scale":[{"time":0,"x":0,"y":0,"curve":"stepped"},{"time":0.0667,"x":0,"y":0,"curve":[0.25,0,0.75,1]},{"time":0.2,"x":1,"y":1,"curve":[0.25,0,0.75,1]},{"time":0.7667,"x":0,"y":0,"curve":"stepped"},{"time":0.9667,"x":0,"y":0,"curve":[0.25,0,0.75,1]},{"time":1.5667,"x":1,"y":1,"curve":[0.25,0,0.75,1]},{"time":2.1333,"x":0,"y":0,"curve":"stepped"},{"time":2.9,"x":0,"y":0,"curve":[0.25,0,0.75,1]},{"time":3.0333,"x":1,"y":1,"curve":[0.25,0,0.75,1]},{"time":3.6,"x":0,"y":0,"curve":"stepped"},{"time":3.8,"x":0,"y":0,"curve":[0.25,0,0.75,1]},{"time":4.4,"x":1,"y":1,"curve":[0.25,0,0.75,1]},{"time":4.9667,"x":0,"y":0}]},"7qdlj_pd07":{"rotate":[{"time":0,"angle":0,"curve":"stepped"},{"time":0.1667,"angle":0,"curve":[0.25,0,0.75,1]},{"time":1.1667,"angle":-101.4,"curve":[0.25,0,0.75,1]},{"time":1.3333,"angle":0,"curve":[0.25,0,0.75,1]},{"time":2.3333,"angle":-101.4,"curve":[0.25,0,0.75,1]},{"time":4.5,"angle":0,"curve":[0.25,0,0.75,1]},{"time":5.5,"angle":-101.4,"curve":[0.25,0,0.75,1]},{"time":5.6667,"angle":0,"curve":[0.25,0,0.75,1]},{"time":6.6667,"angle":-101.4}],"translate":[{"time":0,"x":0,"y":0,"curve":"stepped"},{"time":0.1667,"x":0,"y":0,"curve":[0.25,0,0.75,1]},{"time":1.1667,"x":0,"y":-42.5,"curve":[0.25,0,0.75,1]},{"time":1.3333,"x":0,"y":0,"curve":[0.25,0,0.75,1]},{"time":2.3333,"x":0,"y":-42.5,"curve":[0.25,0,0.75,1]},{"time":4.5,"x":0,"y":0,"curve":[0.25,0,0.75,1]},{"time":5.5,"x":0,"y":-42.5,"curve":[0.25,0,0.75,1]},{"time":5.6667,"x":0,"y":0,"curve":[0.25,0,0.75,1]},{"time":6.6667,"x":0,"y":-42.5}],"scale":[{"time":0,"x":0,"y":0,"curve":"stepped"},{"time":0.1667,"x":0,"y":0,"curve":[0.25,0,0.75,1]},{"time":0.8333,"x":1,"y":1,"curve":[0.25,0,0.75,1]},{"time":1.1667,"x":0,"y":0,"curve":"stepped"},{"time":1.3333,"x":0,"y":0,"curve":[0.25,0,0.75,1]},{"time":2.2,"x":1,"y":1,"curve":[0.25,0,0.75,1]},{"time":2.3333,"x":0,"y":0,"curve":"stepped"},{"time":4.5,"x":0,"y":0,"curve":[0.25,0,0.75,1]},{"time":5.1667,"x":1,"y":1,"curve":[0.25,0,0.75,1]},{"time":5.5,"x":0,"y":0,"curve":"stepped"},{"time":5.6667,"x":0,"y":0,"curve":[0.25,0,0.75,1]},{"time":6.5333,"x":1,"y":1,"curve":[0.25,0,0.75,1]},{"time":6.6667,"x":0,"y":0}]},"7qdlj_pd06":{"rotate":[{"time":0,"angle":0,"curve":"stepped"},{"time":0.5,"angle":0,"curve":[0.25,0,0.75,1]},{"time":1.4,"angle":-80.4,"curve":[0.25,0,0.75,1]},{"time":2.0333,"angle":0,"curve":[0.25,0,0.75,1]},{"time":2.7667,"angle":-80.4,"curve":[0.25,0,0.75,1]},{"time":3.8333,"angle":0,"curve":[0.25,0,0.75,1]},{"time":4.7333,"angle":-80.4,"curve":[0.25,0,0.75,1]},{"time":5.3667,"angle":0,"curve":[0.25,0,0.75,1]},{"time":6.1,"angle":-80.4}],"translate":[{"time":0,"x":0,"y":0,"curve":"stepped"},{"time":0.5,"x":0,"y":0,"curve":[0.25,0,0.75,1]},{"time":1.4,"x":0,"y":-42.5,"curve":[0.25,0,0.75,1]},{"time":2.0333,"x":0,"y":0,"curve":[0.25,0,0.75,1]},{"time":2.7667,"x":0,"y":-42.5,"curve":[0.25,0,0.75,1]},{"time":3.8333,"x":0,"y":0,"curve":[0.25,0,0.75,1]},{"time":4.7333,"x":0,"y":-42.5,"curve":[0.25,0,0.75,1]},{"time":5.3667,"x":0,"y":0,"curve":[0.25,0,0.75,1]},{"time":6.1,"x":0,"y":-42.5}],"scale":[{"time":0,"x":0,"y":0,"curve":"stepped"},{"time":0.5,"x":0,"y":0,"curve":[0.25,0,0.75,1]},{"time":0.8333,"x":1,"y":1,"curve":[0.25,0,0.75,1]},{"time":1.4,"x":0,"y":0,"curve":"stepped"},{"time":2.0333,"x":0,"y":0,"curve":[0.25,0,0.75,1]},{"time":2.2,"x":1,"y":1,"curve":[0.25,0,0.75,1]},{"time":2.7667,"x":0,"y":0,"curve":"stepped"},{"time":3.8333,"x":0,"y":0,"curve":[0.25,0,0.75,1]},{"time":4.1667,"x":1,"y":1,"curve":[0.25,0,0.75,1]},{"time":4.7333,"x":0,"y":0,"curve":"stepped"},{"time":5.3667,"x":0,"y":0,"curve":[0.25,0,0.75,1]},{"time":5.5333,"x":1,"y":1,"curve":[0.25,0,0.75,1]},{"time":6.1,"x":0,"y":0}]},"7qdlj_pd05":{"rotate":[{"time":0,"angle":0,"curve":"stepped"},{"time":0.6333,"angle":0,"curve":[0.25,0,0.75,1]},{"time":1.8,"angle":-96,"curve":[0.25,0,0.75,1]},{"time":2,"angle":0,"curve":[0.25,0,0.75,1]},{"time":3.1667,"angle":-96,"curve":[0.25,0,0.75,1]},{"time":3.8667,"angle":0,"curve":[0.25,0,0.75,1]},{"time":5.0333,"angle":-96,"curve":[0.25,0,0.75,1]},{"time":5.2333,"angle":0,"curve":[0.25,0,0.75,1]},{"time":6.4,"angle":-96}],"translate":[{"time":0,"x":0,"y":0,"curve":"stepped"},{"time":0.6333,"x":0,"y":0,"curve":[0.25,0,0.75,1]},{"time":1.8,"x":0,"y":-42.5,"curve":[0.25,0,0.75,1]},{"time":2,"x":0,"y":0,"curve":[0.25,0,0.75,1]},{"time":3.1667,"x":0,"y":-42.5,"curve":[0.25,0,0.75,1]},{"time":3.8667,"x":0,"y":0,"curve":[0.25,0,0.75,1]},{"time":5.0333,"x":0,"y":-42.5,"curve":[0.25,0,0.75,1]},{"time":5.2333,"x":0,"y":0,"curve":[0.25,0,0.75,1]},{"time":6.4,"x":0,"y":-42.5}],"scale":[{"time":0,"x":0,"y":0,"curve":"stepped"},{"time":0.6333,"x":0,"y":0,"curve":[0.25,0,0.75,1]},{"time":0.8333,"x":1,"y":1,"curve":[0.25,0,0.75,1]},{"time":1.8,"x":0,"y":0,"curve":"stepped"},{"time":2,"x":0,"y":0,"curve":[0.25,0,0.75,1]},{"time":2.2,"x":1,"y":1,"curve":[0.25,0,0.75,1]},{"time":3.1667,"x":0,"y":0,"curve":"stepped"},{"time":3.8667,"x":0,"y":0,"curve":[0.25,0,0.75,1]},{"time":4.0667,"x":1,"y":1,"curve":[0.25,0,0.75,1]},{"time":5.0333,"x":0,"y":0,"curve":"stepped"},{"time":5.2333,"x":0,"y":0,"curve":[0.25,0,0.75,1]},{"time":5.4333,"x":1,"y":1,"curve":[0.25,0,0.75,1]},{"time":6.4,"x":0,"y":0}]},"7qdlj_pd04":{"rotate":[{"time":0,"angle":0,"curve":"stepped"},{"time":0.2,"angle":0,"curve":[0.25,0,0.75,1]},{"time":1.1,"angle":-58.5,"curve":[0.25,0,0.75,1]},{"time":1.2667,"angle":0,"curve":[0.25,0,0.75,1]},{"time":2.1667,"angle":-58.5,"curve":[0.25,0,0.75,1]},{"time":4.4667,"angle":0,"curve":[0.25,0,0.75,1]},{"time":5.3667,"angle":-58.5,"curve":[0.25,0,0.75,1]},{"time":5.5333,"angle":0,"curve":[0.25,0,0.75,1]},{"time":6.4333,"angle":-58.5}],"translate":[{"time":0,"x":0,"y":0,"curve":"stepped"},{"time":0.2,"x":0,"y":0,"curve":[0.25,0,0.75,1]},{"time":1.1,"x":0,"y":-42.5,"curve":[0.25,0,0.75,1]},{"time":1.2667,"x":0,"y":0,"curve":[0.25,0,0.75,1]},{"time":2.1667,"x":0,"y":-42.5,"curve":[0.25,0,0.75,1]},{"time":4.4667,"x":0,"y":0,"curve":[0.25,0,0.75,1]},{"time":5.3667,"x":0,"y":-42.5,"curve":[0.25,0,0.75,1]},{"time":5.5333,"x":0,"y":0,"curve":[0.25,0,0.75,1]},{"time":6.4333,"x":0,"y":-42.5}],"scale":[{"time":0,"x":0,"y":0,"curve":"stepped"},{"time":0.2,"x":0,"y":0,"curve":[0.25,0,0.75,1]},{"time":0.6667,"x":1,"y":1,"curve":[0.25,0,0.75,1]},{"time":1.1,"x":0,"y":0,"curve":"stepped"},{"time":1.2667,"x":0,"y":0,"curve":[0.25,0,0.75,1]},{"time":1.7333,"x":1,"y":1,"curve":[0.25,0,0.75,1]},{"time":2.1667,"x":0,"y":0,"curve":"stepped"},{"time":4.4667,"x":0,"y":0,"curve":[0.25,0,0.75,1]},{"time":4.9333,"x":1,"y":1,"curve":[0.25,0,0.75,1]},{"time":5.3667,"x":0,"y":0,"curve":"stepped"},{"time":5.5333,"x":0,"y":0,"curve":[0.25,0,0.75,1]},{"time":6,"x":1,"y":1,"curve":[0.25,0,0.75,1]},{"time":6.4333,"x":0,"y":0}]},"7qdlj_pd03":{"rotate":[{"time":0,"angle":0,"curve":"stepped"},{"time":1.2,"angle":0,"curve":[0.25,0,0.75,1]},{"time":2.1,"angle":-77.7,"curve":[0.25,0,0.75,1]},{"time":2.2667,"angle":0,"curve":[0.25,0,0.75,1]},{"time":3.1333,"angle":-77.7,"curve":[0.25,0,0.75,1]},{"time":3.9667,"angle":0,"curve":[0.25,0,0.75,1]},{"time":4.8667,"angle":-77.7,"curve":[0.25,0,0.75,1]},{"time":5.0333,"angle":0,"curve":[0.25,0,0.75,1]},{"time":5.9,"angle":-77.7}],"translate":[{"time":0,"x":0,"y":0,"curve":"stepped"},{"time":1.2,"x":0,"y":0,"curve":[0.25,0,0.75,1]},{"time":2.1,"x":0,"y":-42.5,"curve":[0.25,0,0.75,1]},{"time":2.2667,"x":0,"y":0,"curve":[0.25,0,0.75,1]},{"time":3.1333,"x":0,"y":-42.5,"curve":[0.25,0,0.75,1]},{"time":3.9667,"x":0,"y":0,"curve":[0.25,0,0.75,1]},{"time":4.8667,"x":0,"y":-42.5,"curve":[0.25,0,0.75,1]},{"time":5.0333,"x":0,"y":0,"curve":[0.25,0,0.75,1]},{"time":5.9,"x":0,"y":-42.5}],"scale":[{"time":0,"x":0,"y":0,"curve":"stepped"},{"time":1.2,"x":0,"y":0,"curve":[0.25,0,0.75,1]},{"time":1.6667,"x":1,"y":1,"curve":[0.25,0,0.75,1]},{"time":2.1,"x":0,"y":0,"curve":"stepped"},{"time":2.2667,"x":0,"y":0,"curve":[0.25,0,0.75,1]},{"time":2.7,"x":1,"y":1,"curve":[0.25,0,0.75,1]},{"time":3.1333,"x":0,"y":0,"curve":"stepped"},{"time":3.9667,"x":0,"y":0,"curve":[0.25,0,0.75,1]},{"time":4.4333,"x":1,"y":1,"curve":[0.25,0,0.75,1]},{"time":4.8667,"x":0,"y":0,"curve":"stepped"},{"time":5.0333,"x":0,"y":0,"curve":[0.25,0,0.75,1]},{"time":5.4667,"x":1,"y":1,"curve":[0.25,0,0.75,1]},{"time":5.9,"x":0,"y":0}]},"7qdlj_pd02":{"rotate":[{"time":0,"angle":0,"curve":"stepped"},{"time":0.2333,"angle":0,"curve":[0.25,0,0.75,1]},{"time":1.4,"angle":84.6,"curve":[0.25,0,0.75,1]},{"time":1.6,"angle":0,"curve":[0.25,0,0.75,1]},{"time":2.7667,"angle":84.6,"curve":[0.25,0,0.75,1]},{"time":4.1333,"angle":0,"curve":[0.25,0,0.75,1]},{"time":5.3,"angle":84.6,"curve":[0.25,0,0.75,1]},{"time":5.5,"angle":0,"curve":[0.25,0,0.75,1]},{"time":6.6667,"angle":84.6}],"translate":[{"time":0,"x":0,"y":0,"curve":"stepped"},{"time":0.2333,"x":0,"y":0,"curve":[0.25,0,0.75,1]},{"time":1.4,"x":0,"y":-42.5,"curve":[0.25,0,0.75,1]},{"time":1.6,"x":0,"y":0,"curve":[0.25,0,0.75,1]},{"time":2.7667,"x":0,"y":-42.5,"curve":[0.25,0,0.75,1]},{"time":4.1333,"x":0,"y":0,"curve":[0.25,0,0.75,1]},{"time":5.3,"x":0,"y":-42.5,"curve":[0.25,0,0.75,1]},{"time":5.5,"x":0,"y":0,"curve":[0.25,0,0.75,1]},{"time":6.6667,"x":0,"y":-42.5}],"scale":[{"time":0,"x":0,"y":0,"curve":"stepped"},{"time":0.2333,"x":0,"y":0,"curve":[0.25,0,0.75,1]},{"time":0.8333,"x":1,"y":1,"curve":[0.25,0,0.75,1]},{"time":1.4,"x":0,"y":0,"curve":"stepped"},{"time":1.6,"x":0,"y":0,"curve":[0.25,0,0.75,1]},{"time":2.2,"x":1,"y":1,"curve":[0.25,0,0.75,1]},{"time":2.7667,"x":0,"y":0,"curve":"stepped"},{"time":4.1333,"x":0,"y":0,"curve":[0.25,0,0.75,1]},{"time":4.7333,"x":1,"y":1,"curve":[0.25,0,0.75,1]},{"time":5.3,"x":0,"y":0,"curve":"stepped"},{"time":5.5,"x":0,"y":0,"curve":[0.25,0,0.75,1]},{"time":6.1,"x":1,"y":1,"curve":[0.25,0,0.75,1]},{"time":6.6667,"x":0,"y":0}]},"7qdlj_pd01":{"rotate":[{"time":0,"angle":0,"curve":"stepped"},{"time":0.2333,"angle":0,"curve":[0.25,0,0.75,1]},{"time":1.4,"angle":102.9,"curve":[0.25,0,0.75,1]},{"time":1.6,"angle":0,"curve":[0.25,0,0.75,1]},{"time":2.7667,"angle":102.9,"curve":[0.25,0,0.75,1]},{"time":3.1667,"angle":0,"curve":[0.25,0,0.75,1]},{"time":4.3333,"angle":102.9,"curve":[0.25,0,0.75,1]},{"time":4.5333,"angle":0,"curve":[0.25,0,0.75,1]},{"time":5.7,"angle":102.9}],"translate":[{"time":0,"x":0,"y":0,"curve":"stepped"},{"time":0.4333,"x":0,"y":0,"curve":[0.25,0,0.75,1]},{"time":1.3,"x":0,"y":-42.5,"curve":[0.25,0,0.75,1]},{"time":1.5,"x":0,"y":0,"curve":[0.25,0,0.75,1]},{"time":2.6667,"x":0,"y":-42.5,"curve":[0.25,0,0.75,1]},{"time":3.3667,"x":0,"y":0,"curve":[0.25,0,0.75,1]},{"time":4.2333,"x":0,"y":-42.5,"curve":[0.25,0,0.75,1]},{"time":4.4333,"x":0,"y":0,"curve":[0.25,0,0.75,1]},{"time":5.6,"x":0,"y":-42.5}],"scale":[{"time":0,"x":0,"y":0,"curve":"stepped"},{"time":0.4333,"x":0,"y":0,"curve":[0.25,0,0.75,1]},{"time":0.8667,"x":1,"y":1,"curve":[0.25,0,0.75,1]},{"time":1.3,"x":0,"y":0,"curve":"stepped"},{"time":1.5,"x":0,"y":0,"curve":[0.25,0,0.75,1]},{"time":2.1,"x":1,"y":1,"curve":[0.25,0,0.75,1]},{"time":2.6667,"x":0,"y":0,"curve":"stepped"},{"time":3.3667,"x":0,"y":0,"curve":[0.25,0,0.75,1]},{"time":3.8,"x":1,"y":1,"curve":[0.25,0,0.75,1]},{"time":4.2333,"x":0,"y":0,"curve":"stepped"},{"time":4.4333,"x":0,"y":0,"curve":[0.25,0,0.75,1]},{"time":5.0333,"x":1,"y":1,"curve":[0.25,0,0.75,1]},{"time":5.6,"x":0,"y":0}]}}}}}