{"skeleton":{"hash":"7zpwPC8914fwpmyl9MlB3Ox/+/E","spine":"2.1.27","width":405,"height":238,"images":"./images/"},"bones":[{"name":"root"},{"name":"dengpaigx","parent":"root","x":-2.32,"y":-3.16},{"name":"xingdian","parent":"root","x":-129.88,"y":-0.45,"scaleX":0.244,"scaleY":0.244},{"name":"xingdian2","parent":"root","x":39.37,"y":33.49,"scaleX":0.276,"scaleY":0.276,"rotation":-46.02},{"name":"xingdian3","parent":"root","x":-62.95,"y":-37.79,"scaleX":0.245,"scaleY":0.245,"rotation":-53.04},{"name":"xingdian4","parent":"root","x":83.91,"y":-26.26,"scaleX":0.278,"scaleY":0.278,"rotation":-24.52},{"name":"xingdian5","parent":"root","x":108.54,"y":13.77,"scaleX":0.244,"scaleY":0.244,"rotation":21.08},{"name":"yidongguangdian","parent":"root","x":-104.5,"y":33.32,"scaleY":0.061},{"name":"yidongguangdian2","parent":"root","x":11.89,"y":-38.67,"scaleY":0.061},{"name":"yidongguangdian3","parent":"root","x":21.89,"y":-26.49,"scaleY":0.061}],"slots":[{"name":"dengpaigx","bone":"dengpaigx","attachment":"dengpaigx","blend":"additive"},{"name":"xingdian","bone":"xingdian","attachment":"xingdian","blend":"additive"},{"name":"xingdian5","bone":"xingdian5","attachment":"xingdian","blend":"additive"},{"name":"xingdian2","bone":"xingdian2","attachment":"xingdian","blend":"additive"},{"name":"xingdian4","bone":"xingdian4","attachment":"xingdian","blend":"additive"},{"name":"xingdian3","bone":"xingdian3","attachment":"xingdian","blend":"additive"},{"name":"yidongguangdian","bone":"yidongguangdian","attachment":"yidongguangdian","blend":"additive"},{"name":"yidongguangdian2","bone":"yidongguangdian2","attachment":"yidongguangdian","blend":"additive"},{"name":"yidongguangdian3","bone":"yidongguangdian3","attachment":"yidongguangdian","blend":"additive"}],"skins":{"default":{"dengpaigx":{"dengpaigx":{"width":405,"height":238}},"xingdian":{"xingdian":{"width":228,"height":229}},"xingdian2":{"xingdian":{"width":228,"height":229}},"xingdian3":{"xingdian":{"width":228,"height":229}},"xingdian4":{"xingdian":{"width":228,"height":229}},"xingdian5":{"xingdian":{"width":228,"height":229}},"yidongguangdian":{"yidongguangdian":{"width":128,"height":128}},"yidongguangdian2":{"yidongguangdian":{"width":128,"height":128}},"yidongguangdian3":{"yidongguangdian":{"width":128,"height":128}}}},"animations":{"animation":{"slots":{"dengpaigx":{"color":[{"time":0,"color":"ffffff00","curve":[0.25,0,0.75,1]},{"time":1,"color":"ffffff26","curve":[0.25,0,0.75,1]},{"time":2,"color":"ffffff00"}]},"xingdian":{"color":[{"time":0,"color":"ffffff00","curve":"stepped"},{"time":0.7666,"color":"ffffff00","curve":[0.25,0,0.75,1]},{"time":1.1,"color":"ffffffff","curve":[0.25,0,0.75,1]},{"time":1.7666,"color":"ffffff00"}]},"xingdian2":{"color":[{"time":0,"color":"ffffff00","curve":"stepped"},{"time":1.1666,"color":"ffffff00","curve":[0.25,0,0.75,1]},{"time":1.6,"color":"ffffffff","curve":[0.25,0,0.75,1]},{"time":2.5,"color":"ffffff00"}]},"xingdian3":{"color":[{"time":0,"color":"ffffff00","curve":"stepped"},{"time":0.5,"color":"ffffff00","curve":[0.25,0,0.75,1]},{"time":0.9333,"color":"ffffffff","curve":[0.25,0,0.75,1]},{"time":1.8333,"color":"ffffff00"}]},"xingdian4":{"color":[{"time":0,"color":"ffffff00","curve":[0.25,0,0.75,1]},{"time":0.3333,"color":"ffffffff","curve":[0.25,0,0.75,1]},{"time":1,"color":"ffffff00"}]},"xingdian5":{"color":[{"time":0,"color":"ffffff00","curve":"stepped"},{"time":1,"color":"ffffff00","curve":[0.25,0,0.75,1]},{"time":1.3333,"color":"ffffffff","curve":[0.25,0,0.75,1]},{"time":1.8333,"color":"ffffff00"}]},"yidongguangdian":{"color":[{"time":0,"color":"ffffff00","curve":[0.25,0,0.75,1]},{"time":0.6666,"color":"ffffff7c","curve":[0.25,0,0.75,1]},{"time":2,"color":"ffffff00"}]},"yidongguangdian2":{"color":[{"time":0,"color":"ffffff00","curve":[0.25,0,0.75,1]},{"time":0.3333,"color":"ffffff7c","curve":[0.25,0,0.75,1]},{"time":2,"color":"ffffff00"}]},"yidongguangdian3":{"color":[{"time":0,"color":"ffffff00"},{"time":0.3333,"color":"ffffff7d"},{"time":2,"color":"ffffff00"}]}},"bones":{"yidongguangdian":{"rotate":[{"time":0,"angle":0,"curve":"stepped"},{"time":2,"angle":0}],"translate":[{"time":0,"x":0,"y":0,"curve":[0.25,0,0.75,1]},{"time":2,"x":222.74,"y":0}],"scale":[{"time":0,"x":1,"y":1,"curve":"stepped"},{"time":2,"x":1,"y":1}]},"yidongguangdian2":{"rotate":[{"time":0,"angle":0,"curve":"stepped"},{"time":2,"angle":0}],"translate":[{"time":0,"x":0,"y":0,"curve":[0.25,0,0.75,1]},{"time":2,"x":-114.91,"y":0}],"scale":[{"time":0,"x":1,"y":1,"curve":"stepped"},{"time":2,"x":1,"y":1}]},"yidongguangdian3":{"rotate":[{"time":0,"angle":0,"curve":"stepped"},{"time":2,"angle":0}],"translate":[{"time":0,"x":0,"y":0},{"time":2,"x":82.51,"y":0}],"scale":[{"time":0,"x":1,"y":1,"curve":"stepped"},{"time":2,"x":1,"y":1}]}}}}}