{"skeleton":{"hash":"l13Zr92nIQdI66fmCguBHDVNWgw","spine":"3.6.37","width":241,"height":90,"images":"./images/"},"bones":[{"name":"root"},{"name":"byfs_djlq","parent":"root","color":"b7b7b7ff"},{"name":"byfs_jinzhumenulg","parent":"byfs_djlq","y":3.98,"scaleX":2,"scaleY":2,"color":"b7b7b7ff"}],"slots":[{"name":"byfs_djlq","bone":"byfs_djlq","attachment":"byfs_djlq"},{"name":"byfs_jinzhumenulg","bone":"byfs_jinzhumenulg","blend":"additive"}],"skins":{"default":{"byfs_djlq":{"byfs_djlq":{"width":241,"height":90}},"byfs_jinzhumenulg":{"byfs_jinzhumenulg0":{"width":112,"height":37},"byfs_jinzhumenulg1":{"width":112,"height":37},"byfs_jinzhumenulg2":{"width":112,"height":37},"byfs_jinzhumenulg3":{"width":112,"height":37},"byfs_jinzhumenulg4":{"width":112,"height":37},"byfs_jinzhumenulg5":{"width":112,"height":37},"byfs_jinzhumenulg6":{"width":112,"height":37},"byfs_jinzhumenulg7":{"width":112,"height":37},"byfs_jinzhumenulg8":{"width":112,"height":37},"byfs_jinzhumenulg9":{"width":112,"height":37},"byfs_jinzhumenulg10":{"width":112,"height":37},"byfs_jinzhumenulg11":{"width":112,"height":37},"byfs_jinzhumenulg12":{"width":112,"height":37},"byfs_jinzhumenulg13":{"width":112,"height":37},"byfs_jinzhumenulg14":{"width":112,"height":37},"byfs_jinzhumenulg15":{"width":112,"height":37},"byfs_jinzhumenulg16":{"width":112,"height":37},"byfs_jinzhumenulg17":{"width":112,"height":37},"byfs_jinzhumenulg18":{"width":112,"height":37},"byfs_jinzhumenulg19":{"width":112,"height":37},"byfs_jinzhumenulg20":{"width":112,"height":37},"byfs_jinzhumenulg21":{"width":112,"height":37},"byfs_jinzhumenulg22":{"width":112,"height":37},"byfs_jinzhumenulg23":{"width":112,"height":37},"byfs_jinzhumenulg24":{"width":112,"height":37},"byfs_jinzhumenulg25":{"width":112,"height":37},"byfs_jinzhumenulg26":{"width":112,"height":37},"byfs_jinzhumenulg27":{"width":112,"height":37},"byfs_jinzhumenulg28":{"width":112,"height":37},"byfs_jinzhumenulg29":{"width":112,"height":37},"byfs_jinzhumenulg30":{"width":112,"height":37},"byfs_jinzhumenulg31":{"width":112,"height":37},"byfs_jinzhumenulg32":{"width":112,"height":37},"byfs_jinzhumenulg33":{"width":112,"height":37},"byfs_jinzhumenulg34":{"width":112,"height":37},"byfs_jinzhumenulg35":{"width":112,"height":37}}}},"animations":{"idle":{"slots":{"byfs_djlq":{"color":[{"time":0,"color":"fffffffe","curve":"stepped"},{"time":2.4,"color":"fffffffe"}],"attachment":[{"time":0,"name":"byfs_djlq"},{"time":2.4,"name":"byfs_djlq"}]},"byfs_jinzhumenulg":{"color":[{"time":0,"color":"fffffffe","curve":"stepped"},{"time":2.4,"color":"fffffffe"}],"attachment":[{"time":0,"name":"byfs_jinzhumenulg0"},{"time":0.0333,"name":"byfs_jinzhumenulg1"},{"time":0.0667,"name":"byfs_jinzhumenulg2"},{"time":0.1,"name":"byfs_jinzhumenulg3"},{"time":0.1333,"name":"byfs_jinzhumenulg4"},{"time":0.1667,"name":"byfs_jinzhumenulg5"},{"time":0.2,"name":"byfs_jinzhumenulg6"},{"time":0.2333,"name":"byfs_jinzhumenulg7"},{"time":0.2667,"name":"byfs_jinzhumenulg8"},{"time":0.3,"name":"byfs_jinzhumenulg9"},{"time":0.3333,"name":"byfs_jinzhumenulg10"},{"time":0.3667,"name":"byfs_jinzhumenulg11"},{"time":0.4,"name":"byfs_jinzhumenulg12"},{"time":0.4333,"name":"byfs_jinzhumenulg13"},{"time":0.4667,"name":"byfs_jinzhumenulg14"},{"time":0.5,"name":"byfs_jinzhumenulg15"},{"time":0.5333,"name":"byfs_jinzhumenulg16"},{"time":0.5667,"name":"byfs_jinzhumenulg17"},{"time":0.6,"name":"byfs_jinzhumenulg18"},{"time":0.6333,"name":"byfs_jinzhumenulg19"},{"time":0.6667,"name":"byfs_jinzhumenulg20"},{"time":0.7,"name":"byfs_jinzhumenulg21"},{"time":0.7333,"name":"byfs_jinzhumenulg22"},{"time":0.7667,"name":"byfs_jinzhumenulg23"},{"time":0.8,"name":"byfs_jinzhumenulg24"},{"time":0.8333,"name":"byfs_jinzhumenulg25"},{"time":0.8667,"name":"byfs_jinzhumenulg26"},{"time":0.9,"name":"byfs_jinzhumenulg27"},{"time":0.9333,"name":"byfs_jinzhumenulg28"},{"time":0.9667,"name":"byfs_jinzhumenulg29"},{"time":1,"name":"byfs_jinzhumenulg30"},{"time":1.0333,"name":"byfs_jinzhumenulg31"},{"time":1.0667,"name":"byfs_jinzhumenulg32"},{"time":1.1,"name":"byfs_jinzhumenulg33"},{"time":1.1333,"name":"byfs_jinzhumenulg34"},{"time":1.1667,"name":"byfs_jinzhumenulg35"},{"time":1.2,"name":"byfs_jinzhumenulg0"},{"time":1.2333,"name":"byfs_jinzhumenulg1"},{"time":1.2667,"name":"byfs_jinzhumenulg2"},{"time":1.3,"name":"byfs_jinzhumenulg3"},{"time":1.3333,"name":"byfs_jinzhumenulg4"},{"time":1.3667,"name":"byfs_jinzhumenulg5"},{"time":1.4,"name":"byfs_jinzhumenulg6"},{"time":1.4333,"name":"byfs_jinzhumenulg7"},{"time":1.4667,"name":"byfs_jinzhumenulg8"},{"time":1.5,"name":"byfs_jinzhumenulg9"},{"time":1.5333,"name":"byfs_jinzhumenulg10"},{"time":1.5667,"name":"byfs_jinzhumenulg11"},{"time":1.6,"name":"byfs_jinzhumenulg12"},{"time":1.6333,"name":"byfs_jinzhumenulg13"},{"time":1.6667,"name":"byfs_jinzhumenulg14"},{"time":1.7,"name":"byfs_jinzhumenulg15"},{"time":1.7333,"name":"byfs_jinzhumenulg16"},{"time":1.7667,"name":"byfs_jinzhumenulg17"},{"time":1.8,"name":"byfs_jinzhumenulg18"},{"time":1.8333,"name":"byfs_jinzhumenulg19"},{"time":1.8667,"name":"byfs_jinzhumenulg20"},{"time":1.9,"name":"byfs_jinzhumenulg21"},{"time":1.9333,"name":"byfs_jinzhumenulg22"},{"time":1.9667,"name":"byfs_jinzhumenulg23"},{"time":2,"name":"byfs_jinzhumenulg24"},{"time":2.0333,"name":"byfs_jinzhumenulg25"},{"time":2.0667,"name":"byfs_jinzhumenulg26"},{"time":2.1,"name":"byfs_jinzhumenulg27"},{"time":2.1333,"name":"byfs_jinzhumenulg28"},{"time":2.1667,"name":"byfs_jinzhumenulg29"},{"time":2.2,"name":"byfs_jinzhumenulg30"},{"time":2.2333,"name":"byfs_jinzhumenulg31"},{"time":2.2667,"name":"byfs_jinzhumenulg32"},{"time":2.3,"name":"byfs_jinzhumenulg33"},{"time":2.3333,"name":"byfs_jinzhumenulg34"},{"time":2.3667,"name":"byfs_jinzhumenulg35"},{"time":2.4,"name":"byfs_jinzhumenulg0"}]}},"bones":{"byfs_djlq":{"scale":[{"time":0,"x":0.945,"y":0.945,"curve":[0.25,0,0.75,1]},{"time":0.4,"x":0.934,"y":0.934,"curve":[0.25,0,0.75,1]},{"time":1.6,"x":0.973,"y":0.973,"curve":[0.25,0,0.75,1]},{"time":2.4,"x":0.945,"y":0.945}]}}},"start":{"slots":{"byfs_djlq":{"color":[{"time":0,"color":"fffffffe","curve":"stepped"},{"time":0.2667,"color":"fffffffe"},{"time":0.6667,"color":"ffffff00"}],"attachment":[{"time":0,"name":"byfs_djlq"},{"time":0.6667,"name":null}]},"byfs_jinzhumenulg":{"color":[{"time":0,"color":"fffffffe","curve":"stepped"},{"time":0.2667,"color":"fffffffe"},{"time":0.5,"color":"ffffff00"}],"attachment":[{"time":0,"name":"byfs_jinzhumenulg0"},{"time":0.0333,"name":"byfs_jinzhumenulg1"},{"time":0.0667,"name":"byfs_jinzhumenulg2"},{"time":0.1,"name":"byfs_jinzhumenulg3"},{"time":0.1333,"name":"byfs_jinzhumenulg4"},{"time":0.1667,"name":"byfs_jinzhumenulg5"},{"time":0.2,"name":"byfs_jinzhumenulg6"},{"time":0.2333,"name":"byfs_jinzhumenulg7"},{"time":0.2667,"name":"byfs_jinzhumenulg8"},{"time":0.3,"name":"byfs_jinzhumenulg9"},{"time":0.3333,"name":"byfs_jinzhumenulg10"},{"time":0.3667,"name":"byfs_jinzhumenulg11"},{"time":0.4,"name":"byfs_jinzhumenulg12"},{"time":0.4333,"name":"byfs_jinzhumenulg13"},{"time":0.4667,"name":"byfs_jinzhumenulg14"},{"time":0.5,"name":null}]}},"bones":{"byfs_djlq":{"rotate":[{"time":0,"angle":0,"curve":"stepped"},{"time":0.6667,"angle":0}],"translate":[{"time":0,"x":0,"y":0,"curve":"stepped"},{"time":0.6667,"x":0,"y":0}],"scale":[{"time":0,"x":1,"y":1,"curve":[0,1,0.582,1]},{"time":0.2,"x":0.9,"y":0.9,"curve":[0,1,0.582,1]},{"time":0.6667,"x":1,"y":1}]}}}}}