{"skeleton":{"hash":"Xam9b7+zVpImmiTHzaAKScs2Vig","spine":"3.6.37","width":125,"height":78,"images":"./images/"},"bones":[{"name":"root"},{"name":"hip","parent":"root"},{"name":"rk","parent":"hip","x":-1.69,"y":9.02},{"name":"hb","parent":"rk","rotation":-5.1,"x":9.44,"y":-15.1},{"name":"sg","parent":"rk","x":-0.27,"y":-22.73,"scaleX":2,"scaleY":2},{"name":"zqhd_sjrkd","parent":"rk","x":-37.4,"y":23.51},{"name":"zqhd_sjrkd2","parent":"rk","x":-10.08,"y":15.24,"scaleX":0.95,"scaleY":0.9},{"name":"zqhd_sjrkd3","parent":"rk","x":-25.67,"y":-0.4,"scaleX":0.5,"scaleY":0.5},{"name":"zqhd_sjrkdl1","parent":"rk","length":18.39,"rotation":123.2,"x":-44.62,"y":-1.38},{"name":"zqhd_sjrkdl2","parent":"rk","length":11.99,"rotation":49.5,"x":52.85,"y":-13.92},{"name":"zqhd_sjrkhb1","parent":"hb","length":50.89,"rotation":79.51,"x":-2.22,"y":-10.46},{"name":"zqhd_sjrkhb2","parent":"hb","length":48.83,"rotation":72.93,"x":4.34,"y":-11.21},{"name":"zqhd_sjrkxx","parent":"zqhd_sjrkhb1","x":36.22,"y":-1.14},{"name":"zqhd_sjrkxx1","parent":"rk","x":23.46,"y":-13.59}],"slots":[{"name":"zqhd_sjrkyl","bone":"rk","attachment":"zqhd_sjrkyl"},{"name":"zqhd_sjrkdl2","bone":"zqhd_sjrkdl2","attachment":"zqhd_sjrkdl2"},{"name":"zqhd_sjrkdl1","bone":"zqhd_sjrkdl1","attachment":"zqhd_sjrkdl1"},{"name":"zqhd_sjrkdl3","bone":"zqhd_sjrkdl1","blend":"additive"},{"name":"zqhd_sjrkhb2","bone":"zqhd_sjrkhb2","attachment":"zqhd_sjrkhb2"},{"name":"zqhd_sjrkhb1","bone":"zqhd_sjrkhb1","attachment":"zqhd_sjrkhb1"},{"name":"zqhd_sjrkzt","bone":"rk","attachment":"zqhd_sjrkzt"},{"name":"zqhd_sjrkd","bone":"zqhd_sjrkd","attachment":"zqhd_sjrkd"},{"name":"zqhd_sjrkd3","bone":"zqhd_sjrkd3","attachment":"zqhd_sjrkd"},{"name":"zqhd_sjrkd4","bone":"zqhd_sjrkd3","attachment":"zqhd_sjrkd","blend":"additive"},{"name":"zqhd_sjrkd2","bone":"zqhd_sjrkd2","attachment":"zqhd_sjrkd"},{"name":"zqhd_sjrkxx1","bone":"zqhd_sjrkxx1","attachment":"zqhd_sjrkxx1","blend":"additive"},{"name":"zqhd_sjrkxx","bone":"zqhd_sjrkxx","attachment":"zqhd_sjrkxx","blend":"additive"},{"name":"zqhd_sjtqdtrksg0","bone":"sg","blend":"additive"}],"skins":{"default":{"zqhd_sjrkd":{"zqhd_sjrkd":{"x":1.83,"y":0.94,"width":32,"height":26}},"zqhd_sjrkd2":{"zqhd_sjrkd":{"x":1.83,"y":0.94,"width":32,"height":26}},"zqhd_sjrkd3":{"zqhd_sjrkd":{"x":1.83,"y":0.94,"width":32,"height":26}},"zqhd_sjrkd4":{"zqhd_sjrkd":{"x":1.83,"y":0.94,"width":32,"height":26}},"zqhd_sjrkdl1":{"zqhd_sjrkdl1":{"x":6.77,"y":-0.31,"rotation":-123.2,"width":23,"height":24}},"zqhd_sjrkdl2":{"zqhd_sjrkdl2":{"x":5.6,"y":-0.59,"rotation":-49.5,"width":17,"height":17}},"zqhd_sjrkdl3":{"zqhd_sjrkdl1":{"x":6.77,"y":-0.31,"rotation":-123.2,"width":23,"height":24}},"zqhd_sjrkhb1":{"zqhd_sjrkhb1":{"x":24.39,"y":-2.68,"rotation":-74.41,"width":52,"height":54}},"zqhd_sjrkhb2":{"zqhd_sjrkhb2":{"x":22.45,"y":-1.83,"rotation":-67.83,"width":47,"height":54}},"zqhd_sjrkxx":{"zqhd_sjrkxx":{"x":-1.45,"y":0.32,"rotation":-74.41,"width":26,"height":25}},"zqhd_sjrkxx1":{"zqhd_sjrkxx1":{"x":-0.53,"y":-0.46,"width":31,"height":31}},"zqhd_sjrkyl":{"zqhd_sjrkyl":{"x":-2.57,"y":-1.55,"width":78,"height":78}},"zqhd_sjrkzt":{"zqhd_sjrkzt":{"x":-0.07,"y":-22.55,"width":107,"height":30}},"zqhd_sjtqdtrksg0":{"zqhd_sjtqdtrksg0":{"width":51,"height":12},"zqhd_sjtqdtrksg1":{"width":51,"height":12},"zqhd_sjtqdtrksg2":{"width":51,"height":12},"zqhd_sjtqdtrksg3":{"width":51,"height":12},"zqhd_sjtqdtrksg4":{"width":51,"height":12},"zqhd_sjtqdtrksg5":{"width":51,"height":12},"zqhd_sjtqdtrksg6":{"width":51,"height":12},"zqhd_sjtqdtrksg7":{"width":51,"height":12},"zqhd_sjtqdtrksg8":{"width":51,"height":12},"zqhd_sjtqdtrksg9":{"width":51,"height":12},"zqhd_sjtqdtrksg10":{"width":51,"height":12},"zqhd_sjtqdtrksg11":{"width":51,"height":12},"zqhd_sjtqdtrksg12":{"width":51,"height":12},"zqhd_sjtqdtrksg13":{"width":51,"height":12},"zqhd_sjtqdtrksg14":{"width":51,"height":12},"zqhd_sjtqdtrksg15":{"width":51,"height":12},"zqhd_sjtqdtrksg16":{"width":51,"height":12},"zqhd_sjtqdtrksg17":{"width":51,"height":12},"zqhd_sjtqdtrksg18":{"width":51,"height":12},"zqhd_sjtqdtrksg19":{"width":51,"height":12},"zqhd_sjtqdtrksg20":{"width":51,"height":12},"zqhd_sjtqdtrksg21":{"width":51,"height":12},"zqhd_sjtqdtrksg22":{"width":51,"height":12},"zqhd_sjtqdtrksg23":{"width":51,"height":12},"zqhd_sjtqdtrksg24":{"width":51,"height":12},"zqhd_sjtqdtrksg25":{"width":51,"height":12},"zqhd_sjtqdtrksg26":{"width":51,"height":12},"zqhd_sjtqdtrksg27":{"width":51,"height":12},"zqhd_sjtqdtrksg28":{"width":51,"height":12},"zqhd_sjtqdtrksg29":{"width":51,"height":12},"zqhd_sjtqdtrksg30":{"width":51,"height":12},"zqhd_sjtqdtrksg31":{"width":51,"height":12},"zqhd_sjtqdtrksg32":{"width":51,"height":12},"zqhd_sjtqdtrksg33":{"width":51,"height":12},"zqhd_sjtqdtrksg34":{"width":51,"height":12},"zqhd_sjtqdtrksg35":{"width":51,"height":12}}}},"animations":{"animation":{"slots":{"zqhd_sjrkd":{"color":[{"time":0,"color":"ffffff00"},{"time":0.8333,"color":"fffffffe"},{"time":2.3667,"color":"ffffff00","curve":"stepped"},{"time":2.4,"color":"ffffff00"},{"time":3.2333,"color":"fffffffe"},{"time":4.7667,"color":"ffffff00"}]},"zqhd_sjrkd2":{"color":[{"time":0,"color":"ffffff60"},{"time":0.6,"color":"ffffff00","curve":"stepped"},{"time":0.6333,"color":"ffffff00"},{"time":1.4333,"color":"fffffffe"},{"time":2.4,"color":"ffffff60"},{"time":3,"color":"ffffff00","curve":"stepped"},{"time":3.0333,"color":"ffffff00"},{"time":3.8333,"color":"fffffffe"},{"time":4.8,"color":"ffffff60"}]},"zqhd_sjrkd3":{"color":[{"time":0,"color":"fffffffe"},{"time":1.5667,"color":"ffffff00","curve":"stepped"},{"time":1.6,"color":"ffffff00"},{"time":2.4,"color":"fffffffe"},{"time":3.9667,"color":"ffffff00","curve":"stepped"},{"time":4,"color":"ffffff00"},{"time":4.8,"color":"fffffffe"}]},"zqhd_sjrkd4":{"color":[{"time":0,"color":"ffffff4a"},{"time":1.5667,"color":"ffffff00","curve":"stepped"},{"time":1.6,"color":"ffffff00"},{"time":2.4,"color":"ffffff4a"},{"time":3.9667,"color":"ffffff00","curve":"stepped"},{"time":4,"color":"ffffff00"},{"time":4.8,"color":"ffffff4a"}]},"zqhd_sjrkdl3":{"color":[{"time":0,"color":"ffffff00","curve":[0.25,0,0.75,1]},{"time":0.3,"color":"ffffff22","curve":[0.25,0,0.75,1]},{"time":0.8667,"color":"ffffff0e","curve":[0.25,0,0.75,1]},{"time":1.3667,"color":"ffffff32","curve":[0.25,0,0.75,1]},{"time":2.9,"color":"ffffff00","curve":[0.25,0,0.75,1]},{"time":3.5667,"color":"ffffff22","curve":[0.25,0,0.75,1]},{"time":4.8,"color":"ffffff00"}],"attachment":[{"time":0,"name":"zqhd_sjrkdl1"}]},"zqhd_sjrkxx":{"color":[{"time":0,"color":"ffffff00","curve":[0,0.79,0.555,0.99]},{"time":0.5333,"color":"fffffffe","curve":[0.25,0,0.75,1]},{"time":2.3667,"color":"ffffff00","curve":"stepped"},{"time":2.4,"color":"ffffff00","curve":[0,0.79,0.555,0.99]},{"time":2.9333,"color":"fffffffe","curve":[0.25,0,0.75,1]},{"time":4.7667,"color":"ffffff00"}]},"zqhd_sjrkxx1":{"color":[{"time":0,"color":"ffffff5c","curve":[0.382,0.55,0.742,1]},{"time":0.6333,"color":"ffffff00","curve":"stepped"},{"time":0.6667,"color":"ffffff00","curve":[0.207,0.58,0.542,0.99]},{"time":1.3,"color":"fffffffe","curve":[0.25,0,0.75,1]},{"time":3.0667,"color":"ffffff00","curve":"stepped"},{"time":3.1,"color":"ffffff00","curve":[0.207,0.58,0.542,0.99]},{"time":3.7333,"color":"fffffffe","curve":[0.245,0,0.638,0.56]},{"time":4.8,"color":"ffffff5c"}]},"zqhd_sjtqdtrksg0":{"attachment":[{"time":0,"name":"zqhd_sjtqdtrksg0"},{"time":0.0667,"name":"zqhd_sjtqdtrksg1"},{"time":0.1333,"name":"zqhd_sjtqdtrksg2"},{"time":0.2,"name":"zqhd_sjtqdtrksg3"},{"time":0.2667,"name":"zqhd_sjtqdtrksg4"},{"time":0.3333,"name":"zqhd_sjtqdtrksg5"},{"time":0.4,"name":"zqhd_sjtqdtrksg6"},{"time":0.4667,"name":"zqhd_sjtqdtrksg7"},{"time":0.5333,"name":"zqhd_sjtqdtrksg8"},{"time":0.6,"name":"zqhd_sjtqdtrksg9"},{"time":0.6667,"name":"zqhd_sjtqdtrksg10"},{"time":0.7333,"name":"zqhd_sjtqdtrksg11"},{"time":0.8,"name":"zqhd_sjtqdtrksg12"},{"time":0.8667,"name":"zqhd_sjtqdtrksg13"},{"time":0.9333,"name":"zqhd_sjtqdtrksg14"},{"time":1,"name":"zqhd_sjtqdtrksg15"},{"time":1.0667,"name":"zqhd_sjtqdtrksg16"},{"time":1.1333,"name":"zqhd_sjtqdtrksg17"},{"time":1.2,"name":"zqhd_sjtqdtrksg18"},{"time":1.2667,"name":"zqhd_sjtqdtrksg19"},{"time":1.3333,"name":"zqhd_sjtqdtrksg20"},{"time":1.4,"name":"zqhd_sjtqdtrksg21"},{"time":1.4667,"name":"zqhd_sjtqdtrksg22"},{"time":1.5333,"name":"zqhd_sjtqdtrksg23"},{"time":1.6,"name":"zqhd_sjtqdtrksg24"},{"time":1.6667,"name":"zqhd_sjtqdtrksg25"},{"time":1.7333,"name":"zqhd_sjtqdtrksg26"},{"time":1.8,"name":"zqhd_sjtqdtrksg27"},{"time":1.8667,"name":"zqhd_sjtqdtrksg28"},{"time":1.9333,"name":"zqhd_sjtqdtrksg29"},{"time":2,"name":"zqhd_sjtqdtrksg30"},{"time":2.0667,"name":"zqhd_sjtqdtrksg31"},{"time":2.1333,"name":"zqhd_sjtqdtrksg32"},{"time":2.2,"name":"zqhd_sjtqdtrksg33"},{"time":2.2667,"name":"zqhd_sjtqdtrksg34"},{"time":2.3333,"name":"zqhd_sjtqdtrksg35"},{"time":2.4,"name":"zqhd_sjtqdtrksg0"},{"time":2.4667,"name":"zqhd_sjtqdtrksg1"},{"time":2.5333,"name":"zqhd_sjtqdtrksg2"},{"time":2.6,"name":"zqhd_sjtqdtrksg3"},{"time":2.6667,"name":"zqhd_sjtqdtrksg4"},{"time":2.7333,"name":"zqhd_sjtqdtrksg5"},{"time":2.8,"name":"zqhd_sjtqdtrksg6"},{"time":2.8667,"name":"zqhd_sjtqdtrksg7"},{"time":2.9333,"name":"zqhd_sjtqdtrksg8"},{"time":3,"name":"zqhd_sjtqdtrksg9"},{"time":3.0667,"name":"zqhd_sjtqdtrksg10"},{"time":3.1333,"name":"zqhd_sjtqdtrksg11"},{"time":3.2,"name":"zqhd_sjtqdtrksg12"},{"time":3.2667,"name":"zqhd_sjtqdtrksg13"},{"time":3.3333,"name":"zqhd_sjtqdtrksg14"},{"time":3.4,"name":"zqhd_sjtqdtrksg15"},{"time":3.4667,"name":"zqhd_sjtqdtrksg16"},{"time":3.5333,"name":"zqhd_sjtqdtrksg17"},{"time":3.6,"name":"zqhd_sjtqdtrksg18"},{"time":3.6667,"name":"zqhd_sjtqdtrksg19"},{"time":3.7333,"name":"zqhd_sjtqdtrksg20"},{"time":3.8,"name":"zqhd_sjtqdtrksg21"},{"time":3.8667,"name":"zqhd_sjtqdtrksg22"},{"time":3.9333,"name":"zqhd_sjtqdtrksg23"},{"time":4,"name":"zqhd_sjtqdtrksg24"},{"time":4.0667,"name":"zqhd_sjtqdtrksg25"},{"time":4.1333,"name":"zqhd_sjtqdtrksg26"},{"time":4.2,"name":"zqhd_sjtqdtrksg27"},{"time":4.2667,"name":"zqhd_sjtqdtrksg28"},{"time":4.3333,"name":"zqhd_sjtqdtrksg29"},{"time":4.4,"name":"zqhd_sjtqdtrksg30"},{"time":4.4667,"name":"zqhd_sjtqdtrksg31"},{"time":4.5333,"name":"zqhd_sjtqdtrksg32"},{"time":4.6,"name":"zqhd_sjtqdtrksg33"},{"time":4.6667,"name":"zqhd_sjtqdtrksg34"},{"time":4.7333,"name":"zqhd_sjtqdtrksg35"},{"time":4.8,"name":"zqhd_sjtqdtrksg0"}]}},"bones":{"rk":{"rotate":[{"time":0,"angle":0,"curve":"stepped"},{"time":2.4,"angle":0,"curve":"stepped"},{"time":4.8,"angle":0}],"translate":[{"time":0,"x":0,"y":0,"curve":"stepped"},{"time":2.4,"x":0,"y":0,"curve":"stepped"},{"time":4.8,"x":0,"y":0}],"scale":[{"time":0,"x":1,"y":1,"curve":"stepped"},{"time":2.4,"x":1,"y":1,"curve":"stepped"},{"time":4.8,"x":1,"y":1}]},"zqhd_sjrkd":{"rotate":[{"time":0,"angle":0,"curve":"stepped"},{"time":2.3667,"angle":0,"curve":"stepped"},{"time":2.4,"angle":0,"curve":"stepped"},{"time":4.7667,"angle":0}],"translate":[{"time":0,"x":3.9,"y":-9},{"time":2.3667,"x":0,"y":0},{"time":2.4,"x":3.9,"y":-9},{"time":4.7667,"x":0,"y":0}],"scale":[{"time":0,"x":1,"y":1,"curve":"stepped"},{"time":2.3667,"x":1,"y":1,"curve":"stepped"},{"time":2.4,"x":1,"y":1,"curve":"stepped"},{"time":4.7667,"x":1,"y":1}]},"zqhd_sjrkhb1":{"rotate":[{"time":0,"angle":0,"curve":[0.25,0,0.75,1]},{"time":1.2,"angle":4.5,"curve":[0.25,0,0.75,1]},{"time":2.4,"angle":0,"curve":[0.25,0,0.75,1]},{"time":3.6,"angle":2.73,"curve":[0.25,0,0.75,1]},{"time":4.8,"angle":0}],"translate":[{"time":0,"x":0,"y":0,"curve":"stepped"},{"time":2.4,"x":0,"y":0,"curve":"stepped"},{"time":4.8,"x":0,"y":0}],"scale":[{"time":0,"x":1,"y":1,"curve":"stepped"},{"time":2.4,"x":1,"y":1,"curve":[0.25,0,0.75,1]},{"time":3,"x":1,"y":0.915,"curve":[0.25,0,0.75,1]},{"time":4.8,"x":1,"y":1}]},"zqhd_sjrkhb2":{"rotate":[{"time":0,"angle":1.18,"curve":[0.375,0.5,0.75,1]},{"time":0.3333,"angle":0.41,"curve":[0.25,0,0.75,1]},{"time":1.5333,"angle":2.69,"curve":[0.25,0,0.625,0.5]},{"time":2.4,"angle":1.18,"curve":[0.375,0.5,0.75,1]},{"time":2.7333,"angle":-1.98,"curve":[0.25,0,0.75,1]},{"time":3.9333,"angle":3.23,"curve":[0.25,0,0.625,0.5]},{"time":4.8,"angle":1.18}],"translate":[{"time":0,"x":-0.21,"y":-0.15,"curve":[0.375,0.5,0.75,1]},{"time":0.2,"x":0,"y":0,"curve":[0.25,0,0.75,1]},{"time":1.4,"x":-1.19,"y":-0.88,"curve":[0.25,0,0.625,0.5]},{"time":2.4,"x":-0.21,"y":-0.15,"curve":[0.375,0.5,0.75,1]},{"time":2.6,"x":0,"y":0,"curve":[0.25,0,0.75,1]},{"time":3.8,"x":-1.19,"y":-0.88,"curve":[0.25,0,0.625,0.5]},{"time":4.8,"x":-0.21,"y":-0.15}],"scale":[{"time":0,"x":1,"y":1,"curve":"stepped"},{"time":2.4,"x":1,"y":1,"curve":[0.25,0,0.75,1]},{"time":3,"x":1,"y":0.88,"curve":[0.25,0,0.75,1]},{"time":4.8,"x":1,"y":1}]},"zqhd_sjrkxx":{"rotate":[{"time":0,"angle":0,"curve":"stepped"},{"time":2.3667,"angle":0,"curve":"stepped"},{"time":2.4,"angle":0,"curve":"stepped"},{"time":4.7667,"angle":0}],"translate":[{"time":0,"x":0,"y":0,"curve":"stepped"},{"time":2.3667,"x":0,"y":0,"curve":"stepped"},{"time":2.4,"x":0,"y":0,"curve":"stepped"},{"time":4.7667,"x":0,"y":0}],"scale":[{"time":0,"x":0.3,"y":0.3,"curve":[0,0.79,0.555,0.99]},{"time":0.5333,"x":1.2,"y":1.2,"curve":[0.25,0,0.75,1]},{"time":2.3667,"x":0.5,"y":0.5},{"time":2.4,"x":0.3,"y":0.3,"curve":[0,0.79,0.555,0.99]},{"time":2.9333,"x":1.2,"y":1.2,"curve":[0.25,0,0.75,1]},{"time":4.7667,"x":0.5,"y":0.5}]},"zqhd_sjrkdl1":{"rotate":[{"time":0,"angle":0,"curve":[0.25,0,0.75,1]},{"time":2.4,"angle":4.59,"curve":[0.25,0,0.75,1]},{"time":4.8,"angle":0}],"translate":[{"time":0,"x":-0.74,"y":1.13,"curve":[0.369,0.47,0.753,1]},{"time":0.6667,"x":0,"y":0},{"time":1.8667,"x":-1.29,"y":1.97,"curve":[0.25,0,0.75,1]},{"time":3.0667,"x":0,"y":0,"curve":[0.25,0,0.75,1]},{"time":4.2667,"x":-1.29,"y":1.97,"curve":[0.254,0,0.621,0.47]},{"time":4.8,"x":-0.74,"y":1.13}],"scale":[{"time":0,"x":0.985,"y":0.985,"curve":[0.346,0.38,0.757,1]},{"time":0.8333,"x":1,"y":1},{"time":2.0333,"x":0.98,"y":0.98,"curve":[0.25,0,0.75,1]},{"time":3.2333,"x":1,"y":1,"curve":[0.25,0,0.75,1]},{"time":4.4333,"x":0.98,"y":0.98,"curve":[0.268,0,0.618,0.42]},{"time":4.8,"x":0.985,"y":0.985}]},"zqhd_sjrkdl2":{"rotate":[{"time":0,"angle":-0.78,"curve":[0.379,0.6,0.724,1]},{"time":0.6,"angle":0},{"time":3,"angle":-4.24,"curve":[0.242,0,0.667,0.67]},{"time":4.8,"angle":-0.78}],"translate":[{"time":0,"x":0.95,"y":1.11,"curve":[0.25,0,0.75,1]},{"time":1.2,"x":0,"y":0},{"time":2.4,"x":0.95,"y":1.11,"curve":[0.25,0,0.75,1]},{"time":3.6,"x":0,"y":0,"curve":[0.25,0,0.75,1]},{"time":4.8,"x":0.95,"y":1.11}],"scale":[{"time":0,"x":1,"y":1,"curve":"stepped"},{"time":2.4,"x":1,"y":1,"curve":"stepped"},{"time":4.8,"x":1,"y":1}]},"hb":{"rotate":[{"time":0,"angle":0,"curve":"stepped"},{"time":2.4,"angle":0,"curve":[0.25,0,0.75,1]},{"time":2.8,"angle":-2.55,"curve":[0.25,0,0.75,1]},{"time":3.5333,"angle":3.06,"curve":[0.25,0,0.75,1]},{"time":4.8,"angle":0}],"translate":[{"time":0,"x":0,"y":0,"curve":"stepped"},{"time":2.4,"x":0,"y":0,"curve":[0.25,0,0.75,1]},{"time":3.2333,"x":-2.14,"y":0,"curve":[0.25,0,0.75,1]},{"time":4.8,"x":0,"y":0}],"scale":[{"time":0,"x":1,"y":1,"curve":"stepped"},{"time":2.4,"x":1,"y":1,"curve":[0.25,0,0.75,1]},{"time":2.7333,"x":1.08,"y":0.93,"curve":[0.207,0.58,0.542,0.99]},{"time":2.9333,"x":0.94,"y":1.06,"curve":[0.25,0,0.75,1]},{"time":3.1667,"x":1.04,"y":0.96,"curve":[0.25,0,0.75,1]},{"time":3.4333,"x":0.98,"y":1.02,"curve":[0.25,0,0.75,1]},{"time":3.7667,"x":1.01,"y":0.99,"curve":[0.25,0,0.75,1]},{"time":4.8,"x":1,"y":1}]},"zqhd_sjrkd2":{"rotate":[{"time":0,"angle":0,"curve":"stepped"},{"time":0.6,"angle":0,"curve":"stepped"},{"time":0.6333,"angle":0,"curve":"stepped"},{"time":2.4,"angle":0,"curve":"stepped"},{"time":3,"angle":0,"curve":"stepped"},{"time":3.0333,"angle":0,"curve":"stepped"},{"time":4.8,"angle":0}],"translate":[{"time":0,"x":-0.36,"y":-4.06},{"time":0.6,"x":0,"y":0},{"time":0.6333,"x":-1.42,"y":-16.26},{"time":2.4,"x":-0.36,"y":-4.06},{"time":3,"x":0,"y":0},{"time":3.0333,"x":-1.42,"y":-16.26},{"time":4.8,"x":-0.36,"y":-4.06}],"scale":[{"time":0,"x":1,"y":1,"curve":"stepped"},{"time":0.6,"x":1,"y":1,"curve":"stepped"},{"time":0.6333,"x":1,"y":1,"curve":"stepped"},{"time":2.4,"x":1,"y":1,"curve":"stepped"},{"time":3,"x":1,"y":1,"curve":"stepped"},{"time":3.0333,"x":1,"y":1,"curve":"stepped"},{"time":4.8,"x":1,"y":1}]},"zqhd_sjrkd3":{"rotate":[{"time":0,"angle":0,"curve":"stepped"},{"time":1.5667,"angle":0,"curve":"stepped"},{"time":1.6,"angle":0,"curve":"stepped"},{"time":2.4,"angle":0,"curve":"stepped"},{"time":3.9667,"angle":0,"curve":"stepped"},{"time":4,"angle":0,"curve":"stepped"},{"time":4.8,"angle":0}],"translate":[{"time":0,"x":3.12,"y":-5.87},{"time":1.5667,"x":1.65,"y":0},{"time":1.6,"x":3.9,"y":-9},{"time":2.4,"x":3.12,"y":-5.87},{"time":3.9667,"x":1.65,"y":0},{"time":4,"x":3.9,"y":-9},{"time":4.8,"x":3.12,"y":-5.87}],"scale":[{"time":0,"x":1,"y":1,"curve":"stepped"},{"time":1.5667,"x":1,"y":1,"curve":"stepped"},{"time":1.6,"x":1,"y":1,"curve":"stepped"},{"time":2.4,"x":1,"y":1,"curve":"stepped"},{"time":3.9667,"x":1,"y":1,"curve":"stepped"},{"time":4,"x":1,"y":1,"curve":"stepped"},{"time":4.8,"x":1,"y":1}]},"zqhd_sjrkxx1":{"rotate":[{"time":0,"angle":0,"curve":"stepped"},{"time":0.6333,"angle":0,"curve":"stepped"},{"time":0.6667,"angle":0,"curve":"stepped"},{"time":3.0667,"angle":0,"curve":"stepped"},{"time":3.1,"angle":0,"curve":"stepped"},{"time":4.8,"angle":0}],"translate":[{"time":0,"x":0,"y":0,"curve":"stepped"},{"time":0.6333,"x":0,"y":0,"curve":"stepped"},{"time":0.6667,"x":0,"y":0,"curve":"stepped"},{"time":3.0667,"x":0,"y":0,"curve":"stepped"},{"time":3.1,"x":0,"y":0,"curve":"stepped"},{"time":4.8,"x":0,"y":0}],"scale":[{"time":0,"x":0.686,"y":0.686,"curve":[0.381,0.54,0.743,1]},{"time":0.6333,"x":0.5,"y":0.5},{"time":0.6667,"x":0.3,"y":0.3,"curve":[0.207,0.58,0.542,0.99]},{"time":1.3333,"x":1,"y":1,"curve":[0.25,0,0.75,1]},{"time":3.0667,"x":0.5,"y":0.5},{"time":3.1,"x":0.3,"y":0.3,"curve":[0.207,0.58,0.542,0.99]},{"time":3.7667,"x":1,"y":1,"curve":[0.245,0,0.637,0.55]},{"time":4.8,"x":0.686,"y":0.686}]}}},"animation2":{"slots":{"zqhd_sjrkd":{"color":[{"time":0,"color":"ffffff00"}]},"zqhd_sjrkd2":{"color":[{"time":0,"color":"ffffff60"}]},"zqhd_sjrkd3":{"color":[{"time":0,"color":"fffffffe"}]},"zqhd_sjrkd4":{"color":[{"time":0,"color":"ffffff4a"}]},"zqhd_sjrkdl3":{"color":[{"time":0,"color":"ffffff00"}],"attachment":[{"time":0,"name":"zqhd_sjrkdl1"}]},"zqhd_sjrkxx":{"color":[{"time":0,"color":"ffffff00"}]},"zqhd_sjrkxx1":{"color":[{"time":0,"color":"ffffff5c"}]},"zqhd_sjtqdtrksg0":{"attachment":[{"time":0,"name":"zqhd_sjtqdtrksg0"}]}},"bones":{"rk":{"rotate":[{"time":0,"angle":0}],"translate":[{"time":0,"x":0,"y":0}],"scale":[{"time":0,"x":1,"y":1}]},"zqhd_sjrkd":{"rotate":[{"time":0,"angle":0}],"translate":[{"time":0,"x":3.9,"y":-9}],"scale":[{"time":0,"x":1,"y":1}]},"zqhd_sjrkhb1":{"rotate":[{"time":0,"angle":0}],"translate":[{"time":0,"x":0,"y":0}],"scale":[{"time":0,"x":1,"y":1}]},"zqhd_sjrkhb2":{"rotate":[{"time":0,"angle":1.18}],"translate":[{"time":0,"x":-0.21,"y":-0.15}],"scale":[{"time":0,"x":1,"y":1}]},"zqhd_sjrkxx":{"rotate":[{"time":0,"angle":0}],"translate":[{"time":0,"x":0,"y":0}],"scale":[{"time":0,"x":0.3,"y":0.3}]},"zqhd_sjrkdl1":{"rotate":[{"time":0,"angle":0}],"translate":[{"time":0,"x":-0.74,"y":1.13}],"scale":[{"time":0,"x":0.985,"y":0.985}]},"zqhd_sjrkdl2":{"rotate":[{"time":0,"angle":-0.78}],"translate":[{"time":0,"x":0.95,"y":1.11}],"scale":[{"time":0,"x":1,"y":1}]},"hb":{"rotate":[{"time":0,"angle":0}],"translate":[{"time":0,"x":0,"y":0}],"scale":[{"time":0,"x":1,"y":1}]},"zqhd_sjrkd2":{"rotate":[{"time":0,"angle":0}],"translate":[{"time":0,"x":-0.36,"y":-4.06}],"scale":[{"time":0,"x":1,"y":1}]},"zqhd_sjrkd3":{"rotate":[{"time":0,"angle":0}],"translate":[{"time":0,"x":3.12,"y":-5.87}],"scale":[{"time":0,"x":1,"y":1}]},"zqhd_sjrkxx1":{"rotate":[{"time":0,"angle":0}],"translate":[{"time":0,"x":0,"y":0}],"scale":[{"time":0,"x":0.686,"y":0.686}]}}}}}