{"skeleton":{"hash":"Fx9tHMhGKGgsr4rc8BUBNYG+1Z8","spine":"2.1.27","width":409.19,"height":109.24,"images":"./images/"},"bones":[{"name":"root"},{"name":"kefu_lizi10","parent":"root","x":-85.48,"y":39.85},{"name":"kefu_lizi11","parent":"root","x":-119.33,"y":39.85},{"name":"kefu_lizi12","parent":"root","x":-152.82,"y":39.85},{"name":"kefu_lizi13","parent":"root","x":17.1,"y":-23.91},{"name":"kefu_lizi14","parent":"root","x":49.98,"y":-24.77},{"name":"kefu_lizi15","parent":"root","x":84.17,"y":-26.49},{"name":"kefu_lizi16","parent":"root","x":118.78,"y":-29.08},{"name":"kefu_lizi17","parent":"root","x":152.56,"y":-32.09},{"name":"kefu_lizi18","parent":"root","x":-17.77,"y":-23.47},{"name":"kefu_lizi19","parent":"root","x":-52.17,"y":-25.2},{"name":"kefu_lizi20","parent":"root","x":-85.48,"y":-26.49},{"name":"kefu_lizi21","parent":"root","x":-119.33,"y":-29.08},{"name":"kefu_lizi22","parent":"root","x":-152.82,"y":-32.09},{"name":"kefu_lizi3","parent":"root","x":17.1,"y":39.85},{"name":"kefu_lizi4","parent":"root","x":49.98,"y":39.85},{"name":"kefu_lizi5","parent":"root","x":84.17,"y":39.85},{"name":"kefu_lizi6","parent":"root","x":118.78,"y":39.85},{"name":"kefu_lizi7","parent":"root","x":152.56,"y":39.85},{"name":"kefu_lizi8","parent":"root","x":-17.77,"y":39.85},{"name":"kefu_lizi9","parent":"root","x":-52.17,"y":39.85},{"name":"kefu_puke1","parent":"root","x":-153.42,"y":-28.07,"color":"41ff00ff"},{"name":"kefu_puke2","parent":"root","x":154.1,"y":-28.06,"color":"41ff00ff"},{"name":"kefu_puke3","parent":"root","x":-165.27,"y":-23.02,"color":"41ff00ff"},{"name":"kefu_puke4","parent":"root","x":163.86,"y":-21.84,"color":"41ff00ff"}],"slots":[{"name":"kefu_puke3","bone":"kefu_puke3","attachment":"kefu_puke3"},{"name":"kefu_puke4","bone":"kefu_puke4","attachment":"kefu_puke4"},{"name":"kefu_puke1","bone":"kefu_puke1","attachment":"kefu_puke1"},{"name":"kefu_puke2","bone":"kefu_puke2","attachment":"kefu_puke2"},{"name":"kefu_bg","bone":"root","attachment":"kefu_bg"},{"name":"kefu_lizi3","bone":"kefu_lizi3","attachment":"kefu_lizi3","blend":"additive"},{"name":"kefu_lizi13","bone":"kefu_lizi13","attachment":"kefu_lizi3","blend":"additive"},{"name":"kefu_lizi8","bone":"kefu_lizi8","attachment":"kefu_lizi3","blend":"additive"},{"name":"kefu_lizi18","bone":"kefu_lizi18","attachment":"kefu_lizi3","blend":"additive"},{"name":"kefu_lizi9","bone":"kefu_lizi9","attachment":"kefu_lizi3","blend":"additive"},{"name":"kefu_lizi19","bone":"kefu_lizi19","attachment":"kefu_lizi3","blend":"additive"},{"name":"kefu_lizi10","bone":"kefu_lizi10","attachment":"kefu_lizi3","blend":"additive"},{"name":"kefu_lizi20","bone":"kefu_lizi20","attachment":"kefu_lizi3","blend":"additive"},{"name":"kefu_lizi11","bone":"kefu_lizi11","attachment":"kefu_lizi3","blend":"additive"},{"name":"kefu_lizi21","bone":"kefu_lizi21","attachment":"kefu_lizi3","blend":"additive"},{"name":"kefu_lizi12","bone":"kefu_lizi12","attachment":"kefu_lizi3","blend":"additive"},{"name":"kefu_lizi22","bone":"kefu_lizi22","attachment":"kefu_lizi3","blend":"additive"},{"name":"kefu_lizi4","bone":"kefu_lizi4","attachment":"kefu_lizi3","blend":"additive"},{"name":"kefu_lizi14","bone":"kefu_lizi14","attachment":"kefu_lizi3","blend":"additive"},{"name":"kefu_lizi5","bone":"kefu_lizi5","attachment":"kefu_lizi3","blend":"additive"},{"name":"kefu_lizi15","bone":"kefu_lizi15","attachment":"kefu_lizi3","blend":"additive"},{"name":"kefu_lizi6","bone":"kefu_lizi6","attachment":"kefu_lizi3","blend":"additive"},{"name":"kefu_lizi16","bone":"kefu_lizi16","attachment":"kefu_lizi3","blend":"additive"},{"name":"kefu_lizi7","bone":"kefu_lizi7","attachment":"kefu_lizi3","blend":"additive"},{"name":"kefu_lizi17","bone":"kefu_lizi17","attachment":"kefu_lizi3","blend":"additive"}],"skins":{"default":{"kefu_bg":{"kefu_bg":{"y":-5.39,"width":350,"height":99}},"kefu_lizi10":{"kefu_lizi3":{"width":34,"height":29}},"kefu_lizi11":{"kefu_lizi3":{"width":34,"height":29}},"kefu_lizi12":{"kefu_lizi3":{"width":34,"height":29}},"kefu_lizi13":{"kefu_lizi3":{"width":34,"height":29}},"kefu_lizi14":{"kefu_lizi3":{"width":34,"height":29}},"kefu_lizi15":{"kefu_lizi3":{"width":34,"height":29}},"kefu_lizi16":{"kefu_lizi3":{"width":34,"height":29}},"kefu_lizi17":{"kefu_lizi3":{"width":34,"height":29}},"kefu_lizi18":{"kefu_lizi3":{"width":34,"height":29}},"kefu_lizi19":{"kefu_lizi3":{"width":34,"height":29}},"kefu_lizi20":{"kefu_lizi3":{"width":34,"height":29}},"kefu_lizi21":{"kefu_lizi3":{"width":34,"height":29}},"kefu_lizi22":{"kefu_lizi3":{"width":34,"height":29}},"kefu_lizi3":{"kefu_lizi3":{"width":34,"height":29}},"kefu_lizi4":{"kefu_lizi3":{"width":34,"height":29}},"kefu_lizi5":{"kefu_lizi3":{"width":34,"height":29}},"kefu_lizi6":{"kefu_lizi3":{"width":34,"height":29}},"kefu_lizi7":{"kefu_lizi3":{"width":34,"height":29}},"kefu_lizi8":{"kefu_lizi3":{"width":34,"height":29}},"kefu_lizi9":{"kefu_lizi3":{"width":34,"height":29}},"kefu_puke1":{"kefu_puke1":{"x":-19.96,"y":32.87,"width":40,"height":78}},"kefu_puke2":{"kefu_puke2":{"x":19.99,"y":33,"width":40,"height":78}},"kefu_puke3":{"kefu_puke3":{"x":-20.02,"y":24.38,"width":40,"height":61}},"kefu_puke4":{"kefu_puke4":{"x":20.03,"y":23.25,"width":40,"height":61}}}},"animations":{"idle":{"slots":{"kefu_lizi3":{"color":[{"time":0,"color":"ffffff4a","curve":"stepped"},{"time":2,"color":"ffffff4a"}]},"kefu_lizi4":{"color":[{"time":0,"color":"ffffff4a","curve":"stepped"},{"time":2,"color":"ffffff4a"}]},"kefu_lizi5":{"color":[{"time":0,"color":"ffffff4a","curve":"stepped"},{"time":0.6666,"color":"ffffff4a","curve":[0.323,0.3,0.666,0.66]},{"time":1.1666,"color":"ffffffff","curve":[0.353,0.4,0.696,0.77]},{"time":1.6666,"color":"ffffff4a","curve":"stepped"},{"time":2,"color":"ffffff4a"}]},"kefu_lizi6":{"color":[{"time":0,"color":"ffffff4a","curve":"stepped"},{"time":2,"color":"ffffff4a"}]},"kefu_lizi7":{"color":[{"time":0,"color":"ffffff4a","curve":"stepped"},{"time":2,"color":"ffffff4a"}]},"kefu_lizi8":{"color":[{"time":0,"color":"ffffff4a","curve":"stepped"},{"time":2,"color":"ffffff4a"}]},"kefu_lizi9":{"color":[{"time":0,"color":"ffffff4a","curve":"stepped"},{"time":0.1666,"color":"ffffff4a","curve":[0.25,0,0.625,0.5]},{"time":0.6666,"color":"ffffffff","curve":[0.375,0.5,0.75,1]},{"time":1.5,"color":"ffffff4a"}]},"kefu_lizi10":{"color":[{"time":0,"color":"ffffff4a","curve":"stepped"},{"time":2,"color":"ffffff4a"}]},"kefu_lizi11":{"color":[{"time":0,"color":"ffffff4a","curve":"stepped"},{"time":2,"color":"ffffff4a"}]},"kefu_lizi12":{"color":[{"time":0,"color":"ffffff4a","curve":"stepped"},{"time":2,"color":"ffffff4a"}]},"kefu_lizi13":{"color":[{"time":0,"color":"ffffff4a","curve":"stepped"},{"time":2,"color":"ffffff4a"}]},"kefu_lizi14":{"color":[{"time":0,"color":"ffffff4a","curve":"stepped"},{"time":2,"color":"ffffff4a"}]},"kefu_lizi15":{"color":[{"time":0,"color":"ffffff4a","curve":"stepped"},{"time":2,"color":"ffffff4a"}]},"kefu_lizi16":{"color":[{"time":0,"color":"ffffff4a","curve":[0.29,0,0.629,0.37]},{"time":0.3333,"color":"ffffffff","curve":[0.31,0.25,0.756,1]},{"time":2,"color":"ffffff4a"}]},"kefu_lizi17":{"color":[{"time":0,"color":"ffffff4a","curve":"stepped"},{"time":2,"color":"ffffff4a"}]},"kefu_lizi18":{"color":[{"time":0,"color":"ffffff4a","curve":"stepped"},{"time":0.3333,"color":"ffffff4a","curve":[0.29,0,0.629,0.37]},{"time":0.8333,"color":"ffffffff","curve":[0.31,0.25,0.756,1]},{"time":1.3333,"color":"ffffff4a","curve":"stepped"},{"time":2,"color":"ffffff4a"}]},"kefu_lizi19":{"color":[{"time":0,"color":"ffffff4a","curve":"stepped"},{"time":2,"color":"ffffff4a"}]},"kefu_lizi20":{"color":[{"time":0,"color":"ffffff4a","curve":"stepped"},{"time":2,"color":"ffffff4a"}]},"kefu_lizi21":{"color":[{"time":0,"color":"ffffff4a","curve":"stepped"},{"time":0.8333,"color":"ffffff4a","curve":[0.242,0,0.666,0.66]},{"time":1.5,"color":"ffffffff","curve":[0.379,0.6,0.724,1]},{"time":2,"color":"ffffff4a"}]},"kefu_lizi22":{"color":[{"time":0,"color":"ffffff4a","curve":"stepped"},{"time":2,"color":"ffffff4a"}]}},"bones":{"kefu_puke1":{"rotate":[{"time":0,"angle":0,"curve":"stepped"},{"time":2,"angle":0}],"translate":[{"time":0,"x":0,"y":0,"curve":"stepped"},{"time":2,"x":0,"y":0}],"scale":[{"time":0,"x":1,"y":1,"curve":"stepped"},{"time":2,"x":1,"y":1}]},"kefu_puke2":{"rotate":[{"time":0,"angle":0,"curve":"stepped"},{"time":2,"angle":0}],"translate":[{"time":0,"x":0,"y":0,"curve":"stepped"},{"time":2,"x":0,"y":0}],"scale":[{"time":0,"x":1,"y":1,"curve":"stepped"},{"time":2,"x":1,"y":1}]},"kefu_puke3":{"rotate":[{"time":0,"angle":0,"curve":"stepped"},{"time":2,"angle":0}],"translate":[{"time":0,"x":0,"y":0,"curve":"stepped"},{"time":2,"x":0,"y":0}],"scale":[{"time":0,"x":1,"y":1,"curve":"stepped"},{"time":2,"x":1,"y":1}]},"kefu_puke4":{"rotate":[{"time":0,"angle":0,"curve":"stepped"},{"time":2,"angle":0}],"translate":[{"time":0,"x":0,"y":0,"curve":"stepped"},{"time":2,"x":0,"y":0}],"scale":[{"time":0,"x":1,"y":1,"curve":"stepped"},{"time":2,"x":1,"y":1}]}}},"start":{"slots":{"kefu_lizi3":{"color":[{"time":0,"color":"ffffff4a","curve":[0.25,0,0.75,1]},{"time":0.3333,"color":"ffffffff","curve":[0.25,0,0.75,1]},{"time":0.6666,"color":"ffffff7d","curve":"stepped"},{"time":1.7333,"color":"ffffff7d","curve":[0.25,0,0.75,1]},{"time":2,"color":"ffffff4a"}]},"kefu_lizi4":{"color":[{"time":0,"color":"ffffff4a","curve":[0.25,0,0.75,1]},{"time":0.2666,"color":"ffffff7d","curve":[0.25,0,0.75,1]},{"time":0.6,"color":"ffffffff","curve":[0.25,0,0.75,1]},{"time":0.9333,"color":"ffffff7d","curve":"stepped"},{"time":1.7333,"color":"ffffff7d","curve":[0.25,0,0.75,1]},{"time":2,"color":"ffffff4a"}]},"kefu_lizi5":{"color":[{"time":0,"color":"ffffff4a","curve":[0.25,0,0.75,1]},{"time":0.5333,"color":"ffffff7d","curve":[0.25,0,0.75,1]},{"time":0.8666,"color":"ffffffff","curve":[0.25,0,0.75,1]},{"time":1.2,"color":"ffffff7d","curve":"stepped"},{"time":1.7333,"color":"ffffff7d","curve":[0.25,0,0.75,1]},{"time":2,"color":"ffffff4a"}]},"kefu_lizi6":{"color":[{"time":0,"color":"ffffff4a","curve":[0.25,0,0.75,1]},{"time":0.8,"color":"ffffff7d","curve":[0.25,0,0.75,1]},{"time":1.1333,"color":"ffffffff","curve":[0.25,0,0.75,1]},{"time":1.4666,"color":"ffffff7d","curve":"stepped"},{"time":1.7333,"color":"ffffff7d","curve":[0.25,0,0.75,1]},{"time":2,"color":"ffffff4a"}]},"kefu_lizi7":{"color":[{"time":0,"color":"ffffff4a","curve":[0.25,0,0.75,1]},{"time":1.0666,"color":"ffffff7d","curve":[0.25,0,0.75,1]},{"time":1.4,"color":"ffffffff","curve":[0.25,0,0.75,1]},{"time":1.7333,"color":"ffffff7d","curve":[0.25,0,0.75,1]},{"time":2,"color":"ffffff4a"}]},"kefu_lizi8":{"color":[{"time":0,"color":"ffffff4a","curve":[0.25,0,0.75,1]},{"time":0.3333,"color":"ffffffff","curve":[0.25,0,0.75,1]},{"time":0.6666,"color":"ffffff7d","curve":"stepped"},{"time":1.7333,"color":"ffffff7d","curve":[0.25,0,0.75,1]},{"time":2,"color":"ffffff4a"}]},"kefu_lizi9":{"color":[{"time":0,"color":"ffffff4a","curve":[0.25,0,0.75,1]},{"time":0.2666,"color":"ffffff7d","curve":[0.25,0,0.75,1]},{"time":0.6,"color":"ffffffff","curve":[0.25,0,0.75,1]},{"time":0.9333,"color":"ffffff7d","curve":"stepped"},{"time":1.7333,"color":"ffffff7d","curve":[0.25,0,0.75,1]},{"time":2,"color":"ffffff4a"}]},"kefu_lizi10":{"color":[{"time":0,"color":"ffffff4a","curve":[0.25,0,0.75,1]},{"time":0.5333,"color":"ffffff7d","curve":[0.25,0,0.75,1]},{"time":0.8666,"color":"ffffffff","curve":[0.25,0,0.75,1]},{"time":1.2,"color":"ffffff7d","curve":"stepped"},{"time":1.7333,"color":"ffffff7d","curve":[0.25,0,0.75,1]},{"time":2,"color":"ffffff4a"}]},"kefu_lizi11":{"color":[{"time":0,"color":"ffffff4a","curve":[0.25,0,0.75,1]},{"time":0.8,"color":"ffffff7d","curve":[0.25,0,0.75,1]},{"time":1.1333,"color":"ffffffff","curve":[0.25,0,0.75,1]},{"time":1.4666,"color":"ffffff7d","curve":"stepped"},{"time":1.7333,"color":"ffffff7d","curve":[0.25,0,0.75,1]},{"time":2,"color":"ffffff4a"}]},"kefu_lizi12":{"color":[{"time":0,"color":"ffffff4a","curve":[0.25,0,0.75,1]},{"time":1.0666,"color":"ffffff7d","curve":[0.25,0,0.75,1]},{"time":1.4,"color":"ffffffff","curve":[0.25,0,0.75,1]},{"time":1.7333,"color":"ffffff7d","curve":[0.25,0,0.75,1]},{"time":2,"color":"ffffff4a"}]},"kefu_lizi13":{"color":[{"time":0,"color":"ffffff4a","curve":[0.25,0,0.75,1]},{"time":0.3333,"color":"ffffffff","curve":[0.25,0,0.75,1]},{"time":0.6666,"color":"ffffff7d","curve":"stepped"},{"time":1.7333,"color":"ffffff7d","curve":[0.25,0,0.75,1]},{"time":2,"color":"ffffff4a"}]},"kefu_lizi14":{"color":[{"time":0,"color":"ffffff4a","curve":[0.25,0,0.75,1]},{"time":0.2666,"color":"ffffff7d","curve":[0.25,0,0.75,1]},{"time":0.6,"color":"ffffffff","curve":[0.25,0,0.75,1]},{"time":0.9333,"color":"ffffff7d","curve":"stepped"},{"time":1.7333,"color":"ffffff7d","curve":[0.25,0,0.75,1]},{"time":2,"color":"ffffff4a"}]},"kefu_lizi15":{"color":[{"time":0,"color":"ffffff4a","curve":[0.25,0,0.75,1]},{"time":0.5333,"color":"ffffff7d","curve":[0.25,0,0.75,1]},{"time":0.8666,"color":"ffffffff","curve":[0.25,0,0.75,1]},{"time":1.2,"color":"ffffff7d","curve":"stepped"},{"time":1.7333,"color":"ffffff7d","curve":[0.25,0,0.75,1]},{"time":2,"color":"ffffff4a"}]},"kefu_lizi16":{"color":[{"time":0,"color":"ffffff4a","curve":[0.25,0,0.75,1]},{"time":0.8,"color":"ffffff7d","curve":[0.25,0,0.75,1]},{"time":1.1333,"color":"ffffffff","curve":[0.25,0,0.75,1]},{"time":1.4666,"color":"ffffff7d","curve":"stepped"},{"time":1.7333,"color":"ffffff7d","curve":[0.25,0,0.75,1]},{"time":2,"color":"ffffff4a"}]},"kefu_lizi17":{"color":[{"time":0,"color":"ffffff4a","curve":[0.25,0,0.75,1]},{"time":1.0666,"color":"ffffff7d","curve":[0.25,0,0.75,1]},{"time":1.4,"color":"ffffffff","curve":[0.25,0,0.75,1]},{"time":1.7333,"color":"ffffff7d","curve":[0.25,0,0.75,1]},{"time":2,"color":"ffffff4a"}]},"kefu_lizi18":{"color":[{"time":0,"color":"ffffff4a","curve":[0.25,0,0.75,1]},{"time":0.3333,"color":"ffffffff","curve":[0.25,0,0.75,1]},{"time":0.6666,"color":"ffffff7d","curve":"stepped"},{"time":1.7333,"color":"ffffff7d","curve":[0.25,0,0.75,1]},{"time":2,"color":"ffffff4a"}]},"kefu_lizi19":{"color":[{"time":0,"color":"ffffff4a","curve":[0.25,0,0.75,1]},{"time":0.2666,"color":"ffffff7d","curve":[0.25,0,0.75,1]},{"time":0.6,"color":"ffffffff","curve":[0.25,0,0.75,1]},{"time":0.9333,"color":"ffffff7d","curve":"stepped"},{"time":1.7333,"color":"ffffff7d","curve":[0.25,0,0.75,1]},{"time":2,"color":"ffffff4a"}]},"kefu_lizi20":{"color":[{"time":0,"color":"ffffff4a","curve":[0.25,0,0.75,1]},{"time":0.5333,"color":"ffffff7d","curve":[0.25,0,0.75,1]},{"time":0.8666,"color":"ffffffff","curve":[0.25,0,0.75,1]},{"time":1.2,"color":"ffffff7d","curve":"stepped"},{"time":1.7333,"color":"ffffff7d","curve":[0.25,0,0.75,1]},{"time":2,"color":"ffffff4a"}]},"kefu_lizi21":{"color":[{"time":0,"color":"ffffff4a","curve":[0.25,0,0.75,1]},{"time":0.8,"color":"ffffff7d","curve":[0.25,0,0.75,1]},{"time":1.1333,"color":"ffffffff","curve":[0.25,0,0.75,1]},{"time":1.4666,"color":"ffffff7d","curve":"stepped"},{"time":1.7333,"color":"ffffff7d","curve":[0.25,0,0.75,1]},{"time":2,"color":"ffffff4a"}]},"kefu_lizi22":{"color":[{"time":0,"color":"ffffff4a","curve":[0.25,0,0.75,1]},{"time":1.0666,"color":"ffffff7d","curve":[0.25,0,0.75,1]},{"time":1.4,"color":"ffffffff","curve":[0.25,0,0.75,1]},{"time":1.7333,"color":"ffffff7d","curve":[0.25,0,0.75,1]},{"time":2,"color":"ffffff4a"}]}},"bones":{"kefu_puke1":{"rotate":[{"time":0,"angle":-30,"curve":"stepped"},{"time":0.6666,"angle":-30,"curve":[0.25,0,0.75,1]},{"time":1.1666,"angle":0}],"translate":[{"time":0,"x":7.44,"y":0,"curve":"stepped"},{"time":0.6666,"x":7.44,"y":0,"curve":[0.25,0,0.75,1]},{"time":1.1666,"x":0,"y":0}],"scale":[{"time":0,"x":1,"y":1,"curve":"stepped"},{"time":0.6666,"x":1,"y":1}]},"kefu_puke2":{"rotate":[{"time":0,"angle":30,"curve":"stepped"},{"time":0.6666,"angle":30,"curve":[0.25,0,0.75,1]},{"time":1.1666,"angle":0}],"translate":[{"time":0,"x":-6.97,"y":0,"curve":"stepped"},{"time":0.6666,"x":-6.97,"y":0,"curve":[0.25,0,0.75,1]},{"time":1.1666,"x":0,"y":0}],"scale":[{"time":0,"x":1,"y":1,"curve":"stepped"},{"time":0.6666,"x":1,"y":1}]},"kefu_puke3":{"rotate":[{"time":0,"angle":-45,"curve":"stepped"},{"time":1,"angle":-45,"curve":[0.25,0,0.75,1]},{"time":1.5,"angle":0}],"translate":[{"time":0,"x":7.44,"y":0,"curve":"stepped"},{"time":1,"x":7.44,"y":0,"curve":[0.25,0,0.75,1]},{"time":1.5,"x":0,"y":0}],"scale":[{"time":0,"x":1,"y":1,"curve":"stepped"},{"time":1,"x":1,"y":1}]},"kefu_puke4":{"rotate":[{"time":0,"angle":45,"curve":"stepped"},{"time":1,"angle":45,"curve":[0.25,0,0.75,1]},{"time":1.5,"angle":0}],"translate":[{"time":0,"x":-6.97,"y":0,"curve":"stepped"},{"time":1,"x":-6.97,"y":0,"curve":[0.25,0,0.75,1]},{"time":1.5,"x":0,"y":0}],"scale":[{"time":0,"x":1,"y":1,"curve":"stepped"},{"time":1,"x":1,"y":1}]}}}}}