{"skeleton":{"hash":"Z0yVUzNyTSXrZrHeY+Sh1aLk/hA","spine":"3.6.37","width":532,"height":535.5,"images":"./images/"},"bones":[{"name":"root"},{"name":"open","parent":"root"},{"name":"tjcs_hbopentips0","parent":"root","x":0.49,"y":2.64},{"name":"tjcs_hbopentips1","parent":"root","x":0.49,"y":2.64},{"name":"tjcs_hbopentips2","parent":"root","x":0.49,"y":2.64},{"name":"tjcs_hbopentipsgx","parent":"root","x":0.49,"y":2.64,"scaleX":4,"scaleY":4,"color":"00ff5cff"},{"name":"tjcs_hongbaoeffect","parent":"root","x":0.49,"y":2.64,"scaleX":3.5,"scaleY":3.5}],"slots":[{"name":"open","bone":"open","attachment":"open"},{"name":"tjcs_hbopentips0","bone":"tjcs_hbopentips0","blend":"additive"},{"name":"tjcs_hbopentips1","bone":"tjcs_hbopentips1","blend":"additive"},{"name":"tjcs_hbopentips2","bone":"tjcs_hbopentips2","blend":"additive"},{"name":"tjcs_hbopentipsgx","bone":"tjcs_hbopentipsgx","blend":"additive"},{"name":"tjcs_hongbaoeffect","bone":"tjcs_hongbaoeffect","attachment":"tjcs_hongbaoeffect0","blend":"additive"}],"skins":{"default":{"open":{"open":{"width":164,"height":164}},"tjcs_hbopentips0":{"tjcs_hbopentips":{"width":257,"height":257}},"tjcs_hbopentips1":{"tjcs_hbopentips":{"width":257,"height":257}},"tjcs_hbopentips2":{"tjcs_hbopentips":{"width":257,"height":257}},"tjcs_hbopentipsgx":{"tjcs_hbopentipsgx0":{"width":118,"height":129},"tjcs_hbopentipsgx2":{"width":118,"height":129},"tjcs_hbopentipsgx4":{"width":118,"height":129},"tjcs_hbopentipsgx6":{"width":118,"height":129},"tjcs_hbopentipsgx8":{"width":118,"height":129},"tjcs_hbopentipsgx10":{"width":118,"height":129},"tjcs_hbopentipsgx12":{"width":118,"height":129},"tjcs_hbopentipsgx14":{"width":118,"height":129},"tjcs_hbopentipsgx16":{"width":118,"height":129},"tjcs_hbopentipsgx18":{"width":118,"height":129}},"tjcs_hongbaoeffect":{"tjcs_hongbaoeffect0":{"width":152,"height":153},"tjcs_hongbaoeffect2":{"width":152,"height":153},"tjcs_hongbaoeffect4":{"width":152,"height":153},"tjcs_hongbaoeffect6":{"width":152,"height":153},"tjcs_hongbaoeffect8":{"width":152,"height":153},"tjcs_hongbaoeffect10":{"width":152,"height":153},"tjcs_hongbaoeffect12":{"width":152,"height":153},"tjcs_hongbaoeffect14":{"width":152,"height":153},"tjcs_hongbaoeffect16":{"width":152,"height":153},"tjcs_hongbaoeffect18":{"width":152,"height":153},"tjcs_hongbaoeffect19":{"width":152,"height":153}}}},"animations":{"idle":{"slots":{"open":{"attachment":[{"time":0,"name":"open"},{"time":4,"name":"open"}]},"tjcs_hbopentips0":{"color":[{"time":0,"color":"ffffff00","curve":[0.25,0,0.75,1]},{"time":0.5,"color":"ffffff4a"},{"time":1.4667,"color":"ffffff02","curve":"stepped"},{"time":1.5,"color":"ffffff00","curve":[0.25,0,0.75,1]},{"time":2,"color":"ffffff4a"},{"time":2.9667,"color":"ffffff02","curve":"stepped"},{"time":3,"color":"ffffff00"}],"attachment":[{"time":0,"name":"tjcs_hbopentips"},{"time":1.5,"name":"tjcs_hbopentips"},{"time":3,"name":"tjcs_hbopentips"}]},"tjcs_hbopentips1":{"color":[{"time":0,"color":"ffffff00","curve":"stepped"},{"time":0.7333,"color":"ffffff00","curve":[0.25,0,0.75,1]},{"time":1.2333,"color":"ffffff4a"},{"time":2.2,"color":"ffffff02","curve":"stepped"},{"time":2.2333,"color":"ffffff00","curve":[0.25,0,0.75,1]},{"time":2.7333,"color":"ffffff4a"},{"time":3.7,"color":"ffffff02","curve":"stepped"},{"time":3.7333,"color":"ffffff00"}],"attachment":[{"time":0,"name":"tjcs_hbopentips"},{"time":0.7333,"name":"tjcs_hbopentips"},{"time":2.2333,"name":"tjcs_hbopentips"},{"time":3.7333,"name":"tjcs_hbopentips"}]},"tjcs_hbopentips2":{"color":[{"time":0,"color":"ffffff24"},{"time":0.5,"color":"ffffff00","curve":"stepped"},{"time":0.5333,"color":"ffffff00","curve":"stepped"},{"time":1.5,"color":"ffffff00","curve":"stepped"},{"time":1.5333,"color":"ffffff00"},{"time":2,"color":"ffffff4a"},{"time":2.5333,"color":"ffffff24"},{"time":2.9667,"color":"ffffff02","curve":"stepped"},{"time":3,"color":"ffffff00"},{"time":3.5,"color":"ffffff4a"},{"time":4,"color":"ffffff24"}],"attachment":[{"time":0,"name":"tjcs_hbopentips"},{"time":1.5,"name":"tjcs_hbopentips"},{"time":1.5333,"name":"tjcs_hbopentips"},{"time":3,"name":"tjcs_hbopentips"}]},"tjcs_hbopentipsgx":{"attachment":[{"time":0,"name":"tjcs_hbopentipsgx0"},{"time":0.0667,"name":"tjcs_hbopentipsgx2"},{"time":0.1333,"name":"tjcs_hbopentipsgx4"},{"time":0.2,"name":"tjcs_hbopentipsgx6"},{"time":0.2667,"name":"tjcs_hbopentipsgx8"},{"time":0.3333,"name":"tjcs_hbopentipsgx10"},{"time":0.4,"name":"tjcs_hbopentipsgx12"},{"time":0.4667,"name":"tjcs_hbopentipsgx14"},{"time":0.5333,"name":"tjcs_hbopentipsgx16"},{"time":0.6,"name":"tjcs_hbopentipsgx18"},{"time":0.6667,"name":"tjcs_hbopentipsgx0"},{"time":0.7333,"name":"tjcs_hbopentipsgx2"},{"time":0.8,"name":"tjcs_hbopentipsgx4"},{"time":0.8667,"name":"tjcs_hbopentipsgx6"},{"time":0.9333,"name":"tjcs_hbopentipsgx8"},{"time":1,"name":"tjcs_hbopentipsgx10"},{"time":1.0667,"name":"tjcs_hbopentipsgx12"},{"time":1.1333,"name":"tjcs_hbopentipsgx14"},{"time":1.2,"name":"tjcs_hbopentipsgx16"},{"time":1.2667,"name":"tjcs_hbopentipsgx18"},{"time":1.3333,"name":"tjcs_hbopentipsgx0"},{"time":1.4,"name":"tjcs_hbopentipsgx2"},{"time":1.4667,"name":"tjcs_hbopentipsgx4"},{"time":1.5333,"name":"tjcs_hbopentipsgx6"},{"time":1.6,"name":"tjcs_hbopentipsgx8"},{"time":1.6667,"name":"tjcs_hbopentipsgx10"},{"time":1.7333,"name":"tjcs_hbopentipsgx12"},{"time":1.8,"name":"tjcs_hbopentipsgx14"},{"time":1.8667,"name":"tjcs_hbopentipsgx16"},{"time":1.9333,"name":"tjcs_hbopentipsgx18"},{"time":2,"name":"tjcs_hbopentipsgx0"},{"time":2.0667,"name":"tjcs_hbopentipsgx2"},{"time":2.1333,"name":"tjcs_hbopentipsgx4"},{"time":2.2,"name":"tjcs_hbopentipsgx6"},{"time":2.2667,"name":"tjcs_hbopentipsgx8"},{"time":2.3333,"name":"tjcs_hbopentipsgx10"},{"time":2.4,"name":"tjcs_hbopentipsgx12"},{"time":2.4667,"name":"tjcs_hbopentipsgx14"},{"time":2.5333,"name":"tjcs_hbopentipsgx16"},{"time":2.6,"name":"tjcs_hbopentipsgx18"},{"time":2.6667,"name":"tjcs_hbopentipsgx0"},{"time":2.7333,"name":"tjcs_hbopentipsgx2"},{"time":2.8,"name":"tjcs_hbopentipsgx4"},{"time":2.8667,"name":"tjcs_hbopentipsgx6"},{"time":2.9333,"name":"tjcs_hbopentipsgx8"},{"time":3,"name":"tjcs_hbopentipsgx10"},{"time":3.0667,"name":"tjcs_hbopentipsgx12"},{"time":3.1333,"name":"tjcs_hbopentipsgx14"},{"time":3.2,"name":"tjcs_hbopentipsgx16"},{"time":3.2667,"name":"tjcs_hbopentipsgx18"},{"time":3.3333,"name":"tjcs_hbopentipsgx0"},{"time":3.4,"name":"tjcs_hbopentipsgx2"},{"time":3.4667,"name":"tjcs_hbopentipsgx4"},{"time":3.5333,"name":"tjcs_hbopentipsgx6"},{"time":3.6,"name":"tjcs_hbopentipsgx8"},{"time":3.6667,"name":"tjcs_hbopentipsgx10"},{"time":3.7333,"name":"tjcs_hbopentipsgx12"},{"time":3.8,"name":"tjcs_hbopentipsgx14"},{"time":3.8667,"name":"tjcs_hbopentipsgx16"},{"time":3.9333,"name":"tjcs_hbopentipsgx18"},{"time":4,"name":"tjcs_hbopentipsgx0"}]},"tjcs_hongbaoeffect":{"attachment":[{"time":0,"name":null}]}},"bones":{"root":{"rotate":[{"time":0,"angle":0}],"translate":[{"time":0,"x":0,"y":0}],"scale":[{"time":0,"x":1,"y":1}]},"tjcs_hbopentips0":{"scale":[{"time":0,"x":0.5,"y":0.5,"curve":[0.249,0,0.741,0.96]},{"time":1.4667,"x":1.195,"y":1.195,"curve":"stepped"},{"time":1.5,"x":0.5,"y":0.5,"curve":[0.249,0,0.741,0.96]},{"time":2.9667,"x":1.195,"y":1.195,"curve":"stepped"},{"time":3,"x":0.5,"y":0.5}]},"tjcs_hbopentips1":{"scale":[{"time":0,"x":0.5,"y":0.5,"curve":"stepped"},{"time":0.7333,"x":0.5,"y":0.5,"curve":[0.249,0,0.741,0.96]},{"time":2.2,"x":1.195,"y":1.195,"curve":"stepped"},{"time":2.2333,"x":0.5,"y":0.5,"curve":[0.249,0,0.741,0.96]},{"time":3.7,"x":1.195,"y":1.195,"curve":"stepped"},{"time":3.7333,"x":0.5,"y":0.5}]},"open":{"rotate":[{"time":0,"angle":0,"curve":"stepped"},{"time":4,"angle":0}],"translate":[{"time":0,"x":0,"y":0,"curve":"stepped"},{"time":4,"x":0,"y":0}],"scale":[{"time":0,"x":1,"y":1,"curve":"stepped"},{"time":4,"x":1,"y":1}]},"tjcs_hbopentips2":{"scale":[{"time":0,"x":1.002,"y":1.002},{"time":0.5,"x":1.36,"y":1.36,"curve":"stepped"},{"time":0.5333,"x":0.73,"y":0.73},{"time":1.5,"x":1.195,"y":1.195,"curve":"stepped"},{"time":1.5333,"x":0.5,"y":0.5},{"time":2.5333,"x":1.002,"y":1.002},{"time":2.9667,"x":1.195,"y":1.195,"curve":"stepped"},{"time":3,"x":0.5,"y":0.5},{"time":4,"x":1.002,"y":1.002}]}}},"start":{"slots":{"open":{"attachment":[{"time":0,"name":"open"},{"time":1.3333,"name":"open"}]},"tjcs_hbopentips0":{"attachment":[{"time":0,"name":null},{"time":1.3333,"name":null}]},"tjcs_hbopentips1":{"attachment":[{"time":0,"name":null},{"time":1.3333,"name":null}]},"tjcs_hbopentips2":{"attachment":[{"time":0,"name":null},{"time":1.3333,"name":null}]},"tjcs_hbopentipsgx":{"attachment":[{"time":0,"name":null},{"time":1.3333,"name":null}]},"tjcs_hongbaoeffect":{"attachment":[{"time":0,"name":"tjcs_hongbaoeffect0"},{"time":0.0667,"name":"tjcs_hongbaoeffect2"},{"time":0.1333,"name":"tjcs_hongbaoeffect4"},{"time":0.2,"name":"tjcs_hongbaoeffect6"},{"time":0.2667,"name":"tjcs_hongbaoeffect8"},{"time":0.3333,"name":"tjcs_hongbaoeffect10"},{"time":0.4,"name":"tjcs_hongbaoeffect12"},{"time":0.4667,"name":"tjcs_hongbaoeffect14"},{"time":0.5333,"name":"tjcs_hongbaoeffect16"},{"time":0.6,"name":"tjcs_hongbaoeffect18"},{"time":0.6333,"name":"tjcs_hongbaoeffect19"},{"time":0.6667,"name":null}]}},"bones":{"root":{"rotate":[{"time":0,"angle":0}],"translate":[{"time":0,"x":0,"y":0}],"scale":[{"time":0,"x":1,"y":1}]},"open":{"rotate":[{"time":0,"angle":0,"curve":"stepped"},{"time":1.3333,"angle":0}],"translate":[{"time":0,"x":0,"y":0,"curve":"stepped"},{"time":1.3333,"x":0,"y":0}],"scale":[{"time":0,"x":1,"y":1,"curve":[0.311,0.8,0.582,1]},{"time":0.1667,"x":1.1,"y":1.1,"curve":[0.25,0,0.75,1]},{"time":0.3333,"x":0.98,"y":0.98,"curve":[0.25,0,0.75,1]},{"time":0.5,"x":1.02,"y":1.02,"curve":[0.25,0,0.75,1]},{"time":0.6667,"x":0.99,"y":0.99,"curve":[0.25,0,0.75,1]},{"time":0.8333,"x":1,"y":1,"curve":"stepped"},{"time":1.3333,"x":1,"y":1}]}}}}}