{"skeleton":{"hash":"u3XIqg6I52B6NIsA3+QV6WbhXi0","spine":"3.6.37","width":1624,"height":750,"images":"./images/"},"bones":[{"name":"root"},{"name":"hip","parent":"root"},{"name":"7dqd_rk_xinshouqiandao","parent":"hip","x":-5.13,"y":-22.2},{"name":"7dpd_rk_wenzisg_0","parent":"7dqd_rk_xinshouqiandao","x":-0.9,"y":-1.24,"scaleX":2,"scaleY":2},{"name":"7dqd_rk_gd","parent":"hip","x":-21.61,"y":11.36},{"name":"7dqd_rk_guangxiao01","parent":"hip","rotation":22.33,"x":-42.72,"y":-14.28},{"name":"7dqd_rk_guangxiao1","parent":"hip","rotation":9.6,"x":6.87,"y":-13.21,"scaleX":1.2,"scaleY":1.2},{"name":"7dqd_rk_guangxiao2","parent":"hip","rotation":22.33,"x":33.72,"y":-15},{"name":"7dqd_rk_jinbi01","parent":"hip","rotation":60.48,"x":40.3,"y":-15.86},{"name":"7dqd_rk_guangxiao3","parent":"7dqd_rk_jinbi01","rotation":-79.68,"x":11.63,"y":-0.25,"scaleX":1.2,"scaleY":1.2},{"name":"7dqd_rk_guangxiao4","parent":"hip","rotation":22.33,"x":-33.05,"y":27.25,"scaleX":0.55,"scaleY":0.55},{"name":"7dqd_rk_guangxiao5","parent":"hip","rotation":-46.07,"x":-34.84,"y":-3.54,"scaleX":0.7,"scaleY":0.7},{"name":"7dqd_rk_guangxiao6","parent":"hip","rotation":22.33,"x":21.19,"y":28.32,"scaleX":0.6,"scaleY":0.6},{"name":"7dqd_rk_guangxiao7","parent":"hip","rotation":49.93,"x":27.09,"y":-3.72,"scaleX":0.8,"scaleY":0.8},{"name":"7dqd_rk_jinbi02","parent":"hip","rotation":111.63,"x":-44.98,"y":-0.26},{"name":"7dqd_rk_wingq","parent":"hip","x":-21.64,"y":11.48},{"name":"7dqd_rk_yaogan01","parent":"hip","x":34.13,"y":27.03},{"name":"7dqd_rk_yaogan03","parent":"hip","x":33.97,"y":13.74},{"name":"num_10","parent":"hip","x":-5.34,"y":11.36},{"name":"num_11","parent":"hip","x":10.78,"y":11.36}],"slots":[{"name":"7dqd_rk_jinbi02","bone":"7dqd_rk_jinbi02","attachment":"7dqd_rk_jinbi02"},{"name":"7dqd_rk_yaogan03","bone":"7dqd_rk_yaogan03","attachment":"7dqd_rk_yaogan03"},{"name":"7dqd_rk_yaogan02","bone":"hip","attachment":"7dqd_rk_yaogan02"},{"name":"7dqd_rk_yaogan01","bone":"7dqd_rk_yaogan01","attachment":"7dqd_rk_yaogan01"},{"name":"7dqd_rk_bg","bone":"hip","attachment":"7dqd_rk_bg"},{"name":"7dqd_rk_gd","bone":"7dqd_rk_gd","attachment":"num_9"},{"name":"7dqd_rk_wingq","bone":"7dqd_rk_wingq","attachment":"7dqd_rk_wingq"},{"name":"7dqd_rk_jinbi01","bone":"7dqd_rk_jinbi01","attachment":"7dqd_rk_jinbi01"},{"name":"7dqd_rk_xinshouqiandao","bone":"7dqd_rk_xinshouqiandao","attachment":"7dqd_rk_xinshouqiandao"},{"name":"7dqd_rk_guangxiao01","bone":"7dqd_rk_guangxiao01","attachment":"7dqd_rk_guangxiao01","blend":"additive"},{"name":"7dqd_rk_guangxiao1","bone":"7dqd_rk_guangxiao1","attachment":"7dqd_rk_guangxiao01","blend":"additive"},{"name":"7dqd_rk_guangxiao2","bone":"7dqd_rk_guangxiao2","attachment":"7dqd_rk_guangxiao01","blend":"additive"},{"name":"7dqd_rk_guangxiao3","bone":"7dqd_rk_guangxiao3","attachment":"7dqd_rk_guangxiao01","blend":"additive"},{"name":"7dqd_rk_guangxiao4","bone":"7dqd_rk_guangxiao4","attachment":"7dqd_rk_guangxiao01","blend":"additive"},{"name":"7dqd_rk_guangxiao5","bone":"7dqd_rk_guangxiao5","attachment":"7dqd_rk_guangxiao01","blend":"additive"},{"name":"7dqd_rk_guangxiao6","bone":"7dqd_rk_guangxiao6","attachment":"7dqd_rk_guangxiao01","blend":"additive"},{"name":"7dqd_rk_guangxiao7","bone":"7dqd_rk_guangxiao7","attachment":"7dqd_rk_guangxiao01","blend":"additive"},{"name":"7dpd_rk_wenzisg_0","bone":"7dpd_rk_wenzisg_0","attachment":"7dpd_rk_wenzisg_13","blend":"additive"},{"name":"num_10","bone":"num_10","attachment":"num_9"},{"name":"num_11","bone":"num_11","attachment":"num_9"}],"skins":{"default":{"7dpd_rk_wenzisg_0":{"7dpd_rk_wenzisg_0":{"width":44,"height":12},"7dpd_rk_wenzisg_1":{"width":44,"height":12},"7dpd_rk_wenzisg_2":{"width":44,"height":12},"7dpd_rk_wenzisg_3":{"width":44,"height":12},"7dpd_rk_wenzisg_4":{"width":44,"height":12},"7dpd_rk_wenzisg_5":{"width":44,"height":12},"7dpd_rk_wenzisg_6":{"width":44,"height":12},"7dpd_rk_wenzisg_7":{"width":44,"height":12},"7dpd_rk_wenzisg_8":{"width":44,"height":12},"7dpd_rk_wenzisg_9":{"width":44,"height":12},"7dpd_rk_wenzisg_10":{"width":44,"height":12},"7dpd_rk_wenzisg_11":{"width":44,"height":12},"7dpd_rk_wenzisg_12":{"width":44,"height":12},"7dpd_rk_wenzisg_13":{"width":44,"height":12},"7dpd_rk_wenzisg_14":{"width":44,"height":12},"7dpd_rk_wenzisg_15":{"width":44,"height":12},"7dpd_rk_wenzisg_16":{"width":44,"height":12},"7dpd_rk_wenzisg_17":{"width":44,"height":12},"7dpd_rk_wenzisg_18":{"width":44,"height":12},"7dpd_rk_wenzisg_19":{"width":44,"height":12},"7dpd_rk_wenzisg_20":{"width":44,"height":12},"7dpd_rk_wenzisg_21":{"width":44,"height":12},"7dpd_rk_wenzisg_22":{"width":44,"height":12},"7dpd_rk_wenzisg_23":{"width":44,"height":12},"7dpd_rk_wenzisg_24":{"width":44,"height":12},"7dpd_rk_wenzisg_25":{"width":44,"height":12},"7dpd_rk_wenzisg_26":{"width":44,"height":12},"7dpd_rk_wenzisg_27":{"width":44,"height":12},"7dpd_rk_wenzisg_28":{"width":44,"height":12},"7dpd_rk_wenzisg_29":{"width":44,"height":12},"7dpd_rk_wenzisg_30":{"width":44,"height":12},"7dpd_rk_wenzisg_31":{"width":44,"height":12},"7dpd_rk_wenzisg_32":{"width":44,"height":12},"7dpd_rk_wenzisg_33":{"width":44,"height":12},"7dpd_rk_wenzisg_34":{"width":44,"height":12},"7dpd_rk_wenzisg_35":{"width":44,"height":12}},"7dqd_rk_bg":{"7dqd_rk_bg":{"x":-5.5,"y":7,"width":80,"height":56}},"7dqd_rk_gd":{"7dqd_rk_gd0":{"width":17,"height":37},"7dqd_rk_gd1":{"width":17,"height":37},"7dqd_rk_gd2":{"width":17,"height":37},"7dqd_rk_gd3":{"width":17,"height":37},"7dqd_rk_gd4":{"width":17,"height":37},"7dqd_rk_gd5":{"width":17,"height":37},"7dqd_rk_gd6":{"width":17,"height":37},"7dqd_rk_gd7":{"width":17,"height":37},"7dqd_rk_gd8":{"width":17,"height":37},"7dqd_rk_gd9":{"width":17,"height":37},"7dqd_rk_gd10":{"width":17,"height":37},"7dqd_rk_gd11":{"width":17,"height":37},"7dqd_rk_gd12":{"width":17,"height":37},"7dqd_rk_gd13":{"width":17,"height":37},"7dqd_rk_gd14":{"width":17,"height":37},"7dqd_rk_gd15":{"width":17,"height":37},"7dqd_rk_gd16":{"width":17,"height":37},"7dqd_rk_gd17":{"width":17,"height":37},"num_9":{"width":8,"height":14}},"7dqd_rk_guangxiao01":{"7dqd_rk_guangxiao01":{"x":-0.81,"y":0.09,"rotation":-22.33,"width":28,"height":31}},"7dqd_rk_guangxiao1":{"7dqd_rk_guangxiao01":{"x":-0.81,"y":0.09,"rotation":-22.33,"width":28,"height":31}},"7dqd_rk_guangxiao2":{"7dqd_rk_guangxiao01":{"x":-0.81,"y":0.09,"rotation":-22.33,"width":28,"height":31}},"7dqd_rk_guangxiao3":{"7dqd_rk_guangxiao01":{"x":-0.81,"y":0.09,"rotation":-22.33,"width":28,"height":31}},"7dqd_rk_guangxiao4":{"7dqd_rk_guangxiao01":{"x":-0.81,"y":0.09,"rotation":-22.33,"width":28,"height":31}},"7dqd_rk_guangxiao5":{"7dqd_rk_guangxiao01":{"x":-0.81,"y":0.09,"rotation":-22.33,"width":28,"height":31}},"7dqd_rk_guangxiao6":{"7dqd_rk_guangxiao01":{"x":-0.81,"y":0.09,"rotation":-22.33,"width":28,"height":31}},"7dqd_rk_guangxiao7":{"7dqd_rk_guangxiao01":{"x":-0.81,"y":0.09,"rotation":-22.33,"width":28,"height":31}},"7dqd_rk_jinbi01":{"7dqd_rk_jinbi01":{"x":-2.58,"y":-2.84,"rotation":-60.48,"width":34,"height":35}},"7dqd_rk_jinbi02":{"7dqd_rk_jinbi02":{"x":-1.71,"y":1.77,"rotation":-111.63,"width":29,"height":27}},"7dqd_rk_wingq":{"7dqd_rk_wingq":{"x":-0.21,"y":0.02,"width":26,"height":33}},"7dqd_rk_xinshouqiandao":{"7dqd_rk_xinshouqiandao":{"x":-1.37,"y":-1.8,"width":92,"height":30}},"7dqd_rk_yaogan01":{"7dqd_rk_yaogan01":{"x":0.37,"y":-0.03,"width":22,"height":24}},"7dqd_rk_yaogan02":{"7dqd_rk_yaogan02":{"x":27.5,"y":9,"width":22,"height":24}},"7dqd_rk_yaogan03":{"7dqd_rk_yaogan03":{"type":"mesh","uvs":[0.84431,0.00841,0.68714,0.01691,0.68714,0.4253,0.68714,0.60122,0.6563,0.6701,0.59394,0.7033,0,0.71386,0,0.8589,0,1,0.69914,0.9776,0.86883,0.91486,0.98,0.81306,1,0.4285,1,0,0.84438,0.7021,0.76838,0.7981,0.64038,0.8397,0.84435,0.4253],"triangles":[8,16,9,8,7,16,9,15,10,9,16,15,10,15,11,7,5,16,7,6,5,16,4,15,16,5,4,15,14,11,11,14,12,15,4,14,4,3,14,3,17,14,14,17,12,3,2,17,12,0,13,2,1,17,1,0,17,12,17,0],"vertices":[1,16,0.26,3.76,1,1,16,-2.88,3.55,1,2,16,-2.88,-6.66,0.50152,17,-2.73,6.63,0.49848,2,16,-2.88,-11.06,0.26036,17,-2.73,2.23,0.73964,2,16,-3.5,-12.78,0.1191,17,-3.35,0.51,0.8809,2,16,-4.75,-13.61,7.7E-4,17,-4.6,-0.32,0.99923,1,17,-16.47,-0.59,1,1,17,-16.47,-4.21,1,1,17,-16.47,-7.74,1,1,17,-2.49,-7.18,1,2,16,0.75,-18.9,0.12,17,0.9,-5.61,0.88,2,16,2.97,-16.36,0.29601,17,3.13,-3.07,0.70399,2,16,3.37,-6.74,0.50077,17,3.53,6.55,0.49923,1,16,3.37,3.97,1,2,16,0.26,-13.58,0.28,17,0.41,-0.29,0.72,2,16,-1.26,-15.98,0.11999,17,-1.11,-2.69,0.88001,1,17,-3.67,-3.73,1,2,16,0.26,-6.66,0.50351,17,0.41,6.63,0.49649],"hull":14,"edges":[10,12,16,18,2,0,0,26,28,30,30,32,12,14,14,16,32,14,10,32,32,18,6,28,28,22,6,8,8,10,30,8,18,20,20,22,30,20,2,4,4,6,0,34,34,28,4,34,22,24,24,26,34,24],"width":20,"height":25}},"num_10":{"num_9":{"width":8,"height":14}},"num_11":{"num_9":{"width":8,"height":14}}}},"animations":{"animation":{"slots":{"7dpd_rk_wenzisg_0":{"attachment":[{"time":0,"name":"7dpd_rk_wenzisg_0"},{"time":0.0667,"name":"7dpd_rk_wenzisg_1"},{"time":0.1333,"name":"7dpd_rk_wenzisg_2"},{"time":0.2,"name":"7dpd_rk_wenzisg_3"},{"time":0.2667,"name":"7dpd_rk_wenzisg_4"},{"time":0.3333,"name":"7dpd_rk_wenzisg_5"},{"time":0.4,"name":"7dpd_rk_wenzisg_6"},{"time":0.4667,"name":"7dpd_rk_wenzisg_7"},{"time":0.5333,"name":"7dpd_rk_wenzisg_8"},{"time":0.6,"name":"7dpd_rk_wenzisg_9"},{"time":0.6667,"name":"7dpd_rk_wenzisg_10"},{"time":0.7333,"name":"7dpd_rk_wenzisg_11"},{"time":0.8,"name":"7dpd_rk_wenzisg_12"},{"time":0.8667,"name":"7dpd_rk_wenzisg_13"},{"time":0.9333,"name":"7dpd_rk_wenzisg_14"},{"time":1,"name":"7dpd_rk_wenzisg_15"},{"time":1.0667,"name":"7dpd_rk_wenzisg_16"},{"time":1.1333,"name":"7dpd_rk_wenzisg_17"},{"time":1.2,"name":"7dpd_rk_wenzisg_18"},{"time":1.2667,"name":"7dpd_rk_wenzisg_19"},{"time":1.3333,"name":"7dpd_rk_wenzisg_20"},{"time":1.4,"name":"7dpd_rk_wenzisg_21"},{"time":1.4667,"name":"7dpd_rk_wenzisg_22"},{"time":1.5333,"name":"7dpd_rk_wenzisg_23"},{"time":1.6,"name":"7dpd_rk_wenzisg_24"},{"time":1.6667,"name":"7dpd_rk_wenzisg_25"},{"time":1.7333,"name":"7dpd_rk_wenzisg_26"},{"time":1.8,"name":"7dpd_rk_wenzisg_27"},{"time":1.8667,"name":"7dpd_rk_wenzisg_28"},{"time":1.9333,"name":"7dpd_rk_wenzisg_29"},{"time":2,"name":"7dpd_rk_wenzisg_30"},{"time":2.0667,"name":"7dpd_rk_wenzisg_31"},{"time":2.1333,"name":"7dpd_rk_wenzisg_32"},{"time":2.2,"name":"7dpd_rk_wenzisg_33"},{"time":2.2667,"name":"7dpd_rk_wenzisg_34"},{"time":2.3333,"name":"7dpd_rk_wenzisg_35"},{"time":2.4,"name":"7dpd_rk_wenzisg_0"},{"time":2.4667,"name":"7dpd_rk_wenzisg_1"},{"time":2.5333,"name":"7dpd_rk_wenzisg_2"},{"time":2.6,"name":"7dpd_rk_wenzisg_3"},{"time":2.6667,"name":"7dpd_rk_wenzisg_4"},{"time":2.7333,"name":"7dpd_rk_wenzisg_5"},{"time":2.8,"name":"7dpd_rk_wenzisg_6"},{"time":2.8667,"name":"7dpd_rk_wenzisg_7"},{"time":2.9333,"name":"7dpd_rk_wenzisg_8"},{"time":3,"name":"7dpd_rk_wenzisg_9"},{"time":3.0667,"name":"7dpd_rk_wenzisg_10"},{"time":3.1333,"name":"7dpd_rk_wenzisg_11"},{"time":3.2,"name":"7dpd_rk_wenzisg_12"},{"time":3.2667,"name":"7dpd_rk_wenzisg_13"},{"time":3.3333,"name":"7dpd_rk_wenzisg_14"},{"time":3.4,"name":"7dpd_rk_wenzisg_15"},{"time":3.4667,"name":"7dpd_rk_wenzisg_16"},{"time":3.5333,"name":"7dpd_rk_wenzisg_17"},{"time":3.6,"name":"7dpd_rk_wenzisg_18"},{"time":3.6667,"name":"7dpd_rk_wenzisg_19"},{"time":3.7333,"name":"7dpd_rk_wenzisg_20"},{"time":3.8,"name":"7dpd_rk_wenzisg_21"},{"time":3.8667,"name":"7dpd_rk_wenzisg_22"},{"time":3.9333,"name":"7dpd_rk_wenzisg_23"},{"time":4,"name":"7dpd_rk_wenzisg_24"},{"time":4.0667,"name":"7dpd_rk_wenzisg_25"},{"time":4.1333,"name":"7dpd_rk_wenzisg_26"},{"time":4.2,"name":"7dpd_rk_wenzisg_27"},{"time":4.2667,"name":"7dpd_rk_wenzisg_28"},{"time":4.3333,"name":"7dpd_rk_wenzisg_29"},{"time":4.4,"name":"7dpd_rk_wenzisg_30"},{"time":4.4667,"name":"7dpd_rk_wenzisg_31"},{"time":4.5333,"name":"7dpd_rk_wenzisg_32"},{"time":4.6,"name":"7dpd_rk_wenzisg_33"},{"time":4.6667,"name":"7dpd_rk_wenzisg_34"}]},"7dqd_rk_gd":{"attachment":[{"time":0,"name":"7dqd_rk_gd0"},{"time":0.0333,"name":"7dqd_rk_gd1"},{"time":0.0667,"name":"7dqd_rk_gd2"},{"time":0.1,"name":"7dqd_rk_gd3"},{"time":0.1333,"name":"7dqd_rk_gd4"},{"time":0.1667,"name":"7dqd_rk_gd5"},{"time":0.2,"name":"7dqd_rk_gd6"},{"time":0.2333,"name":"7dqd_rk_gd7"},{"time":0.2667,"name":"7dqd_rk_gd8"},{"time":0.3,"name":"7dqd_rk_gd9"},{"time":0.3333,"name":"7dqd_rk_gd10"},{"time":0.3667,"name":"7dqd_rk_gd11"},{"time":0.4,"name":"7dqd_rk_gd12"},{"time":0.4333,"name":"7dqd_rk_gd13"},{"time":0.4667,"name":"7dqd_rk_gd14"},{"time":0.5,"name":"7dqd_rk_gd15"},{"time":0.5333,"name":"7dqd_rk_gd16"},{"time":0.5667,"name":"7dqd_rk_gd17"},{"time":0.6,"name":"num_9"},{"time":2.3333,"name":"7dqd_rk_gd0"},{"time":2.3667,"name":"7dqd_rk_gd1"},{"time":2.4,"name":"7dqd_rk_gd2"},{"time":2.4333,"name":"7dqd_rk_gd3"},{"time":2.4667,"name":"7dqd_rk_gd4"},{"time":2.5,"name":"7dqd_rk_gd5"},{"time":2.5333,"name":"7dqd_rk_gd6"},{"time":2.5667,"name":"7dqd_rk_gd7"},{"time":2.6,"name":"7dqd_rk_gd8"},{"time":2.6333,"name":"7dqd_rk_gd9"},{"time":2.6667,"name":"7dqd_rk_gd10"},{"time":2.7,"name":"7dqd_rk_gd11"},{"time":2.7333,"name":"7dqd_rk_gd12"},{"time":2.7667,"name":"7dqd_rk_gd13"},{"time":2.8,"name":"7dqd_rk_gd14"},{"time":2.8333,"name":"7dqd_rk_gd15"},{"time":2.8667,"name":"7dqd_rk_gd16"},{"time":2.9,"name":"7dqd_rk_gd17"},{"time":2.9333,"name":"num_9"}]},"7dqd_rk_guangxiao01":{"color":[{"time":0,"color":"ffffff76","curve":[0.25,0,0.75,1]},{"time":0.6667,"color":"fffffffe","curve":[0.25,0,0.75,1]},{"time":1.8333,"color":"ffffff00","curve":[0.25,0,0.75,1]},{"time":3,"color":"fffffffe","curve":[0.25,0,0.75,1]},{"time":4.1667,"color":"ffffff00","curve":[0.25,0,0.75,1]},{"time":4.6667,"color":"ffffff76"}]},"7dqd_rk_guangxiao1":{"color":[{"time":0,"color":"ffffff00","curve":[0.25,0,0.75,1]},{"time":1.1667,"color":"fffffffe","curve":[0.25,0,0.75,1]},{"time":2.3333,"color":"ffffff00","curve":[0.25,0,0.75,1]},{"time":3.5,"color":"fffffffe","curve":[0.25,0,0.75,1]},{"time":4.6667,"color":"ffffff00"}]},"7dqd_rk_guangxiao2":{"color":[{"time":0,"color":"ffffff6c","curve":[0.25,0,0.75,1]},{"time":0.5,"color":"ffffff00","curve":[0.25,0,0.75,1]},{"time":1.6667,"color":"fffffffe","curve":[0.25,0,0.75,1]},{"time":2.8333,"color":"ffffff00","curve":[0.25,0,0.75,1]},{"time":4,"color":"fffffffe","curve":[0.25,0,0.75,1]},{"time":4.6667,"color":"ffffff6c"}]},"7dqd_rk_guangxiao3":{"color":[{"time":0,"color":"ffffffb6","curve":[0.25,0,0.75,1]},{"time":0.8333,"color":"ffffff00","curve":[0.25,0,0.75,1]},{"time":2,"color":"fffffffe","curve":[0.25,0,0.75,1]},{"time":3.1667,"color":"ffffff00","curve":[0.25,0,0.75,1]},{"time":4.3333,"color":"fffffffe","curve":[0.25,0,0.75,1]},{"time":4.6667,"color":"ffffffb6"}]},"7dqd_rk_guangxiao4":{"color":[{"time":0,"color":"ffffff00","curve":[0.25,0,0.75,1]},{"time":1.1667,"color":"fffffffe","curve":[0.25,0,0.75,1]},{"time":2.3333,"color":"ffffff00","curve":[0.25,0,0.75,1]},{"time":3.5,"color":"fffffffe","curve":[0.25,0,0.75,1]},{"time":4.6667,"color":"ffffff00"}]},"7dqd_rk_guangxiao5":{"color":[{"time":0,"color":"ffffffa0","curve":[0.25,0,0.75,1]},{"time":0.4333,"color":"fffffffe","curve":[0.25,0,0.75,1]},{"time":1.6,"color":"ffffff00","curve":[0.25,0,0.75,1]},{"time":2.7667,"color":"fffffffe","curve":[0.25,0,0.75,1]},{"time":3.9333,"color":"ffffff00","curve":[0.25,0,0.75,1]},{"time":4.6667,"color":"ffffffa0"}]},"7dqd_rk_guangxiao6":{"color":[{"time":0,"color":"ffffffa0","curve":[0.25,0,0.75,1]},{"time":0.7333,"color":"ffffff00","curve":[0.25,0,0.75,1]},{"time":1.9,"color":"fffffffe","curve":[0.25,0,0.75,1]},{"time":3.0667,"color":"ffffff00","curve":[0.25,0,0.75,1]},{"time":4.2333,"color":"fffffffe","curve":[0.25,0,0.75,1]},{"time":4.6667,"color":"ffffffa0"}]},"7dqd_rk_guangxiao7":{"color":[{"time":0,"color":"ffffffda","curve":[0.25,0,0.75,1]},{"time":1,"color":"ffffff00","curve":[0.25,0,0.75,1]},{"time":2.1667,"color":"fffffffe","curve":[0.25,0,0.75,1]},{"time":3.3333,"color":"ffffff00","curve":[0.25,0,0.75,1]},{"time":4.5,"color":"fffffffe","curve":[0.25,0,0.75,1]},{"time":4.6667,"color":"ffffffda"}]},"7dqd_rk_wingq":{"color":[{"time":0,"color":"fffffffe"}]}},"bones":{"7dpd_rk_wenzisg_0":{"rotate":[{"time":0,"angle":0}],"translate":[{"time":0,"x":0,"y":0}],"scale":[{"time":0,"x":1,"y":1}],"shear":[{"time":0,"x":0,"y":0}]},"7dqd_rk_yaogan03":{"rotate":[{"time":0,"angle":0}],"translate":[{"time":0,"x":0,"y":0}],"scale":[{"time":0,"x":1,"y":1}],"shear":[{"time":0,"x":0,"y":0}]},"7dqd_rk_yaogan01":{"rotate":[{"time":0,"angle":0}],"translate":[{"time":0,"x":0,"y":0}],"scale":[{"time":0,"x":1,"y":1}],"shear":[{"time":0,"x":0,"y":0}]},"hip":{"rotate":[{"time":0,"angle":0}],"translate":[{"time":0,"x":0,"y":0}],"scale":[{"time":0,"x":1,"y":1}],"shear":[{"time":0,"x":0,"y":0}]},"7dqd_rk_guangxiao01":{"rotate":[{"time":0,"angle":0,"curve":"stepped"},{"time":4.6667,"angle":0}],"translate":[{"time":0,"x":0,"y":0,"curve":"stepped"},{"time":4.6667,"x":0,"y":0}],"scale":[{"time":0,"x":1,"y":1,"curve":"stepped"},{"time":4.6667,"x":1,"y":1}],"shear":[{"time":0,"x":0,"y":0,"curve":"stepped"},{"time":4.6667,"x":0,"y":0}]},"7dqd_rk_jinbi01":{"rotate":[{"time":0,"angle":0,"curve":"stepped"},{"time":4.6333,"angle":0}],"translate":[{"time":0,"x":0,"y":0,"curve":[0.25,0,0.75,1]},{"time":2.3,"x":1.84,"y":3.25,"curve":[0.25,0,0.75,1]},{"time":4.6333,"x":0,"y":0}],"scale":[{"time":0,"x":1,"y":1,"curve":"stepped"},{"time":4.6333,"x":1,"y":1}]},"7dqd_rk_jinbi02":{"rotate":[{"time":0,"angle":0,"curve":"stepped"},{"time":2.3333,"angle":0,"curve":"stepped"},{"time":4.6667,"angle":0}],"translate":[{"time":0,"x":0,"y":0,"curve":[0.25,0,0.75,1]},{"time":1.1667,"x":-0.37,"y":0.94,"curve":[0.25,0,0.75,1]},{"time":2.3333,"x":0,"y":0,"curve":[0.25,0,0.75,1]},{"time":3.5,"x":-0.37,"y":0.94,"curve":[0.25,0,0.75,1]},{"time":4.6667,"x":0,"y":0}],"scale":[{"time":0,"x":1,"y":1,"curve":"stepped"},{"time":2.3333,"x":1,"y":1,"curve":"stepped"},{"time":4.6667,"x":1,"y":1}],"shear":[{"time":0,"x":0,"y":0,"curve":"stepped"},{"time":4.6667,"x":0,"y":0}]},"7dqd_rk_wingq":{"rotate":[{"time":0,"angle":0}],"translate":[{"time":0,"x":0,"y":0}],"scale":[{"time":0,"x":1,"y":1}],"shear":[{"time":0,"x":0,"y":0}]},"7dqd_rk_xinshouqiandao":{"rotate":[{"time":0,"angle":0}],"translate":[{"time":0,"x":0,"y":0}],"scale":[{"time":0,"x":1,"y":1}],"shear":[{"time":0,"x":0,"y":0}]},"7dqd_rk_guangxiao1":{"rotate":[{"time":0,"angle":0,"curve":"stepped"},{"time":4.6667,"angle":0}],"translate":[{"time":0,"x":0,"y":0,"curve":"stepped"},{"time":4.6667,"x":0,"y":0}],"scale":[{"time":0,"x":1,"y":1,"curve":"stepped"},{"time":4.6667,"x":1,"y":1}],"shear":[{"time":0,"x":0,"y":0,"curve":"stepped"},{"time":4.6667,"x":0,"y":0}]},"7dqd_rk_guangxiao2":{"rotate":[{"time":0,"angle":0,"curve":"stepped"},{"time":4.6667,"angle":0}],"translate":[{"time":0,"x":0,"y":0,"curve":"stepped"},{"time":4.6667,"x":0,"y":0}],"scale":[{"time":0,"x":1,"y":1,"curve":"stepped"},{"time":4.6667,"x":1,"y":1}],"shear":[{"time":0,"x":0,"y":0,"curve":"stepped"},{"time":4.6667,"x":0,"y":0}]},"7dqd_rk_guangxiao3":{"rotate":[{"time":0,"angle":0,"curve":"stepped"},{"time":4.6667,"angle":0}],"translate":[{"time":0,"x":0,"y":0,"curve":"stepped"},{"time":4.6667,"x":0,"y":0}],"scale":[{"time":0,"x":1,"y":1,"curve":"stepped"},{"time":4.6667,"x":1,"y":1}],"shear":[{"time":0,"x":0,"y":0,"curve":"stepped"},{"time":4.6667,"x":0,"y":0}]},"7dqd_rk_guangxiao4":{"rotate":[{"time":0,"angle":0,"curve":"stepped"},{"time":4.6667,"angle":0}],"translate":[{"time":0,"x":0,"y":0,"curve":"stepped"},{"time":4.6667,"x":0,"y":0}],"scale":[{"time":0,"x":1,"y":1,"curve":"stepped"},{"time":4.6667,"x":1,"y":1}],"shear":[{"time":0,"x":0,"y":0,"curve":"stepped"},{"time":4.6667,"x":0,"y":0}]},"7dqd_rk_guangxiao5":{"rotate":[{"time":0,"angle":0,"curve":"stepped"},{"time":4.6667,"angle":0}],"translate":[{"time":0,"x":0,"y":0,"curve":"stepped"},{"time":4.6667,"x":0,"y":0}],"scale":[{"time":0,"x":1,"y":1,"curve":"stepped"},{"time":4.6667,"x":1,"y":1}],"shear":[{"time":0,"x":0,"y":0,"curve":"stepped"},{"time":4.6667,"x":0,"y":0}]},"7dqd_rk_guangxiao6":{"rotate":[{"time":0,"angle":0,"curve":"stepped"},{"time":4.6667,"angle":0}],"translate":[{"time":0,"x":0,"y":0,"curve":"stepped"},{"time":4.6667,"x":0,"y":0}],"scale":[{"time":0,"x":1,"y":1,"curve":"stepped"},{"time":4.6667,"x":1,"y":1}],"shear":[{"time":0,"x":0,"y":0,"curve":"stepped"},{"time":4.6667,"x":0,"y":0}]},"7dqd_rk_guangxiao7":{"rotate":[{"time":0,"angle":0,"curve":"stepped"},{"time":4.6667,"angle":0}],"translate":[{"time":0,"x":0,"y":0,"curve":"stepped"},{"time":4.6667,"x":0,"y":0}],"scale":[{"time":0,"x":1,"y":1,"curve":"stepped"},{"time":4.6667,"x":1,"y":1}],"shear":[{"time":0,"x":0,"y":0,"curve":"stepped"},{"time":4.6667,"x":0,"y":0}]},"root":{"rotate":[{"time":0,"angle":0}],"translate":[{"time":0,"x":0,"y":0}],"scale":[{"time":0,"x":1,"y":1}],"shear":[{"time":0,"x":0,"y":0}]},"7dqd_rk_gd":{"rotate":[{"time":0,"angle":0,"curve":"stepped"},{"time":2.3333,"angle":0}],"translate":[{"time":0,"x":0,"y":0,"curve":"stepped"},{"time":0.5333,"x":0,"y":0,"curve":[0.082,0.68,0.447,1]},{"time":0.7,"x":0,"y":-5.35,"curve":[0.311,0.8,0.582,1]},{"time":1.1667,"x":0,"y":0,"curve":"stepped"},{"time":2.3333,"x":0,"y":0,"curve":"stepped"},{"time":2.8667,"x":0,"y":0,"curve":[0.082,0.68,0.447,1]},{"time":3.0333,"x":0,"y":-5.35,"curve":[0.311,0.8,0.582,1]},{"time":3.5,"x":0,"y":0}],"scale":[{"time":0,"x":1,"y":1,"curve":"stepped"},{"time":2.3333,"x":1,"y":1}],"shear":[{"time":0,"x":0,"y":0,"curve":"stepped"},{"time":2.3333,"x":0,"y":0}]},"num_10":{"rotate":[{"time":0,"angle":0}],"translate":[{"time":0,"x":0,"y":0}],"scale":[{"time":0,"x":1,"y":1}]},"num_11":{"rotate":[{"time":0,"angle":0}],"translate":[{"time":0,"x":0,"y":0}],"scale":[{"time":0,"x":1,"y":1}]}}}}}