{"skeleton":{"hash":"vxc3sEUcO8Cl5LCoU/W8a9yXlOs","spine":"3.6.37","width":94,"height":106.41,"images":"./images/"},"bones":[{"name":"root"},{"name":"hip","parent":"root"},{"name":"rbay_dftc_hj","parent":"hip","x":1.13,"y":-12.31,"color":"fff600ff"},{"name":"hy","parent":"rbay_dftc_hj","x":-1.48,"y":18.72}],"slots":[{"name":"rbay_jnhjfire0","bone":"hy","attachment":"rbay_jnhjfire12"},{"name":"rbay_dftc_hj3","bone":"rbay_dftc_hj","attachment":"rbay_dftc_hj2"},{"name":"rbay_dftc_hj4","bone":"rbay_dftc_hj","attachment":"rbay_dftc_hj2g"},{"name":"rbay_dftc_hj5","bone":"rbay_dftc_hj","attachment":"rbay_dftc_hj2gl"}],"skins":{"default":{"rbay_dftc_hj3":{"rbay_dftc_hj2":{"x":-0.78,"y":-6.21,"scaleX":1.01,"scaleY":1.01,"width":51,"height":53}},"rbay_dftc_hj4":{"rbay_dftc_hj2g":{"x":-8.19,"y":2.68,"scaleX":1.2,"scaleY":1.2,"width":53,"height":30}},"rbay_dftc_hj5":{"rbay_dftc_hj2gl":{"x":-1.36,"y":15.56,"scaleX":1.176,"scaleY":0.673,"width":42,"height":2}},"rbay_jnhjfire0":{"rbay_jnhjfire0":{"x":-8.98,"y":18.72,"width":94,"height":72},"rbay_jnhjfire2":{"x":-8.98,"y":18.72,"width":94,"height":72},"rbay_jnhjfire4":{"x":-8.98,"y":18.72,"width":94,"height":72},"rbay_jnhjfire6":{"x":-8.98,"y":18.72,"width":94,"height":72},"rbay_jnhjfire8":{"x":-8.98,"y":18.72,"width":94,"height":72},"rbay_jnhjfire10":{"x":-8.98,"y":18.72,"width":94,"height":72},"rbay_jnhjfire12":{"x":-8.98,"y":18.72,"width":94,"height":72},"rbay_jnhjfire14":{"x":-8.98,"y":18.72,"width":94,"height":72},"rbay_jnhjfire16":{"x":-8.98,"y":18.72,"width":94,"height":72},"rbay_jnhjfire18":{"x":-8.98,"y":18.72,"width":94,"height":72},"rbay_jnhjfire20":{"x":-8.98,"y":18.72,"width":94,"height":72},"rbay_jnhjfire22":{"x":-8.98,"y":18.72,"width":94,"height":72},"rbay_jnhjfire24":{"x":-8.98,"y":18.72,"width":94,"height":72},"rbay_jnhjfire26":{"x":-8.98,"y":18.72,"width":94,"height":72},"rbay_jnhjfire28":{"x":-8.98,"y":18.72,"width":94,"height":72}}}},"animations":{"idle":{"slots":{"rbay_dftc_hj4":{"color":[{"time":0,"color":"fffffffe"},{"time":0.1333,"color":"ffffffc0"},{"time":0.3333,"color":"ffffffec"},{"time":0.4,"color":"ffffff8a"},{"time":0.5667,"color":"fffffffe"},{"time":0.7333,"color":"ffffffc0"},{"time":0.9,"color":"ffffffec"},{"time":1.0333,"color":"ffffff8a"},{"time":1.2667,"color":"fffffffe"},{"time":1.3667,"color":"ffffffc0"},{"time":1.5667,"color":"ffffffec"},{"time":1.7333,"color":"ffffff8a"},{"time":1.9333,"color":"fffffffe"},{"time":2.2,"color":"ffffff8e"},{"time":2.4,"color":"fffffffe"}]},"rbay_jnhjfire0":{"attachment":[{"time":0,"name":"rbay_jnhjfire0"},{"time":0.0667,"name":"rbay_jnhjfire2"},{"time":0.1667,"name":"rbay_jnhjfire4"},{"time":0.2333,"name":"rbay_jnhjfire6"},{"time":0.3,"name":"rbay_jnhjfire8"},{"time":0.3667,"name":"rbay_jnhjfire10"},{"time":0.4667,"name":"rbay_jnhjfire12"},{"time":0.5667,"name":"rbay_jnhjfire14"},{"time":0.6333,"name":"rbay_jnhjfire16"},{"time":0.7333,"name":"rbay_jnhjfire18"},{"time":0.8,"name":"rbay_jnhjfire20"},{"time":0.8667,"name":"rbay_jnhjfire22"},{"time":0.9667,"name":"rbay_jnhjfire24"},{"time":1.0333,"name":"rbay_jnhjfire26"},{"time":1.1333,"name":"rbay_jnhjfire28"},{"time":1.2,"name":"rbay_jnhjfire0"},{"time":1.2667,"name":"rbay_jnhjfire2"},{"time":1.3667,"name":"rbay_jnhjfire4"},{"time":1.4333,"name":"rbay_jnhjfire6"},{"time":1.5333,"name":"rbay_jnhjfire8"},{"time":1.6,"name":"rbay_jnhjfire10"},{"time":1.6667,"name":"rbay_jnhjfire12"},{"time":1.7667,"name":"rbay_jnhjfire14"},{"time":1.8333,"name":"rbay_jnhjfire16"},{"time":1.9333,"name":"rbay_jnhjfire18"},{"time":2,"name":"rbay_jnhjfire20"},{"time":2.0667,"name":"rbay_jnhjfire22"},{"time":2.1667,"name":"rbay_jnhjfire24"},{"time":2.2333,"name":"rbay_jnhjfire26"},{"time":2.3333,"name":"rbay_jnhjfire28"},{"time":2.4,"name":"rbay_jnhjfire0"}]}},"bones":{"rbay_dftc_hj":{"rotate":[{"time":0,"angle":0,"curve":"stepped"},{"time":2.4,"angle":0}],"translate":[{"time":0,"x":0,"y":0,"curve":"stepped"},{"time":2.4,"x":0,"y":0}],"scale":[{"time":0,"x":1,"y":1,"curve":"stepped"},{"time":2.4,"x":1,"y":1}]}}},"start":{"slots":{"rbay_dftc_hj3":{"color":[{"time":0,"color":"ffffff00","curve":"stepped"},{"time":0.1,"color":"ffffff00","curve":[0.25,0,0.75,1]},{"time":0.2,"color":"fffffffe","curve":"stepped"},{"time":2.4,"color":"fffffffe"}]},"rbay_dftc_hj4":{"color":[{"time":0,"color":"ffffff00","curve":"stepped"},{"time":0.1,"color":"ffffff00"},{"time":0.2,"color":"fffffffe"},{"time":0.3333,"color":"ffffffec"},{"time":0.4,"color":"ffffff8a"},{"time":0.5667,"color":"fffffffe"},{"time":0.7333,"color":"ffffffc0"},{"time":0.9,"color":"ffffffec"},{"time":1.0333,"color":"ffffff8a"},{"time":1.2667,"color":"fffffffe"},{"time":1.3667,"color":"ffffffc0"},{"time":1.5667,"color":"ffffffec"},{"time":1.7333,"color":"ffffff8a"},{"time":1.9333,"color":"fffffffe"},{"time":2.2,"color":"ffffff8e"},{"time":2.4,"color":"fffffffe"}]},"rbay_dftc_hj5":{"color":[{"time":0,"color":"ffffff00","curve":"stepped"},{"time":0.1,"color":"ffffff00","curve":[0.25,0,0.75,1]},{"time":0.2,"color":"fffffffe","curve":"stepped"},{"time":2.4,"color":"fffffffe"}]},"rbay_jnhjfire0":{"color":[{"time":0,"color":"ffffff00","curve":"stepped"},{"time":0.1,"color":"ffffff00"},{"time":0.2,"color":"fffffffe"}],"attachment":[{"time":0,"name":"rbay_jnhjfire0"},{"time":0.0667,"name":"rbay_jnhjfire2"},{"time":0.1667,"name":"rbay_jnhjfire4"},{"time":0.2333,"name":"rbay_jnhjfire6"},{"time":0.3,"name":"rbay_jnhjfire8"},{"time":0.3667,"name":"rbay_jnhjfire10"},{"time":0.4667,"name":"rbay_jnhjfire12"},{"time":0.5667,"name":"rbay_jnhjfire14"},{"time":0.6333,"name":"rbay_jnhjfire16"},{"time":0.7333,"name":"rbay_jnhjfire18"},{"time":0.8,"name":"rbay_jnhjfire20"},{"time":0.8667,"name":"rbay_jnhjfire22"},{"time":0.9667,"name":"rbay_jnhjfire24"},{"time":1.0333,"name":"rbay_jnhjfire26"},{"time":1.1333,"name":"rbay_jnhjfire28"},{"time":1.2,"name":"rbay_jnhjfire0"},{"time":1.2667,"name":"rbay_jnhjfire2"},{"time":1.3667,"name":"rbay_jnhjfire4"},{"time":1.4333,"name":"rbay_jnhjfire6"},{"time":1.5333,"name":"rbay_jnhjfire8"},{"time":1.6,"name":"rbay_jnhjfire10"},{"time":1.6667,"name":"rbay_jnhjfire12"},{"time":1.7667,"name":"rbay_jnhjfire14"},{"time":1.8333,"name":"rbay_jnhjfire16"},{"time":1.9333,"name":"rbay_jnhjfire18"},{"time":2,"name":"rbay_jnhjfire20"},{"time":2.0667,"name":"rbay_jnhjfire22"},{"time":2.1667,"name":"rbay_jnhjfire24"},{"time":2.2333,"name":"rbay_jnhjfire26"},{"time":2.3333,"name":"rbay_jnhjfire28"},{"time":2.4,"name":"rbay_jnhjfire0"}]}},"bones":{"rbay_dftc_hj":{"rotate":[{"time":0,"angle":0,"curve":"stepped"},{"time":2.4,"angle":0}],"translate":[{"time":0,"x":-739.69,"y":0,"curve":"stepped"},{"time":0.1,"x":-739.69,"y":0,"curve":[0,0.59,0.43,0.99]},{"time":0.2333,"x":11.51,"y":0,"curve":[0,0.59,0.43,0.99]},{"time":0.4667,"x":-1.12,"y":0,"curve":[0,0.59,0.43,0.99]},{"time":0.8667,"x":0,"y":0,"curve":"stepped"},{"time":2.4,"x":0,"y":0}],"scale":[{"time":0,"x":1.5,"y":1.5,"curve":"stepped"},{"time":0.1,"x":1.5,"y":1.5,"curve":[0,0.59,0.43,0.99]},{"time":0.2333,"x":0.98,"y":0.98,"curve":[0.25,0,0.75,1]},{"time":0.5,"x":1.02,"y":1.02,"curve":[0.25,0,0.75,1]},{"time":0.8667,"x":0.99,"y":0.99,"curve":[0.25,0,0.75,1]},{"time":1.2333,"x":1,"y":1,"curve":"stepped"},{"time":2.4,"x":1,"y":1}]},"hy":{"translate":[{"time":0,"x":0,"y":0,"curve":"stepped"},{"time":0.2,"x":0,"y":0,"curve":[0.184,0.52,0.696,1]},{"time":0.3667,"x":0,"y":2.59,"curve":[0.25,0,0.75,1]},{"time":0.5667,"x":0,"y":0}],"scale":[{"time":0,"x":0.5,"y":0.5,"curve":"stepped"},{"time":0.2,"x":0.5,"y":0.5,"curve":[0.184,0.52,0.696,1]},{"time":0.3667,"x":1.3,"y":1.3,"curve":[0.25,0,0.75,1]},{"time":0.7333,"x":1,"y":1}]}}}}}